Spell,ID,Profile,Reason,GGG,PSFX,SoundFx Library,PF2e Creature Sounds
"500 Toads","w7BHU5rk5JKuIRCe","quiet","No unambiguous audible effect in description; quiet by default.","","","",""
"Aberrant Form","Fu8Ml47ZfXpSYe7E","quiet","Reviewed private perception, prepared benefit, support, cleansing, object or casting-only illustration. No wound restoration, chosen voice/material, future impact or successful outcome is inferred; audio remains customizable.","","","",""
"Aberrant Whispers","qhJfRnkCRrMI4G1O","quiet","No unambiguous audible effect in description; quiet by default.","","","",""
"Abyssal Plague","vJuaxTd6q11OjGqA","quiet","No unambiguous audible effect in description; quiet by default.","","","",""
"Accelerated Decomposition","rqoWAxQv4RWbwyAr","void","Description and void treatment support a void effect cue.","ggg-sfx.magic.occult.pulse.01.abyss","psfx.impacts.magicaleffects.necrotic","",""
"Access Lore","LbPLNWlLCxKCo5gF","quiet","No unambiguous audible effect in description; quiet by default.","","","",""
"Achaekek's Clutch","IT1aaqDBAISlHDUV","quiet","No unambiguous audible effect in description; quiet by default.","","","",""
"Acid Arrow","f8hRqLJaxBVhF1u0","acid","Description and acid treatment support a acid effect cue.","ggg-sfx.magic.acid.debuff.virulent.01.01 | ggg-sfx.magic.acid.debuff.virulent.01.02 | ggg-sfx.magic.acid.debuff.virulent.01.03","psfx.cantrips.acid-splash.v1.15ft","",""
"Acid Grip","9h9YCncqah6VNsKf","acid","Description and acid treatment support a acid effect cue.","ggg-sfx.magic.acid.debuff.virulent.01.01 | ggg-sfx.magic.acid.debuff.virulent.01.02 | ggg-sfx.magic.acid.debuff.virulent.01.03","psfx.cantrips.acid-splash.v1.15ft","",""
"Acid Splash","gISYsBFby1TiXfBt","acidSplash","Small acid splash; no poison-labelled substitute.","ggg-sfx.magic.acid.debuff.virulent.01.01 | ggg-sfx.magic.acid.debuff.virulent.01.02 | ggg-sfx.magic.acid.debuff.virulent.01.03","psfx.cantrips.acid-splash.v1.15ft","",""
"Acid Storm","ZW8ovbu1etdfMre3","acid","Description and acid treatment support a acid effect cue.","ggg-sfx.magic.acid.debuff.virulent.01.01 | ggg-sfx.magic.acid.debuff.virulent.01.02 | ggg-sfx.magic.acid.debuff.virulent.01.03","psfx.cantrips.acid-splash.v1.15ft","",""
"Acidic Burst","rnNGALRtsjspFTws","acid","Description and acid treatment support a acid effect cue.","ggg-sfx.magic.acid.debuff.virulent.01.01 | ggg-sfx.magic.acid.debuff.virulent.01.02 | ggg-sfx.magic.acid.debuff.virulent.01.03","psfx.cantrips.acid-splash.v1.15ft","",""
"Adapt Self","GUnw9YXaW3YyaCAU","transform","Brief transformation cue; no assumed animal voice.","ggg-sfx.magic.primal.cast.general.03.01","","",""
"Adaptive Ablation","GoKkejPj5yWJPIPK","quiet","No unambiguous audible effect in description; quiet by default.","","","",""
"Admonishing Ray","uToa7ksKAzmEpkKC","forceRay","Description states a ray of energy; bludgeoning damage does not imply rocks.","","psfx.ranged-magic.generic.beam.001","",""
"Advanced Scurvy","XEhzFKNTSARsofav","quiet","No unambiguous audible effect in description; quiet by default.","","","",""
"Aerial Form","NzXpEzcZAjuDTZjK","transform","Brief transformation cue; no assumed animal voice.","ggg-sfx.magic.primal.cast.general.03.01","","",""
"Agile Feet","cOjlzWerBwbPWVkX","quiet","Guidance, altered thought or compelled movement does not itself establish an audible manifestation; no extra voices or music are inferred.","","","",""
"Agitate","r8g7oSumKOHDqJsd","psychic","Psychic attack uses a short mental pulse, without spoken voices.","","psfx.cantrips.mind-sliver.v1","",""
"Agonizing Despair","nplNt08TvokZUxtR","quiet","No unambiguous audible effect in description; quiet by default.","","","",""
"Air Bubble","W69zswpj0Trdy5rj","quiet","No unambiguous audible effect in description; quiet by default.","","","",""
"Air Walk","b5sGjGlBf58f8jn0","quiet","No unambiguous audible effect in description; quiet by default.","","","",""
"Airburst","fprqWKUc0jnMIyGU","wind","Description and wind treatment support a wind effect cue.","ggg-sfx.magic.air.wind.gust.long.01.01 | ggg-sfx.magic.air.wind.gust.long.01.02 | ggg-sfx.magic.air.wind.gust.long.01.03 | ggg-sfx.magic.air.wind.gust.long.01.04 | ggg-sfx.magic.air.wind.gust.long.01.05","psfx.cantrips.gust.v1","",""
"Airlift","6XscENSWyYRHqK0A","wind","Description and wind treatment support a wind effect cue.","ggg-sfx.magic.air.wind.gust.long.01.01 | ggg-sfx.magic.air.wind.gust.long.01.02 | ggg-sfx.magic.air.wind.gust.long.01.03 | ggg-sfx.magic.air.wind.gust.long.01.04 | ggg-sfx.magic.air.wind.gust.long.01.05","psfx.cantrips.gust.v1","",""
"Alarm","4WAib3GichxLjp5p","quiet","No unambiguous audible effect in description; quiet by default.","","","",""
"Albatross Curse","93SjFTGJUTTmAt6j","quiet","No unambiguous audible effect in description; quiet by default.","","","",""
"All is One, One is All","gtWxTfMbIN5RHQw6","quiet","No unambiguous audible effect in description; quiet by default.","","","",""
"All-Encompassing Hunger","wJi0lq4yA5Mlj0MY","void","Description and void treatment support a void effect cue.","ggg-sfx.magic.occult.pulse.01.abyss","psfx.impacts.magicaleffects.necrotic","",""
"Allegro","IQchIYUwbsVTa9Mc","quiet","No unambiguous audible effect in description; quiet by default.","","","",""
"Allfood","X3fWP6YCSzcdtg93","quiet","Material appearance, cleanliness, nourishment or preservation changes; no wound healing, vomiting, fire, attack or noisy repair process is assumed.","","","",""
"Alter Reality","h8zxY9hTeHtWsBVW","quiet","No unambiguous audible effect in description; quiet by default.","","","",""
"Amalgamizing Leap","XB65dUQipPCTNNIY","summon","Summoning arrival; creature species remains player choice.","ggg-sfx.magic.primal.cast.general.03.01","psfx.magic-signs.circle.v1.conjuration.intro | psfx.magic-signs.circle.v1.conjuration.intro-fade","",""
"Amity Cycle","me5E8UvbBrHe3dZh","quiet","No unambiguous audible effect in description; quiet by default.","","","",""
"Anathematic Reprisal","7tR29sQt35NfIWqN","psychic","Psychic attack uses a short mental pulse, without spoken voices.","","psfx.cantrips.mind-sliver.v1","",""
"Ancestral Defense","J5KrjQKCg2PrF1vz","quiet","No unambiguous audible effect in description; quiet by default.","","","",""
"Ancestral Form","xEjGEBvTfDJECSki","quiet","No unambiguous audible effect in description; quiet by default.","","","",""
"Ancestral Memories","dtOUkMC57izf93z5","quiet","No unambiguous audible effect in description; quiet by default.","","","",""
"Ancestral Touch","d2pi7laQkzlr3wrS","quiet","No unambiguous audible effect in description; quiet by default.","","","",""
"Ancestral Winds","Z4X5whSqSvgiiJ05","quiet","No unambiguous audible effect in description; quiet by default.","","","",""
"Anchoring Air","bCZP8N2C41gF10G2","quiet","No unambiguous audible effect in description; quiet by default.","","","",""
"Ancient Dust","OJ91rm1FkJSlf3nk","void","Description and void treatment support a void effect cue.","ggg-sfx.magic.occult.pulse.01.abyss","psfx.impacts.magicaleffects.necrotic","",""
"Angel Form","E3zIZ4pjlOuWeGRz","quiet","Reviewed private perception, prepared benefit, support, cleansing, object or casting-only illustration. No wound restoration, chosen voice/material, future impact or successful outcome is inferred; audio remains customizable.","","","",""
"Angelic Halo","w3uGXDVEdbLFZVO0","healing","Description restores health; gentle restorative cue.","ggg-sfx.magic.divine.healing.01.01 | ggg-sfx.magic.divine.healing.01.02 | ggg-sfx.magic.divine.healing.01.03 | ggg-sfx.magic.divine.healing.01.04 | ggg-sfx.magic.divine.healing.02.mass_healing.01.01 | ggg-sfx.magic.divine.healing.02.mass_healing.01.02","psfx.1st-level-spells.cure-wounds.v1.001","",""
"Angelic Messenger","joEruBVz31Uxczzq","quiet","No unambiguous audible effect in description; quiet by default.","","","",""
"Angelic Wings","kRsmUlSWhi6PJvZ7","quiet","No unambiguous audible effect in description; quiet by default.","","","",""
"Anima Invocation (Modified)","X0t0gr7S7CeCt2Q5","quiet","No unambiguous audible effect in description; quiet by default.","","","",""
"Animal Allies","Aap7nGpC7neTWm78","swarm","Description explicitly evokes buzzing insects.","ggg-sfx.magic.primal.bugs.poisonous_swarm.01.01 | ggg-sfx.magic.primal.bugs.poisonous_swarm.01.02 | ggg-sfx.magic.primal.bugs.poisonous_swarm.01.03","","",""
"Animal Feature","vGEgI8e7AW6FQ3tP","transform","Brief transformation cue; no assumed animal voice.","ggg-sfx.magic.primal.cast.general.03.01","","",""
"Animal Form","wp09USMB3GIW1qbp","transform","Brief transformation cue; no assumed animal voice.","ggg-sfx.magic.primal.cast.general.03.01","","",""
"Animal Messenger","yhz9fF69uwRhnHix","quiet","No unambiguous audible effect in description; quiet by default.","","","",""
"Animal Vision","1HfusQ8NDWutGvMx","quiet","No unambiguous audible effect in description; quiet by default.","","","",""
"Animate Object","sLzPzk7DJnfuORJ0","quiet","No unambiguous audible effect in description; quiet by default.","","","",""
"Animate Rope","rVANhQgB8Uqi9PTl","quiet","Quiet support, a connection or a player-chosen object operation; no metal chain clank, selected object material, future movement or success sound is inferred.","","","",""
"Animated Assault","WqPhJNzLa8vSjrH6","earth","Description and earth treatment support a earth effect cue.","ggg-sfx.magic.earth.impact.general.01.muffled.01 | ggg-sfx.magic.earth.impact.general.01.muffled.02 | ggg-sfx.magic.earth.impact.general.01.muffled.03 | ggg-sfx.magic.earth.impact.general.01.normal.01 | ggg-sfx.magic.earth.impact.general.01.normal.02 | ggg-sfx.magic.earth.impact.general.01.normal.03","psfx.casting.earth.001","",""
"Animus Mine","fWU7Qjp1JiX9g6eg","quiet","No unambiguous audible effect in description; quiet by default.","","","",""
"Annunciation of the Outer Gate","L1JnU3RepQiWxysc","quiet","No unambiguous audible effect in description; quiet by default.","","","",""
"Anointed Ground","y3jlOfgsQH1JjkJE","quiet","No unambiguous audible effect in description; quiet by default.","","","",""
"Ant Haul","X9dkmh23lFwMjrYd","quiet","Bodily support, temporary vitality, sensory loss or internal discomfort; no healing, injury, growl or sonic blast is inferred.","","","",""
"Anticipate Peril","EUMjrJJwSgsqNidi","quiet","Private perception, thought, expertise or comprehension changes; no public voices, ray impacts or discovery noises are inferred.","","","",""
"Antimagic Artifice","LmtwcpYmrJfhGIZY","quiet","No unambiguous audible effect in description; quiet by default.","","","",""
"Antimagic Field","My7FvAoLYgGDDBzy","quiet","No unambiguous audible effect in description; quiet by default.","","","",""
"Antlion Trap","5JGSo1tgDEehqbWm","quiet","No unambiguous audible effect in description; quiet by default.","","","",""
"Apex Companion","qqQYrXaRJXr7uc4i","transform","Brief transformation cue; no assumed animal voice.","ggg-sfx.magic.primal.cast.general.03.01","","",""
"Appeal to Authority","YSLaCdfIQ2xXzvHd","quiet","Reviewed private perception, prepared benefit, support, cleansing, object or casting-only illustration. No wound restoration, chosen voice/material, future impact or successful outcome is inferred; audio remains customizable.","","","",""
"Appearance of Wealth","ZeftDoh0nFAXBAWY","quiet","No unambiguous audible effect in description; quiet by default.","","","",""
"Approximate","EqdSKqr8Qj5TUhMR","quiet","No unambiguous audible effect in description; quiet by default.","","","",""
"Aqueous Blast","6wLY5LnehCo3tHlr","water","Description and water treatment support a water effect cue.","ggg-sfx.magic.water.impact.general.01.01 | ggg-sfx.magic.water.impact.general.01.02 | ggg-sfx.magic.water.impact.general.01.03 | ggg-sfx.magic.water.impact.general.01.04 | ggg-sfx.magic.water.impact.general.01.05 | ggg-sfx.magic.water.impact.general.01.06","psfx.casting.water.001","modules/soundfxlibrary/Misc/Single/Water Splash/water-splash-1.mp3 | modules/soundfxlibrary/Misc/Single/Water Splash/water-splash-2.mp3 | modules/soundfxlibrary/Misc/Single/Water Splash/water-splash-3.mp3 | modules/soundfxlibrary/Misc/Single/Water Splash/water-splash-4.mp3",""
"Aqueous Orb","oUDNCArkQTdhllxD","water","Description and water treatment support a water effect cue.","ggg-sfx.magic.water.impact.general.01.01 | ggg-sfx.magic.water.impact.general.01.02 | ggg-sfx.magic.water.impact.general.01.03 | ggg-sfx.magic.water.impact.general.01.04 | ggg-sfx.magic.water.impact.general.01.05 | ggg-sfx.magic.water.impact.general.01.06","psfx.casting.water.001","modules/soundfxlibrary/Misc/Single/Water Splash/water-splash-1.mp3 | modules/soundfxlibrary/Misc/Single/Water Splash/water-splash-2.mp3 | modules/soundfxlibrary/Misc/Single/Water Splash/water-splash-3.mp3 | modules/soundfxlibrary/Misc/Single/Water Splash/water-splash-4.mp3",""
"Arcane Countermeasure","h47yv6j6x1pUtzlr","quiet","No unambiguous audible effect in description; quiet by default.","","","",""
"Arcane Explosion","KY2xyMavZHAoG69D","force","Description and force treatment support a force effect cue.","ggg-sfx.magic.arcane.impact.blast.01.01 | ggg-sfx.magic.arcane.impact.blast.01.02 | ggg-sfx.magic.arcane.impact.blast.01.03 | ggg-sfx.magic.arcane.impact.blast.01.04","psfx.ranged-magic.generic.beam.001","modules/soundfxlibrary/Combat/Single/Spell Impact/spell-impact-1.mp3 | modules/soundfxlibrary/Combat/Single/Spell Impact/spell-impact-2.mp3 | modules/soundfxlibrary/Combat/Single/Spell Impact/spell-impact-3.mp3 | modules/soundfxlibrary/Combat/Single/Spell Impact/spell-impact-4.mp3 | modules/soundfxlibrary/Combat/Single/Spell Impact/spell-impact-5.mp3 | modules/soundfxlibrary/Combat/Single/Spell Impact/spell-impact-6.mp3",""
"Arcane Weaving","dL3A7H4LlRH26Imo","quiet","No unambiguous audible effect in description; quiet by default.","","","",""
"Arctic Rift","C2GYCH3TtUFqPfdX","cold","Description and cold treatment support a cold effect cue.","ggg-sfx.magic.ice.freeze.01.01 | ggg-sfx.magic.ice.freeze.02.01 | ggg-sfx.magic.ice.freeze.03.01 | ggg-sfx.magic.ice.freeze.03.02 | ggg-sfx.magic.ice.freeze.04.01 | ggg-sfx.magic.ice.freeze.04.02","psfx.impacts.magicaleffects.cold","",""
"Armor of Bones","pSNLufPPsReKQtJR","shield","Protective field; short ward activation.","ggg-sfx.magic.divine.buff.ward.01.01","psfx.1st-level-spells.shield-spell.intro.v1.003","",""
"Armor of Thorn and Claw","EPTmSiURVp2ldkVB","vines","Growing roots or vines; organic growth cue.","ggg-sfx.magic.primal.burst.bramble.01.01 | ggg-sfx.magic.primal.growth.02.01","psfx.1st-level-spells.entangle.vines.v1.001.intro","",""
"Arms of Nature","aHu20NHj7YIqxr80","quiet","No unambiguous audible effect in description; quiet by default.","","","",""
"Army of Shadows","WfImUYSXyW3YdyY9","shadow","Description and shadow treatment support a shadow effect cue.","ggg-sfx.magic.occult.bolt.01.cast.01 | ggg-sfx.magic.occult.bolt.01.cast.02 | ggg-sfx.magic.occult.bolt.01.cast.03","","",""
"Aromatic Lure","LX4pCagYLpc9hEji","quiet","Reviewed private perception, prepared benefit, support, cleansing, object or casting-only illustration. No wound restoration, chosen voice/material, future impact or successful outcome is inferred; audio remains customizable.","","","",""
"Arrow Salvo","7PnjDM52lb4LEqHR","growth","Description and plant treatment support a growth effect cue.","ggg-sfx.magic.primal.growth.01.01","psfx.1st-level-spells.entangle.vines.v1.001.intro","",""
"Artistic Flourish","eb4FXf62NYArTqek","quiet","No unambiguous audible effect in description; quiet by default.","","","",""
"Artistic Recollection","tKF4TwqOFQxlwMvq","quiet","No unambiguous audible effect in description; quiet by default.","","","",""
"Ash Cloud","23cv1p49NFd0Onng","wind","Ash drifts in a cloud or swirling wind; finite air movement follows formation, without a fire explosion or assumed cough.","ggg-sfx.magic.air.wind.gust.long.01.01 | ggg-sfx.magic.air.wind.gust.long.01.02 | ggg-sfx.magic.air.wind.gust.long.01.03 | ggg-sfx.magic.air.wind.gust.long.01.04 | ggg-sfx.magic.air.wind.gust.long.01.05","psfx.cantrips.gust.v1","",""
"Ash Form","2B0C22OuX9YrIJ5y","healing","Description restores health; gentle restorative cue.","ggg-sfx.magic.divine.healing.01.01 | ggg-sfx.magic.divine.healing.01.02 | ggg-sfx.magic.divine.healing.01.03 | ggg-sfx.magic.divine.healing.01.04 | ggg-sfx.magic.divine.healing.02.mass_healing.01.01 | ggg-sfx.magic.divine.healing.02.mass_healing.01.02","psfx.1st-level-spells.cure-wounds.v1.001","",""
"Ash-Strewn Ending","QqMlN9VSHfD2v4Qv","quiet","No unambiguous audible effect in description; quiet by default.","","","",""
"Ashen Wind","NtzNCW32UlPdY2xS","wind","Ash drifts in a cloud or swirling wind; finite air movement follows formation, without a fire explosion or assumed cough.","ggg-sfx.magic.air.wind.gust.long.01.01 | ggg-sfx.magic.air.wind.gust.long.01.02 | ggg-sfx.magic.air.wind.gust.long.01.03 | ggg-sfx.magic.air.wind.gust.long.01.04 | ggg-sfx.magic.air.wind.gust.long.01.05","psfx.cantrips.gust.v1","",""
"Asmodean Wager","NeyyAPwa639WjYGG","quiet","No unambiguous audible effect in description; quiet by default.","","","",""
"Aspirational State","wrm1zIiLyFD1Is6h","quiet","No unambiguous audible effect in description; quiet by default.","","","",""
"Asterism","KG7amdeXWc7MjGXe","light","Light appears with a brief shimmer.","ggg-sfx.magic.divine.light.01.01 | ggg-sfx.magic.divine.light.02.01","psfx.cantrips.dancing-lights.v1.001 | psfx.cantrips.dancing-lights.v1.002 | psfx.cantrips.dancing-lights.v1.003 | psfx.cantrips.dancing-lights.v1.004 | psfx.cantrips.dancing-lights.v1.005 | psfx.cantrips.light.v1.001","",""
"Astral Labyrinth","BI4iwu3nApyIG0zY","quiet","No unambiguous audible effect in description; quiet by default.","","","",""
"Astral Projection","4Cntq9odgW6xMpAs","quiet","No unambiguous audible effect in description; quiet by default.","","","",""
"Astral Rain","nUSi2B7RhIKjaiXQ","force","Description and force treatment support a force effect cue.","ggg-sfx.magic.arcane.impact.blast.01.01 | ggg-sfx.magic.arcane.impact.blast.01.02 | ggg-sfx.magic.arcane.impact.blast.01.03 | ggg-sfx.magic.arcane.impact.blast.01.04","psfx.ranged-magic.generic.beam.001","modules/soundfxlibrary/Combat/Single/Spell Impact/spell-impact-1.mp3 | modules/soundfxlibrary/Combat/Single/Spell Impact/spell-impact-2.mp3 | modules/soundfxlibrary/Combat/Single/Spell Impact/spell-impact-3.mp3 | modules/soundfxlibrary/Combat/Single/Spell Impact/spell-impact-4.mp3 | modules/soundfxlibrary/Combat/Single/Spell Impact/spell-impact-5.mp3 | modules/soundfxlibrary/Combat/Single/Spell Impact/spell-impact-6.mp3",""
"Athletic Rush","UGJzJRJDoonfWqqI","quiet","Guidance, altered thought or compelled movement does not itself establish an audible manifestation; no extra voices or music are inferred.","","","",""
"Atone","7Fd4lxozd11MQ55N","quiet","No unambiguous audible effect in description; quiet by default.","","","",""
"Attacked from Within","B4p4cD9Q71mHTpOP","quiet","No unambiguous audible effect in description; quiet by default.","","","",""
"Augmented Body","pSepsfCrrAKuwA0N","transform","Brief transformation cue; no assumed animal voice.","ggg-sfx.magic.primal.cast.general.03.01","","",""
"Augury","41TZEjhO6D1nWw2X","quiet","No unambiguous audible effect in description; quiet by default.","","","",""
"Aura of the Unremarkable","VUMtDHr8CRwwr3Mj","quiet","No unambiguous audible effect in description; quiet by default.","","","",""
"Avatar","ckUOoqOM7Kg7VqxB","transform","Brief transformation cue; no assumed animal voice.","ggg-sfx.magic.primal.cast.general.03.01","","",""
"Avenging Wildwood","T7N0LrYOLk3SwrFW","growth","Plant growth or wood formation.","ggg-sfx.magic.primal.growth.01.01","psfx.1st-level-spells.entangle.vines.v1.001.intro","",""
"Awaken Animal","B4dDkYsHFo1H0CIF","quiet","No unambiguous audible effect in description; quiet by default.","","","",""
"Awaken Curse","6P2fzrYkaiiptxlY","quiet","No unambiguous audible effect in description; quiet by default.","","","",""
"Awaken Entropy","ZMvplR106Jxl7B15","void","Description and void treatment support a void effect cue.","ggg-sfx.magic.occult.pulse.01.abyss","psfx.impacts.magicaleffects.necrotic","",""
"Awaken Object","9lz67JCNCLDfIEy3","quiet","No unambiguous audible effect in description; quiet by default.","","","",""
"Awaken Portal","AkF4yFcSCdhoULyZ","quiet","No unambiguous audible effect in description; quiet by default.","","","",""
"Bacchanalia","s0SerOrkkUd7SAH9","quiet","No unambiguous audible effect in description; quiet by default.","","","",""
"Band of Heroes","q9QGc0PJMFWxFOCz","quiet","No unambiguous audible effect in description; quiet by default.","","","",""
"Bandit's Doom","N9KjnGyVMKgqKcCw","quiet","No unambiguous audible effect in description; quiet by default.","","","",""
"Bane","7ZinJNzxq0XF0oMx","quiet","No unambiguous audible effect in description; quiet by default.","","","",""
"Banishing Touch","nKR6Xt5cPGDumX66","quiet","No unambiguous audible effect in description; quiet by default.","","","",""
"Banishment","bay4AfSu2iIozNNW","quiet","No unambiguous audible effect in description; quiet by default.","","","",""
"Barbed Spear","dQ7LrD2HxJoCzi2M","quiet","No unambiguous audible effect in description; quiet by default.","","","",""
"Bathe in Blood","bRW61IbjaFea0wcv","quiet","No unambiguous audible effect in description; quiet by default.","","","",""
"Battlefield Persistence","2jWVNdVlbJq84dfT","quiet","No unambiguous audible effect in description; quiet by default.","","","",""
"Beastmaster Trance","5WM3WjshXgrkVCg6","quiet","Reviewed private perception, prepared benefit, support, cleansing, object or casting-only illustration. No wound restoration, chosen voice/material, future impact or successful outcome is inferred; audio remains customizable.","","","",""
"Beckon the Blasphemous Brethren","DPjhtfAjFQVQwZH2","quiet","No unambiguous audible effect in description; quiet by default.","","","",""
"Bee-Man's Summons","BcqJqxIKYE0aoDiS","summon","Summoning arrival; creature species remains player choice.","ggg-sfx.magic.primal.cast.general.03.01","psfx.magic-signs.circle.v1.conjuration.intro | psfx.magic-signs.circle.v1.conjuration.intro-fade","",""
"Befitting Attire","q5qmNn144ZJGxnvJ","shield","Protective field; short ward activation.","ggg-sfx.magic.divine.buff.ward.01.01","psfx.1st-level-spells.shield-spell.intro.v1.003","",""
"Befuddle","pBevG6bSQOiyflev","quiet","Reviewed private perception, prepared benefit, support, cleansing, object or casting-only illustration. No wound restoration, chosen voice/material, future impact or successful outcome is inferred; audio remains customizable.","","","",""
"Begone","1INVZLR5tMzSPZVZ","quiet","No unambiguous audible effect in description; quiet by default.","","","",""
"Beheading Buzz Saw","dKWc83KKiXoIJkhp","metal","Description and metal treatment support a metal effect cue.","ggg-sfx.magic.metal.impact.anvil.01.01 | ggg-sfx.magic.metal.impact.anvil.01.02 | ggg-sfx.magic.metal.impact.anvil.01.03 | ggg-sfx.magic.metal.impact.anvil.01.04","","modules/soundfxlibrary/Combat/Single/Shield Hit/shield-hit-1.mp3 | modules/soundfxlibrary/Combat/Single/Shield Hit/shield-hit-10.mp3 | modules/soundfxlibrary/Combat/Single/Shield Hit/shield-hit-11.mp3 | modules/soundfxlibrary/Combat/Single/Shield Hit/shield-hit-12.mp3 | modules/soundfxlibrary/Combat/Single/Shield Hit/shield-hit-3.mp3 | modules/soundfxlibrary/Combat/Single/Shield Hit/shield-hit-4.mp3",""
"Behold the Weave","3mQkAjexj6hhAnkR","quiet","No unambiguous audible effect in description; quiet by default.","","","",""
"Belittling Boast","qxJE2iSJwPFLZrcK","quiet","No unambiguous audible effect in description; quiet by default.","","","",""
"Benediction","HGSCofGACf1TVH55","quiet","No unambiguous audible effect in description; quiet by default.","","","",""
"Beseech Arcanotheign","wZ1rsLrWfYtMZfgv","quiet","No unambiguous audible effect in description; quiet by default.","","","",""
"Beseech the Sphinx","7GZVTtzN7H4Jujc1","quiet","Private perception, thought, expertise or comprehension changes; no public voices, ray impacts or discovery noises are inferred.","","","",""
"Bestial Curse","VuPDHoVEPLbMfCJC","quiet","No unambiguous audible effect in description; quiet by default.","","","",""
"Bilocation","HHCgEEkeeShVQf8d","quiet","No unambiguous audible effect in description; quiet by default.","","","",""
"Bind Heroic Spirit","NjSzfuDu5i4rUR3a","quiet","No unambiguous audible effect in description; quiet by default.","","","",""
"Bind Undead","GUeRTriJkMlMlVrk","quiet","No unambiguous audible effect in description; quiet by default.","","","",""
"Binding Circle","2ykmAVKrsAWcazcC","quiet","No unambiguous audible effect in description; quiet by default.","","","",""
"Binding Muzzle","lrFKkzgz80B5vTBb","quiet","No unambiguous audible effect in description; quiet by default.","","","",""
"Bit of Luck","Fr2CGvWcgSyLcUi7","quiet","No unambiguous audible effect in description; quiet by default.","","","",""
"Biting Words","yafsV0ni7rFgqJBj","sonic","Description and sonic treatment support a sonic effect cue.","ggg-sfx.magic.sonic.slam.01.01 | ggg-sfx.magic.sonic.slam.01.02 | ggg-sfx.magic.sonic.slam.01.03 | ggg-sfx.magic.sonic.slam.01.04 | ggg-sfx.magic.sonic.slam.01.05 | ggg-sfx.magic.sonic.slam.01.06","psfx.cantrips.thunderclap.v1","",""
"Black Tentacles","2w4OpAGihn1JSHFD","shadow","Description and shadow treatment support a shadow effect cue.","ggg-sfx.magic.occult.bolt.01.cast.01 | ggg-sfx.magic.occult.bolt.01.cast.02 | ggg-sfx.magic.occult.bolt.01.cast.03","","",""
"Blackfinger's Blades","y5pzaNfb17CM1slC","quiet","No unambiguous audible effect in description; quiet by default.","","","",""
"Blade Barrier","peCF6VArm8urfwxZ","shield","Protective field; short ward activation.","ggg-sfx.magic.divine.buff.ward.01.01","psfx.1st-level-spells.shield-spell.intro.v1.003","",""
"Blanket of Stars","m34WOIGZCEg1h76G","quiet","No unambiguous audible effect in description; quiet by default.","","","",""
"Blast of the Bellows","bZ8BibvvYOKAbYjn","quiet","No unambiguous audible effect in description; quiet by default.","","","",""
"Blastback","YuCBhE9tGgN8G2zU","wind","Description and wind treatment support a wind effect cue.","ggg-sfx.magic.air.wind.gust.long.01.01 | ggg-sfx.magic.air.wind.gust.long.01.02 | ggg-sfx.magic.air.wind.gust.long.01.03 | ggg-sfx.magic.air.wind.gust.long.01.04 | ggg-sfx.magic.air.wind.gust.long.01.05","psfx.cantrips.gust.v1","",""
"Blazing Armory","ywHwnXihTnXbm9Xq","fireIgnition","A flaming weapon materializes as a buff; ignition follows formation, without weapon-contact audio before an attack.","ggg-sfx.magic.fire.ignite.01.01","psfx.cantrips.create-bonfire.v1.001","",""
"Blazing Blade","NacrNSvfODxpZena","fire","Description and fire treatment support a fire effect cue.","ggg-sfx.magic.fire.ignite.01.01 | ggg-sfx.magic.fire.impact.general.01.01 | ggg-sfx.magic.fire.impact.general.01.02 | ggg-sfx.magic.fire.impact.general.02.01 | ggg-sfx.magic.fire.impact.general.02.02 | ggg-sfx.magic.fire.impact.general.02.03","psfx.cantrips.create-bonfire.v1.001 | psfx.casting.fire-side.001 | psfx.casting.fire.001","",""
"Blazing Bolt","ZxHC7V7HtjUsB8zH","fireRay","Directional fire ray; beam cue rather than explosion.","ggg-sfx.magic.fire.surge.flames.01.01 | ggg-sfx.magic.fire.surge.flames.01.02","psfx.2nd-level-spells.scorching-ray.v1.15ft","",""
"Blazing Dive","KEkPxx7Sm6Xf4W3s","fire","Description and fire treatment support a fire effect cue.","ggg-sfx.magic.fire.ignite.01.01 | ggg-sfx.magic.fire.impact.general.01.01 | ggg-sfx.magic.fire.impact.general.01.02 | ggg-sfx.magic.fire.impact.general.02.01 | ggg-sfx.magic.fire.impact.general.02.02 | ggg-sfx.magic.fire.impact.general.02.03","psfx.cantrips.create-bonfire.v1.001 | psfx.casting.fire-side.001 | psfx.casting.fire.001","",""
"Blazing Fissure","OYOCWWefZPEfp8Nl","fire","Description and fire treatment support a fire effect cue.","ggg-sfx.magic.fire.ignite.01.01 | ggg-sfx.magic.fire.impact.general.01.01 | ggg-sfx.magic.fire.impact.general.01.02 | ggg-sfx.magic.fire.impact.general.02.01 | ggg-sfx.magic.fire.impact.general.02.02 | ggg-sfx.magic.fire.impact.general.02.03","psfx.cantrips.create-bonfire.v1.001 | psfx.casting.fire-side.001 | psfx.casting.fire.001","",""
"Bless","XSujb7EsSwKl19Uu","bless","Encouragement or blessing; gentle beneficial cue.","ggg-sfx.magic.divine.buff.bless.01.01 | ggg-sfx.magic.divine.buff.bless.01.02 | ggg-sfx.magic.divine.buff.bless.01.03 | ggg-sfx.magic.divine.buff.bless.01.04 | ggg-sfx.magic.divine.buff.bless.02.01 | ggg-sfx.magic.divine.buff.bless.02.02","psfx.1st-level-spells.bless.v1.001 | psfx.1st-level-spells.bless.v1.002 | psfx.1st-level-spells.bless.v1.003 | psfx.1st-level-spells.bless.v1.004 | psfx.1st-level-spells.bless.v1.005","",""
"Blessed Boundary","jj5d830iUi2ZlQfs","force","Description and force treatment support a force effect cue.","ggg-sfx.magic.arcane.impact.blast.01.01 | ggg-sfx.magic.arcane.impact.blast.01.02 | ggg-sfx.magic.arcane.impact.blast.01.03 | ggg-sfx.magic.arcane.impact.blast.01.04","psfx.ranged-magic.generic.beam.001","modules/soundfxlibrary/Combat/Single/Spell Impact/spell-impact-1.mp3 | modules/soundfxlibrary/Combat/Single/Spell Impact/spell-impact-2.mp3 | modules/soundfxlibrary/Combat/Single/Spell Impact/spell-impact-3.mp3 | modules/soundfxlibrary/Combat/Single/Spell Impact/spell-impact-4.mp3 | modules/soundfxlibrary/Combat/Single/Spell Impact/spell-impact-5.mp3 | modules/soundfxlibrary/Combat/Single/Spell Impact/spell-impact-6.mp3",""
"Blessing of Defiance","1b55SgYTV65JvmQd","quiet","No unambiguous audible effect in description; quiet by default.","","","",""
"Blessing of Vigor","qt35NBcFwQDGdNFO","healing","Description restores health; gentle restorative cue.","ggg-sfx.magic.divine.healing.01.01 | ggg-sfx.magic.divine.healing.01.02 | ggg-sfx.magic.divine.healing.01.03 | ggg-sfx.magic.divine.healing.01.04 | ggg-sfx.magic.divine.healing.02.mass_healing.01.01 | ggg-sfx.magic.divine.healing.02.mass_healing.01.02","psfx.1st-level-spells.cure-wounds.v1.001","",""
"Blight","7yWXx3qC4eFNHhxD","void","Description and void treatment support a void effect cue.","ggg-sfx.magic.occult.pulse.01.abyss","psfx.impacts.magicaleffects.necrotic","",""
"Blightburn Blast","EgkypvUZIZkx1UlQ","quiet","No unambiguous audible effect in description; quiet by default.","","","",""
"Blind Eye","pfFxj4NI5KwO119I","quiet","No unambiguous audible effect in description; quiet by default.","","","",""
"Blinding Beauty","Q56HLIHVKY6bC5W3","quiet","No unambiguous audible effect in description; quiet by default.","","","",""
"Blinding Bottle","3ygqSJYWZM1UV76Z","poison","Description and poison treatment support a poison effect cue.","ggg-sfx.magic.acid.cast.general.01.01 | ggg-sfx.magic.acid.cast.general.01.02 | ggg-sfx.magic.acid.cast.general.02.01 | ggg-sfx.magic.acid.cast.general.03.01 | ggg-sfx.magic.acid.cast.general.03.02 | ggg-sfx.magic.acid.impact.01.01","psfx.cantrips.poison-spray.v1","",""
"Blinding Foam","7uL4XhHpxZpgNJPh","acid","Description and acid treatment support a acid effect cue.","ggg-sfx.magic.acid.debuff.virulent.01.01 | ggg-sfx.magic.acid.debuff.virulent.01.02 | ggg-sfx.magic.acid.debuff.virulent.01.03","psfx.cantrips.acid-splash.v1.15ft","",""
"Blinding Fury","NhGXgmI3AjkkwnPk","quiet","No unambiguous audible effect in description; quiet by default.","","","",""
"Blindness","VosLNn2M8S7JH67D","quiet","Bodily support, temporary vitality, sensory loss or internal discomfort; no healing, injury, growl or sonic blast is inferred.","","","",""
"Blink Charge","TDaMnCtZ72uyYrz8","teleport","Spatial departure/arrival; short teleport cue.","ggg-sfx.magic.occult.movement.teleportation.01.01 | ggg-sfx.magic.occult.movement.teleportation.01.02 | ggg-sfx.magic.occult.movement.teleportation.01.03 | ggg-sfx.magic.occult.movement.teleportation.01.04 | ggg-sfx.magic.occult.movement.teleportation.01.05","psfx.2nd-level-spells.misty-step.v1.intro.generic","",""
"Blister","59NR1hA2jPSgg2sW","acid","Description and acid treatment support a acid effect cue.","ggg-sfx.magic.acid.debuff.virulent.01.01 | ggg-sfx.magic.acid.debuff.virulent.01.02 | ggg-sfx.magic.acid.debuff.virulent.01.03","psfx.cantrips.acid-splash.v1.15ft","",""
"Blister Bomb","3qx1axryNbl97ker","quiet","No unambiguous audible effect in description; quiet by default.","","","",""
"Blistering Invective","hoR6w8BqX2F35Tdx","fire","Description and fire treatment support a fire effect cue.","ggg-sfx.magic.fire.ignite.01.01 | ggg-sfx.magic.fire.impact.general.01.01 | ggg-sfx.magic.fire.impact.general.01.02 | ggg-sfx.magic.fire.impact.general.02.01 | ggg-sfx.magic.fire.impact.general.02.02 | ggg-sfx.magic.fire.impact.general.02.03","psfx.cantrips.create-bonfire.v1.001 | psfx.casting.fire-side.001 | psfx.casting.fire.001","",""
"Blood Chestnuts","HTzrWoYokIEqxD9t","quiet","No unambiguous audible effect in description; quiet by default.","","","",""
"Blood Duplicate","crf7EL1JtBYwvAEg","quiet","No unambiguous audible effect in description; quiet by default.","","","",""
"Blood Feast","ES6FkwXXqYr4ujQH","quiet","No unambiguous audible effect in description; quiet by default.","","","",""
"Blood in the Water","CXpOlv2ZZq2jVbRX","quiet","No unambiguous audible effect in description; quiet by default.","","","",""
"Blood Infusion","tFWa3ouvMC5Zz3P0","quiet","No unambiguous audible effect in description; quiet by default.","","","",""
"Blood Runs Cold","Oj36W4SwlVBMMdiX","cold","Description and cold treatment support a cold effect cue.","ggg-sfx.magic.ice.freeze.01.01 | ggg-sfx.magic.ice.freeze.02.01 | ggg-sfx.magic.ice.freeze.03.01 | ggg-sfx.magic.ice.freeze.03.02 | ggg-sfx.magic.ice.freeze.04.01 | ggg-sfx.magic.ice.freeze.04.02","psfx.impacts.magicaleffects.cold","",""
"Blood Vendetta","TaaMEYdZXQXF0Sks","quiet","No unambiguous audible effect in description; quiet by default.","","","",""
"Blood Ward","dFejDNEmVj3CwYLL","shield","Protective field; short ward activation.","ggg-sfx.magic.divine.buff.ward.01.01","psfx.1st-level-spells.shield-spell.intro.v1.003","",""
"Blood-Feasting Breath","94eJHyFPNM1Z3TZp","healing","Description restores health; gentle restorative cue.","ggg-sfx.magic.divine.healing.01.01 | ggg-sfx.magic.divine.healing.01.02 | ggg-sfx.magic.divine.healing.01.03 | ggg-sfx.magic.divine.healing.01.04 | ggg-sfx.magic.divine.healing.02.mass_healing.01.01 | ggg-sfx.magic.divine.healing.02.mass_healing.01.02","psfx.1st-level-spells.cure-wounds.v1.001","",""
"Bloodspray Curse","VXUrO8TwRqBpNzdU","quiet","No unambiguous audible effect in description; quiet by default.","","","",""
"Bloody Tendrils","qy5NVKy2A3LwNleW","earth","Description and earth treatment support a earth effect cue.","ggg-sfx.magic.earth.impact.general.01.muffled.01 | ggg-sfx.magic.earth.impact.general.01.muffled.02 | ggg-sfx.magic.earth.impact.general.01.muffled.03 | ggg-sfx.magic.earth.impact.general.01.normal.01 | ggg-sfx.magic.earth.impact.general.01.normal.02 | ggg-sfx.magic.earth.impact.general.01.normal.03","psfx.casting.earth.001","",""
"Blossoming Gore","77Zvk75oywQ7MBVV","quiet","No unambiguous audible effect in description; quiet by default.","","","",""
"Blunt the Final Blade","LEMfFL551YB120RN","quiet","No unambiguous audible effect in description; quiet by default.","","","",""
"Blur","3JG1t3T4mWn6vTke","quiet","No unambiguous audible effect in description; quiet by default.","","","",""
"Boil Blood","fBoiPXmcIO50OFFR","quiet","Quiet mist or internal heating does not imply an external splash, flame detonation or bodily injury sound.","","","",""
"Bonding Meal","aYn7Xgrz4vIMNeIc","quiet","No unambiguous audible effect in description; quiet by default.","","","",""
"Bone Flense","V4IpjSlefultlOuY","quiet","No unambiguous audible effect in description; quiet by default.","","","",""
"Bone Moth's Kiss","MavAJJo6jhQfdBXW","quiet","No unambiguous audible effect in description; quiet by default.","","","",""
"Bone Shield","nWrcBLML2mCZxW5v","shield","Protective field; short ward activation.","ggg-sfx.magic.divine.buff.ward.01.01","psfx.1st-level-spells.shield-spell.intro.v1.003","",""
"Bone Spear","4JXxqBXigKECcpTm","quiet","No unambiguous audible effect in description; quiet by default.","","","",""
"Bone Spray","S708JF3E0kuhuRzG","quiet","No unambiguous audible effect in description; quiet by default.","","","",""
"Boneshaker","zdNUbHqqZzjA07oM","earth","Description and earth treatment support a earth effect cue.","ggg-sfx.magic.earth.impact.general.01.muffled.01 | ggg-sfx.magic.earth.impact.general.01.muffled.02 | ggg-sfx.magic.earth.impact.general.01.muffled.03 | ggg-sfx.magic.earth.impact.general.01.normal.01 | ggg-sfx.magic.earth.impact.general.01.normal.02 | ggg-sfx.magic.earth.impact.general.01.normal.03","psfx.casting.earth.001","",""
"Bonewall Bulwark","11pQoPJpSH2jp7h6","earth","Description and earth treatment support a earth effect cue.","ggg-sfx.magic.earth.impact.general.01.muffled.01 | ggg-sfx.magic.earth.impact.general.01.muffled.02 | ggg-sfx.magic.earth.impact.general.01.muffled.03 | ggg-sfx.magic.earth.impact.general.01.normal.01 | ggg-sfx.magic.earth.impact.general.01.normal.02 | ggg-sfx.magic.earth.impact.general.01.normal.03","psfx.casting.earth.001","",""
"Bony Barrage","yfaTZv8nCsS4GtrA","quiet","No unambiguous audible effect in description; quiet by default.","","","",""
"Boomerang Shot","zPVJI8Jltt3ERkaU","growth","Description and plant treatment support a growth effect cue.","ggg-sfx.magic.primal.growth.01.01","psfx.1st-level-spells.entangle.vines.v1.001.intro","",""
"Booming Blast","DNvfKfDSs9DstDfT","quiet","No unambiguous audible effect in description; quiet by default.","","","",""
"Boost Eidolon","HStu2Yhw3iQER9tY","quiet","No unambiguous audible effect in description; quiet by default.","","","",""
"Boots on the Ground","IN46qySRdMdpcd0y","quiet","Complete description forbids intelligible sounds such as music; no musical flourish is inferred for the illusory troops.","","","",""
"Borrow Time","mlK8r1P2eszyfkGz","time","Temporal effect uses a short time-shift cue.","ggg-sfx.magic.time.reverse.01.01 | ggg-sfx.magic.time.reverse.01.02 | ggg-sfx.magic.time.reverse.01.03 | ggg-sfx.magic.time.reverse.01.04","","",""
"Bottle the Storm","VUwpDY4Z91s9QCg0","electric","Description and electricity treatment support a electric effect cue.","ggg-sfx.magic.electricity.impact.general.01.01 | ggg-sfx.magic.electricity.impact.general.01.02 | ggg-sfx.magic.electricity.impact.general.01.03 | ggg-sfx.magic.electricity.zap.01.01","psfx.impacts.magicaleffects.lightning | psfx.impacts.magicaleffects.lightning | psfx.impacts.magicaleffects.lightning | psfx.impacts.magicaleffects.lightning | psfx.impacts.magicaleffects.lightning","modules/soundfxlibrary/Combat/Single/Spell Impact Lightning/spell-impact-lightning-1.mp3 | modules/soundfxlibrary/Combat/Single/Spell Impact Lightning/spell-impact-lightning-2.mp3 | modules/soundfxlibrary/Combat/Single/Spell Impact Lightning/spell-impact-lightning-3.mp3 | modules/soundfxlibrary/Combat/Single/Spell Impact Lightning/spell-impact-lightning-4.mp3",""
"Bottomless Stomach","F9mA2Bg27QKniIdv","quiet","Quiet support, a connection or a player-chosen object operation; no metal chain clank, selected object material, future movement or success sound is inferred.","","","",""
"Bound in Death","B0Ng2VlhEJMuUXUH","quiet","No unambiguous audible effect in description; quiet by default.","","","",""
"Bountiful Oasis","SnBc7Gl5VormWzS1","water","Description and water treatment support a water effect cue.","ggg-sfx.magic.water.impact.general.01.01 | ggg-sfx.magic.water.impact.general.01.02 | ggg-sfx.magic.water.impact.general.01.03 | ggg-sfx.magic.water.impact.general.01.04 | ggg-sfx.magic.water.impact.general.01.05 | ggg-sfx.magic.water.impact.general.01.06","psfx.casting.water.001","modules/soundfxlibrary/Misc/Single/Water Splash/water-splash-1.mp3 | modules/soundfxlibrary/Misc/Single/Water Splash/water-splash-2.mp3 | modules/soundfxlibrary/Misc/Single/Water Splash/water-splash-3.mp3 | modules/soundfxlibrary/Misc/Single/Water Splash/water-splash-4.mp3",""
"Bounty of the Sky","txxm6Rj6jNxcFSQ9","healing","Description and healing treatment support a healing effect cue.","ggg-sfx.magic.divine.healing.01.01 | ggg-sfx.magic.divine.healing.01.02 | ggg-sfx.magic.divine.healing.01.03 | ggg-sfx.magic.divine.healing.01.04 | ggg-sfx.magic.divine.healing.02.mass_healing.01.01 | ggg-sfx.magic.divine.healing.02.mass_healing.01.02","psfx.1st-level-spells.cure-wounds.v1.001","",""
"Bracing Tendrils","NeoRkU7C4BIz8fUM","quiet","No unambiguous audible effect in description; quiet by default.","","","",""
"Brain Drain","k2QrUk7jWMAWozMh","drain","Life or energy is drawn away; siphon cue.","ggg-sfx.magic.occult.siphon.01.01","psfx.ranged-magic.generic.energy-strands.001.15ft","",""
"Bralani Referendum","SspI4ijjR7N7r4Cc","wind","Description and wind treatment support a wind effect cue.","ggg-sfx.magic.air.wind.gust.long.01.01 | ggg-sfx.magic.air.wind.gust.long.01.02 | ggg-sfx.magic.air.wind.gust.long.01.03 | ggg-sfx.magic.air.wind.gust.long.01.04 | ggg-sfx.magic.air.wind.gust.long.01.05","psfx.cantrips.gust.v1","",""
"Bramble Bush","mAdxOQUA2cHgKViU","vines","Growing roots or vines; organic growth cue.","ggg-sfx.magic.primal.burst.bramble.01.01 | ggg-sfx.magic.primal.growth.02.01","psfx.1st-level-spells.entangle.vines.v1.001.intro","",""
"Brand the Impenitent","Y8cSjhU33oUqccxJ","quiet","No unambiguous audible effect in description; quiet by default.","","","",""
"Breadcrumbs","PGVhjDbzC4lf6aXF","quiet","Quiet support, a connection or a player-chosen object operation; no metal chain clank, selected object material, future movement or success sound is inferred.","","","",""
"Breath of Drought","Wt94cw03L77sbud7","quiet","Reviewed native fire-spell casting event; deferred ignition, internal heat and unresolved choices do not play explosion audio.","","","",""
"Breath of Life","Hnc7eGi7vyZenAIm","healing","An immediate life spark intervenes against death; no general resurrection sound.","ggg-sfx.magic.divine.healing.01.01 | ggg-sfx.magic.divine.healing.01.02 | ggg-sfx.magic.divine.healing.01.03 | ggg-sfx.magic.divine.healing.01.04 | ggg-sfx.magic.divine.healing.02.mass_healing.01.01 | ggg-sfx.magic.divine.healing.02.mass_healing.01.02","psfx.1st-level-spells.cure-wounds.v1.001","",""
"Breathe Fire","y6rAdMK6EFlV6U0t","fireCone","A fan of flame rather than a projectile impact.","ggg-sfx.magic.fire.surge.flames.01.01 | ggg-sfx.magic.fire.surge.flames.01.02","psfx.1st-level-spells.burning-hands.v1.001","",""
"Bridge of Graves","yXZMG66ROw3TjRRo","quiet","No unambiguous audible effect in description; quiet by default.","","","",""
"Bridge of Vines","VUUWjeapcyLZabVA","growth","Description and plant treatment support a growth effect cue.","ggg-sfx.magic.primal.growth.01.01","psfx.1st-level-spells.entangle.vines.v1.001.intro","",""
"Brine Dragon Bile","eidmNlfl2DUVIclc","acid","Description and acid treatment support a acid effect cue.","ggg-sfx.magic.acid.debuff.virulent.01.01 | ggg-sfx.magic.acid.debuff.virulent.01.02 | ggg-sfx.magic.acid.debuff.virulent.01.03","psfx.cantrips.acid-splash.v1.15ft","",""
"Briny Bolt","8lZhUreL1bRk1v4Z","water","Description and water treatment support a water effect cue.","ggg-sfx.magic.water.impact.general.01.01 | ggg-sfx.magic.water.impact.general.01.02 | ggg-sfx.magic.water.impact.general.01.03 | ggg-sfx.magic.water.impact.general.01.04 | ggg-sfx.magic.water.impact.general.01.05 | ggg-sfx.magic.water.impact.general.01.06","psfx.casting.water.001","modules/soundfxlibrary/Misc/Single/Water Splash/water-splash-1.mp3 | modules/soundfxlibrary/Misc/Single/Water Splash/water-splash-2.mp3 | modules/soundfxlibrary/Misc/Single/Water Splash/water-splash-3.mp3 | modules/soundfxlibrary/Misc/Single/Water Splash/water-splash-4.mp3",""
"Buffeting Winds","xGFAGlonNySXrunq","wind","Description and wind treatment support a wind effect cue.","ggg-sfx.magic.air.wind.gust.long.01.01 | ggg-sfx.magic.air.wind.gust.long.01.02 | ggg-sfx.magic.air.wind.gust.long.01.03 | ggg-sfx.magic.air.wind.gust.long.01.04 | ggg-sfx.magic.air.wind.gust.long.01.05","psfx.cantrips.gust.v1","",""
"Bullhorn","W02bHXylIpoXbO4e","quiet","No unambiguous audible effect in description; quiet by default.","","","",""
"Buoyant Bubbles","ILoXUDP84ru1hYLg","water","Description and water treatment support a water effect cue.","ggg-sfx.magic.water.impact.general.01.01 | ggg-sfx.magic.water.impact.general.01.02 | ggg-sfx.magic.water.impact.general.01.03 | ggg-sfx.magic.water.impact.general.01.04 | ggg-sfx.magic.water.impact.general.01.05 | ggg-sfx.magic.water.impact.general.01.06","psfx.casting.water.001","modules/soundfxlibrary/Misc/Single/Water Splash/water-splash-1.mp3 | modules/soundfxlibrary/Misc/Single/Water Splash/water-splash-2.mp3 | modules/soundfxlibrary/Misc/Single/Water Splash/water-splash-3.mp3 | modules/soundfxlibrary/Misc/Single/Water Splash/water-splash-4.mp3",""
"Burglar's Blind","UkXTcJAeTOF2inPy","quiet","Silent, subtle or private communication; no public sound cue.","","","",""
"Burning Blossoms","kWDt0JcKPgX6MvdD","fireIgnition","Reviewed native fire-spell casting event; deferred ignition, internal heat and unresolved choices do not play explosion audio.","ggg-sfx.magic.fire.ignite.01.01","psfx.cantrips.create-bonfire.v1.001","",""
"Burning Trail","T9psKCvl7TIdKysl","fire","Description and fire treatment support a fire effect cue.","ggg-sfx.magic.fire.ignite.01.01 | ggg-sfx.magic.fire.impact.general.01.01 | ggg-sfx.magic.fire.impact.general.01.02 | ggg-sfx.magic.fire.impact.general.02.01 | ggg-sfx.magic.fire.impact.general.02.02 | ggg-sfx.magic.fire.impact.general.02.03","psfx.cantrips.create-bonfire.v1.001 | psfx.casting.fire-side.001 | psfx.casting.fire.001","",""
"Burrow Ward","bgX4Zfhavahu8lyN","shield","Protective field; short ward activation.","ggg-sfx.magic.divine.buff.ward.01.01","psfx.1st-level-spells.shield-spell.intro.v1.003","",""
"Bursting Bloom","vGMbpV7GWIFPNUaZ","growth","Description and plant treatment support a growth effect cue.","ggg-sfx.magic.primal.growth.01.01","psfx.1st-level-spells.entangle.vines.v1.001.intro","",""
"Butterfly Bender","wneYzMFUWreyqWHD","quiet","No unambiguous audible effect in description; quiet by default.","","","",""
"Buzzing Bites","BItahht2hEHvR9Bt","quiet","No unambiguous audible effect in description; quiet by default.","","","",""
"Buzzing Servants","U7415tttUO8JLvpf","quiet","No unambiguous audible effect in description; quiet by default.","","","",""
"Cackle","YVK3JUkPVzHIeGXQ","quiet","No unambiguous audible effect in description; quiet by default.","","","",""
"Calcification","L13n9NKvfGLApse1","quiet","No unambiguous audible effect in description; quiet by default.","","","",""
"Calcium Rain","yil09OX5uMCs3Z8v","quiet","No unambiguous audible effect in description; quiet by default.","","","",""
"Call Fluxwraith","i6GUJCWdNu2278oA","quiet","No unambiguous audible effect in description; quiet by default.","","","",""
"Call of the Grave","BH3sUerzMb2bWnv1","darkRay","Sickening or dark energy ray uses a dark release cue, not an explosion.","ggg-sfx.magic.occult.bolt.01.cast.01 | ggg-sfx.magic.occult.bolt.01.cast.02 | ggg-sfx.magic.occult.bolt.01.cast.03","psfx.ranged-magic.generic.energy-strands.001.15ft","",""
"Call of the Quenching","rillrYLb7V2mRyU7","water","Description and water treatment support a water effect cue.","ggg-sfx.magic.water.impact.general.01.01 | ggg-sfx.magic.water.impact.general.01.02 | ggg-sfx.magic.water.impact.general.01.03 | ggg-sfx.magic.water.impact.general.01.04 | ggg-sfx.magic.water.impact.general.01.05 | ggg-sfx.magic.water.impact.general.01.06","psfx.casting.water.001","modules/soundfxlibrary/Misc/Single/Water Splash/water-splash-1.mp3 | modules/soundfxlibrary/Misc/Single/Water Splash/water-splash-2.mp3 | modules/soundfxlibrary/Misc/Single/Water Splash/water-splash-3.mp3 | modules/soundfxlibrary/Misc/Single/Water Splash/water-splash-4.mp3",""
"Call Spirit","gsYEuWv04XTDxe91","quiet","No unambiguous audible effect in description; quiet by default.","","","",""
"Call The Blood","S1Msrwi990FE7uMO","void","Description and void treatment support a void effect cue.","ggg-sfx.magic.occult.pulse.01.abyss","psfx.impacts.magicaleffects.necrotic","",""
"Call the Ten","REBo9wSxDDx7Qdcc","shield","Protective field; short ward activation.","ggg-sfx.magic.divine.buff.ward.01.01","psfx.1st-level-spells.shield-spell.intro.v1.003","",""
"Call to Arms","dqaCLzINHBiKjh4J","quiet","No unambiguous audible effect in description; quiet by default.","","","",""
"Calm","b515AZlB0sridKSq","quiet","No unambiguous audible effect in description; quiet by default.","","","",""
"Camel Spit","Hycyiw9xVzoIY4Dy","quiet","No unambiguous audible effect in description; quiet by default.","","","",""
"Canopy Crawler","3JQPqtE7fkscP3f6","transform","Brief transformation cue; no assumed animal voice.","ggg-sfx.magic.primal.cast.general.03.01","","",""
"Canticle of Everlasting Grief","qlxM7Ik3uUeUIOcv","quiet","The melody is explicitly audible only to its target. Automatic public audio would expose a private manifestation; choose a private cue manually if desired.","","","",""
"Capital Dividend","jXcsCpko8qNrWZ4x","quiet","Reviewed private perception, prepared benefit, support, cleansing, object or casting-only illustration. No wound restoration, chosen voice/material, future impact or successful outcome is inferred; audio remains customizable.","","","",""
"Captivating Adoration","jJphHQlENHFlSElH","quiet","No unambiguous audible effect in description; quiet by default.","","","",""
"Carrion Mire","24JgGrYx7ixgP4kn","healing","Description restores health; gentle restorative cue.","ggg-sfx.magic.divine.healing.01.01 | ggg-sfx.magic.divine.healing.01.02 | ggg-sfx.magic.divine.healing.01.03 | ggg-sfx.magic.divine.healing.01.04 | ggg-sfx.magic.divine.healing.02.mass_healing.01.01 | ggg-sfx.magic.divine.healing.02.mass_healing.01.02","psfx.1st-level-spells.cure-wounds.v1.001","",""
"Carryall","LvezN4a3kYf1OHMg","quiet","No unambiguous audible effect in description; quiet by default.","","","",""
"Cast into Time","OdqM06M0wDUqZWiR","time","Temporal effect uses a short time-shift cue.","ggg-sfx.magic.time.reverse.01.01 | ggg-sfx.magic.time.reverse.01.02 | ggg-sfx.magic.time.reverse.01.03 | ggg-sfx.magic.time.reverse.01.04","","",""
"Caster's Imposition","mriIWoSDtJTJIBjX","quiet","No unambiguous audible effect in description; quiet by default.","","","",""
"Cataclysm","wLIvH0AT1u7oa64N","earthquake","Reviewed native fire-spell casting event; deferred ignition, internal heat and unresolved choices do not play explosion audio.","ggg-sfx.magic.earth.pulse.seismic.01.01","","",""
"Catch Your Name","FyOgUkq71LNC143w","quiet","No unambiguous audible effect in description; quiet by default.","","","",""
"Caustic Blast","thAHF1zxNplLCJPO","acid","Description and acid treatment support a acid effect cue.","ggg-sfx.magic.acid.debuff.virulent.01.01 | ggg-sfx.magic.acid.debuff.virulent.01.02 | ggg-sfx.magic.acid.debuff.virulent.01.03","psfx.cantrips.acid-splash.v1.15ft","",""
"Cauterize Wounds","sBSalosrt7C4IXas","healing","Restoration or cleansing uses a gentle restorative cue.","ggg-sfx.magic.divine.healing.01.01 | ggg-sfx.magic.divine.healing.01.02 | ggg-sfx.magic.divine.healing.01.03 | ggg-sfx.magic.divine.healing.01.04 | ggg-sfx.magic.divine.healing.02.mass_healing.01.01 | ggg-sfx.magic.divine.healing.02.mass_healing.01.02","psfx.1st-level-spells.cure-wounds.v1.001","",""
"Cave Fangs","KEagmnwgsSbGmkme","earth","Description and earth treatment support a earth effect cue.","ggg-sfx.magic.earth.impact.general.01.muffled.01 | ggg-sfx.magic.earth.impact.general.01.muffled.02 | ggg-sfx.magic.earth.impact.general.01.muffled.03 | ggg-sfx.magic.earth.impact.general.01.normal.01 | ggg-sfx.magic.earth.impact.general.01.normal.02 | ggg-sfx.magic.earth.impact.general.01.normal.03","psfx.casting.earth.001","",""
"Celestial Accord","vZSWzkw0uF4iFWSM","quiet","Reviewed private perception, prepared benefit, support, cleansing, object or casting-only illustration. No wound restoration, chosen voice/material, future impact or successful outcome is inferred; audio remains customizable.","","","",""
"Celestial Brand","9WlTR9JlEcjRmGiD","quiet","No unambiguous audible effect in description; quiet by default.","","","",""
"Censure Falsehoods","guHLRnTL1OBUYh0V","quiet","No unambiguous audible effect in description; quiet by default.","","","",""
"Chain Lightning","TDNlDWbYb58Y55Da","chainLightning","Short electric discharge follows each target-to-target hop.","ggg-sfx.magic.electricity.zap.01.01","psfx.impacts.magicaleffects.lightning | psfx.impacts.magicaleffects.lightning | psfx.impacts.magicaleffects.lightning | psfx.impacts.magicaleffects.lightning | psfx.impacts.magicaleffects.lightning","modules/soundfxlibrary/Combat/Single/Spell Impact Lightning/spell-impact-lightning-1.mp3 | modules/soundfxlibrary/Combat/Single/Spell Impact Lightning/spell-impact-lightning-2.mp3 | modules/soundfxlibrary/Combat/Single/Spell Impact Lightning/spell-impact-lightning-3.mp3 | modules/soundfxlibrary/Combat/Single/Spell Impact Lightning/spell-impact-lightning-4.mp3",""
"Chameleon Coat","xPrbxyOEwy9QaPVn","quiet","No unambiguous audible effect in description; quiet by default.","","","",""
"Champion's Sacrifice","USM530HlzZ1RMd99","quiet","No unambiguous audible effect in description; quiet by default.","","","",""
"Channel Arrogance","CVvkveEH7lonSTZd","quiet","No unambiguous audible effect in description; quiet by default.","","","",""
"Charged Javelin","g1eY1vN44mgluE33","electric","Description and electricity treatment support a electric effect cue.","ggg-sfx.magic.electricity.impact.general.01.01 | ggg-sfx.magic.electricity.impact.general.01.02 | ggg-sfx.magic.electricity.impact.general.01.03 | ggg-sfx.magic.electricity.zap.01.01","psfx.impacts.magicaleffects.lightning | psfx.impacts.magicaleffects.lightning | psfx.impacts.magicaleffects.lightning | psfx.impacts.magicaleffects.lightning | psfx.impacts.magicaleffects.lightning","modules/soundfxlibrary/Combat/Single/Spell Impact Lightning/spell-impact-lightning-1.mp3 | modules/soundfxlibrary/Combat/Single/Spell Impact Lightning/spell-impact-lightning-2.mp3 | modules/soundfxlibrary/Combat/Single/Spell Impact Lightning/spell-impact-lightning-3.mp3 | modules/soundfxlibrary/Combat/Single/Spell Impact Lightning/spell-impact-lightning-4.mp3",""
"Charitable Urge","UirEIHILQgip87qv","quiet","Reviewed private perception, prepared benefit, support, cleansing, object or casting-only illustration. No wound restoration, chosen voice/material, future impact or successful outcome is inferred; audio remains customizable.","","","",""
"Charm","vLA0q0WOK2YPuJs6","quiet","Silent, subtle or private communication; no public sound cue.","","","",""
"Charming Push","KMFRKzNCq7hVNH7H","quiet","No unambiguous audible effect in description; quiet by default.","","","",""
"Charming Touch","ut9IhJ9jSZSHDUop","quiet","Reviewed private perception, prepared benefit, support, cleansing, object or casting-only illustration. No wound restoration, chosen voice/material, future impact or successful outcome is inferred; audio remains customizable.","","","",""
"Chastising Retort","JkyUu62rLxcNT4K9","psychic","Psychic attack uses a short mental pulse, without spoken voices.","","psfx.cantrips.mind-sliver.v1","",""
"Chilling Darkness","sRfSBHWHdbIa0aGc","darkRay","Sickening or dark energy ray uses a dark release cue, not an explosion.","ggg-sfx.magic.occult.bolt.01.cast.01 | ggg-sfx.magic.occult.bolt.01.cast.02 | ggg-sfx.magic.occult.bolt.01.cast.03","psfx.ranged-magic.generic.energy-strands.001.15ft","",""
"Chilling Spray","8TQiFzGf4feoHeH0","cold","Description and cold treatment support a cold effect cue.","ggg-sfx.magic.ice.freeze.01.01 | ggg-sfx.magic.ice.freeze.02.01 | ggg-sfx.magic.ice.freeze.03.01 | ggg-sfx.magic.ice.freeze.03.02 | ggg-sfx.magic.ice.freeze.04.01 | ggg-sfx.magic.ice.freeze.04.02","psfx.impacts.magicaleffects.cold","",""
"Chosen Gravity","ANtTpeXo9nw7BnEb","quiet","No unambiguous audible effect in description; quiet by default.","","","",""
"Chroma Leach","4y2DMq9DV5HvmnxC","quiet","No unambiguous audible effect in description; quiet by default.","","","",""
"Chromatic Armor","NBSBFHxBm88qxQUy","shield","Protective field; short ward activation.","ggg-sfx.magic.divine.buff.ward.01.01","psfx.1st-level-spells.shield-spell.intro.v1.003","",""
"Chromatic Image","FgRpddPORsRFwNoX","quiet","No unambiguous audible effect in description; quiet by default.","","","",""
"Chromatic Ray","Hb8GdAhP0zBCv3zU","radiantRay","A luminous ray uses a directional magical-energy cue.","ggg-sfx.magic.divine.light.01.01 | ggg-sfx.magic.divine.light.02.01","psfx.ranged-magic.generic.beam.001","",""
"Chromatic Wall","forsqeofEszBNtLq","quiet","No unambiguous audible effect in description; quiet by default.","","","",""
"Chrysopoetic Curse","hvV6IruyW4MAr0Ub","quiet","No unambiguous audible effect in description; quiet by default.","","","",""
"Chthonian Wrath","crF4g9jRN1y84MSD","quiet","No unambiguous audible effect in description; quiet by default.","","","",""
"Cinder Gaze","mOUwbIN1SUp8FyPR","quiet","No unambiguous audible effect in description; quiet by default.","","","",""
"Cinder Scribe","I17urWNQYVTYTM1z","fire","Description and fire treatment support a fire effect cue.","ggg-sfx.magic.fire.ignite.01.01 | ggg-sfx.magic.fire.impact.general.01.01 | ggg-sfx.magic.fire.impact.general.01.02 | ggg-sfx.magic.fire.impact.general.02.01 | ggg-sfx.magic.fire.impact.general.02.02 | ggg-sfx.magic.fire.impact.general.02.03","psfx.cantrips.create-bonfire.v1.001 | psfx.casting.fire-side.001 | psfx.casting.fire.001","",""
"Cinder Swarm","bVvGpSOg2WaTUItS","swarm","Description explicitly evokes buzzing insects.","ggg-sfx.magic.primal.bugs.poisonous_swarm.01.01 | ggg-sfx.magic.primal.bugs.poisonous_swarm.01.02 | ggg-sfx.magic.primal.bugs.poisonous_swarm.01.03","","",""
"Circle of Protection","mpGCMTldMVa0pWYs","quiet","No unambiguous audible effect in description; quiet by default.","","","",""
"Circle of Weakness","fwPNYmpOyzRehEY4","quiet","No unambiguous audible effect in description; quiet by default.","","","",""
"City of Sin","9WMEO6JEcAulgUv3","quiet","No unambiguous audible effect in description; quiet by default.","","","",""
"Clad In Metal","7dBxguCNWCoPYxIi","quiet","No unambiguous audible effect in description; quiet by default.","","","",""
"Claim Curse","5OcZ3HBkrRFhSWCz","quiet","Quiet support, a connection or a player-chosen object operation; no metal chain clank, selected object material, future movement or success sound is inferred.","","","",""
"Claim Undead","GzN9bG6cKZ96YC6l","quiet","No unambiguous audible effect in description; quiet by default.","","","",""
"Clairaudience","HXhWYJviWalN5tQ2","quiet","No unambiguous audible effect in description; quiet by default.","","","",""
"Clairvoyance","zvKWclOZ7A53DObE","quiet","No unambiguous audible effect in description; quiet by default.","","","",""
"Claws of the Otter","yNTfght6fu9WYKmx","cold","Description and cold treatment support a cold effect cue.","ggg-sfx.magic.ice.freeze.01.01 | ggg-sfx.magic.ice.freeze.02.01 | ggg-sfx.magic.ice.freeze.03.01 | ggg-sfx.magic.ice.freeze.03.02 | ggg-sfx.magic.ice.freeze.04.01 | ggg-sfx.magic.ice.freeze.04.02","psfx.impacts.magicaleffects.cold","",""
"Clawsong","7OFKYR1VY6EXDuiR","quiet","No unambiguous audible effect in description; quiet by default.","","","",""
"Cleanse Affliction","SUKaxVZW2TlM8lu0","quiet","Reviewed private perception, prepared benefit, support, cleansing, object or casting-only illustration. No wound restoration, chosen voice/material, future impact or successful outcome is inferred; audio remains customizable.","","","",""
"Cleanse Air","ElpqHitq4FqwLURV","wind","Description and wind treatment support a wind effect cue.","ggg-sfx.magic.air.wind.gust.long.01.01 | ggg-sfx.magic.air.wind.gust.long.01.02 | ggg-sfx.magic.air.wind.gust.long.01.03 | ggg-sfx.magic.air.wind.gust.long.01.04 | ggg-sfx.magic.air.wind.gust.long.01.05","psfx.cantrips.gust.v1","",""
"Cleanse Cuisine","qXTB7Ec9yYh5JPPV","quiet","Material appearance, cleanliness, nourishment or preservation changes; no wound healing, vomiting, fire, attack or noisy repair process is assumed.","","","",""
"Cleansing Flames","tf4PMMMzR5xxJDun","healing","Restoration or cleansing uses a gentle restorative cue.","ggg-sfx.magic.divine.healing.01.01 | ggg-sfx.magic.divine.healing.01.02 | ggg-sfx.magic.divine.healing.01.03 | ggg-sfx.magic.divine.healing.01.04 | ggg-sfx.magic.divine.healing.02.mass_healing.01.01 | ggg-sfx.magic.divine.healing.02.mass_healing.01.02","psfx.1st-level-spells.cure-wounds.v1.001","",""
"Clear Mind","EfFMLVbmkBWmzoLF","quiet","Reviewed private perception, prepared benefit, support, cleansing, object or casting-only illustration. No wound restoration, chosen voice/material, future impact or successful outcome is inferred; audio remains customizable.","","","",""
"Clinging Ice","MraZBLJ4Be3ogmWL","cold","Description and cold treatment support a cold effect cue.","ggg-sfx.magic.ice.freeze.01.01 | ggg-sfx.magic.ice.freeze.02.01 | ggg-sfx.magic.ice.freeze.03.01 | ggg-sfx.magic.ice.freeze.03.02 | ggg-sfx.magic.ice.freeze.04.01 | ggg-sfx.magic.ice.freeze.04.02","psfx.impacts.magicaleffects.cold","",""
"Clinging Shadows Stance","uJXs4M6IeixfPBLc","shadow","Description and shadow treatment support a shadow effect cue.","ggg-sfx.magic.occult.bolt.01.cast.01 | ggg-sfx.magic.occult.bolt.01.cast.02 | ggg-sfx.magic.occult.bolt.01.cast.03","","",""
"Cloak of Colors","TCk2MDwf5L5OYjFC","quiet","No unambiguous audible effect in description; quiet by default.","","","",""
"Cloak of Light","ba1RyDpwq6tfW8VM","light","Light appears with a brief shimmer.","ggg-sfx.magic.divine.light.01.01 | ggg-sfx.magic.divine.light.02.01","psfx.cantrips.dancing-lights.v1.001 | psfx.cantrips.dancing-lights.v1.002 | psfx.cantrips.dancing-lights.v1.003 | psfx.cantrips.dancing-lights.v1.004 | psfx.cantrips.dancing-lights.v1.005 | psfx.cantrips.light.v1.001","",""
"Cloak of Shadow","SE0fbgBj7atuukdv","quiet","No unambiguous audible effect in description; quiet by default.","","","",""
"Clockwork Devotion","zEAblSSbfu1246JL","quiet","No unambiguous audible effect in description; quiet by default.","","","",""
"Clone","pZr1xrCpaSu6qrXU","quiet","No unambiguous audible effect in description; quiet by default.","","","",""
"Clone Companion","A0sMo1L0271yLeDA","quiet","No unambiguous audible effect in description; quiet by default.","","","",""
"Cloud Current","s7kVnr0EdljCamuR","water","Description and water treatment support a water effect cue.","ggg-sfx.magic.water.impact.general.01.01 | ggg-sfx.magic.water.impact.general.01.02 | ggg-sfx.magic.water.impact.general.01.03 | ggg-sfx.magic.water.impact.general.01.04 | ggg-sfx.magic.water.impact.general.01.05 | ggg-sfx.magic.water.impact.general.01.06","psfx.casting.water.001","modules/soundfxlibrary/Misc/Single/Water Splash/water-splash-1.mp3 | modules/soundfxlibrary/Misc/Single/Water Splash/water-splash-2.mp3 | modules/soundfxlibrary/Misc/Single/Water Splash/water-splash-3.mp3 | modules/soundfxlibrary/Misc/Single/Water Splash/water-splash-4.mp3",""
"Cloud Dragon's Cloak","D5ZAWGqxml5xOiZb","quiet","No unambiguous audible effect in description; quiet by default.","","","",""
"Cloudborne Haven","LN7bFOw8PFs5Q5rD","quiet","No unambiguous audible effect in description; quiet by default.","","","",""
"Clouded Focus","XhgMx9WC6NfXd9RP","quiet","Private perception, thought, expertise or comprehension changes; no public voices, ray impacts or discovery noises are inferred.","","","",""
"Clownish Curse","S7ylpCJyq0CYkux9","quiet","No unambiguous audible effect in description; quiet by default.","","","",""
"Coiling Dance","RcZbmSZf2bFYQtTj","quiet","No unambiguous audible effect in description; quiet by default.","","","",""
"Collective Memories","hp6Q64dl7xbdn4gQ","quiet","No unambiguous audible effect in description; quiet by default.","","","",""
"Collective Transposition","c3XygMbzrZMgV1y3","quiet","Reviewed private perception, prepared benefit, support, cleansing, object or casting-only illustration. No wound restoration, chosen voice/material, future impact or successful outcome is inferred; audio remains customizable.","","","",""
"Combustion","Z3kJty995FkrsZRb","fire","Description and fire treatment support a fire effect cue.","ggg-sfx.magic.fire.ignite.01.01 | ggg-sfx.magic.fire.impact.general.01.01 | ggg-sfx.magic.fire.impact.general.01.02 | ggg-sfx.magic.fire.impact.general.02.01 | ggg-sfx.magic.fire.impact.general.02.02 | ggg-sfx.magic.fire.impact.general.02.03","psfx.cantrips.create-bonfire.v1.001 | psfx.casting.fire-side.001 | psfx.casting.fire.001","",""
"Comet Charge","LmGCKwk2yYhrDVjE","quiet","No unambiguous audible effect in description; quiet by default.","","","",""
"Command","aIHY2DArKFweIrpf","quiet","No unambiguous audible effect in description; quiet by default.","","","",""
"Commanding Lash","4DaHIgtMBTyxebY3","psychic","Psychic attack uses a short mental pulse, without spoken voices.","","psfx.cantrips.mind-sliver.v1","",""
"Commune","7DN13ILADW2N9Z1t","quiet","No unambiguous audible effect in description; quiet by default.","","","",""
"Commune with Corazal","zIAvj7V6BTuQMAIi","quiet","No unambiguous audible effect in description; quiet by default.","","","",""
"Community Repair","oND3oFBjxrhyVvyG","mending","Repair and restoration of an object.","ggg-sfx.magic.tech.healing.01.01 | ggg-sfx.magic.tech.healing.01.02 | ggg-sfx.magic.tech.healing.01.03","psfx.cantrips.mending.v1.001.with-cast","",""
"Community Restoration","6RNymgUvS87lmQOj","healing","Restoration or cleansing uses a gentle restorative cue.","ggg-sfx.magic.divine.healing.01.01 | ggg-sfx.magic.divine.healing.01.02 | ggg-sfx.magic.divine.healing.01.03 | ggg-sfx.magic.divine.healing.01.04 | ggg-sfx.magic.divine.healing.02.mass_healing.01.01 | ggg-sfx.magic.divine.healing.02.mass_healing.01.02","psfx.1st-level-spells.cure-wounds.v1.001","",""
"Companion's Shadow","qKOIXbgngybnvlk8","shadow","Description and shadow treatment support a shadow effect cue.","ggg-sfx.magic.occult.bolt.01.cast.01 | ggg-sfx.magic.occult.bolt.01.cast.02 | ggg-sfx.magic.occult.bolt.01.cast.03","","",""
"Compel True Name","53Kw9WQtvrEtABEu","quiet","Reviewed private perception, prepared benefit, support, cleansing, object or casting-only illustration. No wound restoration, chosen voice/material, future impact or successful outcome is inferred; audio remains customizable.","","","",""
"Competitive Edge","NOB92Wpn7jXvtyVW","quiet","No unambiguous audible effect in description; quiet by default.","","","",""
"Concealment's Curtain","ehd9PtifLMwjk4ep","quiet","No unambiguous audible effect in description; quiet by default.","","","",""
"Concordant Choir","TSyFZNAbqfkRrcq0","sonic","Description and sonic treatment support a sonic effect cue.","ggg-sfx.magic.sonic.slam.01.01 | ggg-sfx.magic.sonic.slam.01.02 | ggg-sfx.magic.sonic.slam.01.03 | ggg-sfx.magic.sonic.slam.01.04 | ggg-sfx.magic.sonic.slam.01.05 | ggg-sfx.magic.sonic.slam.01.06","psfx.cantrips.thunderclap.v1","",""
"Conductive Weapon","fkUCvynklBGb4LaI","shield","Protective field; short ward activation.","ggg-sfx.magic.divine.buff.ward.01.01","psfx.1st-level-spells.shield-spell.intro.v1.003","",""
"Cone of Cold","3puDanGfpEt6jK5k","coldCone","Broad freezing cone; sustained rush of cold.","ggg-sfx.magic.ice.gale.01.01 | ggg-sfx.magic.ice.gale.02.01","psfx.5th-level-spells.cone-of-cold.v1.001","",""
"Confetti Cloud","CI7F5qdwp6YngyFt","quiet","No unambiguous audible effect in description; quiet by default.","","","",""
"Confound the Eye and Confuse the Mind","dobuPIfpDHjIq8DP","quiet","No unambiguous audible effect in description; quiet by default.","","","",""
"Confront Selves","VGK9s6LCMMS027zP","psychic","Psychic attack uses a short mental pulse, without spoken voices.","","psfx.cantrips.mind-sliver.v1","",""
"Confusing Colors","uEyfLoFQsRKBRIcB","quiet","Silent, subtle or private communication; no public sound cue.","","","",""
"Confusing Cry","I7oklLZy4aTHIdc3","quiet","No unambiguous audible effect in description; quiet by default.","","","",""
"Confusion","LiGbewa9pO0yjbsY","quiet","Guidance, altered thought or compelled movement does not itself establish an audible manifestation; no extra voices or music are inferred.","","","",""
"Conglomerate of Limbs","2isMyTRtpZy0Xinj","quiet","No unambiguous audible effect in description; quiet by default.","","","",""
"Conjured Clockwork","eob29LrDMH2IoeAj","quiet","No unambiguous audible effect in description; quiet by default.","","","",""
"Conjured Conveyance","FQd6Jc3CU6wiS2U7","quiet","No unambiguous audible effect in description; quiet by default.","","","",""
"Conjurer's Countermeasure","rtisvvvhkpZPdgXc","shield","Protective field; short ward activation.","ggg-sfx.magic.divine.buff.ward.01.01","psfx.1st-level-spells.shield-spell.intro.v1.003","",""
"Connective Current","t6vJnkyAYLXrOjQI","quiet","Quiet support, a connection or a player-chosen object operation; no metal chain clank, selected object material, future movement or success sound is inferred.","","","",""
"Conquering Soldiers","ion3VOiLan6ga3QC","quiet","No unambiguous audible effect in description; quiet by default.","","","",""
"Consecrate","Dbd5W6G8U2vzWolN","quiet","No unambiguous audible effect in description; quiet by default.","","","",""
"Consecrate Flesh","DgNOpb8H9MTAu9KL","healing","Description restores health; gentle restorative cue.","ggg-sfx.magic.divine.healing.01.01 | ggg-sfx.magic.divine.healing.01.02 | ggg-sfx.magic.divine.healing.01.03 | ggg-sfx.magic.divine.healing.01.04 | ggg-sfx.magic.divine.healing.02.mass_healing.01.01 | ggg-sfx.magic.divine.healing.02.mass_healing.01.02","psfx.1st-level-spells.cure-wounds.v1.001","",""
"Construct Mindscape","Pp88ueeq4AlkaL6g","quiet","No unambiguous audible effect in description; quiet by default.","","","",""
"Consuming Darkness","HMTloW1hvRFJ5Z2D","shadow","Description and shadow treatment support a shadow effect cue.","ggg-sfx.magic.occult.bolt.01.cast.01 | ggg-sfx.magic.occult.bolt.01.cast.02 | ggg-sfx.magic.occult.bolt.01.cast.03","","",""
"Contact Friends","9vDmTCHyAWdWWPIs","quiet","No unambiguous audible effect in description; quiet by default.","","","",""
"Contagious Idea","Dby1eQ7y5dXBWlyc","quiet","No unambiguous audible effect in description; quiet by default.","","","",""
"Containment","qJQADktwD0x8kLAy","quiet","No unambiguous audible effect in description; quiet by default.","","","",""
"Contingency","WG91Z5TiR6oO5FOw","quiet","No unambiguous audible effect in description; quiet by default.","","","",""
"Control Sand","oahqARSgOGDRybBQ","quiet","No unambiguous audible effect in description; quiet by default.","","","",""
"Control Water","zfn5RqAdF63neqpP","water","Description and water treatment support a water effect cue.","ggg-sfx.magic.water.impact.general.01.01 | ggg-sfx.magic.water.impact.general.01.02 | ggg-sfx.magic.water.impact.general.01.03 | ggg-sfx.magic.water.impact.general.01.04 | ggg-sfx.magic.water.impact.general.01.05 | ggg-sfx.magic.water.impact.general.01.06","psfx.casting.water.001","modules/soundfxlibrary/Misc/Single/Water Splash/water-splash-1.mp3 | modules/soundfxlibrary/Misc/Single/Water Splash/water-splash-2.mp3 | modules/soundfxlibrary/Misc/Single/Water Splash/water-splash-3.mp3 | modules/soundfxlibrary/Misc/Single/Water Splash/water-splash-4.mp3",""
"Control Weather","XkDCzMIyc0YOjw05","quiet","No unambiguous audible effect in description; quiet by default.","","","",""
"Coral Eruption","h7RtKSKGViNtD5o4","quiet","No unambiguous audible effect in description; quiet by default.","","","",""
"Coral Scourge","ZIk1EYbG6l4JuUkO","quiet","No unambiguous audible effect in description; quiet by default.","","","",""
"Cordyceps Command","ADwX87fWrpB8cQ5Q","quiet","No unambiguous audible effect in description; quiet by default.","","","",""
"Cornucopia","vQuwLqtFFYt0K15N","healing","Restoration or cleansing uses a gentle restorative cue.","ggg-sfx.magic.divine.healing.01.01 | ggg-sfx.magic.divine.healing.01.02 | ggg-sfx.magic.divine.healing.01.03 | ggg-sfx.magic.divine.healing.01.04 | ggg-sfx.magic.divine.healing.02.mass_healing.01.01 | ggg-sfx.magic.divine.healing.02.mass_healing.01.02","psfx.1st-level-spells.cure-wounds.v1.001","",""
"Corpse Bloom","zf2OwwvIwu8JHoY2","poison","Description and poison treatment support a poison effect cue.","ggg-sfx.magic.acid.cast.general.01.01 | ggg-sfx.magic.acid.cast.general.01.02 | ggg-sfx.magic.acid.cast.general.02.01 | ggg-sfx.magic.acid.cast.general.03.01 | ggg-sfx.magic.acid.cast.general.03.02 | ggg-sfx.magic.acid.impact.01.01","psfx.cantrips.poison-spray.v1","",""
"Corpse Communion","WRmh1aKEo0dI0NJs","quiet","No unambiguous audible effect in description; quiet by default.","","","",""
"Corrosive Body","9aFg4EuOBVz0i3Lb","transform","Brief transformation cue; no assumed animal voice.","ggg-sfx.magic.primal.cast.general.03.01","","",""
"Corrosive Muck","BlfOg9Ceymgjstjm","acid","Description and acid treatment support a acid effect cue.","ggg-sfx.magic.acid.debuff.virulent.01.01 | ggg-sfx.magic.acid.debuff.virulent.01.02 | ggg-sfx.magic.acid.debuff.virulent.01.03","psfx.cantrips.acid-splash.v1.15ft","",""
"Cosmic Form","IHUs4qn27RrdFQ5Y","quiet","Reviewed private perception, prepared benefit, support, cleansing, object or casting-only illustration. No wound restoration, chosen voice/material, future impact or successful outcome is inferred; audio remains customizable.","","","",""
"Counter Performance","WILXkjU5Yq3yw10r","quiet","No unambiguous audible effect in description; quiet by default.","","","",""
"Countless Eyes","ykyKclKTCMp2SFXa","quiet","No unambiguous audible effect in description; quiet by default.","","","",""
"Courageous Anthem","IAjvwqgiDr3qGYxY","bless","Encouragement or blessing; gentle beneficial cue.","ggg-sfx.magic.divine.buff.bless.01.01 | ggg-sfx.magic.divine.buff.bless.01.02 | ggg-sfx.magic.divine.buff.bless.01.03 | ggg-sfx.magic.divine.buff.bless.01.04 | ggg-sfx.magic.divine.buff.bless.02.01 | ggg-sfx.magic.divine.buff.bless.02.02","psfx.1st-level-spells.bless.v1.001 | psfx.1st-level-spells.bless.v1.002 | psfx.1st-level-spells.bless.v1.003 | psfx.1st-level-spells.bless.v1.004 | psfx.1st-level-spells.bless.v1.005","",""
"Cozy Cabin","mwPfoYfVGSMAaUec","quiet","No unambiguous audible effect in description; quiet by default.","","","",""
"Cradle Aloft","nPb8DDs4rZpBLWIb","quiet","Quiet support, a connection or a player-chosen object operation; no metal chain clank, selected object material, future movement or success sound is inferred.","","","",""
"Crashing Wave","T4QKmtYPeCgYxVGe","water","Description and water treatment support a water effect cue.","ggg-sfx.magic.water.impact.general.01.01 | ggg-sfx.magic.water.impact.general.01.02 | ggg-sfx.magic.water.impact.general.01.03 | ggg-sfx.magic.water.impact.general.01.04 | ggg-sfx.magic.water.impact.general.01.05 | ggg-sfx.magic.water.impact.general.01.06","psfx.casting.water.001","modules/soundfxlibrary/Misc/Single/Water Splash/water-splash-1.mp3 | modules/soundfxlibrary/Misc/Single/Water Splash/water-splash-2.mp3 | modules/soundfxlibrary/Misc/Single/Water Splash/water-splash-3.mp3 | modules/soundfxlibrary/Misc/Single/Water Splash/water-splash-4.mp3",""
"Create Demiplane","ZwwIUavMbEwcZz35","teleport","Spatial effect uses a short departure/arrival cue.","ggg-sfx.magic.occult.movement.teleportation.01.01 | ggg-sfx.magic.occult.movement.teleportation.01.02 | ggg-sfx.magic.occult.movement.teleportation.01.03 | ggg-sfx.magic.occult.movement.teleportation.01.04 | ggg-sfx.magic.occult.movement.teleportation.01.05","psfx.2nd-level-spells.misty-step.v1.intro.generic","",""
"Create Earthen Facsimile","AI5B9jzdB1g1Lf8A","quiet","No unambiguous audible effect in description; quiet by default.","","","",""
"Create Food","Mt6ZzkVX8Q4xigFq","quiet","Reviewed private perception, prepared benefit, support, cleansing, object or casting-only illustration. No wound restoration, chosen voice/material, future impact or successful outcome is inferred; audio remains customizable.","","","",""
"Create Mycoguardian","6nPc5CPRUbSSRDP1","quiet","No unambiguous audible effect in description; quiet by default.","","","",""
"Create Skinstitch","NCUXsaj2yFxOVhrK","quiet","No unambiguous audible effect in description; quiet by default.","","","",""
"Create Thrall","1JaRoJvlf8EPvnnD","quiet","No unambiguous audible effect in description; quiet by default.","","","",""
"Create Undead","c3b6LdLlQDPngNIb","quiet","No unambiguous audible effect in description; quiet by default.","","","",""
"Create Water","WzLKjSw6hsBhuklC","water","Description and water treatment support a water effect cue.","ggg-sfx.magic.water.impact.general.01.01 | ggg-sfx.magic.water.impact.general.01.02 | ggg-sfx.magic.water.impact.general.01.03 | ggg-sfx.magic.water.impact.general.01.04 | ggg-sfx.magic.water.impact.general.01.05 | ggg-sfx.magic.water.impact.general.01.06","psfx.casting.water.001","modules/soundfxlibrary/Misc/Single/Water Splash/water-splash-1.mp3 | modules/soundfxlibrary/Misc/Single/Water Splash/water-splash-2.mp3 | modules/soundfxlibrary/Misc/Single/Water Splash/water-splash-3.mp3 | modules/soundfxlibrary/Misc/Single/Water Splash/water-splash-4.mp3",""
"Creation","TUj8eugNqAvB1vVR","quiet","Reviewed private perception, prepared benefit, support, cleansing, object or casting-only illustration. No wound restoration, chosen voice/material, future impact or successful outcome is inferred; audio remains customizable.","","","",""
"Creative Splash","xTpp8dHZsNMDm75B","quiet","No unambiguous audible effect in description; quiet by default.","","","",""
"Crescent Scepter","C8HWMMuB5tMhqJ5W","quiet","No unambiguous audible effect in description; quiet by default.","","","",""
"Crimson Breath","ExQk8AwDphmckEmZ","poison","Description and poison treatment support a poison effect cue.","ggg-sfx.magic.acid.cast.general.01.01 | ggg-sfx.magic.acid.cast.general.01.02 | ggg-sfx.magic.acid.cast.general.02.01 | ggg-sfx.magic.acid.cast.general.03.01 | ggg-sfx.magic.acid.cast.general.03.02 | ggg-sfx.magic.acid.impact.01.01","psfx.cantrips.poison-spray.v1","",""
"Crisis of Faith","3x6eUCm17n6ROzUa","psychic","Psychic attack uses a short mental pulse, without spoken voices.","","psfx.cantrips.mind-sliver.v1","",""
"Croak Voice","zVfTMpkXJDRESkl5","quiet","No unambiguous audible effect in description; quiet by default.","","","",""
"Crown of Prophets","h2DLv8TQV0Z83tQp","transform","Brief transformation cue; no assumed animal voice.","ggg-sfx.magic.primal.cast.general.03.01","","",""
"Crucible of Iron","i5h9VQ1T6MLInINM","fire","Description and fire treatment support a fire effect cue.","ggg-sfx.magic.fire.ignite.01.01 | ggg-sfx.magic.fire.impact.general.01.01 | ggg-sfx.magic.fire.impact.general.01.02 | ggg-sfx.magic.fire.impact.general.02.01 | ggg-sfx.magic.fire.impact.general.02.02 | ggg-sfx.magic.fire.impact.general.02.03","psfx.cantrips.create-bonfire.v1.001 | psfx.casting.fire-side.001 | psfx.casting.fire.001","",""
"Crusade","xFY9RtDE4DQKlWNR","quiet","No unambiguous audible effect in description; quiet by default.","","","",""
"Crushing Ground","AiWtiVmyasyL42J8","earth","Description and earth treatment support a earth effect cue.","ggg-sfx.magic.earth.impact.general.01.muffled.01 | ggg-sfx.magic.earth.impact.general.01.muffled.02 | ggg-sfx.magic.earth.impact.general.01.muffled.03 | ggg-sfx.magic.earth.impact.general.01.normal.01 | ggg-sfx.magic.earth.impact.general.01.normal.02 | ggg-sfx.magic.earth.impact.general.01.normal.03","psfx.casting.earth.001","",""
"Cry of Destruction","0H1ozccQGGFLUwFI","sonic","Description and sonic treatment support a sonic effect cue.","ggg-sfx.magic.sonic.slam.01.01 | ggg-sfx.magic.sonic.slam.01.02 | ggg-sfx.magic.sonic.slam.01.03 | ggg-sfx.magic.sonic.slam.01.04 | ggg-sfx.magic.sonic.slam.01.05 | ggg-sfx.magic.sonic.slam.01.06","psfx.cantrips.thunderclap.v1","",""
"Cryostasis","KrtyumXXHtUYbFO1","shield","Protective field; short ward activation.","ggg-sfx.magic.divine.buff.ward.01.01","psfx.1st-level-spells.shield-spell.intro.v1.003","",""
"Crystallized Vapors","elusjGnE5zuDBqoe","cold","Description and cold treatment support a cold effect cue.","ggg-sfx.magic.ice.freeze.01.01 | ggg-sfx.magic.ice.freeze.02.01 | ggg-sfx.magic.ice.freeze.03.01 | ggg-sfx.magic.ice.freeze.03.02 | ggg-sfx.magic.ice.freeze.04.01 | ggg-sfx.magic.ice.freeze.04.02","psfx.impacts.magicaleffects.cold","",""
"Cup of Dust","10siFBMF4pIDhVmf","quiet","No unambiguous audible effect in description; quiet by default.","","","",""
"Curse of Calamity","CGB3a9gJU5S8gjKk","quiet","No unambiguous audible effect in description; quiet by default.","","","",""
"Curse of Death","nQS4vPm5zprqkzFZ","quiet","No unambiguous audible effect in description; quiet by default.","","","",""
"Curse of Lost Time","B3eLlbaPxOYHcs1o","quiet","No unambiguous audible effect in description; quiet by default.","","","",""
"Curse of Recoil","9uSBfK8EUVBrcNYx","quiet","No unambiguous audible effect in description; quiet by default.","","","",""
"Curse of the Spirit Orchestra","1VOjUKd1pacI67RZ","song","Description explicitly calls for music; short musical flourish.","ggg-sfx.magic.sonic.harp.surge.01.01 | ggg-sfx.magic.sonic.harp.surge.01.02 | ggg-sfx.magic.sonic.harp.surge.01.03 | ggg-sfx.magic.sonic.harp.surge.01.04","psfx.musical-instruments.lute.01.strummed-tremolo.keyOfC.Cadd9 | psfx.musical-instruments.lute.01.strummed-tremolo.keyOfC.Cm6 | psfx.musical-instruments.lute.01.strummed.keyOfC.C6 | psfx.musical-instruments.lute.01.strummed.keyOfC.C7","",""
"Cursed Metamorphosis","dN8QBNuTiaBHCKUe","quiet","No unambiguous audible effect in description; quiet by default.","","","",""
"Cutting Eye","mMyMOxYzMxADdO5M","quiet","No unambiguous audible effect in description; quiet by default.","","","",""
"Cutting Insult","1hLxZznnA2kvXlIt","quiet","No unambiguous audible effect in description; quiet by default.","","","",""
"Cycle of Retribution","m2i7N8tnqar3gZDZ","quiet","No unambiguous audible effect in description; quiet by default.","","","",""
"Cyclone Rondo","IDkEuq5jLEDhJ31C","wind","Description and wind treatment support a wind effect cue.","ggg-sfx.magic.air.wind.gust.long.01.01 | ggg-sfx.magic.air.wind.gust.long.01.02 | ggg-sfx.magic.air.wind.gust.long.01.03 | ggg-sfx.magic.air.wind.gust.long.01.04 | ggg-sfx.magic.air.wind.gust.long.01.05","psfx.cantrips.gust.v1","",""
"Daemon Form","aSDfGcUOUVGU5m1g","quiet","Reviewed private perception, prepared benefit, support, cleansing, object or casting-only illustration. No wound restoration, chosen voice/material, future impact or successful outcome is inferred; audio remains customizable.","","","",""
"Daemonic Pact","Vpohy4XH1DaH95hT","quiet","No unambiguous audible effect in description; quiet by default.","","","",""
"Dance of Darkness","9BGEf9Sv5rgNBCk0","shadow","Description and shadow treatment support a shadow effect cue.","ggg-sfx.magic.occult.bolt.01.cast.01 | ggg-sfx.magic.occult.bolt.01.cast.02 | ggg-sfx.magic.occult.bolt.01.cast.03","","",""
"Dancing Blade","ViqzVEprQVzCXZ9f","earth","Description and earth treatment support a earth effect cue.","ggg-sfx.magic.earth.impact.general.01.muffled.01 | ggg-sfx.magic.earth.impact.general.01.muffled.02 | ggg-sfx.magic.earth.impact.general.01.muffled.03 | ggg-sfx.magic.earth.impact.general.01.normal.01 | ggg-sfx.magic.earth.impact.general.01.normal.02 | ggg-sfx.magic.earth.impact.general.01.normal.03","psfx.casting.earth.001","",""
"Dancing Fountain","smiVuoFMSgY2FTOO","song","Description explicitly calls for music; short musical flourish.","ggg-sfx.magic.sonic.harp.surge.01.01 | ggg-sfx.magic.sonic.harp.surge.01.02 | ggg-sfx.magic.sonic.harp.surge.01.03 | ggg-sfx.magic.sonic.harp.surge.01.04","psfx.musical-instruments.lute.01.strummed-tremolo.keyOfC.Cadd9 | psfx.musical-instruments.lute.01.strummed-tremolo.keyOfC.Cm6 | psfx.musical-instruments.lute.01.strummed.keyOfC.C6 | psfx.musical-instruments.lute.01.strummed.keyOfC.C7","",""
"Dancing Shield","8Hw3P6eurX1MYm7L","shield","Protective field; short ward activation.","ggg-sfx.magic.divine.buff.ward.01.01","psfx.1st-level-spells.shield-spell.intro.v1.003","",""
"Darkened Eyes","oiUhJbJ3YCKF62Fu","quiet","No unambiguous audible effect in description; quiet by default.","","","",""
"Darkened Forest Form","BhJtCTLbngvZm8EA","transform","Brief transformation cue; no assumed animal voice.","ggg-sfx.magic.primal.cast.general.03.01","","",""
"Darkened Sight","2WNFbvToMsEGxmeK","quiet","No unambiguous audible effect in description; quiet by default.","","","",""
"Darklight","sFwoKj0TsacsmoWj","shadow","Description and shadow treatment support a shadow effect cue.","ggg-sfx.magic.occult.bolt.01.cast.01 | ggg-sfx.magic.occult.bolt.01.cast.02 | ggg-sfx.magic.occult.bolt.01.cast.03","","",""
"Darkness","4GE2ZdODgIQtg51c","quiet","No unambiguous audible effect in description; quiet by default.","","","",""
"Darkvision","pZTqGY1MLRjgKasV","quiet","No unambiguous audible effect in description; quiet by default.","","","",""
"Dawnflower's Light","11P3KgDTMIeQIJD7","light","Light appears with a brief shimmer.","ggg-sfx.magic.divine.light.01.01 | ggg-sfx.magic.divine.light.02.01","psfx.cantrips.dancing-lights.v1.001 | psfx.cantrips.dancing-lights.v1.002 | psfx.cantrips.dancing-lights.v1.003 | psfx.cantrips.dancing-lights.v1.004 | psfx.cantrips.dancing-lights.v1.005 | psfx.cantrips.light.v1.001","",""
"Day's Weight","Llx0xKvtu8S4z6TI","quiet","Bodily support, temporary vitality, sensory loss or internal discomfort; no healing, injury, growl or sonic blast is inferred.","","","",""
"Daydreamer's Curse","dARE6VfJ3Uoq5M53","quiet","No unambiguous audible effect in description; quiet by default.","","","",""
"Daze","4gBIw4IDrSfFHik4","psychic","Psychic attack uses a short mental pulse, without spoken voices.","","psfx.cantrips.mind-sliver.v1","",""
"Dazzling Flash","zul5cBTfr7NXHBZf","light","Light appears with a brief shimmer.","ggg-sfx.magic.divine.light.01.01 | ggg-sfx.magic.divine.light.02.01","psfx.cantrips.dancing-lights.v1.001 | psfx.cantrips.dancing-lights.v1.002 | psfx.cantrips.dancing-lights.v1.003 | psfx.cantrips.dancing-lights.v1.004 | psfx.cantrips.dancing-lights.v1.005 | psfx.cantrips.light.v1.001","",""
"Dead Weight","4kQMFyRKj5Gv13zl","quiet","No unambiguous audible effect in description; quiet by default.","","","",""
"Deafness","fZPCv2VHuM2yPbC8","quiet","Bodily support, temporary vitality, sensory loss or internal discomfort; no healing, injury, growl or sonic blast is inferred.","","","",""
"Death Knell","dLdRqT6UxTKlsPgp","void","Description and void treatment support a void effect cue.","ggg-sfx.magic.occult.pulse.01.abyss","psfx.impacts.magicaleffects.necrotic","",""
"Death Ward","YvXKGlHOt7mdW2jZ","shield","Protective field; short ward activation.","ggg-sfx.magic.divine.buff.ward.01.01","psfx.1st-level-spells.shield-spell.intro.v1.003","",""
"Death's Call","HG4afO9EOGEU9bZN","quiet","No unambiguous audible effect in description; quiet by default.","","","",""
"Deathless March","ik0bjmAJse9PSECL","song","Description explicitly calls for music; short musical flourish.","ggg-sfx.magic.sonic.harp.surge.01.01 | ggg-sfx.magic.sonic.harp.surge.01.02 | ggg-sfx.magic.sonic.harp.surge.01.03 | ggg-sfx.magic.sonic.harp.surge.01.04","psfx.musical-instruments.lute.01.strummed-tremolo.keyOfC.Cadd9 | psfx.musical-instruments.lute.01.strummed-tremolo.keyOfC.Cm6 | psfx.musical-instruments.lute.01.strummed.keyOfC.C6 | psfx.musical-instruments.lute.01.strummed.keyOfC.C7","",""
"Deathly Scream","aIPa7Yp4vGeKIKNG","quiet","No unambiguous audible effect in description; quiet by default.","","","",""
"Debilitating Dichotomy","VmqdVWCb8zAUCW8S","quiet","No unambiguous audible effect in description; quiet by default.","","","",""
"Debilitating Terror","AzTFMy9E9HQcLNRg","quiet","No unambiguous audible effect in description; quiet by default.","","","",""
"Deceiver's Cloak","FrKPwgFxWIGMGgs4","quiet","No unambiguous audible effect in description; quiet by default.","","","",""
"Decompose","AvUDguV71UG7srSj","quiet","Material appearance, cleanliness, nourishment or preservation changes; no wound healing, vomiting, fire, attack or noisy repair process is assumed.","","","",""
"Deep Breath","C2DwamKrW6QHoDQg","quiet","No unambiguous audible effect in description; quiet by default.","","","",""
"Deep Sight","Irlpzl1YBSJ6xF5e","quiet","No unambiguous audible effect in description; quiet by default.","","","",""
"Defended by Spirits","oK8P3l5VvNKKDkZe","quiet","No unambiguous audible effect in description; quiet by default.","","","",""
"Defensive Prescience","612RGV93By661ST3","quiet","No unambiguous audible effect in description; quiet by default.","","","",""
"Defy the Gods","3ZNuJm5LDA8GkFsH","drain","Life or energy is drawn away; siphon cue.","ggg-sfx.magic.occult.siphon.01.01","psfx.ranged-magic.generic.energy-strands.001.15ft","",""
"Dehydrate","f9m9DayyGy3meqUX","quiet","Reviewed native fire-spell casting event; deferred ignition, internal heat and unresolved choices do not play explosion audio.","","","",""
"Deity's Strike","x9RIFhquazom4p02","quiet","No unambiguous audible effect in description; quiet by default.","","","",""
"Déjà Vu","rerNA6YZsdxuJYt3","quiet","Reviewed private perception, prepared benefit, support, cleansing, object or casting-only illustration. No wound restoration, chosen voice/material, future impact or successful outcome is inferred; audio remains customizable.","","","",""
"Delay Affliction","ziHDISWkFSwz3pmn","healing","Description restores health; gentle restorative cue.","ggg-sfx.magic.divine.healing.01.01 | ggg-sfx.magic.divine.healing.01.02 | ggg-sfx.magic.divine.healing.01.03 | ggg-sfx.magic.divine.healing.01.04 | ggg-sfx.magic.divine.healing.02.mass_healing.01.01 | ggg-sfx.magic.divine.healing.02.mass_healing.01.02","psfx.1st-level-spells.cure-wounds.v1.001","",""
"Delay Consequence","3wmX7htzOXiHLdAn","quiet","No unambiguous audible effect in description; quiet by default.","","","",""
"Deluge","8fEfjvC01gNclDKJ","water","Description and water treatment support a water effect cue.","ggg-sfx.magic.water.impact.general.01.01 | ggg-sfx.magic.water.impact.general.01.02 | ggg-sfx.magic.water.impact.general.01.03 | ggg-sfx.magic.water.impact.general.01.04 | ggg-sfx.magic.water.impact.general.01.05 | ggg-sfx.magic.water.impact.general.01.06","psfx.casting.water.001","modules/soundfxlibrary/Misc/Single/Water Splash/water-splash-1.mp3 | modules/soundfxlibrary/Misc/Single/Water Splash/water-splash-2.mp3 | modules/soundfxlibrary/Misc/Single/Water Splash/water-splash-3.mp3 | modules/soundfxlibrary/Misc/Single/Water Splash/water-splash-4.mp3",""
"Delusional Pride","J8pL8yTshga8QOk8","quiet","Reviewed private perception, prepared benefit, support, cleansing, object or casting-only illustration. No wound restoration, chosen voice/material, future impact or successful outcome is inferred; audio remains customizable.","","","",""
"Demon Form","dKbv80rlAWVpz83C","quiet","Reviewed private perception, prepared benefit, support, cleansing, object or casting-only illustration. No wound restoration, chosen voice/material, future impact or successful outcome is inferred; audio remains customizable.","","","",""
"Demonic Pact","tsKnoBuBbKMXkiz5","quiet","No unambiguous audible effect in description; quiet by default.","","","",""
"Desiccate","M0jQlpQYUr0pp2Sv","void","Description and void treatment support a void effect cue.","ggg-sfx.magic.occult.pulse.01.abyss","psfx.impacts.magicaleffects.necrotic","",""
"Desperate Repair","92JNBuY5pfFmywOd","mending","Repair and restoration of an object.","ggg-sfx.magic.tech.healing.01.01 | ggg-sfx.magic.tech.healing.01.02 | ggg-sfx.magic.tech.healing.01.03","psfx.cantrips.mending.v1.001.with-cast","",""
"Destroy Mindscape","dQGn0eAyvYMDdj0h","quiet","No unambiguous audible effect in description; quiet by default.","","","",""
"Destructive Aura","7d4DUTDIlzDa8OvX","quiet","No unambiguous audible effect in description; quiet by default.","","","",""
"Detect Creator","kREpsv78anJpIiq2","quiet","No unambiguous audible effect in description; quiet by default.","","","",""
"Detect Magic","gpzpAAAJ1Lza2JVl","detect","Brief magical detection cue.","","psfx.1st-level-spells.detect-magic.v1.001","",""
"Detect Metal","vJZ83ehQiM906lea","quiet","No unambiguous audible effect in description; quiet by default.","","","",""
"Detect Poison","QqxwHeYEVylkYjsO","quiet","No unambiguous audible effect in description; quiet by default.","","","",""
"Detect Scrying","AnWCohzPgK4L9GVl","quiet","No unambiguous audible effect in description; quiet by default.","","","",""
"Detonate Magic","kUSShxXzY1sPtJA0","force","Description and force treatment support a force effect cue.","ggg-sfx.magic.arcane.impact.blast.01.01 | ggg-sfx.magic.arcane.impact.blast.01.02 | ggg-sfx.magic.arcane.impact.blast.01.03 | ggg-sfx.magic.arcane.impact.blast.01.04","psfx.ranged-magic.generic.beam.001","modules/soundfxlibrary/Combat/Single/Spell Impact/spell-impact-1.mp3 | modules/soundfxlibrary/Combat/Single/Spell Impact/spell-impact-2.mp3 | modules/soundfxlibrary/Combat/Single/Spell Impact/spell-impact-3.mp3 | modules/soundfxlibrary/Combat/Single/Spell Impact/spell-impact-4.mp3 | modules/soundfxlibrary/Combat/Single/Spell Impact/spell-impact-5.mp3 | modules/soundfxlibrary/Combat/Single/Spell Impact/spell-impact-6.mp3",""
"Devil Form","dR53f0p15EW7D0xC","quiet","Reviewed private perception, prepared benefit, support, cleansing, object or casting-only illustration. No wound restoration, chosen voice/material, future impact or successful outcome is inferred; audio remains customizable.","","","",""
"Devour Life","PgLvO8UNHSj5f61m","drain","Life is drawn from victim toward caster; no healing of the victim is inferred.","ggg-sfx.magic.occult.siphon.01.01","psfx.ranged-magic.generic.energy-strands.001.15ft","",""
"Devouring Dark Form","wTldMJx0vyBAehrI","transform","Brief transformation cue; no assumed animal voice.","ggg-sfx.magic.primal.cast.general.03.01","","",""
"Devouring Void","EAuUxxnDV4v3KDAC","void","Description and void treatment support a void effect cue.","ggg-sfx.magic.occult.pulse.01.abyss","psfx.impacts.magicaleffects.necrotic","",""
"Diabolic Edict","Vctwx1ewa8HUOA94","quiet","Words, command or information are supplied by the player or GM; no prerecorded voice, answer, creature squawk or successful escape is assumed.","","","",""
"Diabolic Pact","30BBep9U4BDV0EgQ","quiet","No unambiguous audible effect in description; quiet by default.","","","",""
"Diadem of Divine Radiance","AWxS2lr86qNNQVDT","light","Light appears with a brief shimmer.","ggg-sfx.magic.divine.light.01.01 | ggg-sfx.magic.divine.light.02.01","psfx.cantrips.dancing-lights.v1.001 | psfx.cantrips.dancing-lights.v1.002 | psfx.cantrips.dancing-lights.v1.003 | psfx.cantrips.dancing-lights.v1.004 | psfx.cantrips.dancing-lights.v1.005 | psfx.cantrips.light.v1.001","",""
"Diamond Dust","wjJW9hWY5CkkMvY5","cold","Description and cold treatment support a cold effect cue.","ggg-sfx.magic.ice.freeze.01.01 | ggg-sfx.magic.ice.freeze.02.01 | ggg-sfx.magic.ice.freeze.03.01 | ggg-sfx.magic.ice.freeze.03.02 | ggg-sfx.magic.ice.freeze.04.01 | ggg-sfx.magic.ice.freeze.04.02","psfx.impacts.magicaleffects.cold","",""
"Dim the Light","6UafOE1ZUbHamsZJ","light","Light appears with a brief shimmer.","ggg-sfx.magic.divine.light.01.01 | ggg-sfx.magic.divine.light.02.01","psfx.cantrips.dancing-lights.v1.001 | psfx.cantrips.dancing-lights.v1.002 | psfx.cantrips.dancing-lights.v1.003 | psfx.cantrips.dancing-lights.v1.004 | psfx.cantrips.dancing-lights.v1.005 | psfx.cantrips.light.v1.001","",""
"Dimensional Assault","5p9Y4ACrtRM4gTpN","teleport","Spatial departure/arrival; short teleport cue.","ggg-sfx.magic.occult.movement.teleportation.01.01 | ggg-sfx.magic.occult.movement.teleportation.01.02 | ggg-sfx.magic.occult.movement.teleportation.01.03 | ggg-sfx.magic.occult.movement.teleportation.01.04 | ggg-sfx.magic.occult.movement.teleportation.01.05","psfx.2nd-level-spells.misty-step.v1.intro.generic","",""
"Dimensional Drop","PnZQsPSYFtTQFiU1","teleport","Spatial departure/arrival; short teleport cue.","ggg-sfx.magic.occult.movement.teleportation.01.01 | ggg-sfx.magic.occult.movement.teleportation.01.02 | ggg-sfx.magic.occult.movement.teleportation.01.03 | ggg-sfx.magic.occult.movement.teleportation.01.04 | ggg-sfx.magic.occult.movement.teleportation.01.05","psfx.2nd-level-spells.misty-step.v1.intro.generic","",""
"Dimensional Excision","MFPvs0ARxtThYPFq","teleport","Spatial departure/arrival; short teleport cue.","ggg-sfx.magic.occult.movement.teleportation.01.01 | ggg-sfx.magic.occult.movement.teleportation.01.02 | ggg-sfx.magic.occult.movement.teleportation.01.03 | ggg-sfx.magic.occult.movement.teleportation.01.04 | ggg-sfx.magic.occult.movement.teleportation.01.05","psfx.2nd-level-spells.misty-step.v1.intro.generic","",""
"Dimensional Steps","zjG6NncHyAKqSF7m","teleport","Spatial departure/arrival; short teleport cue.","ggg-sfx.magic.occult.movement.teleportation.01.01 | ggg-sfx.magic.occult.movement.teleportation.01.02 | ggg-sfx.magic.occult.movement.teleportation.01.03 | ggg-sfx.magic.occult.movement.teleportation.01.04 | ggg-sfx.magic.occult.movement.teleportation.01.05","psfx.2nd-level-spells.misty-step.v1.intro.generic","",""
"Dinosaur Form","KhM8MhoUgoUjBMIz","transform","Brief transformation cue; no assumed animal voice.","ggg-sfx.magic.primal.cast.general.03.01","","",""
"Dinosaur Fort","FA55Fxf8MBXhje95","quiet","No unambiguous audible effect in description; quiet by default.","","","",""
"Dirge of Doom","1xLVcA8Y1onw7toT","quiet","No unambiguous audible effect in description; quiet by default.","","","",""
"Dirge of Remembrance","FCfd1zUrqPaLEtau","sonic","Description and sonic treatment support a sonic effect cue.","ggg-sfx.magic.sonic.slam.01.01 | ggg-sfx.magic.sonic.slam.01.02 | ggg-sfx.magic.sonic.slam.01.03 | ggg-sfx.magic.sonic.slam.01.04 | ggg-sfx.magic.sonic.slam.01.05 | ggg-sfx.magic.sonic.slam.01.06","psfx.cantrips.thunderclap.v1","",""
"Disappearance","wfleiawxsfhpRRwf","quiet","Silent, subtle or private communication; no public sound cue.","","","",""
"Discern Lies","uNsliWpl8Q1JdFcM","quiet","No unambiguous audible effect in description; quiet by default.","","","",""
"Discern Secrets","UmXhuKrYZR3W16mQ","quiet","Private perception, thought, expertise or comprehension changes; no public voices, ray impacts or discovery noises are inferred.","","","",""
"Discomfiting Whispers","t1e3U2eluRsp2izf","quiet","No unambiguous audible effect in description; quiet by default.","","","",""
"Disguise Magic","PRrZ7anETWPm90YY","quiet","No unambiguous audible effect in description; quiet by default.","","","",""
"Disintegrate","r7ihOgKv19eJQnik","force","Description and force treatment support a force effect cue.","ggg-sfx.magic.arcane.impact.blast.01.01 | ggg-sfx.magic.arcane.impact.blast.01.02 | ggg-sfx.magic.arcane.impact.blast.01.03 | ggg-sfx.magic.arcane.impact.blast.01.04","psfx.ranged-magic.generic.beam.001","modules/soundfxlibrary/Combat/Single/Spell Impact/spell-impact-1.mp3 | modules/soundfxlibrary/Combat/Single/Spell Impact/spell-impact-2.mp3 | modules/soundfxlibrary/Combat/Single/Spell Impact/spell-impact-3.mp3 | modules/soundfxlibrary/Combat/Single/Spell Impact/spell-impact-4.mp3 | modules/soundfxlibrary/Combat/Single/Spell Impact/spell-impact-5.mp3 | modules/soundfxlibrary/Combat/Single/Spell Impact/spell-impact-6.mp3",""
"Disintegrating Puddle","NWIDE4XKtL3Nb4pO","acid","Description and acid treatment support a acid effect cue.","ggg-sfx.magic.acid.debuff.virulent.01.01 | ggg-sfx.magic.acid.debuff.virulent.01.02 | ggg-sfx.magic.acid.debuff.virulent.01.03","psfx.cantrips.acid-splash.v1.15ft","",""
"Disjunction","ihbRf964JDXztcy3","quiet","No unambiguous audible effect in description; quiet by default.","","","",""
"Dismantle","jW2asKFchuoxniSH","shield","Protective field; short ward activation.","ggg-sfx.magic.divine.buff.ward.01.01","psfx.1st-level-spells.shield-spell.intro.v1.003","",""
"Disorienting Flash","iALgymtr6vhsHFCr","light","Light appears with a brief shimmer.","ggg-sfx.magic.divine.light.01.01 | ggg-sfx.magic.divine.light.02.01","psfx.cantrips.dancing-lights.v1.001 | psfx.cantrips.dancing-lights.v1.002 | psfx.cantrips.dancing-lights.v1.003 | psfx.cantrips.dancing-lights.v1.004 | psfx.cantrips.dancing-lights.v1.005 | psfx.cantrips.light.v1.001","",""
"Dispel Magic","9HpwDN4MYQJnW0LG","dispel","Magic is unraveled rather than detonated.","ggg-sfx.magic.counter.dispel.01.01 | ggg-sfx.magic.counter.dispel.01.02 | ggg-sfx.magic.counter.dispel.01.03 | ggg-sfx.magic.counter.dispel.01.04","","",""
"Dispelling Globe","JOdOpbPDl7nqvJUm","quiet","No unambiguous audible effect in description; quiet by default.","","","",""
"Disperse into Air","L8pzCOi7Jzx5ALs9","transform","Brief transformation cue; no assumed animal voice.","ggg-sfx.magic.primal.cast.general.03.01","","",""
"Disruptive Transfer","jSJz4vx0fXPHa3d6","summon","Summoning arrival; creature species remains player choice.","ggg-sfx.magic.primal.cast.general.03.01","psfx.magic-signs.circle.v1.conjuration.intro | psfx.magic-signs.circle.v1.conjuration.intro-fade","",""
"Distortion Lens","WOM9alxiTdp0HEVD","quiet","No unambiguous audible effect in description; quiet by default.","","","",""
"Distracting Chatter","JHntYF0SbaWKq7wR","quiet","No unambiguous audible effect in description; quiet by default.","","","",""
"Distracting Decoy","z8bHh8KVttslQIU9","quiet","The stated visual or selected-element illustration does not establish an audible strike, animal voice, explosion or large splash; optional sound remains customizable.","","","",""
"Div Pact","D8cWhrzcsd43OlIX","quiet","No unambiguous audible effect in description; quiet by default.","","","",""
"Dive and Breach","1xM9muPRa8hiyJtI","summon","Summoning arrival; creature species remains player choice.","ggg-sfx.magic.primal.cast.general.03.01","psfx.magic-signs.circle.v1.conjuration.intro | psfx.magic-signs.circle.v1.conjuration.intro-fade","",""
"Dividing Trench","8OWA91bgm5r6QPaH","earth","Description and earth treatment support a earth effect cue.","ggg-sfx.magic.earth.impact.general.01.muffled.01 | ggg-sfx.magic.earth.impact.general.01.muffled.02 | ggg-sfx.magic.earth.impact.general.01.muffled.03 | ggg-sfx.magic.earth.impact.general.01.normal.01 | ggg-sfx.magic.earth.impact.general.01.normal.02 | ggg-sfx.magic.earth.impact.general.01.normal.03","psfx.casting.earth.001","",""
"Divine Armageddon","it4wx2mDIJDlZGqS","healing","Description restores health; gentle restorative cue.","ggg-sfx.magic.divine.healing.01.01 | ggg-sfx.magic.divine.healing.01.02 | ggg-sfx.magic.divine.healing.01.03 | ggg-sfx.magic.divine.healing.01.04 | ggg-sfx.magic.divine.healing.02.mass_healing.01.01 | ggg-sfx.magic.divine.healing.02.mass_healing.01.02","psfx.1st-level-spells.cure-wounds.v1.001","",""
"Divine Aura","nsQvjNyg4Whw2mek","quiet","No unambiguous audible effect in description; quiet by default.","","","",""
"Divine Decree","sX2o0HH4RjJDAZ8C","quiet","No unambiguous audible effect in description; quiet by default.","","","",""
"Divine Dragon's Watch","BBiO9ZdwyEJ581ES","quiet","No unambiguous audible effect in description; quiet by default.","","","",""
"Divine Immolation","A16eFTRh82xIjMu8","holy","Reviewed native fire-spell casting event; deferred ignition, internal heat and unresolved choices do not play explosion audio.","ggg-sfx.magic.divine.light.01.01 | ggg-sfx.magic.divine.light.02.01","psfx.cantrips.sacred-flame.v1.001.caster","",""
"Divine Inspiration","KtTGLbLG9nqMbUYL","quiet","No unambiguous audible effect in description; quiet by default.","","","",""
"Divine Keystone","xKHq2Eisapixvj6q","quiet","No unambiguous audible effect in description; quiet by default.","","","",""
"Divine Lance","qwZBXN6zBoB9BHXE","radiantRay","A luminous ray uses a directional magical-energy cue.","ggg-sfx.magic.divine.light.01.01 | ggg-sfx.magic.divine.light.02.01","psfx.ranged-magic.generic.beam.001","",""
"Divine Plagues","NkeLctXo9FLGnDhi","quiet","No unambiguous audible effect in description; quiet by default.","","","",""
"Divine Vessel","hiVL8qsnTJtpouw0","quiet","Reviewed private perception, prepared benefit, support, cleansing, object or casting-only illustration. No wound restoration, chosen voice/material, future impact or successful outcome is inferred; audio remains customizable.","","","",""
"Divine Wrath","hVU9msO9yGkxKZ3J","quiet","No unambiguous audible effect in description; quiet by default.","","","",""
"Diviner's Sight","oFwmdb6LlRrh9AUT","quiet","No unambiguous audible effect in description; quiet by default.","","","",""
"Divinity Leech","T5Mt4jXFuh14uREv","quiet","No unambiguous audible effect in description; quiet by default.","","","",""
"Dizzying Colors","UKsIOWmMx4hSpafl","quiet","No unambiguous audible effect in description; quiet by default.","","","",""
"Dome of Tranquility","5MTabjj3t9ctdJi2","quiet","No unambiguous audible effect in description; quiet by default.","","","",""
"Dominate","OsOhx3TGIZ7AhD0P","quiet","No unambiguous audible effect in description; quiet by default.","","","",""
"Domora's Defense","PIdXUPtE6ZGpFpXV","shield","Protective field; short ward activation.","ggg-sfx.magic.divine.buff.ward.01.01","psfx.1st-level-spells.shield-spell.intro.v1.003","",""
"Doom Mark","qYoukjLwXdEbPQaW","void","Description and void treatment support a void effect cue.","ggg-sfx.magic.occult.pulse.01.abyss","psfx.impacts.magicaleffects.necrotic","",""
"Door to Beyond","iMmexY6ZosLS4I5R","quiet","No unambiguous audible effect in description; quiet by default.","","","",""
"Downpour","K4LXpaBWrGy6jIER","water","Description and water treatment support a water effect cue.","ggg-sfx.magic.water.impact.general.01.01 | ggg-sfx.magic.water.impact.general.01.02 | ggg-sfx.magic.water.impact.general.01.03 | ggg-sfx.magic.water.impact.general.01.04 | ggg-sfx.magic.water.impact.general.01.05 | ggg-sfx.magic.water.impact.general.01.06","psfx.casting.water.001","modules/soundfxlibrary/Misc/Single/Water Splash/water-splash-1.mp3 | modules/soundfxlibrary/Misc/Single/Water Splash/water-splash-2.mp3 | modules/soundfxlibrary/Misc/Single/Water Splash/water-splash-3.mp3 | modules/soundfxlibrary/Misc/Single/Water Splash/water-splash-4.mp3",""
"Draconic Barrage","S6Kkk15MWGqzC00a","quiet","No unambiguous audible effect in description; quiet by default.","","","",""
"Dragon Breath","JcobNl4iE9HmMYtE","quiet","No unambiguous audible effect in description; quiet by default.","","","",""
"Dragon Form","5c692cCcTDXjSEzk","quiet","Reviewed private perception, prepared benefit, support, cleansing, object or casting-only illustration. No wound restoration, chosen voice/material, future impact or successful outcome is inferred; audio remains customizable.","","","",""
"Dragon Turret","eAOClJ1KRSPik8SX","quiet","No unambiguous audible effect in description; quiet by default.","","","",""
"Dragon Wings","HWJODX2zPg5cg34F","quiet","No unambiguous audible effect in description; quiet by default.","","","",""
"Drain Life","cqdmSmQnM0q6wbWG","drain","Life or energy is drawn away; siphon cue.","ggg-sfx.magic.occult.siphon.01.01","psfx.ranged-magic.generic.energy-strands.001.15ft","",""
"Drain Planar Connection","Jte2jlX59a1yQPp8","drain","Life or energy is drawn away; siphon cue.","ggg-sfx.magic.occult.siphon.01.01","psfx.ranged-magic.generic.energy-strands.001.15ft","",""
"Draw Blood","NVeN6RrFu12HnTne","healing","Description restores health; gentle restorative cue.","ggg-sfx.magic.divine.healing.01.01 | ggg-sfx.magic.divine.healing.01.02 | ggg-sfx.magic.divine.healing.01.03 | ggg-sfx.magic.divine.healing.01.04 | ggg-sfx.magic.divine.healing.02.mass_healing.01.01 | ggg-sfx.magic.divine.healing.02.mass_healing.01.02","psfx.1st-level-spells.cure-wounds.v1.001","",""
"Draw Ire","jsWthW1Qy6tg3SwD","psychic","Psychic attack uses a short mental pulse, without spoken voices.","","psfx.cantrips.mind-sliver.v1","",""
"Draw Moisture","lXsFKdaOz9t9w11U","water","Description and water treatment support a water effect cue.","ggg-sfx.magic.water.impact.general.01.01 | ggg-sfx.magic.water.impact.general.01.02 | ggg-sfx.magic.water.impact.general.01.03 | ggg-sfx.magic.water.impact.general.01.04 | ggg-sfx.magic.water.impact.general.01.05 | ggg-sfx.magic.water.impact.general.01.06","psfx.casting.water.001","modules/soundfxlibrary/Misc/Single/Water Splash/water-splash-1.mp3 | modules/soundfxlibrary/Misc/Single/Water Splash/water-splash-2.mp3 | modules/soundfxlibrary/Misc/Single/Water Splash/water-splash-3.mp3 | modules/soundfxlibrary/Misc/Single/Water Splash/water-splash-4.mp3",""
"Draw the Lightning","n7OgbKme4hNwxVwQ","electric","Description and electricity treatment support a electric effect cue.","ggg-sfx.magic.electricity.impact.general.01.01 | ggg-sfx.magic.electricity.impact.general.01.02 | ggg-sfx.magic.electricity.impact.general.01.03 | ggg-sfx.magic.electricity.zap.01.01","psfx.impacts.magicaleffects.lightning | psfx.impacts.magicaleffects.lightning | psfx.impacts.magicaleffects.lightning | psfx.impacts.magicaleffects.lightning | psfx.impacts.magicaleffects.lightning","modules/soundfxlibrary/Combat/Single/Spell Impact Lightning/spell-impact-lightning-1.mp3 | modules/soundfxlibrary/Combat/Single/Spell Impact Lightning/spell-impact-lightning-2.mp3 | modules/soundfxlibrary/Combat/Single/Spell Impact Lightning/spell-impact-lightning-3.mp3 | modules/soundfxlibrary/Combat/Single/Spell Impact Lightning/spell-impact-lightning-4.mp3",""
"Dread Ambience","1QMjWGq1DPOQr4VL","quiet","No unambiguous audible effect in description; quiet by default.","","","",""
"Dread Mosquito Storm","Q6cvsLytYffpeN3g","quiet","No unambiguous audible effect in description; quiet by default.","","","",""
"Dread Secret","XULNb8ItUsfupxqH","quiet","Private perception, belief, a spoken secret or a prepared contingency; symbolic public artwork does not establish an audible fear or damage event.","","","",""
"Dream Council","rwCh2qTYPA44KEoK","quiet","No unambiguous audible effect in description; quiet by default.","","","",""
"Dream Message","yM3KTTSAIHhyuP14","quiet","Silent, subtle or private communication; no public sound cue.","","","",""
"Dreamer's Call","PztLrElcZfLwRnEq","quiet","No unambiguous audible effect in description; quiet by default.","","","",""
"Dreaming Potential","y0Vy7iNL3ET8K00C","quiet","No unambiguous audible effect in description; quiet by default.","","","",""
"Drop Dead","scTRIrTfXquVYHGw","quiet","Silent, subtle or private communication; no public sound cue.","","","",""
"Dull Ambition","MLdMUOdwSKegOGlo","quiet","No unambiguous audible effect in description; quiet by default.","","","",""
"Duplicate Foe","73rToy0v5Ra9NvL6","quiet","No unambiguous audible effect in description; quiet by default.","","","",""
"Dust Storm","K1wmI4qPmRhFczmy","wind","Description and wind treatment support a wind effect cue.","ggg-sfx.magic.air.wind.gust.long.01.01 | ggg-sfx.magic.air.wind.gust.long.01.02 | ggg-sfx.magic.air.wind.gust.long.01.03 | ggg-sfx.magic.air.wind.gust.long.01.04 | ggg-sfx.magic.air.wind.gust.long.01.05","psfx.cantrips.gust.v1","",""
"Dutiful Challenge","caehfpQz7yp9yNzz","quiet","No unambiguous audible effect in description; quiet by default.","","","",""
"Eagle's Cry","AUZPwEorddewm0x1","sonic","Description and sonic treatment support a sonic effect cue.","ggg-sfx.magic.sonic.slam.01.01 | ggg-sfx.magic.sonic.slam.01.02 | ggg-sfx.magic.sonic.slam.01.03 | ggg-sfx.magic.sonic.slam.01.04 | ggg-sfx.magic.sonic.slam.01.05 | ggg-sfx.magic.sonic.slam.01.06","psfx.cantrips.thunderclap.v1","",""
"Earth and Sky","XOs8C2eZJAO3go0N","wind","Description and wind treatment support a wind effect cue.","ggg-sfx.magic.air.wind.gust.long.01.01 | ggg-sfx.magic.air.wind.gust.long.01.02 | ggg-sfx.magic.air.wind.gust.long.01.03 | ggg-sfx.magic.air.wind.gust.long.01.04 | ggg-sfx.magic.air.wind.gust.long.01.05","psfx.cantrips.gust.v1","",""
"Earth's Bile","PrlR2sLWeiuTcPF2","earth","Reviewed native fire-spell casting event; deferred ignition, internal heat and unresolved choices do not play explosion audio.","ggg-sfx.magic.earth.impact.general.01.muffled.01 | ggg-sfx.magic.earth.impact.general.01.muffled.02 | ggg-sfx.magic.earth.impact.general.01.muffled.03 | ggg-sfx.magic.earth.impact.general.01.normal.01 | ggg-sfx.magic.earth.impact.general.01.normal.02 | ggg-sfx.magic.earth.impact.general.01.normal.03","psfx.casting.earth.001","",""
"Earthbind","gPvtmKMRpg9I9D7H","earth","Description and earth treatment support a earth effect cue.","ggg-sfx.magic.earth.impact.general.01.muffled.01 | ggg-sfx.magic.earth.impact.general.01.muffled.02 | ggg-sfx.magic.earth.impact.general.01.muffled.03 | ggg-sfx.magic.earth.impact.general.01.normal.01 | ggg-sfx.magic.earth.impact.general.01.normal.02 | ggg-sfx.magic.earth.impact.general.01.normal.03","psfx.casting.earth.001","",""
"Earthbreaker Stride","uZmUhjgqiX6d0Dv6","earth","Description and earth treatment support a earth effect cue.","ggg-sfx.magic.earth.impact.general.01.muffled.01 | ggg-sfx.magic.earth.impact.general.01.muffled.02 | ggg-sfx.magic.earth.impact.general.01.muffled.03 | ggg-sfx.magic.earth.impact.general.01.normal.01 | ggg-sfx.magic.earth.impact.general.01.normal.02 | ggg-sfx.magic.earth.impact.general.01.normal.03","psfx.casting.earth.001","",""
"Earthquake","x7SPrsRxGb2Vy2nu","earthquake","Ground shaking uses a short seismic rumble.","ggg-sfx.magic.earth.pulse.seismic.01.01","","",""
"Earthworks","ffz6wlSMzhaDpjg6","earth","Description and earth treatment support a earth effect cue.","ggg-sfx.magic.earth.impact.general.01.muffled.01 | ggg-sfx.magic.earth.impact.general.01.muffled.02 | ggg-sfx.magic.earth.impact.general.01.muffled.03 | ggg-sfx.magic.earth.impact.general.01.normal.01 | ggg-sfx.magic.earth.impact.general.01.normal.02 | ggg-sfx.magic.earth.impact.general.01.normal.03","psfx.casting.earth.001","",""
"Eat Fire","FWuLUKIbkJZjBiuA","fire","Description and fire treatment support a fire effect cue.","ggg-sfx.magic.fire.ignite.01.01 | ggg-sfx.magic.fire.impact.general.01.01 | ggg-sfx.magic.fire.impact.general.01.02 | ggg-sfx.magic.fire.impact.general.02.01 | ggg-sfx.magic.fire.impact.general.02.02 | ggg-sfx.magic.fire.impact.general.02.03","psfx.cantrips.create-bonfire.v1.001 | psfx.casting.fire-side.001 | psfx.casting.fire.001","",""
"Echo Jump","LpMeT0CW1OEKdaQL","teleport","Spatial effect uses a short departure/arrival cue.","ggg-sfx.magic.occult.movement.teleportation.01.01 | ggg-sfx.magic.occult.movement.teleportation.01.02 | ggg-sfx.magic.occult.movement.teleportation.01.03 | ggg-sfx.magic.occult.movement.teleportation.01.04 | ggg-sfx.magic.occult.movement.teleportation.01.05","psfx.2nd-level-spells.misty-step.v1.intro.generic","",""
"Echoing Weapon","vtCCVe869shMCJMj","sonic","Description and sonic treatment support a sonic effect cue.","ggg-sfx.magic.sonic.slam.01.01 | ggg-sfx.magic.sonic.slam.01.02 | ggg-sfx.magic.sonic.slam.01.03 | ggg-sfx.magic.sonic.slam.01.04 | ggg-sfx.magic.sonic.slam.01.05 | ggg-sfx.magic.sonic.slam.01.06","psfx.cantrips.thunderclap.v1","",""
"Eclipse Burst","0jadeyQIItIuRgeH","cold","Description and cold treatment support a cold effect cue.","ggg-sfx.magic.ice.freeze.01.01 | ggg-sfx.magic.ice.freeze.02.01 | ggg-sfx.magic.ice.freeze.03.01 | ggg-sfx.magic.ice.freeze.03.02 | ggg-sfx.magic.ice.freeze.04.01 | ggg-sfx.magic.ice.freeze.04.02","psfx.impacts.magicaleffects.cold","",""
"Ectoplasmic Expulsion","PgDFDvX64eswapSS","quiet","No unambiguous audible effect in description; quiet by default.","","","",""
"Ectoplasmic Interstice","QE9f3OxvvBThymD4","quiet","No unambiguous audible effect in description; quiet by default.","","","",""
"Eidolon's Wrath","kuZnUNrhXHRYQ2eM","quiet","No unambiguous audible effect in description; quiet by default.","","","",""
"Eject Soul","rVhHaWqUsVUO4GuY","quiet","No unambiguous audible effect in description; quiet by default.","","","",""
"Electric Arc","kBhaPuzLUSwS6vVf","electric","Description and electricity treatment support a electric effect cue.","ggg-sfx.magic.electricity.impact.general.01.01 | ggg-sfx.magic.electricity.impact.general.01.02 | ggg-sfx.magic.electricity.impact.general.01.03 | ggg-sfx.magic.electricity.zap.01.01","psfx.impacts.magicaleffects.lightning | psfx.impacts.magicaleffects.lightning | psfx.impacts.magicaleffects.lightning | psfx.impacts.magicaleffects.lightning | psfx.impacts.magicaleffects.lightning","modules/soundfxlibrary/Combat/Single/Spell Impact Lightning/spell-impact-lightning-1.mp3 | modules/soundfxlibrary/Combat/Single/Spell Impact Lightning/spell-impact-lightning-2.mp3 | modules/soundfxlibrary/Combat/Single/Spell Impact Lightning/spell-impact-lightning-3.mp3 | modules/soundfxlibrary/Combat/Single/Spell Impact Lightning/spell-impact-lightning-4.mp3",""
"Electrified Crystal Ward","57ulIxg3Of2wCbEh","shield","Protective field; short ward activation.","ggg-sfx.magic.divine.buff.ward.01.01","psfx.1st-level-spells.shield-spell.intro.v1.003","",""
"Electrostatic Glider","2Z958D1lcWtA3zyE","quiet","No unambiguous audible effect in description; quiet by default.","","","",""
"Element Embodied","vQMAdnIwnV9prPiG","transform","Brief transformation cue; no assumed animal voice.","ggg-sfx.magic.primal.cast.general.03.01","","",""
"Elemental Absorption","9TauMFkIsmvKJNzZ","quiet","No unambiguous audible effect in description; quiet by default.","","","",""
"Elemental Annihilation Wave","NyxQAazFBdBAqZGX","fire","Description and fire treatment support a fire effect cue.","ggg-sfx.magic.fire.ignite.01.01 | ggg-sfx.magic.fire.impact.general.01.01 | ggg-sfx.magic.fire.impact.general.01.02 | ggg-sfx.magic.fire.impact.general.02.01 | ggg-sfx.magic.fire.impact.general.02.02 | ggg-sfx.magic.fire.impact.general.02.03","psfx.cantrips.create-bonfire.v1.001 | psfx.casting.fire-side.001 | psfx.casting.fire.001","",""
"Elemental Betrayal","f9uqHnNBMU0774SF","quiet","The stated visual or selected-element illustration does not establish an audible strike, animal voice, explosion or large splash; optional sound remains customizable.","","","",""
"Elemental Blast","Qlp8G3knwLGhAxQ0","quiet","No unambiguous audible effect in description; quiet by default.","","","",""
"Elemental Breath","fg5ZlSVXzGHNJfbO","quiet","No unambiguous audible effect in description; quiet by default.","","","",""
"Elemental Confluence","Cpj05laa7ogqGwS3","summon","Reviewed native fire-spell casting event; deferred ignition, internal heat and unresolved choices do not play explosion audio.","ggg-sfx.magic.primal.cast.general.03.01","psfx.magic-signs.circle.v1.conjuration.intro | psfx.magic-signs.circle.v1.conjuration.intro-fade","",""
"Elemental Counter","fHawnhOHwzr4Mwr7","quiet","No unambiguous audible effect in description; quiet by default.","","","",""
"Elemental Form","1K6AYGisvo9gqdhs","transform","Brief transformation cue; no assumed animal voice.","ggg-sfx.magic.primal.cast.general.03.01","","",""
"Elemental Gift","e36Z2t6tLdW3RUzZ","quiet","No unambiguous audible effect in description; quiet by default.","","","",""
"Elemental Motion","B8aCUMCHCIMUCEVK","quiet","No unambiguous audible effect in description; quiet by default.","","","",""
"Elemental Sense","wfqBbQ2RXj4VjKUZ","quiet","No unambiguous audible effect in description; quiet by default.","","","",""
"Elemental Sentinel","rOwOLlfVgLMg1FND","quiet","No unambiguous audible effect in description; quiet by default.","","","",""
"Elemental Servitor","5NReCnDFFuThEAHB","quiet","No unambiguous audible effect in description; quiet by default.","","","",""
"Elemental Sheath","WkqamCF8r4O5Gh0n","shield","Protective field; short ward activation.","ggg-sfx.magic.divine.buff.ward.01.01","psfx.1st-level-spells.shield-spell.intro.v1.003","",""
"Elemental Tempest","vfHr1N8Rf2bBpdgn","quiet","No unambiguous audible effect in description; quiet by default.","","","",""
"Elemental Toss","0JUOgbbFCapp3HlW","quiet","No unambiguous audible effect in description; quiet by default.","","","",""
"Elemental Zone","kMffb6SvhCBMMI4k","quiet","No unambiguous audible effect in description; quiet by default.","","","",""
"Elephant Form","zjYQyuBNT5VjV4mz","transform","Brief transformation cue; no assumed animal voice.","ggg-sfx.magic.primal.cast.general.03.01","","",""
"Elysian Whimsy","oPVyu2a0K3aTVIR8","quiet","Reviewed private perception, prepared benefit, support, cleansing, object or casting-only illustration. No wound restoration, chosen voice/material, future impact or successful outcome is inferred; audio remains customizable.","","","",""
"Embed Message","eIQ86FOXK34HiNLs","quiet","Silent, subtle or private communication; no public sound cue.","","","",""
"Ember Doppelgänger","Vsy8RWuTrdIVDVSm","fireIgnition","Reviewed native fire-spell casting event; deferred ignition, internal heat and unresolved choices do not play explosion audio.","ggg-sfx.magic.fire.ignite.01.01","psfx.cantrips.create-bonfire.v1.001","",""
"Embodied Font","HBxsMKXzZM0HviEE","quiet","No unambiguous audible effect in description; quiet by default.","","","",""
"Embodiment of Battle","X4On99Nti8gjWywG","quiet","No unambiguous audible effect in description; quiet by default.","","","",""
"Embrace Nothingness","mau1Olq58ECF0ZPi","quiet","No unambiguous audible effect in description; quiet by default.","","","",""
"Embrace the Pit","ilGsyGLGjjIPHbyP","transform","Brief transformation cue; no assumed animal voice.","ggg-sfx.magic.primal.cast.general.03.01","","",""
"Empathic Link","obVA6duK5fGbfFUY","quiet","Reviewed private perception, prepared benefit, support, cleansing, object or casting-only illustration. No wound restoration, chosen voice/material, future impact or successful outcome is inferred; audio remains customizable.","","","",""
"Empower Ley Line","XnpRRUVAVoY6z88H","quiet","No unambiguous audible effect in description; quiet by default.","","","",""
"Empty Inside","0cF9HvHzzWSbCFBP","quiet","No unambiguous audible effect in description; quiet by default.","","","",""
"Empty Pack","CQWTyDxiVSW4uRn7","quiet","Silent, subtle or private communication; no public sound cue.","","","",""
"Encroaching Woods","BNkgZi1bcQcVmBHp","growth","Plant growth or wood formation.","ggg-sfx.magic.primal.growth.01.01","psfx.1st-level-spells.entangle.vines.v1.001.intro","",""
"Endure","4c1c6eNzU1PFGkAy","quiet","Bodily support, temporary vitality, sensory loss or internal discomfort; no healing, injury, growl or sonic blast is inferred.","","","",""
"Enduring Might","eG1fBodYwolaXK98","quiet","No unambiguous audible effect in description; quiet by default.","","","",""
"Energy Absorption","LoBjvguamA12iyW0","quiet","No unambiguous audible effect in description; quiet by default.","","","",""
"Energy Aegis","m2xFMNyQiUKQDRaj","shield","Protective field; short ward activation.","ggg-sfx.magic.divine.buff.ward.01.01","psfx.1st-level-spells.shield-spell.intro.v1.003","",""
"Enervation","eexkxcqnkXazsGfK","void","Description and void treatment support a void effect cue.","ggg-sfx.magic.occult.pulse.01.abyss","psfx.impacts.magicaleffects.necrotic","",""
"Enfeeble","J7Y7tl0bbdz7TcCc","quiet","No unambiguous audible effect in description; quiet by default.","","","",""
"Engrave Memory","ddqmGnShyoRBKFkZ","earth","Description and earth treatment support a earth effect cue.","ggg-sfx.magic.earth.impact.general.01.muffled.01 | ggg-sfx.magic.earth.impact.general.01.muffled.02 | ggg-sfx.magic.earth.impact.general.01.muffled.03 | ggg-sfx.magic.earth.impact.general.01.normal.01 | ggg-sfx.magic.earth.impact.general.01.normal.02 | ggg-sfx.magic.earth.impact.general.01.normal.03","psfx.casting.earth.001","",""
"Enhance Senses","a5uwCgOe7ayHPtHe","quiet","No unambiguous audible effect in description; quiet by default.","","","",""
"Enhance Victuals","rdTEF1hfAWbN58NE","quiet","No unambiguous audible effect in description; quiet by default.","","","",""
"Enlarge","wzctak6BxOW8xvFV","quiet","No unambiguous audible effect in description; quiet by default.","","","",""
"Enlarge Companion","8rj45fKzCFcB0fxs","transform","Brief transformation cue; no assumed animal voice.","ggg-sfx.magic.primal.cast.general.03.01","","",""
"Entangle Fate","11haL5O9KMpY5Fv7","vines","Growing roots or vines; organic growth cue.","ggg-sfx.magic.primal.burst.bramble.01.01 | ggg-sfx.magic.primal.growth.02.01","psfx.1st-level-spells.entangle.vines.v1.001.intro","",""
"Entangling Flora","J6vNvrUT3b1hx2iA","growth","Description and plant treatment support a growth effect cue.","ggg-sfx.magic.primal.growth.01.01","psfx.1st-level-spells.entangle.vines.v1.001.intro","",""
"Enthrall","IihxWhRfpsBgQ5jS","quiet","Caster may speak or sing. Words and performance are player chosen; no lute, prerecorded speech, or mandatory music is inferred.","","","",""
"Entrancing Eyes","Vw2CNwlRRKABsuZi","quiet","No unambiguous audible effect in description; quiet by default.","","","",""
"Entreat Spirit","Yph1UqZU8vMc9bJG","quiet","No unambiguous audible effect in description; quiet by default.","","","",""
"Entreat the Many","Vg4K3dTDswNQf4Bx","force","Description and force treatment support a force effect cue.","ggg-sfx.magic.arcane.impact.blast.01.01 | ggg-sfx.magic.arcane.impact.blast.01.02 | ggg-sfx.magic.arcane.impact.blast.01.03 | ggg-sfx.magic.arcane.impact.blast.01.04","psfx.ranged-magic.generic.beam.001","modules/soundfxlibrary/Combat/Single/Spell Impact/spell-impact-1.mp3 | modules/soundfxlibrary/Combat/Single/Spell Impact/spell-impact-2.mp3 | modules/soundfxlibrary/Combat/Single/Spell Impact/spell-impact-3.mp3 | modules/soundfxlibrary/Combat/Single/Spell Impact/spell-impact-4.mp3 | modules/soundfxlibrary/Combat/Single/Spell Impact/spell-impact-5.mp3 | modules/soundfxlibrary/Combat/Single/Spell Impact/spell-impact-6.mp3",""
"Entreat Thunderbird","Do0pe0gn8OFdCOnN","quiet","No unambiguous audible effect in description; quiet by default.","","","",""
"Entropic Wheel","X4T5RlQBrdpmA35n","fire","Description and fire treatment support a fire effect cue.","ggg-sfx.magic.fire.ignite.01.01 | ggg-sfx.magic.fire.impact.general.01.01 | ggg-sfx.magic.fire.impact.general.01.02 | ggg-sfx.magic.fire.impact.general.02.01 | ggg-sfx.magic.fire.impact.general.02.02 | ggg-sfx.magic.fire.impact.general.02.03","psfx.cantrips.create-bonfire.v1.001 | psfx.casting.fire-side.001 | psfx.casting.fire.001","",""
"Entwined Roots","VDK5cQ94BszDrMiJ","vines","Growing roots or vines; organic growth cue.","ggg-sfx.magic.primal.burst.bramble.01.01 | ggg-sfx.magic.primal.growth.02.01","psfx.1st-level-spells.entangle.vines.v1.001.intro","",""
"Envenom Companion","gWmLT5SkA0qH2mNE","poison","Description and poison treatment support a poison effect cue.","ggg-sfx.magic.acid.cast.general.01.01 | ggg-sfx.magic.acid.cast.general.01.02 | ggg-sfx.magic.acid.cast.general.02.01 | ggg-sfx.magic.acid.cast.general.03.01 | ggg-sfx.magic.acid.cast.general.03.02 | ggg-sfx.magic.acid.impact.01.01","psfx.cantrips.poison-spray.v1","",""
"Environmental Endurance","5esP2GVzvxWsMgaX","shield","Protective field; short ward activation.","ggg-sfx.magic.divine.buff.ward.01.01","psfx.1st-level-spells.shield-spell.intro.v1.003","",""
"Ephemeral Hazards","HisaZTk67YAxLGBq","quiet","No unambiguous audible effect in description; quiet by default.","","","",""
"Ephemeral Tracking","QpjHqxwTGdILLvjD","quiet","Reviewed private perception, prepared benefit, support, cleansing, object or casting-only illustration. No wound restoration, chosen voice/material, future impact or successful outcome is inferred; audio remains customizable.","","","",""
"Equal Footing","Z2oSFY2fT8zLkK4P","quiet","No unambiguous audible effect in description; quiet by default.","","","",""
"Eradicate Undeath","J5MNC4xq3CHH31qT","holy","Description and vitality treatment support a holy effect cue.","ggg-sfx.magic.divine.light.01.01 | ggg-sfx.magic.divine.light.02.01","psfx.cantrips.sacred-flame.v1.001.caster","",""
"Erase Trail","Tw9e2rPaNdxcM1Rp","quiet","No unambiguous audible effect in description; quiet by default.","","","",""
"Establish Nexus","1aXX52MnVbBvT9S7","quiet","No unambiguous audible effect in description; quiet by default.","","","",""
"Establish Ward","XlQBVvlDWGrGlApl","shield","Protective field; short ward activation.","ggg-sfx.magic.divine.buff.ward.01.01","psfx.1st-level-spells.shield-spell.intro.v1.003","",""
"Ethereal Jaunt","D2nPKbIS67m9199U","quiet","Reviewed private perception, prepared benefit, support, cleansing, object or casting-only illustration. No wound restoration, chosen voice/material, future impact or successful outcome is inferred; audio remains customizable.","","","",""
"Etheric Shards","gasOL6a0WhOhUsgL","quiet","No unambiguous audible effect in description; quiet by default.","","","",""
"Euphoric Renewal","mTpPZIJ2sdgusPP1","quiet","No unambiguous audible effect in description; quiet by default.","","","",""
"Everlight","ynm8JIU3sc3qUMpa","light","Light appears with a brief shimmer.","ggg-sfx.magic.divine.light.01.01 | ggg-sfx.magic.divine.light.02.01","psfx.cantrips.dancing-lights.v1.001 | psfx.cantrips.dancing-lights.v1.002 | psfx.cantrips.dancing-lights.v1.003 | psfx.cantrips.dancing-lights.v1.004 | psfx.cantrips.dancing-lights.v1.005 | psfx.cantrips.light.v1.001","",""
"Evil Eye","f45JpY7Ph2cAJGW2","quiet","No unambiguous audible effect in description; quiet by default.","","","",""
"Evolution Surge","lV8FkHZtzZu7Cy6j","transform","Brief transformation cue; no assumed animal voice.","ggg-sfx.magic.primal.cast.general.03.01","","",""
"Exchange Image","znMvKqcRDilIVMwA","quiet","No unambiguous audible effect in description; quiet by default.","","","",""
"Excise Lexicon","GurWFDj4IjKv73kL","quiet","Reviewed private perception, prepared benefit, support, cleansing, object or casting-only illustration. No wound restoration, chosen voice/material, future impact or successful outcome is inferred; audio remains customizable.","","","",""
"Execute","Z9OrRXKgAPv6Hn5l","healing","Description restores health; gentle restorative cue.","ggg-sfx.magic.divine.healing.01.01 | ggg-sfx.magic.divine.healing.01.02 | ggg-sfx.magic.divine.healing.01.03 | ggg-sfx.magic.divine.healing.01.04 | ggg-sfx.magic.divine.healing.02.mass_healing.01.01 | ggg-sfx.magic.divine.healing.02.mass_healing.01.02","psfx.1st-level-spells.cure-wounds.v1.001","",""
"Expeditious Excavation","aXoh6OQAL57lgh0a","earth","Description and earth treatment support a earth effect cue.","ggg-sfx.magic.earth.impact.general.01.muffled.01 | ggg-sfx.magic.earth.impact.general.01.muffled.02 | ggg-sfx.magic.earth.impact.general.01.muffled.03 | ggg-sfx.magic.earth.impact.general.01.normal.01 | ggg-sfx.magic.earth.impact.general.01.normal.02 | ggg-sfx.magic.earth.impact.general.01.normal.03","psfx.casting.earth.001","",""
"Exploding Earth","v89KwyaBd6g5rWVS","earth","Description and earth treatment support a earth effect cue.","ggg-sfx.magic.earth.impact.general.01.muffled.01 | ggg-sfx.magic.earth.impact.general.01.muffled.02 | ggg-sfx.magic.earth.impact.general.01.muffled.03 | ggg-sfx.magic.earth.impact.general.01.normal.01 | ggg-sfx.magic.earth.impact.general.01.normal.02 | ggg-sfx.magic.earth.impact.general.01.normal.03","psfx.casting.earth.001","",""
"Explosive Barrage","ZvB9sV7NLdpDeoTw","fireball","Reviewed native fire-spell casting event; deferred ignition, internal heat and unresolved choices do not play explosion audio.","ggg-sfx.magic.fire.fireball.01.large.cast.01 | ggg-sfx.magic.fire.fireball.01.large.cast.02 | ggg-sfx.magic.fire.fireball.01.large.cast.03 | ggg-sfx.magic.fire.fireball.01.medium.cast.01 | ggg-sfx.magic.fire.fireball.01.medium.cast.02 | ggg-sfx.magic.fire.fireball.01.medium.cast.03 | ggg-sfx.magic.fire.fireball.01.large.impact.01 | ggg-sfx.magic.fire.fireball.01.large.impact.02 | ggg-sfx.magic.fire.fireball.01.large.impact.03 | ggg-sfx.magic.fire.fireball.01.medium.impact.01 | ggg-sfx.magic.fire.fireball.01.medium.impact.02 | ggg-sfx.magic.fire.fireball.01.medium.impact.03","psfx.casting.fire-side.001 | psfx.casting.fire.001 | psfx.3rd-level-spells.fireball.v1.001.explosion","",""
"Explosive Dust","GBgPeMNGW4SnFxxo","quiet","Reviewed native fire-spell casting event; deferred ignition, internal heat and unresolved choices do not play explosion audio.","","","",""
"Expunge Blood","ZZTLWMXijRDgE66m","quiet","No unambiguous audible effect in description; quiet by default.","","","",""
"Extend Blood Magic","LyqqvufOUIh8U25d","quiet","No unambiguous audible effect in description; quiet by default.","","","",""
"Extend Boost","CR8OKDbeFJoZbOCu","quiet","No unambiguous audible effect in description; quiet by default.","","","",""
"Extend Spell","GxxnhRIaoGKtu1iO","quiet","No unambiguous audible effect in description; quiet by default.","","","",""
"Extract Brain","hdzyDrRdHSse88XM","quiet","No unambiguous audible effect in description; quiet by default.","","","",""
"Extract Poison","CLThxp8Qf43IQ3Sb","drain","Life or energy is drawn away; siphon cue.","ggg-sfx.magic.occult.siphon.01.01","psfx.ranged-magic.generic.energy-strands.001.15ft","",""
"Extradimensional Cover","AfZ1dV4pcxYmaWnH","quiet","No unambiguous audible effect in description; quiet by default.","","","",""
"Eyes of the Dead","DLFupJuCfzyLCQcO","quiet","No unambiguous audible effect in description; quiet by default.","","","",""
"Fabricated Truth","6s0UW4bujggma9TC","quiet","No unambiguous audible effect in description; quiet by default.","","","",""
"Face in the Crowd","yH13KXUK2x093NUv","quiet","No unambiguous audible effect in description; quiet by default.","","","",""
"Fact Check","p8HnYqIi6sl8AJT2","quiet","No unambiguous audible effect in description; quiet by default.","","","",""
"Faerie Dust","IkS3lDGUpIOMug7v","quiet","No unambiguous audible effect in description; quiet by default.","","","",""
"Faerie Fire","HRb2doyaLtaoCfi3","light","Light appears with a brief shimmer.","ggg-sfx.magic.divine.light.01.01 | ggg-sfx.magic.divine.light.02.01","psfx.cantrips.dancing-lights.v1.001 | psfx.cantrips.dancing-lights.v1.002 | psfx.cantrips.dancing-lights.v1.003 | psfx.cantrips.dancing-lights.v1.004 | psfx.cantrips.dancing-lights.v1.005 | psfx.cantrips.light.v1.001","",""
"Fallen Soldier's Lament","LjLSvAqnR03EnITX","quiet","No unambiguous audible effect in description; quiet by default.","","","",""
"Falling Sky","vm9O7ne48NM72yrJ","quiet","No unambiguous audible effect in description; quiet by default.","","","",""
"Falling Stars","jrBa9deU2ULFWvSl","earth","Description and earth treatment support a earth effect cue.","ggg-sfx.magic.earth.impact.general.01.muffled.01 | ggg-sfx.magic.earth.impact.general.01.muffled.02 | ggg-sfx.magic.earth.impact.general.01.muffled.03 | ggg-sfx.magic.earth.impact.general.01.normal.01 | ggg-sfx.magic.earth.impact.general.01.normal.02 | ggg-sfx.magic.earth.impact.general.01.normal.03","psfx.casting.earth.001","",""
"Fallow Field","2RhZkHNv8ajq0yLq","healing","Description restores health; gentle restorative cue.","ggg-sfx.magic.divine.healing.01.01 | ggg-sfx.magic.divine.healing.01.02 | ggg-sfx.magic.divine.healing.01.03 | ggg-sfx.magic.divine.healing.01.04 | ggg-sfx.magic.divine.healing.02.mass_healing.01.01 | ggg-sfx.magic.divine.healing.02.mass_healing.01.02","psfx.1st-level-spells.cure-wounds.v1.001","",""
"False Nature","5z1700cfG8Ybm0e6","quiet","No unambiguous audible effect in description; quiet by default.","","","",""
"False Vision","RCbLd7dfquHnuvrZ","quiet","No unambiguous audible effect in description; quiet by default.","","","",""
"False Vitality","8ViwItUgwT4lOvvb","quiet","Reviewed private perception, prepared benefit, support, cleansing, object or casting-only illustration. No wound restoration, chosen voice/material, future impact or successful outcome is inferred; audio remains customizable.","","","",""
"Falsify Heat","udZEKwUryIsobjBG","quiet","No unambiguous audible effect in description; quiet by default.","","","",""
"Familiar Form","CHZQJg7O7991Vl4m","transform","Brief transformation cue; no assumed animal voice.","ggg-sfx.magic.primal.cast.general.03.01","","",""
"Familiar's Call","JFGOsnTeYOhaOa8f","summon","Summoning arrival; creature species remains player choice.","ggg-sfx.magic.primal.cast.general.03.01","psfx.magic-signs.circle.v1.conjuration.intro | psfx.magic-signs.circle.v1.conjuration.intro-fade","",""
"Familiar's Face","9GkOWDFDEMuV3hJr","quiet","Private perception, thought, expertise or comprehension changes; no public voices, ray impacts or discovery noises are inferred.","","","",""
"Familiar's Resurrection","ddYqkCoMWbuS3lgo","revive","Return of the familiar at one Hit Point; finite return cue, without general full healing.","ggg-sfx.magic.divine.revivify.01.01","","",""
"Fantastic Facade","nA0XlPsnMNrQMpio","quiet","No unambiguous audible effect in description; quiet by default.","","","",""
"Far Reach","zLtu2ipfuJECS4gq","summon","Summoning arrival; creature species remains player choice.","ggg-sfx.magic.primal.cast.general.03.01","psfx.magic-signs.circle.v1.conjuration.intro | psfx.magic-signs.circle.v1.conjuration.intro-fade","",""
"Far Sight","ErCsWsqXe8ccRjgO","quiet","No unambiguous audible effect in description; quiet by default.","","","",""
"Far-Flung Fetch","O6BIfXsbiisKfLTe","quiet","Silent, subtle or private communication; no public sound cue.","","","",""
"Fashionista","W0YqtSVwfFImGgdK","shield","Protective field; short ward activation.","ggg-sfx.magic.divine.buff.ward.01.01","psfx.1st-level-spells.shield-spell.intro.v1.003","",""
"Fatal Aria","lyJDBD9OFW11vLyT","song","Description explicitly calls for music; short musical flourish.","ggg-sfx.magic.sonic.harp.surge.01.01 | ggg-sfx.magic.sonic.harp.surge.01.02 | ggg-sfx.magic.sonic.harp.surge.01.03 | ggg-sfx.magic.sonic.harp.surge.01.04","psfx.musical-instruments.lute.01.strummed-tremolo.keyOfC.Cadd9 | psfx.musical-instruments.lute.01.strummed-tremolo.keyOfC.Cm6 | psfx.musical-instruments.lute.01.strummed.keyOfC.C6 | psfx.musical-instruments.lute.01.strummed.keyOfC.C7","",""
"Fate's Travels","e4vxRJ4sjUXMEIGP","quiet","Private perception, thought, expertise or comprehension changes; no public voices, ray impacts or discovery noises are inferred.","","","",""
"Fated Confrontation","Di9gL6KIZ9eFgbs1","quiet","No unambiguous audible effect in description; quiet by default.","","","",""
"Fated Healing","X3RUan7TVqo6UpUG","quiet","Reviewed private perception, prepared benefit, support, cleansing, object or casting-only illustration. No wound restoration, chosen voice/material, future impact or successful outcome is inferred; audio remains customizable.","","","",""
"Fateful Condemnation","ReUoodsqUYSTwSgE","quiet","No unambiguous audible effect in description; quiet by default.","","","",""
"Favorable Review","i7u6gAdNcyIyyo3h","quiet","Reviewed private perception, prepared benefit, support, cleansing, object or casting-only illustration. No wound restoration, chosen voice/material, future impact or successful outcome is inferred; audio remains customizable.","","","",""
"Fear","4koZzrnMXhhosn0D","fear","Fear effect uses a short ominous cue, without creature injury sounds.","ggg-sfx.magic.occult.curse.general.02.01","","",""
"Fear the Sun","vctIUOOgSmxAF0KG","quiet","Private perception, belief, a spoken secret or a prepared contingency; symbolic public artwork does not establish an audible fear or damage event.","","","",""
"Fearful Feast","0qA4MfMkFklOz2Lk","drain","Confidence is inhaled from the victim; a finite energy draw follows the returning strand. Save-dependent healing is not played.","ggg-sfx.magic.occult.siphon.01.01","psfx.ranged-magic.generic.energy-strands.001.15ft","",""
"Feast of Ashes","siU9xRlqWXeKT0mH","quiet","No unambiguous audible effect in description; quiet by default.","","","",""
"Feast of Supplication","bS3DW0MptpnZl5Zr","quiet","No unambiguous audible effect in description; quiet by default.","","","",""
"Feet to Fins","RvBlSIJmxiqfCpR9","transform","Brief transformation cue; no assumed animal voice.","ggg-sfx.magic.primal.cast.general.03.01","","",""
"Feral Shades","Ru9v8U9IRk3LtWx8","void","Description and void treatment support a void effect cue.","ggg-sfx.magic.occult.pulse.01.abyss","psfx.impacts.magicaleffects.necrotic","",""
"Ferrous Form","89Hj5QuqvcwVXcqj","healing","Description restores health; gentle restorative cue.","ggg-sfx.magic.divine.healing.01.01 | ggg-sfx.magic.divine.healing.01.02 | ggg-sfx.magic.divine.healing.01.03 | ggg-sfx.magic.divine.healing.01.04 | ggg-sfx.magic.divine.healing.02.mass_healing.01.01 | ggg-sfx.magic.divine.healing.02.mass_healing.01.02","psfx.1st-level-spells.cure-wounds.v1.001","",""
"Fetch","tcJqieDJgyrVavKu","summon","Summoning arrival; creature species remains player choice.","ggg-sfx.magic.primal.cast.general.03.01","psfx.magic-signs.circle.v1.conjuration.intro | psfx.magic-signs.circle.v1.conjuration.intro-fade","",""
"Fey Abeyance","GzlVI3qYdCtUigLz","quiet","No unambiguous audible effect in description; quiet by default.","","","",""
"Fey Disappearance","mBojKJatf9PTYC38","quiet","Reviewed private perception, prepared benefit, support, cleansing, object or casting-only illustration. No wound restoration, chosen voice/material, future impact or successful outcome is inferred; audio remains customizable.","","","",""
"Fey Form","Qu4IThrk1wpONwjT","transform","Brief transformation cue; no assumed animal voice.","ggg-sfx.magic.primal.cast.general.03.01","","",""
"Fey Glamour","DdXKfIjDtORUtUvY","quiet","No unambiguous audible effect in description; quiet by default.","","","",""
"Field of Life","x5rGOmhDRDVQPrnW","healing","Description restores health; gentle restorative cue.","ggg-sfx.magic.divine.healing.01.01 | ggg-sfx.magic.divine.healing.01.02 | ggg-sfx.magic.divine.healing.01.03 | ggg-sfx.magic.divine.healing.01.04 | ggg-sfx.magic.divine.healing.02.mass_healing.01.01 | ggg-sfx.magic.divine.healing.02.mass_healing.01.02","psfx.1st-level-spells.cure-wounds.v1.001","",""
"Field of Razors","MLYTWHfewOpI3Cz7","quiet","Metal dust becomes a barbed area. Its movement-triggered damage occurs later; no immediate anvil blow is inferred.","","","",""
"Fiendish Rift","oQXM2XeIDGOmFuZr","quiet","No unambiguous audible effect in description; quiet by default.","","","",""
"Fiery Body","XS7Wyh5YC0NWeWyB","transform","Brief transformation cue; no assumed animal voice.","ggg-sfx.magic.primal.cast.general.03.01","","",""
"Figment","0zU8CPejjQFnhZFI","quiet","Silent, subtle or private communication; no public sound cue.","","","",""
"Filter Air","GgrrcKQgJH2Eykq1","quiet","Silent, subtle or private communication; no public sound cue.","","","",""
"Final Fate of the Locust Host","bIz6QnUIxu5Z7vEH","quiet","No unambiguous audible effect in description; quiet by default.","","","",""
"Final Sacrifice","x0rWq0wS06dns4G2","fire","Description and fire treatment support a fire effect cue.","ggg-sfx.magic.fire.ignite.01.01 | ggg-sfx.magic.fire.impact.general.01.01 | ggg-sfx.magic.fire.impact.general.01.02 | ggg-sfx.magic.fire.impact.general.02.01 | ggg-sfx.magic.fire.impact.general.02.02 | ggg-sfx.magic.fire.impact.general.02.03","psfx.cantrips.create-bonfire.v1.001 | psfx.casting.fire-side.001 | psfx.casting.fire.001","",""
"Fire Ray","oJKZi8OQgmVXHOc0","fireRay","Reviewed native fire-spell casting event; deferred ignition, internal heat and unresolved choices do not play explosion audio.","ggg-sfx.magic.fire.surge.flames.01.01 | ggg-sfx.magic.fire.surge.flames.01.02","psfx.2nd-level-spells.scorching-ray.v1.15ft","",""
"Fire Seeds","kuoYff1csM5eAcAP","fire","Description and fire treatment support a fire effect cue.","ggg-sfx.magic.fire.ignite.01.01 | ggg-sfx.magic.fire.impact.general.01.01 | ggg-sfx.magic.fire.impact.general.01.02 | ggg-sfx.magic.fire.impact.general.02.01 | ggg-sfx.magic.fire.impact.general.02.02 | ggg-sfx.magic.fire.impact.general.02.03","psfx.cantrips.create-bonfire.v1.001 | psfx.casting.fire-side.001 | psfx.casting.fire.001","",""
"Fire Shield","YrzBLPLd3r9m6t1p","shield","Protective field; short ward activation.","ggg-sfx.magic.divine.buff.ward.01.01","psfx.1st-level-spells.shield-spell.intro.v1.003","",""
"Fire's Pathway","nnYxDWU3Vzg9WenB","quiet","Reviewed private perception, prepared benefit, support, cleansing, object or casting-only illustration. No wound restoration, chosen voice/material, future impact or successful outcome is inferred; audio remains customizable.","","","",""
"Fireball","sxQZ6yqTn0czJxVd","fireball","Fire gathers, then detonates in a roaring area blast.","ggg-sfx.magic.fire.fireball.01.large.cast.01 | ggg-sfx.magic.fire.fireball.01.large.cast.02 | ggg-sfx.magic.fire.fireball.01.large.cast.03 | ggg-sfx.magic.fire.fireball.01.medium.cast.01 | ggg-sfx.magic.fire.fireball.01.medium.cast.02 | ggg-sfx.magic.fire.fireball.01.medium.cast.03 | ggg-sfx.magic.fire.fireball.01.large.impact.01 | ggg-sfx.magic.fire.fireball.01.large.impact.02 | ggg-sfx.magic.fire.fireball.01.large.impact.03 | ggg-sfx.magic.fire.fireball.01.medium.impact.01 | ggg-sfx.magic.fire.fireball.01.medium.impact.02 | ggg-sfx.magic.fire.fireball.01.medium.impact.03","psfx.casting.fire-side.001 | psfx.casting.fire.001 | psfx.3rd-level-spells.fireball.v1.001.explosion","",""
"Fireproof","QLTgY1AqFvX82vq2","quiet","No unambiguous audible effect in description; quiet by default.","","","",""
"Firework Blast","1OiPVy1wuoXi6LR5","sonic","Reviewed native fire-spell casting event; deferred ignition, internal heat and unresolved choices do not play explosion audio.","ggg-sfx.magic.sonic.slam.01.01 | ggg-sfx.magic.sonic.slam.01.02 | ggg-sfx.magic.sonic.slam.01.03 | ggg-sfx.magic.sonic.slam.01.04 | ggg-sfx.magic.sonic.slam.01.05 | ggg-sfx.magic.sonic.slam.01.06","psfx.cantrips.thunderclap.v1","",""
"Fishing Spot","qJ7GCq9su3DKHFtR","quiet","No unambiguous audible effect in description; quiet by default.","","","",""
"Flame Barrier","y7Tusv3CieZktkkV","shield","Protective field; short ward activation.","ggg-sfx.magic.divine.buff.ward.01.01","psfx.1st-level-spells.shield-spell.intro.v1.003","",""
"Flame Dancer","p6ebe2PliRkGbmiV","fire","Description and fire treatment support a fire effect cue.","ggg-sfx.magic.fire.ignite.01.01 | ggg-sfx.magic.fire.impact.general.01.01 | ggg-sfx.magic.fire.impact.general.01.02 | ggg-sfx.magic.fire.impact.general.02.01 | ggg-sfx.magic.fire.impact.general.02.02 | ggg-sfx.magic.fire.impact.general.02.03","psfx.cantrips.create-bonfire.v1.001 | psfx.casting.fire-side.001 | psfx.casting.fire.001","",""
"Flame Strike","E3X2RbzWHCdz7gsk","fire","Description and fire treatment support a fire effect cue.","ggg-sfx.magic.fire.ignite.01.01 | ggg-sfx.magic.fire.impact.general.01.01 | ggg-sfx.magic.fire.impact.general.01.02 | ggg-sfx.magic.fire.impact.general.02.01 | ggg-sfx.magic.fire.impact.general.02.02 | ggg-sfx.magic.fire.impact.general.02.03","psfx.cantrips.create-bonfire.v1.001 | psfx.casting.fire-side.001 | psfx.casting.fire.001","",""
"Flame Vortex","Gn5deIoobHpd3SiR","fire","Description and fire treatment support a fire effect cue.","ggg-sfx.magic.fire.ignite.01.01 | ggg-sfx.magic.fire.impact.general.01.01 | ggg-sfx.magic.fire.impact.general.01.02 | ggg-sfx.magic.fire.impact.general.02.01 | ggg-sfx.magic.fire.impact.general.02.02 | ggg-sfx.magic.fire.impact.general.02.03","psfx.cantrips.create-bonfire.v1.001 | psfx.casting.fire-side.001 | psfx.casting.fire.001","",""
"Flame Wisp","3q9tBMWsWQKlXPPJ","fire","Description and fire treatment support a fire effect cue.","ggg-sfx.magic.fire.ignite.01.01 | ggg-sfx.magic.fire.impact.general.01.01 | ggg-sfx.magic.fire.impact.general.01.02 | ggg-sfx.magic.fire.impact.general.02.01 | ggg-sfx.magic.fire.impact.general.02.02 | ggg-sfx.magic.fire.impact.general.02.03","psfx.cantrips.create-bonfire.v1.001 | psfx.casting.fire-side.001 | psfx.casting.fire.001","",""
"Flames of Ego","ZClfmMoKG3E926Uq","fire","Description and fire treatment support a fire effect cue.","ggg-sfx.magic.fire.ignite.01.01 | ggg-sfx.magic.fire.impact.general.01.01 | ggg-sfx.magic.fire.impact.general.01.02 | ggg-sfx.magic.fire.impact.general.02.01 | ggg-sfx.magic.fire.impact.general.02.02 | ggg-sfx.magic.fire.impact.general.02.03","psfx.cantrips.create-bonfire.v1.001 | psfx.casting.fire-side.001 | psfx.casting.fire.001","",""
"Flaming Fusillade","bynT1UKaDqr8dLNM","fire","Description and fire treatment support a fire effect cue.","ggg-sfx.magic.fire.ignite.01.01 | ggg-sfx.magic.fire.impact.general.01.01 | ggg-sfx.magic.fire.impact.general.01.02 | ggg-sfx.magic.fire.impact.general.02.01 | ggg-sfx.magic.fire.impact.general.02.02 | ggg-sfx.magic.fire.impact.general.02.03","psfx.cantrips.create-bonfire.v1.001 | psfx.casting.fire-side.001 | psfx.casting.fire.001","",""
"Flammable Fumes","6AqH5SGchbdhOJxA","poison","Description and poison treatment support a poison effect cue.","ggg-sfx.magic.acid.cast.general.01.01 | ggg-sfx.magic.acid.cast.general.01.02 | ggg-sfx.magic.acid.cast.general.02.01 | ggg-sfx.magic.acid.cast.general.03.01 | ggg-sfx.magic.acid.cast.general.03.02 | ggg-sfx.magic.acid.impact.01.01","psfx.cantrips.poison-spray.v1","",""
"Flashy Disappearance","YgbYvkLvnWJ4WfEA","quiet","No unambiguous audible effect in description; quiet by default.","","","",""
"Fleet Step","aEM2cttJ2eYcLssW","quiet","No unambiguous audible effect in description; quiet by default.","","","",""
"Flense","WV2aMNN9DO5ZBjSv","quiet","No unambiguous audible effect in description; quiet by default.","","","",""
"Flesh Tsunami","jtACJQc6n9ZaG9kA","quiet","No unambiguous audible effect in description; quiet by default.","","","",""
"Flicker","zR67Rt3UMHKC5evy","summon","Summoning arrival; creature species remains player choice.","ggg-sfx.magic.primal.cast.general.03.01","psfx.magic-signs.circle.v1.conjuration.intro | psfx.magic-signs.circle.v1.conjuration.intro-fade","",""
"Floating Flame","2ZdHjnpEQJuqOYSG","fire","Description and fire treatment support a fire effect cue.","ggg-sfx.magic.fire.ignite.01.01 | ggg-sfx.magic.fire.impact.general.01.01 | ggg-sfx.magic.fire.impact.general.01.02 | ggg-sfx.magic.fire.impact.general.02.01 | ggg-sfx.magic.fire.impact.general.02.02 | ggg-sfx.magic.fire.impact.general.02.03","psfx.cantrips.create-bonfire.v1.001 | psfx.casting.fire-side.001 | psfx.casting.fire.001","",""
"Floating Harness","aZHjRVBDV9dyo1ro","quiet","Quiet support, a connection or a player-chosen object operation; no metal chain clank, selected object material, future movement or success sound is inferred.","","","",""
"Flourishing Flora","b6AQvzs8EotmlK56","growth","Description and plant treatment support a growth effect cue.","ggg-sfx.magic.primal.growth.01.01","psfx.1st-level-spells.entangle.vines.v1.001.intro","",""
"Flowing Strike","zCLyETFoPqCQXLVy","water","Description and water treatment support a water effect cue.","ggg-sfx.magic.water.impact.general.01.01 | ggg-sfx.magic.water.impact.general.01.02 | ggg-sfx.magic.water.impact.general.01.03 | ggg-sfx.magic.water.impact.general.01.04 | ggg-sfx.magic.water.impact.general.01.05 | ggg-sfx.magic.water.impact.general.01.06","psfx.casting.water.001","modules/soundfxlibrary/Misc/Single/Water Splash/water-splash-1.mp3 | modules/soundfxlibrary/Misc/Single/Water Splash/water-splash-2.mp3 | modules/soundfxlibrary/Misc/Single/Water Splash/water-splash-3.mp3 | modules/soundfxlibrary/Misc/Single/Water Splash/water-splash-4.mp3",""
"Flurry of Claws","K8vvrOgW4bGakXxm","quiet","No unambiguous audible effect in description; quiet by default.","","","",""
"Fly","A2JfEKe6BZcTG1S8","quiet","No unambiguous audible effect in description; quiet by default.","","","",""
"Focusing Hum","28kgh0JzBO6pt38C","quiet","No unambiguous audible effect in description; quiet by default.","","","",""
"Fold Metal","yD819yTgbBFcCh5M","quiet","An object is magically reshaped; no anvil strike, hammering, or impact is described.","","","",""
"Font of Serenity","yY1H5zhO5dHmD8lz","quiet","No unambiguous audible effect in description; quiet by default.","","","",""
"Footholds and Foothills","QGfVFyQhoalZbE9s","quiet","No unambiguous audible effect in description; quiet by default.","","","",""
"For Love, For Lightning","mtxMpGWpwwWSbySj","electric","Description and electricity treatment support a electric effect cue.","ggg-sfx.magic.electricity.impact.general.01.01 | ggg-sfx.magic.electricity.impact.general.01.02 | ggg-sfx.magic.electricity.impact.general.01.03 | ggg-sfx.magic.electricity.zap.01.01","psfx.impacts.magicaleffects.lightning | psfx.impacts.magicaleffects.lightning | psfx.impacts.magicaleffects.lightning | psfx.impacts.magicaleffects.lightning | psfx.impacts.magicaleffects.lightning","modules/soundfxlibrary/Combat/Single/Spell Impact Lightning/spell-impact-lightning-1.mp3 | modules/soundfxlibrary/Combat/Single/Spell Impact Lightning/spell-impact-lightning-2.mp3 | modules/soundfxlibrary/Combat/Single/Spell Impact Lightning/spell-impact-lightning-3.mp3 | modules/soundfxlibrary/Combat/Single/Spell Impact Lightning/spell-impact-lightning-4.mp3",""
"Foraging Friends","qdfV4y8B6mbg4Fnm","quiet","No unambiguous audible effect in description; quiet by default.","","","",""
"Forbidden Thought","lpoWfblSMLcJfxsZ","psychic","Psychic attack uses a short mental pulse, without spoken voices.","","psfx.cantrips.mind-sliver.v1","",""
"Forbidding Ward","RA7VKcen3p56rVyZ","shield","Protective field; short ward activation.","ggg-sfx.magic.divine.buff.ward.01.01","psfx.1st-level-spells.shield-spell.intro.v1.003","",""
"Force Barrage","gKKqvLohtrSJj3BM","forceMissile","Homing force missiles; missile release cue.","ggg-sfx.magic.arcane.cast.missiles.02.01 | ggg-sfx.magic.arcane.cast.missiles.02.02 | ggg-sfx.magic.arcane.cast.missiles.02.03 | ggg-sfx.magic.arcane.cast.missiles.02.04 | ggg-sfx.magic.arcane.cast.missiles.02.05 | ggg-sfx.magic.arcane.cast.missiles.02.06","psfx.1st-level-spells.magic-missile.v1.15ft","",""
"Force Bolt","Hu38hoAUSYeFpkVa","force","Description and force treatment support a force effect cue.","ggg-sfx.magic.arcane.impact.blast.01.01 | ggg-sfx.magic.arcane.impact.blast.01.02 | ggg-sfx.magic.arcane.impact.blast.01.03 | ggg-sfx.magic.arcane.impact.blast.01.04","psfx.ranged-magic.generic.beam.001","modules/soundfxlibrary/Combat/Single/Spell Impact/spell-impact-1.mp3 | modules/soundfxlibrary/Combat/Single/Spell Impact/spell-impact-2.mp3 | modules/soundfxlibrary/Combat/Single/Spell Impact/spell-impact-3.mp3 | modules/soundfxlibrary/Combat/Single/Spell Impact/spell-impact-4.mp3 | modules/soundfxlibrary/Combat/Single/Spell Impact/spell-impact-5.mp3 | modules/soundfxlibrary/Combat/Single/Spell Impact/spell-impact-6.mp3",""
"Force Fang","9mPEoOPN0AMuixIv","force","Description and force treatment support a force effect cue.","ggg-sfx.magic.arcane.impact.blast.01.01 | ggg-sfx.magic.arcane.impact.blast.01.02 | ggg-sfx.magic.arcane.impact.blast.01.03 | ggg-sfx.magic.arcane.impact.blast.01.04","psfx.ranged-magic.generic.beam.001","modules/soundfxlibrary/Combat/Single/Spell Impact/spell-impact-1.mp3 | modules/soundfxlibrary/Combat/Single/Spell Impact/spell-impact-2.mp3 | modules/soundfxlibrary/Combat/Single/Spell Impact/spell-impact-3.mp3 | modules/soundfxlibrary/Combat/Single/Spell Impact/spell-impact-4.mp3 | modules/soundfxlibrary/Combat/Single/Spell Impact/spell-impact-5.mp3 | modules/soundfxlibrary/Combat/Single/Spell Impact/spell-impact-6.mp3",""
"Force Fling","cd6cVkRwleJvAY68","quiet","No unambiguous audible effect in description; quiet by default.","","","",""
"Force Rain","3zw2UJPEdRSLzigN","force","Description and force treatment support a force effect cue.","ggg-sfx.magic.arcane.impact.blast.01.01 | ggg-sfx.magic.arcane.impact.blast.01.02 | ggg-sfx.magic.arcane.impact.blast.01.03 | ggg-sfx.magic.arcane.impact.blast.01.04","psfx.ranged-magic.generic.beam.001","modules/soundfxlibrary/Combat/Single/Spell Impact/spell-impact-1.mp3 | modules/soundfxlibrary/Combat/Single/Spell Impact/spell-impact-2.mp3 | modules/soundfxlibrary/Combat/Single/Spell Impact/spell-impact-3.mp3 | modules/soundfxlibrary/Combat/Single/Spell Impact/spell-impact-4.mp3 | modules/soundfxlibrary/Combat/Single/Spell Impact/spell-impact-5.mp3 | modules/soundfxlibrary/Combat/Single/Spell Impact/spell-impact-6.mp3",""
"Forced Mercy","BQMEaeJiEFC1nepg","psychic","Psychic attack uses a short mental pulse, without spoken voices.","","psfx.cantrips.mind-sliver.v1","",""
"Forced Quiet","k43PIYwuQqjeJ3S3","quiet","Bodily support, temporary vitality, sensory loss or internal discomfort; no healing, injury, growl or sonic blast is inferred.","","","",""
"Forceful Hand","rMGkk23qWvxTmgA8","shield","Protective field; short ward activation.","ggg-sfx.magic.divine.buff.ward.01.01","psfx.1st-level-spells.shield-spell.intro.v1.003","",""
"Foresee the Path","s4HTepjhQWV1yfBs","quiet","No unambiguous audible effect in description; quiet by default.","","","",""
"Foresight","qsNeG9KZpODSACMq","quiet","No unambiguous audible effect in description; quiet by default.","","","",""
"Forest of Gates","oKC36WjFD1jgqUN5","healing","Description restores health; gentle restorative cue.","ggg-sfx.magic.divine.healing.01.01 | ggg-sfx.magic.divine.healing.01.02 | ggg-sfx.magic.divine.healing.01.03 | ggg-sfx.magic.divine.healing.01.04 | ggg-sfx.magic.divine.healing.02.mass_healing.01.01 | ggg-sfx.magic.divine.healing.02.mass_healing.01.02","psfx.1st-level-spells.cure-wounds.v1.001","",""
"Forge","FTR8m4qrhYzTRyrD","fire","Description and fire treatment support a fire effect cue.","ggg-sfx.magic.fire.ignite.01.01 | ggg-sfx.magic.fire.impact.general.01.01 | ggg-sfx.magic.fire.impact.general.01.02 | ggg-sfx.magic.fire.impact.general.02.01 | ggg-sfx.magic.fire.impact.general.02.02 | ggg-sfx.magic.fire.impact.general.02.03","psfx.cantrips.create-bonfire.v1.001 | psfx.casting.fire-side.001 | psfx.casting.fire.001","",""
"Forgotten Lines","u0AtDZs6BhBPtjEs","quiet","No unambiguous audible effect in description; quiet by default.","","","",""
"Form of the Sandpoint Devil","FKtPRWcs4zhwn9N1","quiet","No unambiguous audible effect in description; quiet by default.","","","",""
"Fortify Summoning","tWzxuJdbXqvskdIo","transform","Complete description transforms and fortifies an existing summoned ally's body; finite transformation cue, not another summoning arrival or creature voice.","ggg-sfx.magic.primal.cast.general.03.01","","",""
"Fortifying Brew","yRf59eFtZ50cGlem","quiet","No unambiguous audible effect in description; quiet by default.","","","",""
"Fortissimo Composition","kF0rs9mCPvJGfAZE","quiet","This preparation improves the next composition, rather than performing that composition now; its later music receives no premature cue.","","","",""
"Foul Miasma","6nTBr5XNuKOuPM5m","quiet","No unambiguous audible effect in description; quiet by default.","","","",""
"Fractious Echo","0KI1hoBAevIc9xoS","quiet","No unambiguous audible effect in description; quiet by default.","","","",""
"Freedom","4ddJSjC9Zz5DX0oG","quiet","No unambiguous audible effect in description; quiet by default.","","","",""
"Freeze Time","1dsahW4g1ggXtypx","time","Temporal effect uses a short time-shift cue.","ggg-sfx.magic.time.reverse.01.01 | ggg-sfx.magic.time.reverse.01.02 | ggg-sfx.magic.time.reverse.01.03 | ggg-sfx.magic.time.reverse.01.04","","",""
"Freezing Rain","9AZEObUdLI2fwmPl","cold","Description and cold treatment support a cold effect cue.","ggg-sfx.magic.ice.freeze.01.01 | ggg-sfx.magic.ice.freeze.02.01 | ggg-sfx.magic.ice.freeze.03.01 | ggg-sfx.magic.ice.freeze.03.02 | ggg-sfx.magic.ice.freeze.04.01 | ggg-sfx.magic.ice.freeze.04.02","psfx.impacts.magicaleffects.cold","",""
"Freezing Touch","v2KE1ueuO5EjvF78","cold","Description and cold treatment support a cold effect cue.","ggg-sfx.magic.ice.freeze.01.01 | ggg-sfx.magic.ice.freeze.02.01 | ggg-sfx.magic.ice.freeze.03.01 | ggg-sfx.magic.ice.freeze.03.02 | ggg-sfx.magic.ice.freeze.04.01 | ggg-sfx.magic.ice.freeze.04.02","psfx.impacts.magicaleffects.cold","",""
"Frenzied Revelry","fxRaWoeOGyi6THYH","quiet","No unambiguous audible effect in description; quiet by default.","","","",""
"Friendfetch","TjrZGl8z2INgf3vi","quiet","No unambiguous audible effect in description; quiet by default.","","","",""
"Friendly Push","cCFDnmFB1EGeQUeA","quiet","Quiet support, a connection or a player-chosen object operation; no metal chain clank, selected object material, future movement or success sound is inferred.","","","",""
"Friends to Foes","IKBjimvThvQIu2sO","quiet","Private perception, belief, a spoken secret or a prepared contingency; symbolic public artwork does not establish an audible fear or damage event.","","","",""
"Frigid Flurry","vFkz0gVBUT2gGnm1","cold","Description and cold treatment support a cold effect cue.","ggg-sfx.magic.ice.freeze.01.01 | ggg-sfx.magic.ice.freeze.02.01 | ggg-sfx.magic.ice.freeze.03.01 | ggg-sfx.magic.ice.freeze.03.02 | ggg-sfx.magic.ice.freeze.04.01 | ggg-sfx.magic.ice.freeze.04.02","psfx.impacts.magicaleffects.cold","",""
"Frog Tongue","cnRltZAjU9aCklqz","earth","Description and earth treatment support a earth effect cue.","ggg-sfx.magic.earth.impact.general.01.muffled.01 | ggg-sfx.magic.earth.impact.general.01.muffled.02 | ggg-sfx.magic.earth.impact.general.01.muffled.03 | ggg-sfx.magic.earth.impact.general.01.normal.01 | ggg-sfx.magic.earth.impact.general.01.normal.02 | ggg-sfx.magic.earth.impact.general.01.normal.03","psfx.casting.earth.001","",""
"Frost Pillar","R5r4vtmlvOA8hDiF","cold","Description and cold treatment support a cold effect cue.","ggg-sfx.magic.ice.freeze.01.01 | ggg-sfx.magic.ice.freeze.02.01 | ggg-sfx.magic.ice.freeze.03.01 | ggg-sfx.magic.ice.freeze.03.02 | ggg-sfx.magic.ice.freeze.04.01 | ggg-sfx.magic.ice.freeze.04.02","psfx.impacts.magicaleffects.cold","",""
"Frost's Touch","WFSazGLCUuPsBv1p","cold","Description and cold treatment support a cold effect cue.","ggg-sfx.magic.ice.freeze.01.01 | ggg-sfx.magic.ice.freeze.02.01 | ggg-sfx.magic.ice.freeze.03.01 | ggg-sfx.magic.ice.freeze.03.02 | ggg-sfx.magic.ice.freeze.04.01 | ggg-sfx.magic.ice.freeze.04.02","psfx.impacts.magicaleffects.cold","",""
"Frostbite","IxhGEKl63R4QBvkj","cold","Description and cold treatment support a cold effect cue.","ggg-sfx.magic.ice.freeze.01.01 | ggg-sfx.magic.ice.freeze.02.01 | ggg-sfx.magic.ice.freeze.03.01 | ggg-sfx.magic.ice.freeze.03.02 | ggg-sfx.magic.ice.freeze.04.01 | ggg-sfx.magic.ice.freeze.04.02","psfx.impacts.magicaleffects.cold","",""
"Frozen Fog","nOVSmPZsCm1C1sI3","cold","Description and cold treatment support a cold effect cue.","ggg-sfx.magic.ice.freeze.01.01 | ggg-sfx.magic.ice.freeze.02.01 | ggg-sfx.magic.ice.freeze.03.01 | ggg-sfx.magic.ice.freeze.03.02 | ggg-sfx.magic.ice.freeze.04.01 | ggg-sfx.magic.ice.freeze.04.02","psfx.impacts.magicaleffects.cold","",""
"Frozen Lungs","g90j3T60ScfWQZaf","cold","Description and cold treatment support a cold effect cue.","ggg-sfx.magic.ice.freeze.01.01 | ggg-sfx.magic.ice.freeze.02.01 | ggg-sfx.magic.ice.freeze.03.01 | ggg-sfx.magic.ice.freeze.03.02 | ggg-sfx.magic.ice.freeze.04.01 | ggg-sfx.magic.ice.freeze.04.02","psfx.impacts.magicaleffects.cold","",""
"Fulminating Impact","vNc9vsGyb27POoES","electric","Description and electricity treatment support a electric effect cue.","ggg-sfx.magic.electricity.impact.general.01.01 | ggg-sfx.magic.electricity.impact.general.01.02 | ggg-sfx.magic.electricity.impact.general.01.03 | ggg-sfx.magic.electricity.zap.01.01","psfx.impacts.magicaleffects.lightning | psfx.impacts.magicaleffects.lightning | psfx.impacts.magicaleffects.lightning | psfx.impacts.magicaleffects.lightning | psfx.impacts.magicaleffects.lightning","modules/soundfxlibrary/Combat/Single/Spell Impact Lightning/spell-impact-lightning-1.mp3 | modules/soundfxlibrary/Combat/Single/Spell Impact Lightning/spell-impact-lightning-2.mp3 | modules/soundfxlibrary/Combat/Single/Spell Impact Lightning/spell-impact-lightning-3.mp3 | modules/soundfxlibrary/Combat/Single/Spell Impact Lightning/spell-impact-lightning-4.mp3",""
"Funeral Flames","5KmyO4YSGEAUdgAS","fire","Description and fire treatment support a fire effect cue.","ggg-sfx.magic.fire.ignite.01.01 | ggg-sfx.magic.fire.impact.general.01.01 | ggg-sfx.magic.fire.impact.general.01.02 | ggg-sfx.magic.fire.impact.general.02.01 | ggg-sfx.magic.fire.impact.general.02.02 | ggg-sfx.magic.fire.impact.general.02.03","psfx.cantrips.create-bonfire.v1.001 | psfx.casting.fire-side.001 | psfx.casting.fire.001","",""
"Fungal Exhalation","H481wmQUtEUhxHzi","poison","Description and poison treatment support a poison effect cue.","ggg-sfx.magic.acid.cast.general.01.01 | ggg-sfx.magic.acid.cast.general.01.02 | ggg-sfx.magic.acid.cast.general.02.01 | ggg-sfx.magic.acid.cast.general.03.01 | ggg-sfx.magic.acid.cast.general.03.02 | ggg-sfx.magic.acid.impact.01.01","psfx.cantrips.poison-spray.v1","",""
"Fungal Hyphae","oNUyCqbpGWHifS02","quiet","No unambiguous audible effect in description; quiet by default.","","","",""
"Fungal Infestation","3VxVbZqIRvpKkg3O","poison","Description and poison treatment support a poison effect cue.","ggg-sfx.magic.acid.cast.general.01.01 | ggg-sfx.magic.acid.cast.general.01.02 | ggg-sfx.magic.acid.cast.general.02.01 | ggg-sfx.magic.acid.cast.general.03.01 | ggg-sfx.magic.acid.cast.general.03.02 | ggg-sfx.magic.acid.impact.01.01","psfx.cantrips.poison-spray.v1","",""
"Gale Blast","dDiOnjcsBFbAvP6t","wind","Description and wind treatment support a wind effect cue.","ggg-sfx.magic.air.wind.gust.long.01.01 | ggg-sfx.magic.air.wind.gust.long.01.02 | ggg-sfx.magic.air.wind.gust.long.01.03 | ggg-sfx.magic.air.wind.gust.long.01.04 | ggg-sfx.magic.air.wind.gust.long.01.05","psfx.cantrips.gust.v1","",""
"Garden of Death","nEXkk85BQu1cREa4","quiet","No unambiguous audible effect in description; quiet by default.","","","",""
"Garden of Healing","w4M6Vqvq8k6MOFvj","healing","Description restores health; gentle restorative cue.","ggg-sfx.magic.divine.healing.01.01 | ggg-sfx.magic.divine.healing.01.02 | ggg-sfx.magic.divine.healing.01.03 | ggg-sfx.magic.divine.healing.01.04 | ggg-sfx.magic.divine.healing.02.mass_healing.01.01 | ggg-sfx.magic.divine.healing.02.mass_healing.01.02","psfx.1st-level-spells.cure-wounds.v1.001","",""
"Garden of Stone","YZiPAxdZFYXu6BvA","earth","Description and earth treatment support a earth effect cue.","ggg-sfx.magic.earth.impact.general.01.muffled.01 | ggg-sfx.magic.earth.impact.general.01.muffled.02 | ggg-sfx.magic.earth.impact.general.01.muffled.03 | ggg-sfx.magic.earth.impact.general.01.normal.01 | ggg-sfx.magic.earth.impact.general.01.normal.02 | ggg-sfx.magic.earth.impact.general.01.normal.03","psfx.casting.earth.001","",""
"Garden of the Green Man's Growth","jQgX7zChqjFrU7Q1","quiet","No unambiguous audible effect in description; quiet by default.","","","",""
"Gasping Marsh","kvZCQz4NoMAfjvif","poison","Description and poison treatment support a poison effect cue.","ggg-sfx.magic.acid.cast.general.01.01 | ggg-sfx.magic.acid.cast.general.01.02 | ggg-sfx.magic.acid.cast.general.02.01 | ggg-sfx.magic.acid.cast.general.03.01 | ggg-sfx.magic.acid.cast.general.03.02 | ggg-sfx.magic.acid.impact.01.01","psfx.cantrips.poison-spray.v1","",""
"Gate","U13bC0tNgrlHoeTK","summon","Summoning arrival; creature species remains player choice.","ggg-sfx.magic.primal.cast.general.03.01","psfx.magic-signs.circle.v1.conjuration.intro | psfx.magic-signs.circle.v1.conjuration.intro-fade","",""
"Gathering Call","nzbnTqHgNKiGZkrZ","teleport","Spatial effect uses a short departure/arrival cue.","ggg-sfx.magic.occult.movement.teleportation.01.01 | ggg-sfx.magic.occult.movement.teleportation.01.02 | ggg-sfx.magic.occult.movement.teleportation.01.03 | ggg-sfx.magic.occult.movement.teleportation.01.04 | ggg-sfx.magic.occult.movement.teleportation.01.05","psfx.2nd-level-spells.misty-step.v1.intro.generic","",""
"Geas","Q690d3mw3TUrKX7E","quiet","No unambiguous audible effect in description; quiet by default.","","","",""
"Gecko Grip","5KobTMrZeZxuXMgl","quiet","Bodily support, temporary vitality, sensory loss or internal discomfort; no healing, injury, growl or sonic blast is inferred.","","","",""
"Genie's Veil","OyiKIbWllLZC6sGz","quiet","The stated visual or selected-element illustration does not establish an audible strike, animal voice, explosion or large splash; optional sound remains customizable.","","","",""
"Gentle Breeze","C0D2eqzTAhiKm4j9","healing","Description restores health; gentle restorative cue.","ggg-sfx.magic.divine.healing.01.01 | ggg-sfx.magic.divine.healing.01.02 | ggg-sfx.magic.divine.healing.01.03 | ggg-sfx.magic.divine.healing.01.04 | ggg-sfx.magic.divine.healing.02.mass_healing.01.01 | ggg-sfx.magic.divine.healing.02.mass_healing.01.02","psfx.1st-level-spells.cure-wounds.v1.001","",""
"Gentle Landing","TTwOKGqmZeKSyNMH","wind","Description and wind treatment support a wind effect cue.","ggg-sfx.magic.air.wind.gust.long.01.01 | ggg-sfx.magic.air.wind.gust.long.01.02 | ggg-sfx.magic.air.wind.gust.long.01.03 | ggg-sfx.magic.air.wind.gust.long.01.04 | ggg-sfx.magic.air.wind.gust.long.01.05","psfx.cantrips.gust.v1","",""
"Geyser","i88Vi47PDDoP6gQv","water","Reviewed native fire-spell casting event; deferred ignition, internal heat and unresolved choices do not play explosion audio.","ggg-sfx.magic.water.impact.general.01.01 | ggg-sfx.magic.water.impact.general.01.02 | ggg-sfx.magic.water.impact.general.01.03 | ggg-sfx.magic.water.impact.general.01.04 | ggg-sfx.magic.water.impact.general.01.05 | ggg-sfx.magic.water.impact.general.01.06","psfx.casting.water.001","modules/soundfxlibrary/Misc/Single/Water Splash/water-splash-1.mp3 | modules/soundfxlibrary/Misc/Single/Water Splash/water-splash-2.mp3 | modules/soundfxlibrary/Misc/Single/Water Splash/water-splash-3.mp3 | modules/soundfxlibrary/Misc/Single/Water Splash/water-splash-4.mp3",""
"Ghost Rush","En8nopUHntFw68tk","quiet","No unambiguous audible effect in description; quiet by default.","","","",""
"Ghost Sound","atlgGNI1E1Ox3O3a","quiet","Player chooses the sound or silence; choose an audio file in Customize.","","","",""
"Ghostly Carrier","rthC6dGm3nNrt1xN","quiet","Reviewed private perception, prepared benefit, support, cleansing, object or casting-only illustration. No wound restoration, chosen voice/material, future impact or successful outcome is inferred; audio remains customizable.","","","",""
"Ghostly Shift","JqHAxsMUZ4Mr5bTr","quiet","No unambiguous audible effect in description; quiet by default.","","","",""
"Ghostly Tragedy","WVc30DGbM7TRLLul","quiet","No unambiguous audible effect in description; quiet by default.","","","",""
"Ghostly Transcription","vhe9DduqaivMs8FV","quiet","No unambiguous audible effect in description; quiet by default.","","","",""
"Ghostly Weapon","AMEu5zzLN7uCX645","quiet","No unambiguous audible effect in description; quiet by default.","","","",""
"Ghoulish Cravings","JhRuR7Jj3ViShpq7","quiet","No unambiguous audible effect in description; quiet by default.","","","",""
"Gift of the Anemos","x2Gf3lt64eoMocMd","quiet","No unambiguous audible effect in description; quiet by default.","","","",""
"Girzanje's March","pLEhF3f7KRxFo0vp","song","Description explicitly calls for music; short musical flourish.","ggg-sfx.magic.sonic.harp.surge.01.01 | ggg-sfx.magic.sonic.harp.surge.01.02 | ggg-sfx.magic.sonic.harp.surge.01.03 | ggg-sfx.magic.sonic.harp.surge.01.04","psfx.musical-instruments.lute.01.strummed-tremolo.keyOfC.Cadd9 | psfx.musical-instruments.lute.01.strummed-tremolo.keyOfC.Cm6 | psfx.musical-instruments.lute.01.strummed.keyOfC.C6 | psfx.musical-instruments.lute.01.strummed.keyOfC.C7","",""
"Glacial Causeway","Ee4f4JGCjp2tFmeB","cold","Description and cold treatment support a cold effect cue.","ggg-sfx.magic.ice.freeze.01.01 | ggg-sfx.magic.ice.freeze.02.01 | ggg-sfx.magic.ice.freeze.03.01 | ggg-sfx.magic.ice.freeze.03.02 | ggg-sfx.magic.ice.freeze.04.01 | ggg-sfx.magic.ice.freeze.04.02","psfx.impacts.magicaleffects.cold","",""
"Glacial Heart","ZyREiMaul0VhDYh3","cold","Description and cold treatment support a cold effect cue.","ggg-sfx.magic.ice.freeze.01.01 | ggg-sfx.magic.ice.freeze.02.01 | ggg-sfx.magic.ice.freeze.03.01 | ggg-sfx.magic.ice.freeze.03.02 | ggg-sfx.magic.ice.freeze.04.01 | ggg-sfx.magic.ice.freeze.04.02","psfx.impacts.magicaleffects.cold","",""
"Glacial Skewer","LecsGlwWvnfyOeec","cold","Description and cold treatment support a cold effect cue.","ggg-sfx.magic.ice.freeze.01.01 | ggg-sfx.magic.ice.freeze.02.01 | ggg-sfx.magic.ice.freeze.03.01 | ggg-sfx.magic.ice.freeze.03.02 | ggg-sfx.magic.ice.freeze.04.01 | ggg-sfx.magic.ice.freeze.04.02","psfx.impacts.magicaleffects.cold","",""
"Glamorize","UK349cSOljQVYpcu","quiet","No unambiguous audible effect in description; quiet by default.","","","",""
"Glance of the Divine","ZWsZGtBfdW1Cj5C2","quiet","No unambiguous audible effect in description; quiet by default.","","","",""
"Glass Form","3qz32XdiugYhsr32","earth","Description and earth treatment support a earth effect cue.","ggg-sfx.magic.earth.impact.general.01.muffled.01 | ggg-sfx.magic.earth.impact.general.01.muffled.02 | ggg-sfx.magic.earth.impact.general.01.muffled.03 | ggg-sfx.magic.earth.impact.general.01.normal.01 | ggg-sfx.magic.earth.impact.general.01.normal.02 | ggg-sfx.magic.earth.impact.general.01.normal.03","psfx.casting.earth.001","",""
"Glass Sand","dgMauNKWeRIu8pMN","earth","Description and earth treatment support a earth effect cue.","ggg-sfx.magic.earth.impact.general.01.muffled.01 | ggg-sfx.magic.earth.impact.general.01.muffled.02 | ggg-sfx.magic.earth.impact.general.01.muffled.03 | ggg-sfx.magic.earth.impact.general.01.normal.01 | ggg-sfx.magic.earth.impact.general.01.normal.02 | ggg-sfx.magic.earth.impact.general.01.normal.03","psfx.casting.earth.001","",""
"Glass Shield","cgfl9Qr46bKaA59e","shield","Protective field; short ward activation.","ggg-sfx.magic.divine.buff.ward.01.01","psfx.1st-level-spells.shield-spell.intro.v1.003","",""
"Gleaming Pet","Vt4DwrWIgo5vcyex","light","Light appears with a brief shimmer.","ggg-sfx.magic.divine.light.01.01 | ggg-sfx.magic.divine.light.02.01","psfx.cantrips.dancing-lights.v1.001 | psfx.cantrips.dancing-lights.v1.002 | psfx.cantrips.dancing-lights.v1.003 | psfx.cantrips.dancing-lights.v1.004 | psfx.cantrips.dancing-lights.v1.005 | psfx.cantrips.light.v1.001","",""
"Glimmer of Charm","ftZ750SD2iIJKIy3","quiet","No unambiguous audible effect in description; quiet by default.","","","",""
"Glimpse the Truth","ZjbVgIIqMstmdkqP","quiet","No unambiguous audible effect in description; quiet by default.","","","",""
"Glimpse Weakness","cNnHV97gPqxJ3Rrr","shield","Protective field; short ward activation.","ggg-sfx.magic.divine.buff.ward.01.01","psfx.1st-level-spells.shield-spell.intro.v1.003","",""
"Glossolalia","mcck9womUsTf07nP","quiet","No unambiguous audible effect in description; quiet by default.","","","",""
"Glowing Trail","m1vKX4xxWQJXfupu","quiet","No unambiguous audible effect in description; quiet by default.","","","",""
"Glutton's Jaws","SdXFiQ4Py8761sNO","quiet","No unambiguous audible effect in description; quiet by default.","","","",""
"Gluttonous Growth","91ZbBll8M7IXQ4yw","growth","Description and plant treatment support a growth effect cue.","ggg-sfx.magic.primal.growth.01.01","psfx.1st-level-spells.entangle.vines.v1.001.intro","",""
"Gnaw at the Moon","yrsgOdj5oqp7lEQY","quiet","No unambiguous audible effect in description; quiet by default.","","","",""
"Goblin Pox","zJQnkKEKbJqGB3iB","quiet","No unambiguous audible effect in description; quiet by default.","","","",""
"Gouging Claw","MPxbKoR54gkYkqLO","quiet","No unambiguous audible effect in description; quiet by default.","","","",""
"Grasp of the Deep","rwWtpZpkNYvypknx","water","Description and water treatment support a water effect cue.","ggg-sfx.magic.water.impact.general.01.01 | ggg-sfx.magic.water.impact.general.01.02 | ggg-sfx.magic.water.impact.general.01.03 | ggg-sfx.magic.water.impact.general.01.04 | ggg-sfx.magic.water.impact.general.01.05 | ggg-sfx.magic.water.impact.general.01.06","psfx.casting.water.001","modules/soundfxlibrary/Misc/Single/Water Splash/water-splash-1.mp3 | modules/soundfxlibrary/Misc/Single/Water Splash/water-splash-2.mp3 | modules/soundfxlibrary/Misc/Single/Water Splash/water-splash-3.mp3 | modules/soundfxlibrary/Misc/Single/Water Splash/water-splash-4.mp3",""
"Grasping Earth","Wpgt5TYcTHLDei6J","earth","Description and earth treatment support a earth effect cue.","ggg-sfx.magic.earth.impact.general.01.muffled.01 | ggg-sfx.magic.earth.impact.general.01.muffled.02 | ggg-sfx.magic.earth.impact.general.01.muffled.03 | ggg-sfx.magic.earth.impact.general.01.normal.01 | ggg-sfx.magic.earth.impact.general.01.normal.02 | ggg-sfx.magic.earth.impact.general.01.normal.03","psfx.casting.earth.001","",""
"Grasping Grave","2YIr0S2Gt14PMMQp","quiet","No unambiguous audible effect in description; quiet by default.","","","",""
"Grasping Vine","cQgPIohUja0DUiRL","growth","Description and plant treatment support a growth effect cue.","ggg-sfx.magic.primal.growth.01.01","psfx.1st-level-spells.entangle.vines.v1.001.intro","",""
"Grave Impressions","Xrz6wPXDBUr27izR","quiet","No unambiguous audible effect in description; quiet by default.","","","",""
"Gravitational Pull","F1fQC9SarAkjNxpP","quiet","No unambiguous audible effect in description; quiet by default.","","","",""
"Gravity Wave","alG1y2mnNZGRywad","quiet","No unambiguous audible effect in description; quiet by default.","","","",""
"Gravity Weapon","IWUe32Y5k2QFd7YQ","quiet","No unambiguous audible effect in description; quiet by default.","","","",""
"Gravity Well","06pzGkKTyPE3tHR8","quiet","No unambiguous audible effect in description; quiet by default.","","","",""
"Gray Shadow","rTvNWcKNpOnGklGF","quiet","No unambiguous audible effect in description; quiet by default.","","","",""
"Grease","Wu0xFpewMKRK3HG8","quiet","No unambiguous audible effect in description; quiet by default.","","","",""
"Grim Tendrils","k34hDOfIIMAxNL4a","void","Description and void treatment support a void effect cue.","ggg-sfx.magic.occult.pulse.01.abyss","psfx.impacts.magicaleffects.necrotic","",""
"Grisly Growths","d9sBzPOXX3KT8uTu","quiet","No unambiguous audible effect in description; quiet by default.","","","",""
"Gritty Wheeze","s8gTmnNMg4H4bHEF","wind","Description and wind treatment support a wind effect cue.","ggg-sfx.magic.air.wind.gust.long.01.01 | ggg-sfx.magic.air.wind.gust.long.01.02 | ggg-sfx.magic.air.wind.gust.long.01.03 | ggg-sfx.magic.air.wind.gust.long.01.04 | ggg-sfx.magic.air.wind.gust.long.01.05","psfx.cantrips.gust.v1","",""
"Groom Companion","QpybbsRXXeYFgsRh","quiet","Material appearance, cleanliness, nourishment or preservation changes; no wound healing, vomiting, fire, attack or noisy repair process is assumed.","","","",""
"Guardian's Aegis","3ipOKanMLnJrPwbr","quiet","No unambiguous audible effect in description; quiet by default.","","","",""
"Guidance","izcxFQFwf3woCnFs","quiet","Guidance, altered thought or compelled movement does not itself establish an audible manifestation; no extra voices or music are inferred.","","","",""
"Guided Introspection","R569jdqpNry8m0TJ","quiet","Reviewed private perception, prepared benefit, support, cleansing, object or casting-only illustration. No wound restoration, chosen voice/material, future impact or successful outcome is inferred; audio remains customizable.","","","",""
"Guiding Star","L10q1ng6U3sega9S","quiet","No unambiguous audible effect in description; quiet by default.","","","",""
"Gust of Wind","g8QqHpv2CWDwmIm1","wind","Description and wind treatment support a wind effect cue.","ggg-sfx.magic.air.wind.gust.long.01.01 | ggg-sfx.magic.air.wind.gust.long.01.02 | ggg-sfx.magic.air.wind.gust.long.01.03 | ggg-sfx.magic.air.wind.gust.long.01.04 | ggg-sfx.magic.air.wind.gust.long.01.05","psfx.cantrips.gust.v1","",""
"Hag's Fruit","3KiM09e8DN9AdTPA","quiet","No unambiguous audible effect in description; quiet by default.","","","",""
"Halcyon Infusion","UJmKPm1FC6pf6txP","quiet","No unambiguous audible effect in description; quiet by default.","","","",""
"Halcyon Mists","IERHT6v4o5ISvuJG","water","Description and water treatment support a water effect cue.","ggg-sfx.magic.water.impact.general.01.01 | ggg-sfx.magic.water.impact.general.01.02 | ggg-sfx.magic.water.impact.general.01.03 | ggg-sfx.magic.water.impact.general.01.04 | ggg-sfx.magic.water.impact.general.01.05 | ggg-sfx.magic.water.impact.general.01.06","psfx.casting.water.001","modules/soundfxlibrary/Misc/Single/Water Splash/water-splash-1.mp3 | modules/soundfxlibrary/Misc/Single/Water Splash/water-splash-2.mp3 | modules/soundfxlibrary/Misc/Single/Water Splash/water-splash-3.mp3 | modules/soundfxlibrary/Misc/Single/Water Splash/water-splash-4.mp3",""
"Hallowed Ground","4bFxUA59xeq6Snhw","quiet","No unambiguous audible effect in description; quiet by default.","","","",""
"Hallucination","U58aQWJ47VrI36yP","quiet","Silent, subtle or private communication; no public sound cue.","","","",""
"Halt Death","NQk8Cabhhw7jXkg0","quiet","No unambiguous audible effect in description; quiet by default.","","","",""
"Hand of the Apprentice","bSDTWUIvgXkBaEv8","quiet","No unambiguous audible effect in description; quiet by default.","","","",""
"Harm","wdA52JJnsuQWeyqz","healing","Description restores health; gentle restorative cue.","ggg-sfx.magic.divine.healing.01.01 | ggg-sfx.magic.divine.healing.01.02 | ggg-sfx.magic.divine.healing.01.03 | ggg-sfx.magic.divine.healing.01.04 | ggg-sfx.magic.divine.healing.02.mass_healing.01.01 | ggg-sfx.magic.divine.healing.02.mass_healing.01.02","psfx.1st-level-spells.cure-wounds.v1.001","",""
"Harmonize Self","qJZZdYBdNaWRJFER","healing","Description restores health; gentle restorative cue.","ggg-sfx.magic.divine.healing.01.01 | ggg-sfx.magic.divine.healing.01.02 | ggg-sfx.magic.divine.healing.01.03 | ggg-sfx.magic.divine.healing.01.04 | ggg-sfx.magic.divine.healing.02.mass_healing.01.01 | ggg-sfx.magic.divine.healing.02.mass_healing.01.02","psfx.1st-level-spells.cure-wounds.v1.001","",""
"Harrowing","ofAQyLtLEGnOIs3N","quiet","No unambiguous audible effect in description; quiet by default.","","","",""
"Haste","o6YCGx4lycsYpww4","time","Time alteration uses a short temporal cue.","ggg-sfx.magic.time.reverse.01.01 | ggg-sfx.magic.time.reverse.01.02 | ggg-sfx.magic.time.reverse.01.03 | ggg-sfx.magic.time.reverse.01.04","","",""
"Hasted Assault","3MzuRDc7ccylpW2e","time","Time alteration uses a short temporal cue.","ggg-sfx.magic.time.reverse.01.01 | ggg-sfx.magic.time.reverse.01.02 | ggg-sfx.magic.time.reverse.01.03 | ggg-sfx.magic.time.reverse.01.04","","",""
"Haunting Hymn","b5BQbwmuBhgPXTyi","sonic","Description and sonic treatment support a sonic effect cue.","ggg-sfx.magic.sonic.slam.01.01 | ggg-sfx.magic.sonic.slam.01.02 | ggg-sfx.magic.sonic.slam.01.03 | ggg-sfx.magic.sonic.slam.01.04 | ggg-sfx.magic.sonic.slam.01.05 | ggg-sfx.magic.sonic.slam.01.06","psfx.cantrips.thunderclap.v1","",""
"Haunting Spirit","EAkuu0qgr2Hi2xGk","quiet","No unambiguous audible effect in description; quiet by default.","","","",""
"Haven in the Ether","6fN8ePYatRCW1yck","teleport","Spatial effect uses a short departure/arrival cue.","ggg-sfx.magic.occult.movement.teleportation.01.01 | ggg-sfx.magic.occult.movement.teleportation.01.02 | ggg-sfx.magic.occult.movement.teleportation.01.03 | ggg-sfx.magic.occult.movement.teleportation.01.04 | ggg-sfx.magic.occult.movement.teleportation.01.05","psfx.2nd-level-spells.misty-step.v1.intro.generic","",""
"Heal","rfZpqmj0AIIdkVIs","healing","Immediate restoration of living targets; native undead use remains system context.","ggg-sfx.magic.divine.healing.01.01 | ggg-sfx.magic.divine.healing.01.02 | ggg-sfx.magic.divine.healing.01.03 | ggg-sfx.magic.divine.healing.01.04 | ggg-sfx.magic.divine.healing.02.mass_healing.01.01 | ggg-sfx.magic.divine.healing.02.mass_healing.01.02","psfx.1st-level-spells.cure-wounds.v1.001","",""
"Heal Animal","Zmh4ynfnCtwKeAYl","natureHeal","Immediate natural restoration of an animal; no creature voice is inferred.","ggg-sfx.magic.primal.healing.01.01 | ggg-sfx.magic.primal.healing.02.01 | ggg-sfx.magic.primal.healing.02.02","psfx.1st-level-spells.cure-wounds.v1.001","",""
"Heal Companion","KIV2LqzS5KtqOItV","natureHeal","Immediate natural restoration of an animal companion.","ggg-sfx.magic.primal.healing.01.01 | ggg-sfx.magic.primal.healing.02.01 | ggg-sfx.magic.primal.healing.02.02","psfx.1st-level-spells.cure-wounds.v1.001","",""
"Healer's Blessing","rhJyqB9g3ziImQgM","bless","Words bless the recipient for later vitality healing; beneficial blessing cue, with no immediate restoration or Hit Point gain assumed.","ggg-sfx.magic.divine.buff.bless.01.01 | ggg-sfx.magic.divine.buff.bless.01.02 | ggg-sfx.magic.divine.buff.bless.01.03 | ggg-sfx.magic.divine.buff.bless.01.04 | ggg-sfx.magic.divine.buff.bless.02.01 | ggg-sfx.magic.divine.buff.bless.02.02","psfx.1st-level-spells.bless.v1.001 | psfx.1st-level-spells.bless.v1.002 | psfx.1st-level-spells.bless.v1.003 | psfx.1st-level-spells.bless.v1.004 | psfx.1st-level-spells.bless.v1.005","",""
"Healing Plaster","m5QS8q5M6K0euKcT","healing","Description restores health; gentle restorative cue.","ggg-sfx.magic.divine.healing.01.01 | ggg-sfx.magic.divine.healing.01.02 | ggg-sfx.magic.divine.healing.01.03 | ggg-sfx.magic.divine.healing.01.04 | ggg-sfx.magic.divine.healing.02.mass_healing.01.01 | ggg-sfx.magic.divine.healing.02.mass_healing.01.02","psfx.1st-level-spells.cure-wounds.v1.001","",""
"Healing Well","CzjQtkRuRlzRvwzg","healing","Description restores health; gentle restorative cue.","ggg-sfx.magic.divine.healing.01.01 | ggg-sfx.magic.divine.healing.01.02 | ggg-sfx.magic.divine.healing.01.03 | ggg-sfx.magic.divine.healing.01.04 | ggg-sfx.magic.divine.healing.02.mass_healing.01.01 | ggg-sfx.magic.divine.healing.02.mass_healing.01.02","psfx.1st-level-spells.cure-wounds.v1.001","",""
"Heart's Desire","PVXqMko4yGgw90uo","quiet","No unambiguous audible effect in description; quiet by default.","","","",""
"Heart's Hook","1B8BLEQBQn9aEMoY","quiet","Reviewed private perception, prepared benefit, support, cleansing, object or casting-only illustration. No wound restoration, chosen voice/material, future impact or successful outcome is inferred; audio remains customizable.","","","",""
"Heartbolt","ugysbQQWGvVq7iu8","healing","Description restores health; gentle restorative cue.","ggg-sfx.magic.divine.healing.01.01 | ggg-sfx.magic.divine.healing.01.02 | ggg-sfx.magic.divine.healing.01.03 | ggg-sfx.magic.divine.healing.01.04 | ggg-sfx.magic.divine.healing.02.mass_healing.01.01 | ggg-sfx.magic.divine.healing.02.mass_healing.01.02","psfx.1st-level-spells.cure-wounds.v1.001","",""
"Heartbond","dZV8nZUKRhGIr6g9","quiet","No unambiguous audible effect in description; quiet by default.","","","",""
"Heat Metal","v4KzRPol5XQOOmk0","fire","Description and fire treatment support a fire effect cue.","ggg-sfx.magic.fire.ignite.01.01 | ggg-sfx.magic.fire.impact.general.01.01 | ggg-sfx.magic.fire.impact.general.01.02 | ggg-sfx.magic.fire.impact.general.02.01 | ggg-sfx.magic.fire.impact.general.02.02 | ggg-sfx.magic.fire.impact.general.02.03","psfx.cantrips.create-bonfire.v1.001 | psfx.casting.fire-side.001 | psfx.casting.fire.001","",""
"Heatvision","73gohsek77nLGPWC","fire","Description and fire treatment support a fire effect cue.","ggg-sfx.magic.fire.ignite.01.01 | ggg-sfx.magic.fire.impact.general.01.01 | ggg-sfx.magic.fire.impact.general.01.02 | ggg-sfx.magic.fire.impact.general.02.01 | ggg-sfx.magic.fire.impact.general.02.02 | ggg-sfx.magic.fire.impact.general.02.03","psfx.cantrips.create-bonfire.v1.001 | psfx.casting.fire-side.001 | psfx.casting.fire.001","",""
"Heaving Earth","yWySiasyPZcRoe4d","earth","Description and earth treatment support a earth effect cue.","ggg-sfx.magic.earth.impact.general.01.muffled.01 | ggg-sfx.magic.earth.impact.general.01.muffled.02 | ggg-sfx.magic.earth.impact.general.01.muffled.03 | ggg-sfx.magic.earth.impact.general.01.normal.01 | ggg-sfx.magic.earth.impact.general.01.normal.02 | ggg-sfx.magic.earth.impact.general.01.normal.03","psfx.casting.earth.001","",""
"Hedge Prison","z0ffligcrkVtKZd6","quiet","No unambiguous audible effect in description; quiet by default.","","","",""
"Heinous Future","EX6gTy8s4wNyhOnl","quiet","No unambiguous audible effect in description; quiet by default.","","","",""
"Hellfire Plume","9LHr9SuDLTicdbXs","fire","Description and fire treatment support a fire effect cue.","ggg-sfx.magic.fire.ignite.01.01 | ggg-sfx.magic.fire.impact.general.01.01 | ggg-sfx.magic.fire.impact.general.01.02 | ggg-sfx.magic.fire.impact.general.02.01 | ggg-sfx.magic.fire.impact.general.02.02 | ggg-sfx.magic.fire.impact.general.02.03","psfx.cantrips.create-bonfire.v1.001 | psfx.casting.fire-side.001 | psfx.casting.fire.001","",""
"Helpful Reload","0OFFXFdnMmFVlt8W","quiet","No unambiguous audible effect in description; quiet by default.","","","",""
"Helpful Scribe","zWDmcWZHYc1AFkD6","quiet","Reviewed private perception, prepared benefit, support, cleansing, object or casting-only illustration. No wound restoration, chosen voice/material, future impact or successful outcome is inferred; audio remains customizable.","","","",""
"Helpful Steps","3SJEBgXHolrSAFqD","quiet","No unambiguous audible effect in description; quiet by default.","","","",""
"Helpful Wood Spirits","kcYCWMd1NVCJ5Zbu","growth","Plant growth or wood formation.","ggg-sfx.magic.primal.growth.01.01","psfx.1st-level-spells.entangle.vines.v1.001.intro","",""
"Hero's Defiance","uGXWkR2h8q9MRzEM","healing","Description restores health; gentle restorative cue.","ggg-sfx.magic.divine.healing.01.01 | ggg-sfx.magic.divine.healing.01.02 | ggg-sfx.magic.divine.healing.01.03 | ggg-sfx.magic.divine.healing.01.04 | ggg-sfx.magic.divine.healing.02.mass_healing.01.01 | ggg-sfx.magic.divine.healing.02.mass_healing.01.02","psfx.1st-level-spells.cure-wounds.v1.001","",""
"Heroic Feat","4j0FQ1mkidBAXuQV","quiet","No unambiguous audible effect in description; quiet by default.","","","",""
"Heroism","KqvqNAfGIE5a9wSv","bless","Encouragement or blessing; gentle beneficial cue.","ggg-sfx.magic.divine.buff.bless.01.01 | ggg-sfx.magic.divine.buff.bless.01.02 | ggg-sfx.magic.divine.buff.bless.01.03 | ggg-sfx.magic.divine.buff.bless.01.04 | ggg-sfx.magic.divine.buff.bless.02.01 | ggg-sfx.magic.divine.buff.bless.02.02","psfx.1st-level-spells.bless.v1.001 | psfx.1st-level-spells.bless.v1.002 | psfx.1st-level-spells.bless.v1.003 | psfx.1st-level-spells.bless.v1.004 | psfx.1st-level-spells.bless.v1.005","",""
"Hidden Mind","C2w3YfBKjIRS07DP","quiet","No unambiguous audible effect in description; quiet by default.","","","",""
"Hidebound","3TuGuGZqyOBmWp7N","quiet","No unambiguous audible effect in description; quiet by default.","","","",""
"Hippocampus Retreat","wSK0wtn8iHShYT9y","transform","Brief transformation cue; no assumed animal voice.","ggg-sfx.magic.primal.cast.general.03.01","","",""
"Hollow Heart","k6f5nvSv0XIhbiHj","quiet","Private perception, belief, a spoken secret or a prepared contingency; symbolic public artwork does not establish an audible fear or damage event.","","","",""
"Hologram Cage","wykbu2KW9tMBRySr","quiet","No unambiguous audible effect in description; quiet by default.","","","",""
"Holy Cascade","DZ9bzXYqMjAK9TzC","water","Description and water treatment support a water effect cue.","ggg-sfx.magic.water.impact.general.01.01 | ggg-sfx.magic.water.impact.general.01.02 | ggg-sfx.magic.water.impact.general.01.03 | ggg-sfx.magic.water.impact.general.01.04 | ggg-sfx.magic.water.impact.general.01.05 | ggg-sfx.magic.water.impact.general.01.06","psfx.casting.water.001","modules/soundfxlibrary/Misc/Single/Water Splash/water-splash-1.mp3 | modules/soundfxlibrary/Misc/Single/Water Splash/water-splash-2.mp3 | modules/soundfxlibrary/Misc/Single/Water Splash/water-splash-3.mp3 | modules/soundfxlibrary/Misc/Single/Water Splash/water-splash-4.mp3",""
"Holy Host","BINaRykHRLGn4Qfm","quiet","No unambiguous audible effect in description; quiet by default.","","","",""
"Holy Light","DyiD239dNS7RIxZE","radiantRay","A luminous ray uses a directional magical-energy cue.","ggg-sfx.magic.divine.light.01.01 | ggg-sfx.magic.divine.light.02.01","psfx.ranged-magic.generic.beam.001","",""
"Home Among Mulberry Leaves","JIphJbkWHndtFk72","quiet","No unambiguous audible effect in description; quiet by default.","","","",""
"Honeyed Words","JyxTmqjYYn63V5LY","quiet","No unambiguous audible effect in description; quiet by default.","","","",""
"Hop, Skip, Jump","FArzEHTSaeZsuOaH","summon","Summoning arrival; creature species remains player choice.","ggg-sfx.magic.primal.cast.general.03.01","psfx.magic-signs.circle.v1.conjuration.intro | psfx.magic-signs.circle.v1.conjuration.intro-fade","",""
"Horde of Underlings","y5amezSt82FYu9HG","quiet","No unambiguous audible effect in description; quiet by default.","","","",""
"Horizon Thunder Sphere","8Uzc9WKqRr755S5d","electric","Description and electricity treatment support a electric effect cue.","ggg-sfx.magic.electricity.impact.general.01.01 | ggg-sfx.magic.electricity.impact.general.01.02 | ggg-sfx.magic.electricity.impact.general.01.03 | ggg-sfx.magic.electricity.zap.01.01","psfx.impacts.magicaleffects.lightning | psfx.impacts.magicaleffects.lightning | psfx.impacts.magicaleffects.lightning | psfx.impacts.magicaleffects.lightning | psfx.impacts.magicaleffects.lightning","modules/soundfxlibrary/Combat/Single/Spell Impact Lightning/spell-impact-lightning-1.mp3 | modules/soundfxlibrary/Combat/Single/Spell Impact Lightning/spell-impact-lightning-2.mp3 | modules/soundfxlibrary/Combat/Single/Spell Impact Lightning/spell-impact-lightning-3.mp3 | modules/soundfxlibrary/Combat/Single/Spell Impact Lightning/spell-impact-lightning-4.mp3",""
"Horizon's Veil","wTtStmTk5SjFE1sh","quiet","No unambiguous audible effect in description; quiet by default.","","","",""
"Horrific Visage","aZg3amDcrXz3cLCz","fear","Fear effect uses a short ominous cue, without creature injury sounds.","ggg-sfx.magic.occult.curse.general.02.01","","",""
"Horrifying Blood Loss","LrRyNA2bo5UwBxud","fear","Fear effect uses a short ominous cue, without creature injury sounds.","ggg-sfx.magic.occult.curse.general.02.01","","",""
"Hot Air","nm9Tdyb9Z59m14ZF","fire","Description and fire treatment support a fire effect cue.","ggg-sfx.magic.fire.ignite.01.01 | ggg-sfx.magic.fire.impact.general.01.01 | ggg-sfx.magic.fire.impact.general.01.02 | ggg-sfx.magic.fire.impact.general.02.01 | ggg-sfx.magic.fire.impact.general.02.02 | ggg-sfx.magic.fire.impact.general.02.03","psfx.cantrips.create-bonfire.v1.001 | psfx.casting.fire-side.001 | psfx.casting.fire.001","",""
"House of Imaginary Walls","PEfSofHm73IT3Khc","quiet","No unambiguous audible effect in description; quiet by default.","","","",""
"Howling Blizzard","xxWhyl81w3ckslAU","cold","Description and cold treatment support a cold effect cue.","ggg-sfx.magic.ice.freeze.01.01 | ggg-sfx.magic.ice.freeze.02.01 | ggg-sfx.magic.ice.freeze.03.01 | ggg-sfx.magic.ice.freeze.03.02 | ggg-sfx.magic.ice.freeze.04.01 | ggg-sfx.magic.ice.freeze.04.02","psfx.impacts.magicaleffects.cold","",""
"Humanoid Form","2qGqa33E4GPUCbMV","transform","Brief transformation cue; no assumed animal voice.","ggg-sfx.magic.primal.cast.general.03.01","","",""
"Hungry Depths","0EzLXIpPPH0LOKqt","water","Description and water treatment support a water effect cue.","ggg-sfx.magic.water.impact.general.01.01 | ggg-sfx.magic.water.impact.general.01.02 | ggg-sfx.magic.water.impact.general.01.03 | ggg-sfx.magic.water.impact.general.01.04 | ggg-sfx.magic.water.impact.general.01.05 | ggg-sfx.magic.water.impact.general.01.06","psfx.casting.water.001","modules/soundfxlibrary/Misc/Single/Water Splash/water-splash-1.mp3 | modules/soundfxlibrary/Misc/Single/Water Splash/water-splash-2.mp3 | modules/soundfxlibrary/Misc/Single/Water Splash/water-splash-3.mp3 | modules/soundfxlibrary/Misc/Single/Water Splash/water-splash-4.mp3",""
"Hunter's Luck","GfrKNJ9pNeATiKCc","quiet","No unambiguous audible effect in description; quiet by default.","","","",""
"Hunter's Vision","tj86Rnq3QuQnDtG3","quiet","No unambiguous audible effect in description; quiet by default.","","","",""
"Hurtling Stone","pRKaEXnjGJXbPHPC","earth","Description and earth treatment support a earth effect cue.","ggg-sfx.magic.earth.impact.general.01.muffled.01 | ggg-sfx.magic.earth.impact.general.01.muffled.02 | ggg-sfx.magic.earth.impact.general.01.muffled.03 | ggg-sfx.magic.earth.impact.general.01.normal.01 | ggg-sfx.magic.earth.impact.general.01.normal.02 | ggg-sfx.magic.earth.impact.general.01.normal.03","psfx.casting.earth.001","",""
"Hydraulic Push","jfVCuOpzC6mUrf6f","water","Description and water treatment support a water effect cue.","ggg-sfx.magic.water.impact.general.01.01 | ggg-sfx.magic.water.impact.general.01.02 | ggg-sfx.magic.water.impact.general.01.03 | ggg-sfx.magic.water.impact.general.01.04 | ggg-sfx.magic.water.impact.general.01.05 | ggg-sfx.magic.water.impact.general.01.06","psfx.casting.water.001","modules/soundfxlibrary/Misc/Single/Water Splash/water-splash-1.mp3 | modules/soundfxlibrary/Misc/Single/Water Splash/water-splash-2.mp3 | modules/soundfxlibrary/Misc/Single/Water Splash/water-splash-3.mp3 | modules/soundfxlibrary/Misc/Single/Water Splash/water-splash-4.mp3",""
"Hydraulic Torrent","Y3G6Y6EDgCY0s3fq","water","Description and water treatment support a water effect cue.","ggg-sfx.magic.water.impact.general.01.01 | ggg-sfx.magic.water.impact.general.01.02 | ggg-sfx.magic.water.impact.general.01.03 | ggg-sfx.magic.water.impact.general.01.04 | ggg-sfx.magic.water.impact.general.01.05 | ggg-sfx.magic.water.impact.general.01.06","psfx.casting.water.001","modules/soundfxlibrary/Misc/Single/Water Splash/water-splash-1.mp3 | modules/soundfxlibrary/Misc/Single/Water Splash/water-splash-2.mp3 | modules/soundfxlibrary/Misc/Single/Water Splash/water-splash-3.mp3 | modules/soundfxlibrary/Misc/Single/Water Splash/water-splash-4.mp3",""
"Hymn of Healing","gSUQlTDYoLDGAsCP","healing","Description restores health; gentle restorative cue.","ggg-sfx.magic.divine.healing.01.01 | ggg-sfx.magic.divine.healing.01.02 | ggg-sfx.magic.divine.healing.01.03 | ggg-sfx.magic.divine.healing.01.04 | ggg-sfx.magic.divine.healing.02.mass_healing.01.01 | ggg-sfx.magic.divine.healing.02.mass_healing.01.02","psfx.1st-level-spells.cure-wounds.v1.001","",""
"Hypercognition","ZYoC630tNGutgbE0","quiet","Reviewed private perception, prepared benefit, support, cleansing, object or casting-only illustration. No wound restoration, chosen voice/material, future impact or successful outcome is inferred; audio remains customizable.","","","",""
"Hypnopompic Terrors","TvZiwZRianfTSbEg","quiet","No unambiguous audible effect in description; quiet by default.","","","",""
"Hypnotize","K2WpC3FFoHrqX9Q5","quiet","Silent, subtle or private communication; no public sound cue.","","","",""
"Ibex's Harvest","P7AToTm0ulueRk63","quiet","No unambiguous audible effect in description; quiet by default.","","","",""
"Ice Storm","kHyjQbibRGPNCixx","cold","Description and cold treatment support a cold effect cue.","ggg-sfx.magic.ice.freeze.01.01 | ggg-sfx.magic.ice.freeze.02.01 | ggg-sfx.magic.ice.freeze.03.01 | ggg-sfx.magic.ice.freeze.03.02 | ggg-sfx.magic.ice.freeze.04.01 | ggg-sfx.magic.ice.freeze.04.02","psfx.impacts.magicaleffects.cold","",""
"Ideal Mimicry","M6HsK7W6JMkJXeog","quiet","No unambiguous audible effect in description; quiet by default.","","","",""
"Ignite Ambition","Dj44lViYKvOJ8a53","quiet","Silent, subtle or private communication; no public sound cue.","","","",""
"Ignite Fireworks","3GXU3ugrwLv0P7AH","sonic","Reviewed native fire-spell casting event; deferred ignition, internal heat and unresolved choices do not play explosion audio.","ggg-sfx.magic.sonic.slam.01.01 | ggg-sfx.magic.sonic.slam.01.02 | ggg-sfx.magic.sonic.slam.01.03 | ggg-sfx.magic.sonic.slam.01.04 | ggg-sfx.magic.sonic.slam.01.05 | ggg-sfx.magic.sonic.slam.01.06","psfx.cantrips.thunderclap.v1","",""
"Ignition","6DfLZBl8wKIV03Iq","fire","Description and fire treatment support a fire effect cue.","ggg-sfx.magic.fire.ignite.01.01 | ggg-sfx.magic.fire.impact.general.01.01 | ggg-sfx.magic.fire.impact.general.01.02 | ggg-sfx.magic.fire.impact.general.02.01 | ggg-sfx.magic.fire.impact.general.02.02 | ggg-sfx.magic.fire.impact.general.02.03","psfx.cantrips.create-bonfire.v1.001 | psfx.casting.fire-side.001 | psfx.casting.fire.001","",""
"Ill Omen","6ZIKB0151LUR19Rw","quiet","No unambiguous audible effect in description; quiet by default.","","","",""
"Illuminate","qCkxBOLMCCXEjBWo","light","Light appears with a brief shimmer.","ggg-sfx.magic.divine.light.01.01 | ggg-sfx.magic.divine.light.02.01","psfx.cantrips.dancing-lights.v1.001 | psfx.cantrips.dancing-lights.v1.002 | psfx.cantrips.dancing-lights.v1.003 | psfx.cantrips.dancing-lights.v1.004 | psfx.cantrips.dancing-lights.v1.005 | psfx.cantrips.light.v1.001","",""
"Illusory Creature","f8SBoXiXQjlCKqly","quiet","No unambiguous audible effect in description; quiet by default.","","","",""
"Illusory Disguise","i35dpZFI7jZcRoBo","shield","Protective field; short ward activation.","ggg-sfx.magic.divine.buff.ward.01.01","psfx.1st-level-spells.shield-spell.intro.v1.003","",""
"Illusory Object","2oH5IufzdESuYxat","quiet","No unambiguous audible effect in description; quiet by default.","","","",""
"Illusory Scene","Ucf8eynbZMfUucjE","quiet","No unambiguous audible effect in description; quiet by default.","","","",""
"Illusory Shroud","kLyyJayja75K9rXX","quiet","No unambiguous audible effect in description; quiet by default.","","","",""
"Imaginary Lockbox","PERUlvKPtF7dMzN4","quiet","No unambiguous audible effect in description; quiet by default.","","","",""
"Imaginary Weapon","sUr5KCpeE6AXfvPp","force","Description and force treatment support a force effect cue.","ggg-sfx.magic.arcane.impact.blast.01.01 | ggg-sfx.magic.arcane.impact.blast.01.02 | ggg-sfx.magic.arcane.impact.blast.01.03 | ggg-sfx.magic.arcane.impact.blast.01.04","psfx.ranged-magic.generic.beam.001","modules/soundfxlibrary/Combat/Single/Spell Impact/spell-impact-1.mp3 | modules/soundfxlibrary/Combat/Single/Spell Impact/spell-impact-2.mp3 | modules/soundfxlibrary/Combat/Single/Spell Impact/spell-impact-3.mp3 | modules/soundfxlibrary/Combat/Single/Spell Impact/spell-impact-4.mp3 | modules/soundfxlibrary/Combat/Single/Spell Impact/spell-impact-5.mp3 | modules/soundfxlibrary/Combat/Single/Spell Impact/spell-impact-6.mp3",""
"Imitate Fauna","HkjeegDsA5Wq0hR2","quiet","No unambiguous audible effect in description; quiet by default.","","","",""
"Imp Sting","oryfsRK27jAUnziw","poison","Description and poison treatment support a poison effect cue.","ggg-sfx.magic.acid.cast.general.01.01 | ggg-sfx.magic.acid.cast.general.01.02 | ggg-sfx.magic.acid.cast.general.02.01 | ggg-sfx.magic.acid.cast.general.03.01 | ggg-sfx.magic.acid.cast.general.03.02 | ggg-sfx.magic.acid.impact.01.01","psfx.cantrips.poison-spray.v1","",""
"Impaling Briars","oGV6YdpZLIG4G4gH","growth","Description and plant treatment support a growth effect cue.","ggg-sfx.magic.primal.growth.01.01","psfx.1st-level-spells.entangle.vines.v1.001.intro","",""
"Impaling Spike","oXeEbcUdgJGWHGEJ","metal","Description and metal treatment support a metal effect cue.","ggg-sfx.magic.metal.impact.anvil.01.01 | ggg-sfx.magic.metal.impact.anvil.01.02 | ggg-sfx.magic.metal.impact.anvil.01.03 | ggg-sfx.magic.metal.impact.anvil.01.04","","modules/soundfxlibrary/Combat/Single/Shield Hit/shield-hit-1.mp3 | modules/soundfxlibrary/Combat/Single/Shield Hit/shield-hit-10.mp3 | modules/soundfxlibrary/Combat/Single/Shield Hit/shield-hit-11.mp3 | modules/soundfxlibrary/Combat/Single/Shield Hit/shield-hit-12.mp3 | modules/soundfxlibrary/Combat/Single/Shield Hit/shield-hit-3.mp3 | modules/soundfxlibrary/Combat/Single/Shield Hit/shield-hit-4.mp3",""
"Impart Empathy","VJW3IzDpAFio7uls","quiet","Reviewed private perception, prepared benefit, support, cleansing, object or casting-only illustration. No wound restoration, chosen voice/material, future impact or successful outcome is inferred; audio remains customizable.","","","",""
"Impeccable Flow","8VzbumNyMEdSzZSz","quiet","No unambiguous audible effect in description; quiet by default.","","","",""
"Impending Doom","rfFZKfeCSweFv7P3","quiet","Private perception, belief, a spoken secret or a prepared contingency; symbolic public artwork does not establish an audible fear or damage event.","","","",""
"Implement of Destruction","sUvTGELaggrBSgGm","quiet","Private perception, belief, a spoken secret or a prepared contingency; symbolic public artwork does not establish an audible fear or damage event.","","","",""
"Implosion","4WS7HrFjwNvTn8T2","quiet","No unambiguous audible effect in description; quiet by default.","","","",""
"Imprint Message","WJOQryAODgYmrL6g","quiet","Silent, subtle or private communication; no public sound cue.","","","",""
"Imprinting Hand","c6CXH7WTxtS4D1Fi","healing","Description restores health; gentle restorative cue.","ggg-sfx.magic.divine.healing.01.01 | ggg-sfx.magic.divine.healing.01.02 | ggg-sfx.magic.divine.healing.01.03 | ggg-sfx.magic.divine.healing.01.04 | ggg-sfx.magic.divine.healing.02.mass_healing.01.01 | ggg-sfx.magic.divine.healing.02.mass_healing.01.02","psfx.1st-level-spells.cure-wounds.v1.001","",""
"Imprisonment","2CNqkt2s2IYkVnv6","quiet","No unambiguous audible effect in description; quiet by default.","","","",""
"Incarnate Ancestry","DcUGLLyaa9tHH1kN","quiet","No unambiguous audible effect in description; quiet by default.","","","",""
"Incarnate Ancient Specter","fH7LQX5yaRf9zBOm","quiet","No unambiguous audible effect in description; quiet by default.","","","",""
"Incarnate Archmage","JAaETUBg0xlttpCH","force","Description and force treatment support a force effect cue.","ggg-sfx.magic.arcane.impact.blast.01.01 | ggg-sfx.magic.arcane.impact.blast.01.02 | ggg-sfx.magic.arcane.impact.blast.01.03 | ggg-sfx.magic.arcane.impact.blast.01.04","psfx.ranged-magic.generic.beam.001","modules/soundfxlibrary/Combat/Single/Spell Impact/spell-impact-1.mp3 | modules/soundfxlibrary/Combat/Single/Spell Impact/spell-impact-2.mp3 | modules/soundfxlibrary/Combat/Single/Spell Impact/spell-impact-3.mp3 | modules/soundfxlibrary/Combat/Single/Spell Impact/spell-impact-4.mp3 | modules/soundfxlibrary/Combat/Single/Spell Impact/spell-impact-5.mp3 | modules/soundfxlibrary/Combat/Single/Spell Impact/spell-impact-6.mp3",""
"Incarnate Deific Herald","kIRWUBxocERjIBni","quiet","No unambiguous audible effect in description; quiet by default.","","","",""
"Incarnate Draconic Legion","2EIUqc8TCTQimggQ","quiet","No unambiguous audible effect in description; quiet by default.","","","",""
"Incarnate Faerie Revelers","v730iubgGbmhOzor","quiet","No unambiguous audible effect in description; quiet by default.","","","",""
"Incarnate Kaiju","WRP8TDf36hqHyGv1","quiet","No unambiguous audible effect in description; quiet by default.","","","",""
"Incarnate Shadow Minuet","sDUOJoLUEvD5Xe8E","shadow","Description and shadow treatment support a shadow effect cue.","ggg-sfx.magic.occult.bolt.01.cast.01 | ggg-sfx.magic.occult.bolt.01.cast.02 | ggg-sfx.magic.occult.bolt.01.cast.03","","",""
"Incarnate Skeletal Giant","3LPFReFtMPiO0pAk","earth","Description and earth treatment support a earth effect cue.","ggg-sfx.magic.earth.impact.general.01.muffled.01 | ggg-sfx.magic.earth.impact.general.01.muffled.02 | ggg-sfx.magic.earth.impact.general.01.muffled.03 | ggg-sfx.magic.earth.impact.general.01.normal.01 | ggg-sfx.magic.earth.impact.general.01.normal.02 | ggg-sfx.magic.earth.impact.general.01.normal.03","psfx.casting.earth.001","",""
"Incarnate Tempest of Shades","JLdbyGKhjwAAoRLs","quiet","No unambiguous audible effect in description; quiet by default.","","","",""
"Incarnate Wild Rose","u8ve6wRt7VlHKP64","growth","Description and plant treatment support a growth effect cue.","ggg-sfx.magic.primal.growth.01.01","psfx.1st-level-spells.entangle.vines.v1.001.intro","",""
"Incendiary Ashes","OTd17oXwJH9qb1cS","quiet","Reviewed native fire-spell casting event; deferred ignition, internal heat and unresolved choices do not play explosion audio.","","","",""
"Incendiary Aura","AspA30tzKCHFWRf0","fire","Description and fire treatment support a fire effect cue.","ggg-sfx.magic.fire.ignite.01.01 | ggg-sfx.magic.fire.impact.general.01.01 | ggg-sfx.magic.fire.impact.general.01.02 | ggg-sfx.magic.fire.impact.general.02.01 | ggg-sfx.magic.fire.impact.general.02.02 | ggg-sfx.magic.fire.impact.general.02.03","psfx.cantrips.create-bonfire.v1.001 | psfx.casting.fire-side.001 | psfx.casting.fire.001","",""
"Incendiary Fog","I2fwPslQth0DTPQD","quiet","Reviewed native fire-spell casting event; deferred ignition, internal heat and unresolved choices do not play explosion audio.","","","",""
"Indestructibility","UG0SmRYSdbrx2rTA","quiet","No unambiguous audible effect in description; quiet by default.","","","",""
"Indolent Haze","xh6hPMDx2n4OaBU7","quiet","No unambiguous audible effect in description; quiet by default.","","","",""
"Inertia Lock","94IYF1lHbki390VN","quiet","Quiet support, a connection or a player-chosen object operation; no metal chain clank, selected object material, future movement or success sound is inferred.","","","",""
"Inevitable Destination","fMnjP4hpNRV9EfVM","quiet","Reviewed private perception, prepared benefit, support, cleansing, object or casting-only illustration. No wound restoration, chosen voice/material, future impact or successful outcome is inferred; audio remains customizable.","","","",""
"Inevitable Disaster","8THDHP0UC7SgOYYF","quiet","No unambiguous audible effect in description; quiet by default.","","","",""
"Inexhaustible Cynicism","gMbrNFKz9NP3TR4s","quiet","No unambiguous audible effect in description; quiet by default.","","","",""
"Infectious Comedy","SE3MddYAUyPKABuF","quiet","No unambiguous audible effect in description; quiet by default.","","","",""
"Infectious Ennui","oYBIs8MICYkFwtXD","quiet","Reviewed private perception, prepared benefit, support, cleansing, object or casting-only illustration. No wound restoration, chosen voice/material, future impact or successful outcome is inferred; audio remains customizable.","","","",""
"Infectious Enthusiasm","VACvA5VRbddjt5s9","quiet","No unambiguous audible effect in description; quiet by default.","","","",""
"Infectious Melody","mUz3wqbMQ5JQ06M5","quiet","No unambiguous audible effect in description; quiet by default.","","","",""
"Infiltrator's Tunnel","U5dw9SiuVcLmdHoi","summon","Summoning arrival; creature species remains player choice.","ggg-sfx.magic.primal.cast.general.03.01","psfx.magic-signs.circle.v1.conjuration.intro | psfx.magic-signs.circle.v1.conjuration.intro-fade","",""
"Infinitesimal Collapse Field","29tJyuEfFP43lMcM","quiet","No unambiguous audible effect in description; quiet by default.","","","",""
"Information Overload","PesUKf0lIt5zRofj","quiet","Reviewed private perception, prepared benefit, support, cleansing, object or casting-only illustration. No wound restoration, chosen voice/material, future impact or successful outcome is inferred; audio remains customizable.","","","",""
"Infuse Vitality","2iQKhCQBijhj5Rf3","holy","Description and vitality treatment support a holy effect cue.","ggg-sfx.magic.divine.light.01.01 | ggg-sfx.magic.divine.light.02.01","psfx.cantrips.sacred-flame.v1.001.caster","",""
"Inkshot","MiTFNcqCI9f34A2V","poison","Description and poison treatment support a poison effect cue.","ggg-sfx.magic.acid.cast.general.01.01 | ggg-sfx.magic.acid.cast.general.01.02 | ggg-sfx.magic.acid.cast.general.02.01 | ggg-sfx.magic.acid.cast.general.03.01 | ggg-sfx.magic.acid.cast.general.03.02 | ggg-sfx.magic.acid.impact.01.01","psfx.cantrips.poison-spray.v1","",""
"Inner Radiance Torrent","eSEmqOBuywoJ6tYd","quiet","No unambiguous audible effect in description; quiet by default.","","","",""
"Inner Upheaval","ZL8NTvB22NeEWhVG","quiet","No unambiguous audible effect in description; quiet by default.","","","",""
"Inscrutable Mask","YQWq1DZuLRk32M3h","quiet","No unambiguous audible effect in description; quiet by default.","","","",""
"Insect Form","XI6Lzd2B5pernkPd","transform","Brief transformation cue; no assumed animal voice.","ggg-sfx.magic.primal.cast.general.03.01","","",""
"Inside Ropes","Einy9RNTGVq1kY3j","quiet","No unambiguous audible effect in description; quiet by default.","","","",""
"Instant Armor","uiv8FKuxE8HOWTxW","shield","Protective field; short ward activation.","ggg-sfx.magic.divine.buff.ward.01.01","psfx.1st-level-spells.shield-spell.intro.v1.003","",""
"Instant Minefield","vuehhQN8gPSpqcEK","quiet","Silent, subtle or private communication; no public sound cue.","","","",""
"Instant Parade","xyRjD52YZl3DBsiy","quiet","No unambiguous audible effect in description; quiet by default.","","","",""
"Instant Pottery","ET2BYfeNaHqfZIWs","quiet","No unambiguous audible effect in description; quiet by default.","","","",""
"Interdisciplinary Incantation","sGenGMmE1ntkXCtN","quiet","No unambiguous audible effect in description; quiet by default.","","","",""
"Internal Insurrection","RbORUmnwlB8b3mNf","quiet","No unambiguous audible effect in description; quiet by default.","","","",""
"Interplanar Teleport","5bTt2CvYHPvaR7QQ","quiet","Reviewed private perception, prepared benefit, support, cleansing, object or casting-only illustration. No wound restoration, chosen voice/material, future impact or successful outcome is inferred; audio remains customizable.","","","",""
"Interposing Earth","HokKyQl5g655xx9U","shield","Protective field; short ward activation.","ggg-sfx.magic.divine.buff.ward.01.01","psfx.1st-level-spells.shield-spell.intro.v1.003","",""
"Interstellar Void","L37RTc7K79OUpZ7X","cold","Description and cold treatment support a cold effect cue.","ggg-sfx.magic.ice.freeze.01.01 | ggg-sfx.magic.ice.freeze.02.01 | ggg-sfx.magic.ice.freeze.03.01 | ggg-sfx.magic.ice.freeze.03.02 | ggg-sfx.magic.ice.freeze.04.01 | ggg-sfx.magic.ice.freeze.04.02","psfx.impacts.magicaleffects.cold","",""
"Inveigle","5pwK2FZX6QwgtfqX","quiet","No unambiguous audible effect in description; quiet by default.","","","",""
"Invent Code","lMf0bP8ziuzMAVb5","quiet","Reviewed private perception, prepared benefit, support, cleansing, object or casting-only illustration. No wound restoration, chosen voice/material, future impact or successful outcome is inferred; audio remains customizable.","","","",""
"Invisibility","XXqE1eY3w3z6xJCB","quiet","Silent, subtle or private communication; no public sound cue.","","","",""
"Invisibility Cloak","Nun72GTmb31YqSKh","quiet","No unambiguous audible effect in description; quiet by default.","","","",""
"Invisibility Curtain","a8xXWCQhIR7o6IvP","quiet","No unambiguous audible effect in description; quiet by default.","","","",""
"Invisible Item","nX85Brzax9f650aK","quiet","No unambiguous audible effect in description; quiet by default.","","","",""
"Invoke Spirits","hghGRzOSzEl4UXdS","quiet","No unambiguous audible effect in description; quiet by default.","","","",""
"Invoke the Crimson Oath","AsKLseOo8hwv5Jha","quiet","No unambiguous audible effect in description; quiet by default.","","","",""
"Invoke the Harrow","82gDiXTKsCmdIF6Q","quiet","No unambiguous audible effect in description; quiet by default.","","","",""
"Invoke True Name","09C2wvWZLCxwjINk","quiet","No unambiguous audible effect in description; quiet by default.","","","",""
"Iron Gut","IhwREVWG0OzzrbWA","quiet","No unambiguous audible effect in description; quiet by default.","","","",""
"Iron Rain","NIXXJoGuzvctynBt","metal","Description and metal treatment support a metal effect cue.","ggg-sfx.magic.metal.impact.anvil.01.01 | ggg-sfx.magic.metal.impact.anvil.01.02 | ggg-sfx.magic.metal.impact.anvil.01.03 | ggg-sfx.magic.metal.impact.anvil.01.04","","modules/soundfxlibrary/Combat/Single/Shield Hit/shield-hit-1.mp3 | modules/soundfxlibrary/Combat/Single/Shield Hit/shield-hit-10.mp3 | modules/soundfxlibrary/Combat/Single/Shield Hit/shield-hit-11.mp3 | modules/soundfxlibrary/Combat/Single/Shield Hit/shield-hit-12.mp3 | modules/soundfxlibrary/Combat/Single/Shield Hit/shield-hit-3.mp3 | modules/soundfxlibrary/Combat/Single/Shield Hit/shield-hit-4.mp3",""
"Isolation","mer4V7vWdTs1oLbG","quiet","No unambiguous audible effect in description; quiet by default.","","","",""
"It is Written","AXpqBdbQ66RWyZYk","quiet","No unambiguous audible effect in description; quiet by default.","","","",""
"Item Facade","4ZGte0i9YbLh4dRi","quiet","No unambiguous audible effect in description; quiet by default.","","","",""
"Jassim's Allegiance","JEMSVySuS4jvTepQ","quiet","No unambiguous audible effect in description; quiet by default.","","","",""
"Jealous Hex","kvm68hVtmADiIvN4","quiet","No unambiguous audible effect in description; quiet by default.","","","",""
"Join Pasts","8bdt1TvNKzsCu9Ct","quiet","Reviewed private perception, prepared benefit, support, cleansing, object or casting-only illustration. No wound restoration, chosen voice/material, future impact or successful outcome is inferred; audio remains customizable.","","","",""
"Jump","Q7QQ91vQtyi1Ux36","quiet","No unambiguous audible effect in description; quiet by default.","","","",""
"Juvenile Companion","KFpBT6FPfSFhxQ27","transform","Brief transformation cue; no assumed animal voice.","ggg-sfx.magic.primal.cast.general.03.01","","",""
"Kaiju Ward","nxnGKgcVii5KTwtM","shield","Protective field; short ward activation.","ggg-sfx.magic.divine.buff.ward.01.01","psfx.1st-level-spells.shield-spell.intro.v1.003","",""
"Keen Smell","SXmEI4kVWVSagK4H","transform","Brief transformation cue; no assumed animal voice.","ggg-sfx.magic.primal.cast.general.03.01","","",""
"Kgalaserke's Axes","yo1eB5Xz21AYfWCI","quiet","No unambiguous audible effect in description; quiet by default.","","","",""
"Ki Cutting Sight","jrlCEw9rqBi4qU6g","quiet","No unambiguous audible effect in description; quiet by default.","","","",""
"Kinetic Ram","sPHcuLIKj9SDaDAD","quiet","No unambiguous audible effect in description; quiet by default.","","","",""
"King's Castle","vM8oBYaEPgEXBimM","quiet","Reviewed private perception, prepared benefit, support, cleansing, object or casting-only illustration. No wound restoration, chosen voice/material, future impact or successful outcome is inferred; audio remains customizable.","","","",""
"Knock","6Ot4N22t5tPD51BO","unlock","Lock opens; mechanical unlock cue.","ggg-sfx.magic.tech.lock.unlock.01.01","","",""
"Know Location","L6kr9AUZ8iwuxIip","quiet","No unambiguous audible effect in description; quiet by default.","","","",""
"Know the Enemy","l6zjNysNedpJcmDT","quiet","No unambiguous audible effect in description; quiet by default.","","","",""
"Know the Way","tXa5vOu5giBNCjdR","quiet","No unambiguous audible effect in description; quiet by default.","","","",""
"Labyrinthine Prison","WRRbNyGam4ytTRgr","teleport","Spatial effect uses a short departure/arrival cue.","ggg-sfx.magic.occult.movement.teleportation.01.01 | ggg-sfx.magic.occult.movement.teleportation.01.02 | ggg-sfx.magic.occult.movement.teleportation.01.03 | ggg-sfx.magic.occult.movement.teleportation.01.04 | ggg-sfx.magic.occult.movement.teleportation.01.05","psfx.2nd-level-spells.misty-step.v1.intro.generic","",""
"Lament","T90ij2uu6ZaBaSXV","psychic","Psychic attack uses a short mental pulse, without spoken voices.","","psfx.cantrips.mind-sliver.v1","",""
"Lashing Rope","sbTxe4CGP4tn6y51","quiet","No unambiguous audible effect in description; quiet by default.","","","",""
"Lashunta's Life Bubble","8rAcQOvm0nFrqAUt","shield","Protective field; short ward activation.","ggg-sfx.magic.divine.buff.ward.01.01","psfx.1st-level-spells.shield-spell.intro.v1.003","",""
"Last Night's Vigil","INEAWirvb8c1eAFD","quiet","No unambiguous audible effect in description; quiet by default.","","","",""
"Laughing Fit","tlSE7Ly8vi1Dgddv","laughter","Involuntary laughter is explicitly described.","","psfx.1st-level-spells.hideous-laughter.fem-group.01.reverb.005","",""
"Lay on Hands","zNN9212H2FGfM7VS","healing","Description restores health; gentle restorative cue.","ggg-sfx.magic.divine.healing.01.01 | ggg-sfx.magic.divine.healing.01.02 | ggg-sfx.magic.divine.healing.01.03 | ggg-sfx.magic.divine.healing.01.04 | ggg-sfx.magic.divine.healing.02.mass_healing.01.01 | ggg-sfx.magic.divine.healing.02.mass_healing.01.02","psfx.1st-level-spells.cure-wounds.v1.001","",""
"Leaden Steps","2tHYKoVc5YhSewDO","transform","Brief transformation cue; no assumed animal voice.","ggg-sfx.magic.primal.cast.general.03.01","","",""
"Leng Sting","QVMjPfXlpnmeuWKS","poison","Description and poison treatment support a poison effect cue.","ggg-sfx.magic.acid.cast.general.01.01 | ggg-sfx.magic.acid.cast.general.01.02 | ggg-sfx.magic.acid.cast.general.02.01 | ggg-sfx.magic.acid.cast.general.03.01 | ggg-sfx.magic.acid.cast.general.03.02 | ggg-sfx.magic.acid.impact.01.01","psfx.cantrips.poison-spray.v1","",""
"Let Not the Fallen Rest","USKnG2ZSzVs4xn85","healing","Description restores health; gentle restorative cue.","ggg-sfx.magic.divine.healing.01.01 | ggg-sfx.magic.divine.healing.01.02 | ggg-sfx.magic.divine.healing.01.03 | ggg-sfx.magic.divine.healing.01.04 | ggg-sfx.magic.divine.healing.02.mass_healing.01.01 | ggg-sfx.magic.divine.healing.02.mass_healing.01.02","psfx.1st-level-spells.cure-wounds.v1.001","",""
"Levitate","fI20AVwOzJMHXRdo","quiet","No unambiguous audible effect in description; quiet by default.","","","",""
"Liberating Command","0Dcd4iEXqCrkm4Jn","quiet","Words, command or information are supplied by the player or GM; no prerecorded voice, answer, creature squawk or successful escape is assumed.","","","",""
"Life Boost","fAlzXtQAASaJx0mY","healing","Description restores health; gentle restorative cue.","ggg-sfx.magic.divine.healing.01.01 | ggg-sfx.magic.divine.healing.01.02 | ggg-sfx.magic.divine.healing.01.03 | ggg-sfx.magic.divine.healing.01.04 | ggg-sfx.magic.divine.healing.02.mass_healing.01.01 | ggg-sfx.magic.divine.healing.02.mass_healing.01.02","psfx.1st-level-spells.cure-wounds.v1.001","",""
"Life Connection","HIY4XUJZKmFLAJTn","quiet","Reviewed private perception, prepared benefit, support, cleansing, object or casting-only illustration. No wound restoration, chosen voice/material, future impact or successful outcome is inferred; audio remains customizable.","","","",""
"Life Link","2gQYrCPwBmwau26O","healing","Restoration or cleansing uses a gentle restorative cue.","ggg-sfx.magic.divine.healing.01.01 | ggg-sfx.magic.divine.healing.01.02 | ggg-sfx.magic.divine.healing.01.03 | ggg-sfx.magic.divine.healing.01.04 | ggg-sfx.magic.divine.healing.02.mass_healing.01.01 | ggg-sfx.magic.divine.healing.02.mass_healing.01.02","psfx.1st-level-spells.cure-wounds.v1.001","",""
"Life Pact","vvbS69EHZuUTq0dr","quiet","Reviewed private perception, prepared benefit, support, cleansing, object or casting-only illustration. No wound restoration, chosen voice/material, future impact or successful outcome is inferred; audio remains customizable.","","","",""
"Life Siphon","zvvHOQV78WKUB33l","healing","Description restores health; gentle restorative cue.","ggg-sfx.magic.divine.healing.01.01 | ggg-sfx.magic.divine.healing.01.02 | ggg-sfx.magic.divine.healing.01.03 | ggg-sfx.magic.divine.healing.01.04 | ggg-sfx.magic.divine.healing.02.mass_healing.01.01 | ggg-sfx.magic.divine.healing.02.mass_healing.01.02","psfx.1st-level-spells.cure-wounds.v1.001","",""
"Life Tap","fgmxDC2PH2TEYGKG","drain","Life or energy is drawn away; siphon cue.","ggg-sfx.magic.occult.siphon.01.01","psfx.ranged-magic.generic.energy-strands.001.15ft","",""
"Life-Draining Roots","FHfrCABOmGVaEpPx","vines","Growing roots or vines; organic growth cue.","ggg-sfx.magic.primal.burst.bramble.01.01 | ggg-sfx.magic.primal.growth.02.01","psfx.1st-level-spells.entangle.vines.v1.001.intro","",""
"Life-Giving Form","9kOI14Jep97TzGO7","healing","Description restores health; gentle restorative cue.","ggg-sfx.magic.divine.healing.01.01 | ggg-sfx.magic.divine.healing.01.02 | ggg-sfx.magic.divine.healing.01.03 | ggg-sfx.magic.divine.healing.01.04 | ggg-sfx.magic.divine.healing.02.mass_healing.01.01 | ggg-sfx.magic.divine.healing.02.mass_healing.01.02","psfx.1st-level-spells.cure-wounds.v1.001","",""
"Life's Flowing River","CgekONDD5jIxL8oM","shield","Protective field; short ward activation.","ggg-sfx.magic.divine.buff.ward.01.01","psfx.1st-level-spells.shield-spell.intro.v1.003","",""
"Life's Fresh Bloom","2TVc8NabmGpc092W","healing","Description and healing treatment support a healing effect cue.","ggg-sfx.magic.divine.healing.01.01 | ggg-sfx.magic.divine.healing.01.02 | ggg-sfx.magic.divine.healing.01.03 | ggg-sfx.magic.divine.healing.01.04 | ggg-sfx.magic.divine.healing.02.mass_healing.01.01 | ggg-sfx.magic.divine.healing.02.mass_healing.01.02","psfx.1st-level-spells.cure-wounds.v1.001","",""
"Lifelink Surge","lOZhcvtej10TqlQm","healing","Description restores health; gentle restorative cue.","ggg-sfx.magic.divine.healing.01.01 | ggg-sfx.magic.divine.healing.01.02 | ggg-sfx.magic.divine.healing.01.03 | ggg-sfx.magic.divine.healing.01.04 | ggg-sfx.magic.divine.healing.02.mass_healing.01.01 | ggg-sfx.magic.divine.healing.02.mass_healing.01.02","psfx.1st-level-spells.cure-wounds.v1.001","",""
"Lifewood Cage","HES5jvGiNZZnJycK","growth","Plant growth or wood formation.","ggg-sfx.magic.primal.growth.01.01","psfx.1st-level-spells.entangle.vines.v1.001.intro","",""
"Lift Nature's Caul","6GjJtLJnwC18Y0aZ","quiet","No unambiguous audible effect in description; quiet by default.","","","",""
"Light","WBmvzNDfpwka3qT4","light","Light appears with a brief shimmer.","ggg-sfx.magic.divine.light.01.01 | ggg-sfx.magic.divine.light.02.01","psfx.cantrips.dancing-lights.v1.001 | psfx.cantrips.dancing-lights.v1.002 | psfx.cantrips.dancing-lights.v1.003 | psfx.cantrips.dancing-lights.v1.004 | psfx.cantrips.dancing-lights.v1.005 | psfx.cantrips.light.v1.001","",""
"Light of Revelation","ou56ShiFH7GWF8hX","light","Light appears with a brief shimmer.","ggg-sfx.magic.divine.light.01.01 | ggg-sfx.magic.divine.light.02.01","psfx.cantrips.dancing-lights.v1.001 | psfx.cantrips.dancing-lights.v1.002 | psfx.cantrips.dancing-lights.v1.003 | psfx.cantrips.dancing-lights.v1.004 | psfx.cantrips.dancing-lights.v1.005 | psfx.cantrips.light.v1.001","",""
"Lightning Bolt","9AAkVUCwF6WVNNY2","lightningBolt","Lightning discharge, with a separate thunderous impact.","ggg-sfx.magic.electricity.lightning_bolt.01.cast.01 | ggg-sfx.magic.electricity.lightning_bolt.01.cast.02 | ggg-sfx.magic.electricity.lightning_bolt.01.cast.03 | ggg-sfx.magic.electricity.thunder.strike.01.01 | ggg-sfx.magic.electricity.thunder.strike.01.02 | ggg-sfx.magic.electricity.thunder.strike.01.03 | ggg-sfx.magic.electricity.thunder.strike.01.04","psfx.3rd-level-spells.call-lightning.v1.cast | psfx.3rd-level-spells.call-lightning.v1.primary","modules/soundfxlibrary/Nature/Single/Thunder/thunder-1.mp3 | modules/soundfxlibrary/Nature/Single/Thunder/thunder-2.mp3 | modules/soundfxlibrary/Nature/Single/Thunder/thunder-3.mp3 | modules/soundfxlibrary/Nature/Single/Thunder/thunder-4.mp3 | modules/soundfxlibrary/Nature/Single/Thunder/thunder-5.mp3 | modules/soundfxlibrary/Nature/Single/Thunder/thunder-6.mp3",""
"Lightning Lasso","MUJe5G1zdR20Iq4y","electric","Description and electricity treatment support a electric effect cue.","ggg-sfx.magic.electricity.impact.general.01.01 | ggg-sfx.magic.electricity.impact.general.01.02 | ggg-sfx.magic.electricity.impact.general.01.03 | ggg-sfx.magic.electricity.zap.01.01","psfx.impacts.magicaleffects.lightning | psfx.impacts.magicaleffects.lightning | psfx.impacts.magicaleffects.lightning | psfx.impacts.magicaleffects.lightning | psfx.impacts.magicaleffects.lightning","modules/soundfxlibrary/Combat/Single/Spell Impact Lightning/spell-impact-lightning-1.mp3 | modules/soundfxlibrary/Combat/Single/Spell Impact Lightning/spell-impact-lightning-2.mp3 | modules/soundfxlibrary/Combat/Single/Spell Impact Lightning/spell-impact-lightning-3.mp3 | modules/soundfxlibrary/Combat/Single/Spell Impact Lightning/spell-impact-lightning-4.mp3",""
"Lightning Storm","JyT346VmGtRLsDnV","lightningBolt","Lightning discharge, with a separate thunderous impact.","ggg-sfx.magic.electricity.lightning_bolt.01.cast.01 | ggg-sfx.magic.electricity.lightning_bolt.01.cast.02 | ggg-sfx.magic.electricity.lightning_bolt.01.cast.03 | ggg-sfx.magic.electricity.thunder.strike.01.01 | ggg-sfx.magic.electricity.thunder.strike.01.02 | ggg-sfx.magic.electricity.thunder.strike.01.03 | ggg-sfx.magic.electricity.thunder.strike.01.04","psfx.3rd-level-spells.call-lightning.v1.cast | psfx.3rd-level-spells.call-lightning.v1.primary","modules/soundfxlibrary/Nature/Single/Thunder/thunder-1.mp3 | modules/soundfxlibrary/Nature/Single/Thunder/thunder-2.mp3 | modules/soundfxlibrary/Nature/Single/Thunder/thunder-3.mp3 | modules/soundfxlibrary/Nature/Single/Thunder/thunder-4.mp3 | modules/soundfxlibrary/Nature/Single/Thunder/thunder-5.mp3 | modules/soundfxlibrary/Nature/Single/Thunder/thunder-6.mp3",""
"Lignify","2hMy9ROM2dOZB8Jq","quiet","No unambiguous audible effect in description; quiet by default.","","","",""
"Liminal Doorway","OM5NeD7a1CYNqy8S","quiet","Reviewed private perception, prepared benefit, support, cleansing, object or casting-only illustration. No wound restoration, chosen voice/material, future impact or successful outcome is inferred; audio remains customizable.","","","",""
"Lingering Composition","irTdhxTixU9u9YUm","quiet","No unambiguous audible effect in description; quiet by default.","","","",""
"Linnorm Sting","ZMY58Yk5hnyfeE3q","fire","Description and fire treatment support a fire effect cue.","ggg-sfx.magic.fire.ignite.01.01 | ggg-sfx.magic.fire.impact.general.01.01 | ggg-sfx.magic.fire.impact.general.01.02 | ggg-sfx.magic.fire.impact.general.02.01 | ggg-sfx.magic.fire.impact.general.02.02 | ggg-sfx.magic.fire.impact.general.02.03","psfx.cantrips.create-bonfire.v1.001 | psfx.casting.fire-side.001 | psfx.casting.fire.001","",""
"Live Wire","Vbj8bTQ1nwrOBbYF","electric","Description and electricity treatment support a electric effect cue.","ggg-sfx.magic.electricity.impact.general.01.01 | ggg-sfx.magic.electricity.impact.general.01.02 | ggg-sfx.magic.electricity.impact.general.01.03 | ggg-sfx.magic.electricity.zap.01.01","psfx.impacts.magicaleffects.lightning | psfx.impacts.magicaleffects.lightning | psfx.impacts.magicaleffects.lightning | psfx.impacts.magicaleffects.lightning | psfx.impacts.magicaleffects.lightning","modules/soundfxlibrary/Combat/Single/Spell Impact Lightning/spell-impact-lightning-1.mp3 | modules/soundfxlibrary/Combat/Single/Spell Impact Lightning/spell-impact-lightning-2.mp3 | modules/soundfxlibrary/Combat/Single/Spell Impact Lightning/spell-impact-lightning-3.mp3 | modules/soundfxlibrary/Combat/Single/Spell Impact Lightning/spell-impact-lightning-4.mp3",""
"Lively Flight","cHwM7Uj74L1titXZ","healing","Description restores health; gentle restorative cue.","ggg-sfx.magic.divine.healing.01.01 | ggg-sfx.magic.divine.healing.01.02 | ggg-sfx.magic.divine.healing.01.03 | ggg-sfx.magic.divine.healing.01.04 | ggg-sfx.magic.divine.healing.02.mass_healing.01.01 | ggg-sfx.magic.divine.healing.02.mass_healing.01.02","psfx.1st-level-spells.cure-wounds.v1.001","",""
"Living Graveyard","iCzdCea2tm1oVpRf","quiet","No unambiguous audible effect in description; quiet by default.","","","",""
"Living Terrain","ygZHabZRS1ypucaw","earth","Description and earth treatment support a earth effect cue.","ggg-sfx.magic.earth.impact.general.01.muffled.01 | ggg-sfx.magic.earth.impact.general.01.muffled.02 | ggg-sfx.magic.earth.impact.general.01.muffled.03 | ggg-sfx.magic.earth.impact.general.01.normal.01 | ggg-sfx.magic.earth.impact.general.01.normal.02 | ggg-sfx.magic.earth.impact.general.01.normal.03","psfx.casting.earth.001","",""
"Living Thunderbolt","BsjhLRBhQCkeO3J7","transform","Brief transformation cue; no assumed animal voice.","ggg-sfx.magic.primal.cast.general.03.01","","",""
"Localized Quake","cBUuG1yJHGeKffpg","earth","Description and earth treatment support a earth effect cue.","ggg-sfx.magic.earth.impact.general.01.muffled.01 | ggg-sfx.magic.earth.impact.general.01.muffled.02 | ggg-sfx.magic.earth.impact.general.01.muffled.03 | ggg-sfx.magic.earth.impact.general.01.normal.01 | ggg-sfx.magic.earth.impact.general.01.normal.02 | ggg-sfx.magic.earth.impact.general.01.normal.03","psfx.casting.earth.001","",""
"Locate","LQzlKbYjZSMFQawP","quiet","No unambiguous audible effect in description; quiet by default.","","","",""
"Lock","Azoh0BSoCASrA1lr","quiet","No unambiguous audible effect in description; quiet by default.","","","",""
"Lock Item","qFO9HgplrShoaAPY","quiet","Quiet support, a connection or a player-chosen object operation; no metal chain clank, selected object material, future movement or success sound is inferred.","","","",""
"Loose Time's Arrow","mLAYvbafVKfBgEhz","time","Temporal effect uses a short time-shift cue.","ggg-sfx.magic.time.reverse.01.01 | ggg-sfx.magic.time.reverse.01.02 | ggg-sfx.magic.time.reverse.01.03 | ggg-sfx.magic.time.reverse.01.04","","",""
"Loremaster's Etude","5Pc55FGGqVpIAJ62","quiet","No unambiguous audible effect in description; quiet by default.","","","",""
"Lose the Path","iohRnd4gUCmJlh54","quiet","No unambiguous audible effect in description; quiet by default.","","","",""
"Lotus Walk","OuZY7VYeylub5K7l","growth","Description and plant treatment support a growth effect cue.","ggg-sfx.magic.primal.growth.01.01","psfx.1st-level-spells.entangle.vines.v1.001.intro","",""
"Love's Sacrifice","flKde7BHrZnRheMl","quiet","No unambiguous audible effect in description; quiet by default.","","","",""
"Loyalty's Ward","qBSyP5csMVmaOWCF","shield","Protective field; short ward activation.","ggg-sfx.magic.divine.buff.ward.01.01","psfx.1st-level-spells.shield-spell.intro.v1.003","",""
"Lucky Break","7OwZHalOdRCRnFmZ","quiet","No unambiguous audible effect in description; quiet by default.","","","",""
"Lucky Month","MkHshwYy2UOeEHRR","quiet","No unambiguous audible effect in description; quiet by default.","","","",""
"Lucky Number","rDDYGY2ekZ1yVv7q","quiet","No unambiguous audible effect in description; quiet by default.","","","",""
"Luminous Stardust Healing","1H3T9UwxW44Y0YaS","healing","Finite starlit restoration, without claiming that later light effects have resolved.","ggg-sfx.magic.divine.healing.01.01 | ggg-sfx.magic.divine.healing.01.02 | ggg-sfx.magic.divine.healing.01.03 | ggg-sfx.magic.divine.healing.01.04 | ggg-sfx.magic.divine.healing.02.mass_healing.01.01 | ggg-sfx.magic.divine.healing.02.mass_healing.01.02","psfx.1st-level-spells.cure-wounds.v1.001","",""
"Lure Dream","fRUxp4G9kG816XAt","quiet","No unambiguous audible effect in description; quiet by default.","","","",""
"Luring Wail","Lr737SofpsFtLpEo","quiet","No unambiguous audible effect in description; quiet by default.","","","",""
"Mad Monkeys","tFKJCPvOQZxKq6ON","quiet","No unambiguous audible effect in description; quiet by default.","","","",""
"Magic Hide","u2uSeH6YSbK1ajTy","quiet","Bodily support, temporary vitality, sensory loss or internal discomfort; no healing, injury, growl or sonic blast is inferred.","","","",""
"Magic Mailbox","f9duI5d8xNYqxI8d","summon","Summoning arrival; creature species remains player choice.","ggg-sfx.magic.primal.cast.general.03.01","psfx.magic-signs.circle.v1.conjuration.intro | psfx.magic-signs.circle.v1.conjuration.intro-fade","",""
"Magic Passage","115Xp9E38CJENhNS","quiet","No unambiguous audible effect in description; quiet by default.","","","",""
"Magic Stone","9u6X9ykhzG11NK1n","holy","Description and vitality treatment support a holy effect cue.","ggg-sfx.magic.divine.light.01.01 | ggg-sfx.magic.divine.light.02.01","psfx.cantrips.sacred-flame.v1.001.caster","",""
"Magic Warrior Aspect","b6UnLNikoq2Std1f","transform","Brief transformation cue; no assumed animal voice.","ggg-sfx.magic.primal.cast.general.03.01","","",""
"Magic Warrior Transformation","tp4K7mYDL5MRHvJc","transform","Brief transformation cue; no assumed animal voice.","ggg-sfx.magic.primal.cast.general.03.01","","",""
"Magic's Vessel","u4FGIUQgruLjml7J","quiet","No unambiguous audible effect in description; quiet by default.","","","",""
"Magical Fetters","2ZPqcM9wNoVnpwkK","quiet","No unambiguous audible effect in description; quiet by default.","","","",""
"Magnetic Acceleration","Tx8OqkBFA2QlaldW","metalProjectile","Metal needles or a small metal object fly toward the target. A neutral flight cue follows release; metal contact follows the landing sample, rather than an anvil sound during casting.","ggg-sfx.ranged.thrown.general.01.01 | ggg-sfx.ranged.thrown.general.01.02 | ggg-sfx.ranged.thrown.general.01.03 | ggg-sfx.magic.metal.cast.hit.01.01 | ggg-sfx.magic.metal.cast.hit.01.02 | ggg-sfx.magic.metal.cast.hit.01.03 | ggg-sfx.magic.metal.cast.hit.01.04 | ggg-sfx.magic.metal.cast.hit.01.05","","",""
"Magnetic Attraction","7dKtMehJ6YrXwJLR","quiet","No unambiguous audible effect in description; quiet by default.","","","",""
"Magnetic Dominion","AsRd1gNRSkHDq2Jx","quiet","No unambiguous audible effect in description; quiet by default.","","","",""
"Magnetic Repulsion","24U1b9K4Lj94cgaj","shield","Protective field; short ward activation.","ggg-sfx.magic.divine.buff.ward.01.01","psfx.1st-level-spells.shield-spell.intro.v1.003","",""
"Magnetize","5SDKyUShSMbv0Vh1","quiet","No unambiguous audible effect in description; quiet by default.","","","",""
"Malediction","AdZ2rWJStZ5unxzq","quiet","No unambiguous audible effect in description; quiet by default.","","","",""
"Malicious Shadow","vhMCd15ZwNJn0zen","quiet","No unambiguous audible effect in description; quiet by default.","","","",""
"Malignant Sustenance","qzsQmpiQodHBBWYI","healing","Description restores health; gentle restorative cue.","ggg-sfx.magic.divine.healing.01.01 | ggg-sfx.magic.divine.healing.01.02 | ggg-sfx.magic.divine.healing.01.03 | ggg-sfx.magic.divine.healing.01.04 | ggg-sfx.magic.divine.healing.02.mass_healing.01.01 | ggg-sfx.magic.divine.healing.02.mass_healing.01.02","psfx.1st-level-spells.cure-wounds.v1.001","",""
"Manifest Will","IqBfoUaWDennHYoZ","quiet","No unambiguous audible effect in description; quiet by default.","","","",""
"Manifestation","AuIiqc7jjiy1GZ75","quiet","No unambiguous audible effect in description; quiet by default.","","","",""
"Manifestation of Spirits","O1ZLfeOJpHbG9G6B","quiet","Reviewed private perception, prepared benefit, support, cleansing, object or casting-only illustration. No wound restoration, chosen voice/material, future impact or successful outcome is inferred; audio remains customizable.","","","",""
"Manifold Lives","MT8usUfwudDVUm5H","psychic","Psychic attack uses a short mental pulse, without spoken voices.","","psfx.cantrips.mind-sliver.v1","",""
"Mantis Form","bKDsmKVosexwJ80i","transform","Brief transformation cue; no assumed animal voice.","ggg-sfx.magic.primal.cast.general.03.01","","",""
"Mantis's Grasp","Tl1QAqre7H0sQEXt","force","Description and force treatment support a force effect cue.","ggg-sfx.magic.arcane.impact.blast.01.01 | ggg-sfx.magic.arcane.impact.blast.01.02 | ggg-sfx.magic.arcane.impact.blast.01.03 | ggg-sfx.magic.arcane.impact.blast.01.04","psfx.ranged-magic.generic.beam.001","modules/soundfxlibrary/Combat/Single/Spell Impact/spell-impact-1.mp3 | modules/soundfxlibrary/Combat/Single/Spell Impact/spell-impact-2.mp3 | modules/soundfxlibrary/Combat/Single/Spell Impact/spell-impact-3.mp3 | modules/soundfxlibrary/Combat/Single/Spell Impact/spell-impact-4.mp3 | modules/soundfxlibrary/Combat/Single/Spell Impact/spell-impact-5.mp3 | modules/soundfxlibrary/Combat/Single/Spell Impact/spell-impact-6.mp3",""
"Mantle of Heaven's Slopes","vF52ktg0wUIAlf57","quiet","Reviewed private perception, prepared benefit, support, cleansing, object or casting-only illustration. No wound restoration, chosen voice/material, future impact or successful outcome is inferred; audio remains customizable.","","","",""
"Mantle of the Frozen Heart","CcXtbTxtdV9MKQfu","cold","Description and cold treatment support a cold effect cue.","ggg-sfx.magic.ice.freeze.01.01 | ggg-sfx.magic.ice.freeze.02.01 | ggg-sfx.magic.ice.freeze.03.01 | ggg-sfx.magic.ice.freeze.03.02 | ggg-sfx.magic.ice.freeze.04.01 | ggg-sfx.magic.ice.freeze.04.02","psfx.impacts.magicaleffects.cold","",""
"Mantle of the Magma Heart","j2kfNBFpLa0JjVr8","transform","Brief transformation cue; no assumed animal voice.","ggg-sfx.magic.primal.cast.general.03.01","","",""
"Mantle of the Melting Heart","UcS6Tw9OuOAEDfzg","quiet","Reviewed private perception, prepared benefit, support, cleansing, object or casting-only illustration. No wound restoration, chosen voice/material, future impact or successful outcome is inferred; audio remains customizable.","","","",""
"Mantle of the Unwavering Heart","3526YUgCvB5ZsKuX","quiet","Reviewed private perception, prepared benefit, support, cleansing, object or casting-only illustration. No wound restoration, chosen voice/material, future impact or successful outcome is inferred; audio remains customizable.","","","",""
"Mariner's Curse","z2mfh3oPnfYqXflY","quiet","No unambiguous audible effect in description; quiet by default.","","","",""
"Mark of Blood","Oy6qBhzayCnqOiEO","quiet","No unambiguous audible effect in description; quiet by default.","","","",""
"Martyr's Intervention","M9TiCE1vlG1j2faM","shield","Protective field; short ward activation.","ggg-sfx.magic.divine.buff.ward.01.01","psfx.1st-level-spells.shield-spell.intro.v1.003","",""
"Marvelous Mount","WPKJOhEihhcIm2uQ","quiet","No unambiguous audible effect in description; quiet by default.","","","",""
"Mask of Terror","O6VQC1Bs4aSYDa6R","quiet","Private perception, belief, a spoken secret or a prepared contingency; symbolic public artwork does not establish an audible fear or damage event.","","","",""
"Massacre","10VcmSYNBrvBphu1","void","Description and void treatment support a void effect cue.","ggg-sfx.magic.occult.pulse.01.abyss","psfx.impacts.magicaleffects.necrotic","",""
"Maze of Locked Doors","qOeBQyC1z7OScHvP","quiet","Reviewed private perception, prepared benefit, support, cleansing, object or casting-only illustration. No wound restoration, chosen voice/material, future impact or successful outcome is inferred; audio remains customizable.","","","",""
"Medusa's Wrath","wTYxxYJWN348oV15","quiet","No unambiguous audible effect in description; quiet by default.","","","",""
"Menacing Lament","6TudR1rDkxWMj1cv","quiet","No unambiguous audible effect in description; quiet by default.","","","",""
"Mending","dINQzhqGmIsqGMUY","mending","Repair and restoration of an object.","ggg-sfx.magic.tech.healing.01.01 | ggg-sfx.magic.tech.healing.01.02 | ggg-sfx.magic.tech.healing.01.03","psfx.cantrips.mending.v1.001.with-cast","",""
"Mental Map","PEGECeEtEmXEzwBT","quiet","Reviewed private perception, prepared benefit, support, cleansing, object or casting-only illustration. No wound restoration, chosen voice/material, future impact or successful outcome is inferred; audio remains customizable.","","","",""
"Mercurial Stride","ma3sndEAZdz0Cy2H","poison","Description and poison treatment support a poison effect cue.","ggg-sfx.magic.acid.cast.general.01.01 | ggg-sfx.magic.acid.cast.general.01.02 | ggg-sfx.magic.acid.cast.general.02.01 | ggg-sfx.magic.acid.cast.general.03.01 | ggg-sfx.magic.acid.cast.general.03.02 | ggg-sfx.magic.acid.impact.01.01","psfx.cantrips.poison-spray.v1","",""
"Message","vLzFcIaSXs7YTIqJ","quiet","Silent, subtle or private communication; no public sound cue.","","","",""
"Message Rune","Z7N5IxJCwrAdIgSg","quiet","Reviewed private perception, prepared benefit, support, cleansing, object or casting-only illustration. No wound restoration, chosen voice/material, future impact or successful outcome is inferred; audio remains customizable.","","","",""
"Metal Merged","wsTUiEOkYIrKSFBY","transform","Brief transformation cue; no assumed animal voice.","ggg-sfx.magic.primal.cast.general.03.01","","",""
"Metal Reverberation","GNJ0rAeLwvl2sM8S","metalResonance","The full description explicitly strikes a tuning fork and repeats its resonant note; a brief chime replaces an unrelated anvil smash.","ggg-sfx.magic.divine.cast.shimmer.03.01 | ggg-sfx.magic.divine.cast.shimmer.03.02","","",""
"Metallic Meteorite Glyph","moTWtlU84IScjnCh","metal","Description and metal treatment support a metal effect cue.","ggg-sfx.magic.metal.impact.anvil.01.01 | ggg-sfx.magic.metal.impact.anvil.01.02 | ggg-sfx.magic.metal.impact.anvil.01.03 | ggg-sfx.magic.metal.impact.anvil.01.04","","modules/soundfxlibrary/Combat/Single/Shield Hit/shield-hit-1.mp3 | modules/soundfxlibrary/Combat/Single/Shield Hit/shield-hit-10.mp3 | modules/soundfxlibrary/Combat/Single/Shield Hit/shield-hit-11.mp3 | modules/soundfxlibrary/Combat/Single/Shield Hit/shield-hit-12.mp3 | modules/soundfxlibrary/Combat/Single/Shield Hit/shield-hit-3.mp3 | modules/soundfxlibrary/Combat/Single/Shield Hit/shield-hit-4.mp3",""
"Metamorphosis","pswdik31kuHEvdno","transform","Brief transformation cue; no assumed animal voice.","ggg-sfx.magic.primal.cast.general.03.01","","",""
"Migration","U0hL0LLaprcnAyzC","transform","Brief transformation cue; no assumed animal voice.","ggg-sfx.magic.primal.cast.general.03.01","","",""
"Mimic Spell","2a8wiTxvBhcMbMU5","quiet","No unambiguous audible effect in description; quiet by default.","","","",""
"Mimic Undead","xlRv8vCTHh1NeMpw","quiet","No unambiguous audible effect in description; quiet by default.","","","",""
"Mind Games","29JyWqqZ0thCFr1C","quiet","No unambiguous audible effect in description; quiet by default.","","","",""
"Mind of Menace","fPlFRu4dp09qJs3K","quiet","Private perception, belief, a spoken secret or a prepared contingency; symbolic public artwork does not establish an audible fear or damage event.","","","",""
"Mind Probe","9BnhadUO8FMLmeZ3","quiet","No unambiguous audible effect in description; quiet by default.","","","",""
"Mind Reading","KHnhPHL4x1AQHfbC","quiet","No unambiguous audible effect in description; quiet by default.","","","",""
"Mind Swap","RWwiFnjxoJXn7H6D","quiet","No unambiguous audible effect in description; quiet by default.","","","",""
"Mindlink","D442XMADp01qJ7Cs","quiet","Reviewed private perception, prepared benefit, support, cleansing, object or casting-only illustration. No wound restoration, chosen voice/material, future impact or successful outcome is inferred; audio remains customizable.","","","",""
"Mindscape Door","8MAHUK6jphbME4BR","quiet","No unambiguous audible effect in description; quiet by default.","","","",""
"Mindscape Shift","VJgSQBYwXGDbMmiW","teleport","Spatial effect uses a short departure/arrival cue.","ggg-sfx.magic.occult.movement.teleportation.01.01 | ggg-sfx.magic.occult.movement.teleportation.01.02 | ggg-sfx.magic.occult.movement.teleportation.01.03 | ggg-sfx.magic.occult.movement.teleportation.01.04 | ggg-sfx.magic.occult.movement.teleportation.01.05","psfx.2nd-level-spells.misty-step.v1.intro.generic","",""
"Miracle","YfJTXyVGzLhM6V8U","quiet","No unambiguous audible effect in description; quiet by default.","","","",""
"Mirage","HBJPsonQnWcC3qdX","quiet","No unambiguous audible effect in description; quiet by default.","","","",""
"Mirecloak","NIop4eI2i7cKFGad","quiet","No unambiguous audible effect in description; quiet by default.","","","",""
"Mirror Image","j8vIoIEWElvpwkcI","quiet","No unambiguous audible effect in description; quiet by default.","","","",""
"Mirror Malefactors","CmZCq4htcZ6W0TKk","quiet","No unambiguous audible effect in description; quiet by default.","","","",""
"Mirror's Misfortune","A7w3YQBrFNH8KYsB","quiet","No unambiguous audible effect in description; quiet by default.","","","",""
"Mislead","WPXzPl7YbMEIGWfi","quiet","No unambiguous audible effect in description; quiet by default.","","","",""
"Missed Cue","oCdcZ8EqoC1K0Drq","quiet","No unambiguous audible effect in description; quiet by default.","","","",""
"Mist","9XHmC2JgTUIQ1CCm","quiet","Quiet mist or internal heating does not imply an external splash, flame detonation or bodily injury sound.","","","",""
"Mist Sight","IY4cZndAnNcyFslv","quiet","The stated visual or selected-element illustration does not establish an audible strike, animal voice, explosion or large splash; optional sound remains customizable.","","","",""
"Misty Memory","zu40ATlcCjtfWBnj","water","Description and water treatment support a water effect cue.","ggg-sfx.magic.water.impact.general.01.01 | ggg-sfx.magic.water.impact.general.01.02 | ggg-sfx.magic.water.impact.general.01.03 | ggg-sfx.magic.water.impact.general.01.04 | ggg-sfx.magic.water.impact.general.01.05 | ggg-sfx.magic.water.impact.general.01.06","psfx.casting.water.001","modules/soundfxlibrary/Misc/Single/Water Splash/water-splash-1.mp3 | modules/soundfxlibrary/Misc/Single/Water Splash/water-splash-2.mp3 | modules/soundfxlibrary/Misc/Single/Water Splash/water-splash-3.mp3 | modules/soundfxlibrary/Misc/Single/Water Splash/water-splash-4.mp3",""
"Moment of Renewal","4MOew29Z1oCX8O28","healing","Description restores health; gentle restorative cue.","ggg-sfx.magic.divine.healing.01.01 | ggg-sfx.magic.divine.healing.01.02 | ggg-sfx.magic.divine.healing.01.03 | ggg-sfx.magic.divine.healing.01.04 | ggg-sfx.magic.divine.healing.02.mass_healing.01.01 | ggg-sfx.magic.divine.healing.02.mass_healing.01.02","psfx.1st-level-spells.cure-wounds.v1.001","",""
"Momentary Recovery","ggtZTxeyEnDYbt6f","quiet","Reviewed private perception, prepared benefit, support, cleansing, object or casting-only illustration. No wound restoration, chosen voice/material, future impact or successful outcome is inferred; audio remains customizable.","","","",""
"Monstrosity Form","8AMvNVOUEtxBCDvJ","transform","Brief transformation cue; no assumed animal voice.","ggg-sfx.magic.primal.cast.general.03.01","","",""
"Moon Frenzy","YtesyvfAIwXOqISq","transform","Brief transformation cue; no assumed animal voice.","ggg-sfx.magic.primal.cast.general.03.01","","",""
"Moonbeam","SuBtUJiU6DbSJYIw","moonRay","Moonlight beam uses a lunar shimmer, not fire audio inferred from damage type.","ggg-sfx.magic.arcane.light.general.01.01 | ggg-sfx.magic.arcane.light.general.01.02 | ggg-sfx.magic.arcane.light.general.01.03 | ggg-sfx.magic.arcane.light.general.01.04 | ggg-sfx.magic.arcane.light.revealing.01.01 | ggg-sfx.magic.arcane.light.revealing.01.02","psfx.2nd-level-spells.moonbeam.intro_no_pulse.v1.001 | psfx.2nd-level-spells.moonbeam.intro_no_pulse.v1.002 | psfx.2nd-level-spells.moonbeam.intro_no_pulse.v1.003 | psfx.2nd-level-spells.moonbeam.intro_no_pulse.v1.004 | psfx.2nd-level-spells.moonbeam.intro_no_pulse.v1.005 | psfx.2nd-level-spells.moonbeam.intro.v1.001","",""
"Moonburst","Shiuhdb2nO6Qgk3k","quiet","No unambiguous audible effect in description; quiet by default.","","","",""
"Moonlight Bridge","In2A7GCyxxaqZdPI","light","Light appears with a brief shimmer.","ggg-sfx.magic.divine.light.01.01 | ggg-sfx.magic.divine.light.02.01","psfx.cantrips.dancing-lights.v1.001 | psfx.cantrips.dancing-lights.v1.002 | psfx.cantrips.dancing-lights.v1.003 | psfx.cantrips.dancing-lights.v1.004 | psfx.cantrips.dancing-lights.v1.005 | psfx.cantrips.light.v1.001","",""
"Moonlight Ray","mtlyAyf30JnIvxVn","moonRay","Moonlight beam uses a lunar shimmer, not fire audio inferred from damage type.","ggg-sfx.magic.arcane.light.general.01.01 | ggg-sfx.magic.arcane.light.general.01.02 | ggg-sfx.magic.arcane.light.general.01.03 | ggg-sfx.magic.arcane.light.general.01.04 | ggg-sfx.magic.arcane.light.revealing.01.01 | ggg-sfx.magic.arcane.light.revealing.01.02","psfx.2nd-level-spells.moonbeam.intro_no_pulse.v1.001 | psfx.2nd-level-spells.moonbeam.intro_no_pulse.v1.002 | psfx.2nd-level-spells.moonbeam.intro_no_pulse.v1.003 | psfx.2nd-level-spells.moonbeam.intro_no_pulse.v1.004 | psfx.2nd-level-spells.moonbeam.intro_no_pulse.v1.005 | psfx.2nd-level-spells.moonbeam.intro.v1.001","",""
"Morass of Ages","D6BcAoWFxHYTKwVZ","quiet","No unambiguous audible effect in description; quiet by default.","","","",""
"Mosquito Blight","dNpIc5k1aCI3bHIg","quiet","No unambiguous audible effect in description; quiet by default.","","","",""
"Moth's Supper","xabHqik5SoyDc5Db","healing","Description and healing treatment support a healing effect cue.","ggg-sfx.magic.divine.healing.01.01 | ggg-sfx.magic.divine.healing.01.02 | ggg-sfx.magic.divine.healing.01.03 | ggg-sfx.magic.divine.healing.01.04 | ggg-sfx.magic.divine.healing.02.mass_healing.01.01 | ggg-sfx.magic.divine.healing.02.mass_healing.01.02","psfx.1st-level-spells.cure-wounds.v1.001","",""
"Mother's Blessing","qVXraYXlTjissCaG","quiet","No unambiguous audible effect in description; quiet by default.","","","",""
"Mountain Resilience","2BV2yYPfVJ5zirZt","earth","Description and earth treatment support a earth effect cue.","ggg-sfx.magic.earth.impact.general.01.muffled.01 | ggg-sfx.magic.earth.impact.general.01.muffled.02 | ggg-sfx.magic.earth.impact.general.01.muffled.03 | ggg-sfx.magic.earth.impact.general.01.normal.01 | ggg-sfx.magic.earth.impact.general.01.normal.02 | ggg-sfx.magic.earth.impact.general.01.normal.03","psfx.casting.earth.001","",""
"Movanic Glimmer","e9tVGZhYW37CtbHA","quiet","No unambiguous audible effect in description; quiet by default.","","","",""
"Mud Pit","yAiSNmz39qXOIlco","quiet","No unambiguous audible effect in description; quiet by default.","","","",""
"Murder of Crows","KT0AR9yfSV3Cq8A4","quiet","No unambiguous audible effect in description; quiet by default.","","","",""
"Murderous Vine","kCgkreCT6g0dipMd","growth","Description and plant treatment support a growth effect cue.","ggg-sfx.magic.primal.growth.01.01","psfx.1st-level-spells.entangle.vines.v1.001.intro","",""
"Murmuration","4EmLum6EdvXxbxCj","sonic","Description and sonic treatment support a sonic effect cue.","ggg-sfx.magic.sonic.slam.01.01 | ggg-sfx.magic.sonic.slam.01.02 | ggg-sfx.magic.sonic.slam.01.03 | ggg-sfx.magic.sonic.slam.01.04 | ggg-sfx.magic.sonic.slam.01.05 | ggg-sfx.magic.sonic.slam.01.06","psfx.cantrips.thunderclap.v1","",""
"Muscle Barrier","lbQCmM0e89Y4ou7F","shield","Protective field; short ward activation.","ggg-sfx.magic.divine.buff.ward.01.01","psfx.1st-level-spells.shield-spell.intro.v1.003","",""
"Mushroom Patch","xCfOskoogDf9LBlD","quiet","No unambiguous audible effect in description; quiet by default.","","","",""
"Musical Accompaniment","mnhuvqTIELcpJOFX","song","Description explicitly calls for music; short musical flourish.","ggg-sfx.magic.sonic.harp.surge.01.01 | ggg-sfx.magic.sonic.harp.surge.01.02 | ggg-sfx.magic.sonic.harp.surge.01.03 | ggg-sfx.magic.sonic.harp.surge.01.04","psfx.musical-instruments.lute.01.strummed-tremolo.keyOfC.Cadd9 | psfx.musical-instruments.lute.01.strummed-tremolo.keyOfC.Cm6 | psfx.musical-instruments.lute.01.strummed.keyOfC.C6 | psfx.musical-instruments.lute.01.strummed.keyOfC.C7","",""
"Musical Shift","3ZxaIw1FOOocJboH","song","Description explicitly calls for music; short musical flourish.","ggg-sfx.magic.sonic.harp.surge.01.01 | ggg-sfx.magic.sonic.harp.surge.01.02 | ggg-sfx.magic.sonic.harp.surge.01.03 | ggg-sfx.magic.sonic.harp.surge.01.04","psfx.musical-instruments.lute.01.strummed-tremolo.keyOfC.Cadd9 | psfx.musical-instruments.lute.01.strummed-tremolo.keyOfC.Cm6 | psfx.musical-instruments.lute.01.strummed.keyOfC.C6 | psfx.musical-instruments.lute.01.strummed.keyOfC.C7","",""
"Mutilate","BWvGBx51RevizICD","quiet","No unambiguous audible effect in description; quiet by default.","","","",""
"Mycological Malady","V4jrHiaMh4XuANOP","quiet","No unambiguous audible effect in description; quiet by default.","","","",""
"Mystic Armor","aAbfKn8maGjJjk2W","quiet","No unambiguous audible effect in description; quiet by default.","","","",""
"Mystic Beacon","2SYq0ZTsOtJEigFx","healing","Description restores health; gentle restorative cue.","ggg-sfx.magic.divine.healing.01.01 | ggg-sfx.magic.divine.healing.01.02 | ggg-sfx.magic.divine.healing.01.03 | ggg-sfx.magic.divine.healing.01.04 | ggg-sfx.magic.divine.healing.02.mass_healing.01.01 | ggg-sfx.magic.divine.healing.02.mass_healing.01.02","psfx.1st-level-spells.cure-wounds.v1.001","",""
"Mystic Carriage","jOWQ5wPd4xvSkjI5","quiet","No unambiguous audible effect in description; quiet by default.","","","",""
"Nature Incarnate","ZXwxs5tRjEGrjAJT","transform","Brief transformation cue; no assumed animal voice.","ggg-sfx.magic.primal.cast.general.03.01","","",""
"Nature's Bounty","vSSKyUdrHu86E5Gk","healing","Description restores health; gentle restorative cue.","ggg-sfx.magic.divine.healing.01.01 | ggg-sfx.magic.divine.healing.01.02 | ggg-sfx.magic.divine.healing.01.03 | ggg-sfx.magic.divine.healing.01.04 | ggg-sfx.magic.divine.healing.02.mass_healing.01.01 | ggg-sfx.magic.divine.healing.02.mass_healing.01.02","psfx.1st-level-spells.cure-wounds.v1.001","",""
"Nature's Enmity","Tc5NLaMu71vrGTJQ","quiet","No unambiguous audible effect in description; quiet by default.","","","",""
"Nature's Pathway","F1qxaqsEItmBura2","quiet","Reviewed private perception, prepared benefit, support, cleansing, object or casting-only illustration. No wound restoration, chosen voice/material, future impact or successful outcome is inferred; audio remains customizable.","","","",""
"Nature's Reprisal","YtBZq49N4Um1cwm7","poison","Description and poison treatment support a poison effect cue.","ggg-sfx.magic.acid.cast.general.01.01 | ggg-sfx.magic.acid.cast.general.01.02 | ggg-sfx.magic.acid.cast.general.02.01 | ggg-sfx.magic.acid.cast.general.03.01 | ggg-sfx.magic.acid.cast.general.03.02 | ggg-sfx.magic.acid.impact.01.01","psfx.cantrips.poison-spray.v1","",""
"Necromancer's Generosity","JUJYVbtNNFdvyrBS","quiet","Reviewed private perception, prepared benefit, support, cleansing, object or casting-only illustration. No wound restoration, chosen voice/material, future impact or successful outcome is inferred; audio remains customizable.","","","",""
"Necrotic Bomb","cg1l2AxBenLU6JFE","void","Description and void treatment support a void effect cue.","ggg-sfx.magic.occult.pulse.01.abyss","psfx.impacts.magicaleffects.necrotic","",""
"Necrotic Radiation","29p7NMY2OTpaINzt","void","Description and void treatment support a void effect cue.","ggg-sfx.magic.occult.pulse.01.abyss","psfx.impacts.magicaleffects.necrotic","",""
"Necrotize","6lO6uMQxbqmYho0e","void","Description and void treatment support a void effect cue.","ggg-sfx.magic.occult.pulse.01.abyss","psfx.impacts.magicaleffects.necrotic","",""
"Needle Darts","iYRDFxeVpJ5KIjmr","metalProjectile","Metal needles or a small metal object fly toward the target. A neutral flight cue follows release; metal contact follows the landing sample, rather than an anvil sound during casting.","ggg-sfx.ranged.thrown.general.01.01 | ggg-sfx.ranged.thrown.general.01.02 | ggg-sfx.ranged.thrown.general.01.03 | ggg-sfx.magic.metal.cast.hit.01.01 | ggg-sfx.magic.metal.cast.hit.01.02 | ggg-sfx.magic.metal.cast.hit.01.03 | ggg-sfx.magic.metal.cast.hit.01.04 | ggg-sfx.magic.metal.cast.hit.01.05","","",""
"Needle of Vengeance","aEitTTb9PnOyidRf","psychic","Psychic attack uses a short mental pulse, without spoken voices.","","psfx.cantrips.mind-sliver.v1","",""
"Negate Aroma","0fKHBh5goe2eiFYL","quiet","Olfactory change only; scent removal or attraction does not create an audible mist, animal swarm or attack.","","","",""
"Nettleskin","BA143r8fCqmSjdRf","shield","Protective field; short ward activation.","ggg-sfx.magic.divine.buff.ward.01.01","psfx.1st-level-spells.shield-spell.intro.v1.003","",""
"Never Mind","5BbU1V6wGSGbrmRD","quiet","No unambiguous audible effect in description; quiet by default.","","","",""
"Nightmare","Uqj344bezBq3ESdq","quiet","No unambiguous audible effect in description; quiet by default.","","","",""
"Noise Blast","wzLkNU3AAqOSKFPR","sonic","Description and sonic treatment support a sonic effect cue.","ggg-sfx.magic.sonic.slam.01.01 | ggg-sfx.magic.sonic.slam.01.02 | ggg-sfx.magic.sonic.slam.01.03 | ggg-sfx.magic.sonic.slam.01.04 | ggg-sfx.magic.sonic.slam.01.05 | ggg-sfx.magic.sonic.slam.01.06","psfx.cantrips.thunderclap.v1","",""
"Nothing Up My Sleeve","0aoRcxRyIPHfbifk","quiet","Reviewed private perception, prepared benefit, support, cleansing, object or casting-only illustration. No wound restoration, chosen voice/material, future impact or successful outcome is inferred; audio remains customizable.","","","",""
"Noxious Metals","3A3ueS9Q0s3U8KXE","poison","Description and poison treatment support a poison effect cue.","ggg-sfx.magic.acid.cast.general.01.01 | ggg-sfx.magic.acid.cast.general.01.02 | ggg-sfx.magic.acid.cast.general.02.01 | ggg-sfx.magic.acid.cast.general.03.01 | ggg-sfx.magic.acid.cast.general.03.02 | ggg-sfx.magic.acid.impact.01.01","psfx.cantrips.poison-spray.v1","",""
"Noxious Vapors","1meVElIu1CEVYWkv","poison","Description and poison treatment support a poison effect cue.","ggg-sfx.magic.acid.cast.general.01.01 | ggg-sfx.magic.acid.cast.general.01.02 | ggg-sfx.magic.acid.cast.general.02.01 | ggg-sfx.magic.acid.cast.general.03.01 | ggg-sfx.magic.acid.cast.general.03.02 | ggg-sfx.magic.acid.impact.01.01","psfx.cantrips.poison-spray.v1","",""
"Nudge Fate","G0T1xv1FoZ23Jxvt","quiet","Private perception, thought, expertise or comprehension changes; no public voices, ray impacts or discovery noises are inferred.","","","",""
"Nudge the Odds","QjdvYC1QkpMaemoX","quiet","No unambiguous audible effect in description; quiet by default.","","","",""
"Nullify","KRcccPeNZOZ5Nweh","quiet","No unambiguous audible effect in description; quiet by default.","","","",""
"Nymph's Grace","SAmyaiVKTDrUNjot","quiet","No unambiguous audible effect in description; quiet by default.","","","",""
"Nymph's Token","pHrVvoTKygXeczVG","quiet","No unambiguous audible effect in description; quiet by default.","","","",""
"Oaken Resilience","YWrfKetOqDwVFut7","growth","Description and plant treatment support a growth effect cue.","ggg-sfx.magic.primal.growth.01.01","psfx.1st-level-spells.entangle.vines.v1.001.intro","",""
"Oathkeeper's Insignia","cokeXkDHUAo4zHsw","quiet","No unambiguous audible effect in description; quiet by default.","","","",""
"Object Memory","RztmhJrLLQWoGVdB","quiet","Private perception, thought, expertise or comprehension changes; no public voices, ray impacts or discovery noises are inferred.","","","",""
"Object Reading","5LYi9Efs6cko4GGL","quiet","Private perception, thought, expertise or comprehension changes; no public voices, ray impacts or discovery noises are inferred.","","","",""
"Oblivious Expulsion","QIjc7Zyej0P3b9v5","quiet","No unambiguous audible effect in description; quiet by default.","","","",""
"Ocean's Roar","6WZgtQ2Iw9CTbv2c","water","Description and water treatment support a water effect cue.","ggg-sfx.magic.water.impact.general.01.01 | ggg-sfx.magic.water.impact.general.01.02 | ggg-sfx.magic.water.impact.general.01.03 | ggg-sfx.magic.water.impact.general.01.04 | ggg-sfx.magic.water.impact.general.01.05 | ggg-sfx.magic.water.impact.general.01.06","psfx.casting.water.001","modules/soundfxlibrary/Misc/Single/Water Splash/water-splash-1.mp3 | modules/soundfxlibrary/Misc/Single/Water Splash/water-splash-2.mp3 | modules/soundfxlibrary/Misc/Single/Water Splash/water-splash-3.mp3 | modules/soundfxlibrary/Misc/Single/Water Splash/water-splash-4.mp3",""
"Ocular Overload","HvBpSeUDg0KcK2Hg","quiet","No unambiguous audible effect in description; quiet by default.","","","",""
"Ode to Ouroboros","DgCS456mXKw97vNy","quiet","No unambiguous audible effect in description; quiet by default.","","","",""
"Oil-Slicked Walls","bOf5WuLh6ZJloi7F","quiet","No unambiguous audible effect in description; quiet by default.","","","",""
"Omnidirectional Scan","l4bHFR9UW2XiY3kH","quiet","No unambiguous audible effect in description; quiet by default.","","","",""
"One with Plants","dileJ0Yxqg76LMvu","transform","Brief transformation cue; no assumed animal voice.","ggg-sfx.magic.primal.cast.general.03.01","","",""
"One with Stone","vh1RpbWfqdNC4L3P","transform","Brief transformation cue; no assumed animal voice.","ggg-sfx.magic.primal.cast.general.03.01","","",""
"One with the Land","TbYqDhlNRiWHe146","quiet","No unambiguous audible effect in description; quiet by default.","","","",""
"Oneiric Mire","87zLUuTMmZ9zc7gH","quiet","No unambiguous audible effect in description; quiet by default.","","","",""
"Ooze Form","0gdZrT9lwO17EIxc","transform","Brief transformation cue; no assumed animal voice.","ggg-sfx.magic.primal.cast.general.03.01","","",""
"Open the Wall of Ghosts","PvkEzzCaDT07DcJb","quiet","No unambiguous audible effect in description; quiet by default.","","","",""
"Orb of Twisting Fate","qO4xOJ0kAvhVGDpX","quiet","No unambiguous audible effect in description; quiet by default.","","","",""
"Ordained Purpose","CPNlhDQP3aDmLzB3","quiet","No unambiguous audible effect in description; quiet by default.","","","",""
"Organsight","bH9cH9aDByY91l1d","quiet","No unambiguous audible effect in description; quiet by default.","","","",""
"Osseous Cage","Cbwhd4m7qrRoRjot","quiet","No unambiguous audible effect in description; quiet by default.","","","",""
"Outcast's Curse","KSAEhNfZyXMO7Z7V","quiet","No unambiguous audible effect in description; quiet by default.","","","",""
"Over the Coals","PcmFpaHPCReNp1BD","quiet","No unambiguous audible effect in description; quiet by default.","","","",""
"Overflowing Sorrow","eCniO6INHNfc9Svr","quiet","No unambiguous audible effect in description; quiet by default.","","","",""
"Overload Connection","08Or2bBJuQTV2MAN","psychic","Psychic attack uses a short mental pulse, without spoken voices.","","psfx.cantrips.mind-sliver.v1","",""
"Overselling Flourish","ro0omoBKiJiMuDRa","quiet","No unambiguous audible effect in description; quiet by default.","","","",""
"Overstuff","mFHQ2u4LWiejqKQG","quiet","Material appearance, cleanliness, nourishment or preservation changes; no wound healing, vomiting, fire, attack or noisy repair process is assumed.","","","",""
"Overwhelming Memory","LJHrndGJRmLdxgXD","quiet","Reviewed private perception, prepared benefit, support, cleansing, object or casting-only illustration. No wound restoration, chosen voice/material, future impact or successful outcome is inferred; audio remains customizable.","","","",""
"Overwhelming Presence","fkDeKktdmbeplYRY","quiet","No unambiguous audible effect in description; quiet by default.","","","",""
"Owb Pact","u3G7KX1qpFJlSeWm","quiet","No unambiguous audible effect in description; quiet by default.","","","",""
"Pack Attack","eW7DqGEvU50CDHqc","quiet","No unambiguous audible effect in description; quiet by default.","","","",""
"Pack Breaker","cGGEi67G1RStR9cD","quiet","No unambiguous audible effect in description; quiet by default.","","","",""
"Pact Broker","YNAthsgsJjQIXbc8","quiet","No unambiguous audible effect in description; quiet by default.","","","",""
"Pain of Ages","HreHc5elibW9hVK8","quiet","No unambiguous audible effect in description; quiet by default.","","","",""
"Painful Vibrations","qTzvVnAMWL05VitC","sonic","Description and sonic treatment support a sonic effect cue.","ggg-sfx.magic.sonic.slam.01.01 | ggg-sfx.magic.sonic.slam.01.02 | ggg-sfx.magic.sonic.slam.01.03 | ggg-sfx.magic.sonic.slam.01.04 | ggg-sfx.magic.sonic.slam.01.05 | ggg-sfx.magic.sonic.slam.01.06","psfx.cantrips.thunderclap.v1","",""
"Painted Scout","oLylenH2jlP5UbRT","quiet","Quiet support, a connection or a player-chosen object operation; no metal chain clank, selected object material, future movement or success sound is inferred.","","","",""
"Palm-Held Sun","D7yI9WPr9ahkaXNf","healing","Description restores health; gentle restorative cue.","ggg-sfx.magic.divine.healing.01.01 | ggg-sfx.magic.divine.healing.01.02 | ggg-sfx.magic.divine.healing.01.03 | ggg-sfx.magic.divine.healing.01.04 | ggg-sfx.magic.divine.healing.02.mass_healing.01.01 | ggg-sfx.magic.divine.healing.02.mass_healing.01.02","psfx.1st-level-spells.cure-wounds.v1.001","",""
"Paralyze","DCQHaLrYXMI37dvW","quiet","Guidance, altered thought or compelled movement does not itself establish an audible manifestation; no extra voices or music are inferred.","","","",""
"Paranoia","Mkbq9xlAUxHUHyR2","quiet","No unambiguous audible effect in description; quiet by default.","","","",""
"Parch","7CUgqHunmHfW2lC5","wind","Description and wind treatment support a wind effect cue.","ggg-sfx.magic.air.wind.gust.long.01.01 | ggg-sfx.magic.air.wind.gust.long.01.02 | ggg-sfx.magic.air.wind.gust.long.01.03 | ggg-sfx.magic.air.wind.gust.long.01.04 | ggg-sfx.magic.air.wind.gust.long.01.05","psfx.cantrips.gust.v1","",""
"Part the Mists to Paradise","9sofMbyYL80shsHH","healing","Description restores health; gentle restorative cue.","ggg-sfx.magic.divine.healing.01.01 | ggg-sfx.magic.divine.healing.01.02 | ggg-sfx.magic.divine.healing.01.03 | ggg-sfx.magic.divine.healing.01.04 | ggg-sfx.magic.divine.healing.02.mass_healing.01.01 | ggg-sfx.magic.divine.healing.02.mass_healing.01.02","psfx.1st-level-spells.cure-wounds.v1.001","",""
"Path of Least Resistance","s3LISC5Z55urpBgU","quiet","No unambiguous audible effect in description; quiet by default.","","","",""
"Patron's Protector","x1YwD1E9LW8upBj6","shield","Protective field; short ward activation.","ggg-sfx.magic.divine.buff.ward.01.01","psfx.1st-level-spells.shield-spell.intro.v1.003","",""
"Patron's Puppet","aq1yonHeYpbaj3XI","quiet","No unambiguous audible effect in description; quiet by default.","","","",""
"Pave Ground","mS3p6BR3LcG1WmHs","earth","Description and earth treatment support a earth effect cue.","ggg-sfx.magic.earth.impact.general.01.muffled.01 | ggg-sfx.magic.earth.impact.general.01.muffled.02 | ggg-sfx.magic.earth.impact.general.01.muffled.03 | ggg-sfx.magic.earth.impact.general.01.normal.01 | ggg-sfx.magic.earth.impact.general.01.normal.02 | ggg-sfx.magic.earth.impact.general.01.normal.03","psfx.casting.earth.001","",""
"Peaceful Bubble","onjZCEHs3JJJRTD0","quiet","No unambiguous audible effect in description; quiet by default.","","","",""
"Peaceful Rest","xRgU9rrhmGAgG4Rc","quiet","Material appearance, cleanliness, nourishment or preservation changes; no wound healing, vomiting, fire, attack or noisy repair process is assumed.","","","",""
"Peer Into the Past","7ymYZ89WNBqGxWuh","quiet","No unambiguous audible effect in description; quiet by default.","","","",""
"Penumbral Disguise","QZ7OHptO1xnwaruq","quiet","No unambiguous audible effect in description; quiet by default.","","","",""
"Penumbral Shroud","zdb8cjOIDVKYMWdr","quiet","No unambiguous audible effect in description; quiet by default.","","","",""
"Perceive the Threads of Fate","QlivnxstGjlzaluf","quiet","No unambiguous audible effect in description; quiet by default.","","","",""
"Percussive Impact","iG1USiSRXMjCDGAr","sonic","Description and sonic treatment support a sonic effect cue.","ggg-sfx.magic.sonic.slam.01.01 | ggg-sfx.magic.sonic.slam.01.02 | ggg-sfx.magic.sonic.slam.01.03 | ggg-sfx.magic.sonic.slam.01.04 | ggg-sfx.magic.sonic.slam.01.05 | ggg-sfx.magic.sonic.slam.01.06","psfx.cantrips.thunderclap.v1","",""
"Perfect Strike","GQopUYTuhmtb7WMG","quiet","No unambiguous audible effect in description; quiet by default.","","","",""
"Perfected Body","8ifpNZkaxrbs3dBJ","quiet","No unambiguous audible effect in description; quiet by default.","","","",""
"Perfected Mind","cDFAQN7Z3es07WSA","quiet","No unambiguous audible effect in description; quiet by default.","","","",""
"Perfected Thrall","34d5j4TJFMwz4b8f","quiet","No unambiguous audible effect in description; quiet by default.","","","",""
"Perfection of Essence","kExRMPVI07iIFCaa","quiet","No unambiguous audible effect in description; quiet by default.","","","",""
"Pernicious Poltergeist","PtX16vbWzDehj8qc","quiet","No unambiguous audible effect in description; quiet by default.","","","",""
"Perseis's Precautions","ovx7O2FHvkjXhMcA","quiet","No unambiguous audible effect in description; quiet by default.","","","",""
"Persistent Servant","qCmihBL0G0G5ExPF","quiet","No unambiguous audible effect in description; quiet by default.","","","",""
"Personal Blizzard","g4MAIQodRDVfNp1B","cold","Description and cold treatment support a cold effect cue.","ggg-sfx.magic.ice.freeze.01.01 | ggg-sfx.magic.ice.freeze.02.01 | ggg-sfx.magic.ice.freeze.03.01 | ggg-sfx.magic.ice.freeze.03.02 | ggg-sfx.magic.ice.freeze.04.01 | ggg-sfx.magic.ice.freeze.04.02","psfx.impacts.magicaleffects.cold","",""
"Personal Ocean","K2bTUhucPyhXlzjw","quiet","No unambiguous audible effect in description; quiet by default.","","","",""
"Personal Rain Cloud","kJKSLfCgqxmN2FY8","water","Description and water treatment support a water effect cue.","ggg-sfx.magic.water.impact.general.01.01 | ggg-sfx.magic.water.impact.general.01.02 | ggg-sfx.magic.water.impact.general.01.03 | ggg-sfx.magic.water.impact.general.01.04 | ggg-sfx.magic.water.impact.general.01.05 | ggg-sfx.magic.water.impact.general.01.06","psfx.casting.water.001","modules/soundfxlibrary/Misc/Single/Water Splash/water-splash-1.mp3 | modules/soundfxlibrary/Misc/Single/Water Splash/water-splash-2.mp3 | modules/soundfxlibrary/Misc/Single/Water Splash/water-splash-3.mp3 | modules/soundfxlibrary/Misc/Single/Water Splash/water-splash-4.mp3",""
"Personal Runewell","N91EI7H1p7YXKX0o","force","Description and force treatment support a force effect cue.","ggg-sfx.magic.arcane.impact.blast.01.01 | ggg-sfx.magic.arcane.impact.blast.01.02 | ggg-sfx.magic.arcane.impact.blast.01.03 | ggg-sfx.magic.arcane.impact.blast.01.04","psfx.ranged-magic.generic.beam.001","modules/soundfxlibrary/Combat/Single/Spell Impact/spell-impact-1.mp3 | modules/soundfxlibrary/Combat/Single/Spell Impact/spell-impact-2.mp3 | modules/soundfxlibrary/Combat/Single/Spell Impact/spell-impact-3.mp3 | modules/soundfxlibrary/Combat/Single/Spell Impact/spell-impact-4.mp3 | modules/soundfxlibrary/Combat/Single/Spell Impact/spell-impact-5.mp3 | modules/soundfxlibrary/Combat/Single/Spell Impact/spell-impact-6.mp3",""
"Pest Form","gfPjmG6Fe6D3MFjl","transform","Brief transformation cue; no assumed animal voice.","ggg-sfx.magic.primal.cast.general.03.01","","",""
"Pest Swarm","fRqHDOWmgcUTeT03","quiet","No unambiguous audible effect in description; quiet by default.","","","",""
"Pet Cache","F1nlmqOIucch3Cmt","pocketTransition","Companion is drawn into an extradimensional pocket; finite spatial departure follows the target pocket entrance, without playing spell-end reappearance.","ggg-sfx.magic.occult.movement.teleportation.01.01 | ggg-sfx.magic.occult.movement.teleportation.01.02 | ggg-sfx.magic.occult.movement.teleportation.01.03 | ggg-sfx.magic.occult.movement.teleportation.01.04 | ggg-sfx.magic.occult.movement.teleportation.01.05","psfx.2nd-level-spells.misty-step.v1.intro.generic","",""
"Petal Storm","D31YX7zvRBvenTAz","wind","Description and wind treatment support a wind effect cue.","ggg-sfx.magic.air.wind.gust.long.01.01 | ggg-sfx.magic.air.wind.gust.long.01.02 | ggg-sfx.magic.air.wind.gust.long.01.03 | ggg-sfx.magic.air.wind.gust.long.01.04 | ggg-sfx.magic.air.wind.gust.long.01.05","psfx.cantrips.gust.v1","",""
"Petrify","znv4ECL7ZtuiagtA","earth","Description and earth treatment support a earth effect cue.","ggg-sfx.magic.earth.impact.general.01.muffled.01 | ggg-sfx.magic.earth.impact.general.01.muffled.02 | ggg-sfx.magic.earth.impact.general.01.muffled.03 | ggg-sfx.magic.earth.impact.general.01.normal.01 | ggg-sfx.magic.earth.impact.general.01.normal.02 | ggg-sfx.magic.earth.impact.general.01.normal.03","psfx.casting.earth.001","",""
"Phantasmagoria","MJx7DmjsWYzDZ3a4","quiet","No unambiguous audible effect in description; quiet by default.","","","",""
"Phantasmal Calamity","0XP2XOxT9VSiXFDr","quiet","No unambiguous audible effect in description; quiet by default.","","","",""
"Phantasmal Custodians","uuoPmbjEtqzWZs0v","quiet","No unambiguous audible effect in description; quiet by default.","","","",""
"Phantasmal Killer","tlcrVRqW1MSKJ5IC","quiet","No unambiguous audible effect in description; quiet by default.","","","",""
"Phantasmal Minion","xqmHD8JIjak15lRk","quiet","No unambiguous audible effect in description; quiet by default.","","","",""
"Phantasmal Protagonist","IKb9EOfsrhScO3GO","quiet","No unambiguous audible effect in description; quiet by default.","","","",""
"Phantasmal Treasure","L0GoJpHxSD0wRY5k","quiet","No unambiguous audible effect in description; quiet by default.","","","",""
"Phantom Crowd","WfINystwLv9ohYpS","quiet","No unambiguous audible effect in description; quiet by default.","","","",""
"Phantom Orchestra","7idCEYHnPpVNL9vX","wind","Description and wind treatment support a wind effect cue.","ggg-sfx.magic.air.wind.gust.long.01.01 | ggg-sfx.magic.air.wind.gust.long.01.02 | ggg-sfx.magic.air.wind.gust.long.01.03 | ggg-sfx.magic.air.wind.gust.long.01.04 | ggg-sfx.magic.air.wind.gust.long.01.05","psfx.cantrips.gust.v1","",""
"Phantom Pain","R8bqnYiThB6MYTxD","quiet","No unambiguous audible effect in description; quiet by default.","","","",""
"Phantom Prison","Pwq6T7xpfAJXV5aj","quiet","No unambiguous audible effect in description; quiet by default.","","","",""
"Phantom Ship","oOFilBgsXTVIbJpN","teleport","Spatial effect uses a short departure/arrival cue.","ggg-sfx.magic.occult.movement.teleportation.01.01 | ggg-sfx.magic.occult.movement.teleportation.01.02 | ggg-sfx.magic.occult.movement.teleportation.01.03 | ggg-sfx.magic.occult.movement.teleportation.01.04 | ggg-sfx.magic.occult.movement.teleportation.01.05","psfx.2nd-level-spells.misty-step.v1.intro.generic","",""
"Phase Bolt","5gophZ4AOKW4VW27","force","Description and force treatment support a force effect cue.","ggg-sfx.magic.arcane.impact.blast.01.01 | ggg-sfx.magic.arcane.impact.blast.01.02 | ggg-sfx.magic.arcane.impact.blast.01.03 | ggg-sfx.magic.arcane.impact.blast.01.04","psfx.ranged-magic.generic.beam.001","modules/soundfxlibrary/Combat/Single/Spell Impact/spell-impact-1.mp3 | modules/soundfxlibrary/Combat/Single/Spell Impact/spell-impact-2.mp3 | modules/soundfxlibrary/Combat/Single/Spell Impact/spell-impact-3.mp3 | modules/soundfxlibrary/Combat/Single/Spell Impact/spell-impact-4.mp3 | modules/soundfxlibrary/Combat/Single/Spell Impact/spell-impact-5.mp3 | modules/soundfxlibrary/Combat/Single/Spell Impact/spell-impact-6.mp3",""
"Phase Familiar","rMOI8JFJ0nT2mrCF","quiet","No unambiguous audible effect in description; quiet by default.","","","",""
"Phoenix Ward","lJdAvY1sJyEmNDc6","healing","Description restores health; gentle restorative cue.","ggg-sfx.magic.divine.healing.01.01 | ggg-sfx.magic.divine.healing.01.02 | ggg-sfx.magic.divine.healing.01.03 | ggg-sfx.magic.divine.healing.01.04 | ggg-sfx.magic.divine.healing.02.mass_healing.01.01 | ggg-sfx.magic.divine.healing.02.mass_healing.01.02","psfx.1st-level-spells.cure-wounds.v1.001","",""
"Physical Boost","1lmzILdCFENln8Cy","quiet","Bodily support, temporary vitality, sensory loss or internal discomfort; no healing, injury, growl or sonic blast is inferred.","","","",""
"Pied Piping","Um0aaJotqMKGmAlR","quiet","No unambiguous audible effect in description; quiet by default.","","","",""
"Pierce the Sky","TAbIOB0jhyKptemK","electric","Description and electricity treatment support a electric effect cue.","ggg-sfx.magic.electricity.impact.general.01.01 | ggg-sfx.magic.electricity.impact.general.01.02 | ggg-sfx.magic.electricity.impact.general.01.03 | ggg-sfx.magic.electricity.zap.01.01","psfx.impacts.magicaleffects.lightning | psfx.impacts.magicaleffects.lightning | psfx.impacts.magicaleffects.lightning | psfx.impacts.magicaleffects.lightning | psfx.impacts.magicaleffects.lightning","modules/soundfxlibrary/Combat/Single/Spell Impact Lightning/spell-impact-lightning-1.mp3 | modules/soundfxlibrary/Combat/Single/Spell Impact Lightning/spell-impact-lightning-2.mp3 | modules/soundfxlibrary/Combat/Single/Spell Impact Lightning/spell-impact-lightning-3.mp3 | modules/soundfxlibrary/Combat/Single/Spell Impact Lightning/spell-impact-lightning-4.mp3",""
"Pillar of Water","eIPIZp2FUbFcLNdj","water","Description and water treatment support a water effect cue.","ggg-sfx.magic.water.impact.general.01.01 | ggg-sfx.magic.water.impact.general.01.02 | ggg-sfx.magic.water.impact.general.01.03 | ggg-sfx.magic.water.impact.general.01.04 | ggg-sfx.magic.water.impact.general.01.05 | ggg-sfx.magic.water.impact.general.01.06","psfx.casting.water.001","modules/soundfxlibrary/Misc/Single/Water Splash/water-splash-1.mp3 | modules/soundfxlibrary/Misc/Single/Water Splash/water-splash-2.mp3 | modules/soundfxlibrary/Misc/Single/Water Splash/water-splash-3.mp3 | modules/soundfxlibrary/Misc/Single/Water Splash/water-splash-4.mp3",""
"Pillars of Sand","qr0HOiiuqj5LKlDt","earth","Description and earth treatment support a earth effect cue.","ggg-sfx.magic.earth.impact.general.01.muffled.01 | ggg-sfx.magic.earth.impact.general.01.muffled.02 | ggg-sfx.magic.earth.impact.general.01.muffled.03 | ggg-sfx.magic.earth.impact.general.01.normal.01 | ggg-sfx.magic.earth.impact.general.01.normal.02 | ggg-sfx.magic.earth.impact.general.01.normal.03","psfx.casting.earth.001","",""
"Pinpoint","CeSh8QcVnqP5OlLj","quiet","No unambiguous audible effect in description; quiet by default.","","","",""
"Plague Shot","NjN6md0KpdelWpu7","quiet","No unambiguous audible effect in description; quiet by default.","","","",""
"Planar Collision","A125k5hYixepbzNb","force","Description and force treatment support a force effect cue.","ggg-sfx.magic.arcane.impact.blast.01.01 | ggg-sfx.magic.arcane.impact.blast.01.02 | ggg-sfx.magic.arcane.impact.blast.01.03 | ggg-sfx.magic.arcane.impact.blast.01.04","psfx.ranged-magic.generic.beam.001","modules/soundfxlibrary/Combat/Single/Spell Impact/spell-impact-1.mp3 | modules/soundfxlibrary/Combat/Single/Spell Impact/spell-impact-2.mp3 | modules/soundfxlibrary/Combat/Single/Spell Impact/spell-impact-3.mp3 | modules/soundfxlibrary/Combat/Single/Spell Impact/spell-impact-4.mp3 | modules/soundfxlibrary/Combat/Single/Spell Impact/spell-impact-5.mp3 | modules/soundfxlibrary/Combat/Single/Spell Impact/spell-impact-6.mp3",""
"Planar Displacement","HmKajQS0DP23bipp","teleport","Spatial effect uses a short departure/arrival cue.","ggg-sfx.magic.occult.movement.teleportation.01.01 | ggg-sfx.magic.occult.movement.teleportation.01.02 | ggg-sfx.magic.occult.movement.teleportation.01.03 | ggg-sfx.magic.occult.movement.teleportation.01.04 | ggg-sfx.magic.occult.movement.teleportation.01.05","psfx.2nd-level-spells.misty-step.v1.intro.generic","",""
"Planar Palace","vPWMEyVTreMOoFnm","quiet","No unambiguous audible effect in description; quiet by default.","","","",""
"Planar Seal","XZE4BawIlTf88Yl9","quiet","No unambiguous audible effect in description; quiet by default.","","","",""
"Planar Servitor","vgy00hnqxN9VoeoF","quiet","No unambiguous audible effect in description; quiet by default.","","","",""
"Planar Tether","ksLCg62cLOojw3gN","quiet","No unambiguous audible effect in description; quiet by default.","","","",""
"Plant Form","zCcfPS4y5SrZzU2x","quiet","Reviewed private perception, prepared benefit, support, cleansing, object or casting-only illustration. No wound restoration, chosen voice/material, future impact or successful outcome is inferred; audio remains customizable.","","","",""
"Plant Growth","ZhJ8d9Uk4lwIx86b","growth","Plant growth or wood formation.","ggg-sfx.magic.primal.growth.01.01","psfx.1st-level-spells.entangle.vines.v1.001.intro","",""
"Plasma Whirl","ku2MHKUoFlKQ0Bv7","fireCone","Reviewed native fire-spell casting event; deferred ignition, internal heat and unresolved choices do not play explosion audio.","ggg-sfx.magic.fire.surge.flames.01.01 | ggg-sfx.magic.fire.surge.flames.01.02","psfx.1st-level-spells.burning-hands.v1.001","",""
"Pocket Library","TjWHgXqPv5jywMti","quiet","No unambiguous audible effect in description; quiet by default.","","","",""
"Polar Ray","BKIet436snMNcnez","coldRay","Directed freezing ray; dedicated frost-ray audio.","ggg-sfx.magic.ice.ice_lance.01.cast.01 | ggg-sfx.magic.ice.ice_lance.01.cast.02 | ggg-sfx.magic.ice.ice_lance.01.cast.03","psfx.cantrips.ray-of-frost.v1 | psfx.cantrips.ray-of-frost.v2","",""
"Pollen Pods","2uEuYmlyx1R7zQeH","growth","Description and plant treatment support a growth effect cue.","ggg-sfx.magic.primal.growth.01.01","psfx.1st-level-spells.entangle.vines.v1.001.intro","",""
"Poltergeist's Fury","uhEjKSFdEhXzszh6","quiet","No unambiguous audible effect in description; quiet by default.","","","",""
"Portrait of Spite","Z60JRD78wT3afOEJ","quiet","No unambiguous audible effect in description; quiet by default.","","","",""
"Portrait of the Artist","CuRat8IXBUu9C3Yw","quiet","No unambiguous audible effect in description; quiet by default.","","","",""
"Positive Attunement","9iJaD4S7ptUeq5vO","healing","Description restores health; gentle restorative cue.","ggg-sfx.magic.divine.healing.01.01 | ggg-sfx.magic.divine.healing.01.02 | ggg-sfx.magic.divine.healing.01.03 | ggg-sfx.magic.divine.healing.01.04 | ggg-sfx.magic.divine.healing.02.mass_healing.01.01 | ggg-sfx.magic.divine.healing.02.mass_healing.01.02","psfx.1st-level-spells.cure-wounds.v1.001","",""
"Possession","wU6hNzK8Yfqdmc8m","quiet","No unambiguous audible effect in description; quiet by default.","","","",""
"Power of the Beasts","otdzpPYzWMJt76Rh","quiet","No unambiguous audible effect in description; quiet by default.","","","",""
"Power Word Blind","Yk3t4ekEiFIoEz9c","quiet","No unambiguous audible effect in description; quiet by default.","","","",""
"Power Word Kill","m3lcOFm400lQCUps","quiet","No unambiguous audible effect in description; quiet by default.","","","",""
"Power Word Stun","7PJSqUeKxTqOVrPk","quiet","No unambiguous audible effect in description; quiet by default.","","","",""
"Powerful Inhalation","v4QHuVOhFD1JMAqu","wind","Description and wind treatment support a wind effect cue.","ggg-sfx.magic.air.wind.gust.long.01.01 | ggg-sfx.magic.air.wind.gust.long.01.02 | ggg-sfx.magic.air.wind.gust.long.01.03 | ggg-sfx.magic.air.wind.gust.long.01.04 | ggg-sfx.magic.air.wind.gust.long.01.05","psfx.cantrips.gust.v1","",""
"Practice Makes Perfect","HOj2YsTpkoMpYJH9","quiet","Private perception, thought, expertise or comprehension changes; no public voices, ray impacts or discovery noises are inferred.","","","",""
"Precious Gleam","v14zLiiSc4sl9RrK","psychic","Psychic attack uses a short mental pulse, without spoken voices.","","psfx.cantrips.mind-sliver.v1","",""
"Precious Metals","APTMURAW1N0Wpk4w","quiet","Metal is transmuted into a selected material. No hammering, impact, or injury happens during this buff.","","","",""
"Pressure Zone","e4c73RBCQAZdYxau","quiet","No unambiguous audible effect in description; quiet by default.","","","",""
"Prestidigitation","Qw3fnUlaUbnn7ipC","quiet","No unambiguous audible effect in description; quiet by default.","","","",""
"Primal Call","pZc8ZwtsyWnxUUW0","quiet","No unambiguous audible effect in description; quiet by default.","","","",""
"Primal Chorus","TPN3Z6VGau6Od9rG","quiet","No unambiguous audible effect in description; quiet by default.","","","",""
"Primal Herd","pmP8HhXvvEKP3LqU","transform","Brief transformation cue; no assumed animal voice.","ggg-sfx.magic.primal.cast.general.03.01","","",""
"Primal Phenomenon","MLNeD5sAunV0E23j","quiet","No unambiguous audible effect in description; quiet by default.","","","",""
"Primal Summons","kwlKUxEuT8T15YW6","summon","Summoning arrival; creature species remains player choice.","ggg-sfx.magic.primal.cast.general.03.01","psfx.magic-signs.circle.v1.conjuration.intro | psfx.magic-signs.circle.v1.conjuration.intro-fade","",""
"Prismatic Armor","4nEY2BcV85wavKLO","shield","Protective field; short ward activation.","ggg-sfx.magic.divine.buff.ward.01.01","psfx.1st-level-spells.shield-spell.intro.v1.003","",""
"Prismatic Shield","AlCFTjSBaCHuRHBv","shield","Protective field; short ward activation.","ggg-sfx.magic.divine.buff.ward.01.01","psfx.1st-level-spells.shield-spell.intro.v1.003","",""
"Prismatic Sphere","PngDCmU0MXZkbu0v","light","Light appears with a brief shimmer.","ggg-sfx.magic.divine.light.01.01 | ggg-sfx.magic.divine.light.02.01","psfx.cantrips.dancing-lights.v1.001 | psfx.cantrips.dancing-lights.v1.002 | psfx.cantrips.dancing-lights.v1.003 | psfx.cantrips.dancing-lights.v1.004 | psfx.cantrips.dancing-lights.v1.005 | psfx.cantrips.light.v1.001","",""
"Prismatic Spray","d6o52BnjViNz7Gub","light","Light appears with a brief shimmer.","ggg-sfx.magic.divine.light.01.01 | ggg-sfx.magic.divine.light.02.01","psfx.cantrips.dancing-lights.v1.001 | psfx.cantrips.dancing-lights.v1.002 | psfx.cantrips.dancing-lights.v1.003 | psfx.cantrips.dancing-lights.v1.004 | psfx.cantrips.dancing-lights.v1.005 | psfx.cantrips.light.v1.001","",""
"Prismatic Wall","iL6TujgTCtRRa0Y0","light","Light appears with a brief shimmer.","ggg-sfx.magic.divine.light.01.01 | ggg-sfx.magic.divine.light.02.01","psfx.cantrips.dancing-lights.v1.001 | psfx.cantrips.dancing-lights.v1.002 | psfx.cantrips.dancing-lights.v1.003 | psfx.cantrips.dancing-lights.v1.004 | psfx.cantrips.dancing-lights.v1.005 | psfx.cantrips.light.v1.001","",""
"Procyal Philosophy","4cEDhvchskRvxSw6","quiet","No unambiguous audible effect in description; quiet by default.","","","",""
"Project Image","0873MWM0qKDDv81O","quiet","No unambiguous audible effect in description; quiet by default.","","","",""
"Proliferating Eyes","coKiMMBLESkaLNVa","quiet","No unambiguous audible effect in description; quiet by default.","","","",""
"Propelling Air Stream","0qDJm5z3QVtkb3aD","wind","Description and wind treatment support a wind effect cue.","ggg-sfx.magic.air.wind.gust.long.01.01 | ggg-sfx.magic.air.wind.gust.long.01.02 | ggg-sfx.magic.air.wind.gust.long.01.03 | ggg-sfx.magic.air.wind.gust.long.01.04 | ggg-sfx.magic.air.wind.gust.long.01.05","psfx.cantrips.gust.v1","",""
"Prophet's Luck","n2CM3NeRuq5RSY19","quiet","No unambiguous audible effect in description; quiet by default.","","","",""
"Propulsive Breeze","jlOAXuIOM3YxZKmn","wind","Description and wind treatment support a wind effect cue.","ggg-sfx.magic.air.wind.gust.long.01.01 | ggg-sfx.magic.air.wind.gust.long.01.02 | ggg-sfx.magic.air.wind.gust.long.01.03 | ggg-sfx.magic.air.wind.gust.long.01.04 | ggg-sfx.magic.air.wind.gust.long.01.05","psfx.cantrips.gust.v1","",""
"Protect Companion","AfOpnnwdZwHi2Tnc","shield","Protective field; short ward activation.","ggg-sfx.magic.divine.buff.ward.01.01","psfx.1st-level-spells.shield-spell.intro.v1.003","",""
"Protection","gMODOGamz88rgHuf","quiet","No unambiguous audible effect in description; quiet by default.","","","",""
"Protective Wards","lY9fOk1qBDDhBT8s","quiet","No unambiguous audible effect in description; quiet by default.","","","",""
"Protector Tree","K9gI08enGtmih5X1","growth","Description and plant treatment support a growth effect cue.","ggg-sfx.magic.primal.growth.01.01","psfx.1st-level-spells.entangle.vines.v1.001.intro","",""
"Protector's Sacrifice","rQYob0QMJ0I1U2sU","quiet","No unambiguous audible effect in description; quiet by default.","","","",""
"Protector's Sphere","DH9Y3RQGWO0GzXGU","quiet","No unambiguous audible effect in description; quiet by default.","","","",""
"Proximal Shift","KESXD0D8XNDGzHBM","quiet","Reviewed private perception, prepared benefit, support, cleansing, object or casting-only illustration. No wound restoration, chosen voice/material, future impact or successful outcome is inferred; audio remains customizable.","","","",""
"Prying Survey","pt3gEnzA159uHcJC","quiet","No unambiguous audible effect in description; quiet by default.","","","",""
"Psychic Outburst","Y1glh4WNHAlpTwH3","quiet","No unambiguous audible effect in description; quiet by default.","","","",""
"Puff of Poison","D7ZEhTNIDWDLC2J4","poison","Description and poison treatment support a poison effect cue.","ggg-sfx.magic.acid.cast.general.01.01 | ggg-sfx.magic.acid.cast.general.01.02 | ggg-sfx.magic.acid.cast.general.02.01 | ggg-sfx.magic.acid.cast.general.03.01 | ggg-sfx.magic.acid.cast.general.03.02 | ggg-sfx.magic.acid.impact.01.01","psfx.cantrips.poison-spray.v1","",""
"Pulse of Civilization","ivKnEtI1z4UqEKIA","quiet","No unambiguous audible effect in description; quiet by default.","","","",""
"Pulverizing Cascade","E80SrXuBdZViPGiH","water","Description and water treatment support a water effect cue.","ggg-sfx.magic.water.impact.general.01.01 | ggg-sfx.magic.water.impact.general.01.02 | ggg-sfx.magic.water.impact.general.01.03 | ggg-sfx.magic.water.impact.general.01.04 | ggg-sfx.magic.water.impact.general.01.05 | ggg-sfx.magic.water.impact.general.01.06","psfx.casting.water.001","modules/soundfxlibrary/Misc/Single/Water Splash/water-splash-1.mp3 | modules/soundfxlibrary/Misc/Single/Water Splash/water-splash-2.mp3 | modules/soundfxlibrary/Misc/Single/Water Splash/water-splash-3.mp3 | modules/soundfxlibrary/Misc/Single/Water Splash/water-splash-4.mp3",""
"Pulverizing Wake","EiE1A8TCeJGVzzV2","sonic","Description and sonic treatment support a sonic effect cue.","ggg-sfx.magic.sonic.slam.01.01 | ggg-sfx.magic.sonic.slam.01.02 | ggg-sfx.magic.sonic.slam.01.03 | ggg-sfx.magic.sonic.slam.01.04 | ggg-sfx.magic.sonic.slam.01.05 | ggg-sfx.magic.sonic.slam.01.06","psfx.cantrips.thunderclap.v1","",""
"Pummeling Rubble","Rn2LkoSq1XhLsODV","earth","Description and earth treatment support a earth effect cue.","ggg-sfx.magic.earth.impact.general.01.muffled.01 | ggg-sfx.magic.earth.impact.general.01.muffled.02 | ggg-sfx.magic.earth.impact.general.01.muffled.03 | ggg-sfx.magic.earth.impact.general.01.normal.01 | ggg-sfx.magic.earth.impact.general.01.normal.02 | ggg-sfx.magic.earth.impact.general.01.normal.03","psfx.casting.earth.001","",""
"Punishing Winds","wi405lBjPcbF1DeR","wind","A cyclone or tornado forms; finite wind cue follows formation.","ggg-sfx.magic.air.wind.gust.long.01.01 | ggg-sfx.magic.air.wind.gust.long.01.02 | ggg-sfx.magic.air.wind.gust.long.01.03 | ggg-sfx.magic.air.wind.gust.long.01.04 | ggg-sfx.magic.air.wind.gust.long.01.05","psfx.cantrips.gust.v1","",""
"Puppet Strings","mBYqtWpvOT4oBm4Q","quiet","No unambiguous audible effect in description; quiet by default.","","","",""
"Purging Toxins","CBPcGH1FFDG9vf4Z","quiet","No unambiguous audible effect in description; quiet by default.","","","",""
"Purify Soul Path","66xBcxqzYcpbItBU","quiet","No unambiguous audible effect in description; quiet by default.","","","",""
"Purify Tanglebriar","ZVdKM0HkgpWykrqf","vines","Growing roots or vines; organic growth cue.","ggg-sfx.magic.primal.burst.bramble.01.01 | ggg-sfx.magic.primal.growth.02.01","psfx.1st-level-spells.entangle.vines.v1.001.intro","",""
"Purifying Icicle","9Ga1AOQdHKYXUY4O","cold","Description and cold treatment support a cold effect cue.","ggg-sfx.magic.ice.freeze.01.01 | ggg-sfx.magic.ice.freeze.02.01 | ggg-sfx.magic.ice.freeze.03.01 | ggg-sfx.magic.ice.freeze.03.02 | ggg-sfx.magic.ice.freeze.04.01 | ggg-sfx.magic.ice.freeze.04.02","psfx.impacts.magicaleffects.cold","",""
"Purifying Veil","3ySPK8qwNcuESwa0","water","Description and water treatment support a water effect cue.","ggg-sfx.magic.water.impact.general.01.01 | ggg-sfx.magic.water.impact.general.01.02 | ggg-sfx.magic.water.impact.general.01.03 | ggg-sfx.magic.water.impact.general.01.04 | ggg-sfx.magic.water.impact.general.01.05 | ggg-sfx.magic.water.impact.general.01.06","psfx.casting.water.001","modules/soundfxlibrary/Misc/Single/Water Splash/water-splash-1.mp3 | modules/soundfxlibrary/Misc/Single/Water Splash/water-splash-2.mp3 | modules/soundfxlibrary/Misc/Single/Water Splash/water-splash-3.mp3 | modules/soundfxlibrary/Misc/Single/Water Splash/water-splash-4.mp3",""
"Purple Worm Sting","ayRXv0wQH00TTNZe","poison","Description and poison treatment support a poison effect cue.","ggg-sfx.magic.acid.cast.general.01.01 | ggg-sfx.magic.acid.cast.general.01.02 | ggg-sfx.magic.acid.cast.general.02.01 | ggg-sfx.magic.acid.cast.general.03.01 | ggg-sfx.magic.acid.cast.general.03.02 | ggg-sfx.magic.acid.impact.01.01","psfx.cantrips.poison-spray.v1","",""
"Pushing Gust","myC2EIrsjmB8xosi","wind","Description and wind treatment support a wind effect cue.","ggg-sfx.magic.air.wind.gust.long.01.01 | ggg-sfx.magic.air.wind.gust.long.01.02 | ggg-sfx.magic.air.wind.gust.long.01.03 | ggg-sfx.magic.air.wind.gust.long.01.04 | ggg-sfx.magic.air.wind.gust.long.01.05","psfx.cantrips.gust.v1","",""
"Putrefy Food and Drink","CxpFy4HJHf4ACbxF","quiet","No unambiguous audible effect in description; quiet by default.","","","",""
"Pyrefowl Rebuke","xnh2NBOGs4hcH9B3","fire","Description and fire treatment support a fire effect cue.","ggg-sfx.magic.fire.ignite.01.01 | ggg-sfx.magic.fire.impact.general.01.01 | ggg-sfx.magic.fire.impact.general.01.02 | ggg-sfx.magic.fire.impact.general.02.01 | ggg-sfx.magic.fire.impact.general.02.02 | ggg-sfx.magic.fire.impact.general.02.03","psfx.cantrips.create-bonfire.v1.001 | psfx.casting.fire-side.001 | psfx.casting.fire.001","",""
"Pyroclastic Truth","IeVP2xkNJf5kVAig","fire","Reviewed native fire-spell casting event; deferred ignition, internal heat and unresolved choices do not play explosion audio.","ggg-sfx.magic.fire.ignite.01.01 | ggg-sfx.magic.fire.impact.general.01.01 | ggg-sfx.magic.fire.impact.general.01.02 | ggg-sfx.magic.fire.impact.general.02.01 | ggg-sfx.magic.fire.impact.general.02.02 | ggg-sfx.magic.fire.impact.general.02.03","psfx.cantrips.create-bonfire.v1.001 | psfx.casting.fire-side.001 | psfx.casting.fire.001","",""
"Pyrotechnics","TUbXnR4RAuYzRx1u","fire","Description and fire treatment support a fire effect cue.","ggg-sfx.magic.fire.ignite.01.01 | ggg-sfx.magic.fire.impact.general.01.01 | ggg-sfx.magic.fire.impact.general.01.02 | ggg-sfx.magic.fire.impact.general.02.01 | ggg-sfx.magic.fire.impact.general.02.02 | ggg-sfx.magic.fire.impact.general.02.03","psfx.cantrips.create-bonfire.v1.001 | psfx.casting.fire-side.001 | psfx.casting.fire.001","",""
"Qi Blast","oo7YcRC2gcez81PV","force","Description and force treatment support a force effect cue.","ggg-sfx.magic.arcane.impact.blast.01.01 | ggg-sfx.magic.arcane.impact.blast.01.02 | ggg-sfx.magic.arcane.impact.blast.01.03 | ggg-sfx.magic.arcane.impact.blast.01.04","psfx.ranged-magic.generic.beam.001","modules/soundfxlibrary/Combat/Single/Spell Impact/spell-impact-1.mp3 | modules/soundfxlibrary/Combat/Single/Spell Impact/spell-impact-2.mp3 | modules/soundfxlibrary/Combat/Single/Spell Impact/spell-impact-3.mp3 | modules/soundfxlibrary/Combat/Single/Spell Impact/spell-impact-4.mp3 | modules/soundfxlibrary/Combat/Single/Spell Impact/spell-impact-5.mp3 | modules/soundfxlibrary/Combat/Single/Spell Impact/spell-impact-6.mp3",""
"Qi Form","YDMOqndvYFu3OjA6","transform","Brief transformation cue; no assumed animal voice.","ggg-sfx.magic.primal.cast.general.03.01","","",""
"Qi Rush","ps0nmhclT6aIXgd8","quiet","Guidance, altered thought or compelled movement does not itself establish an audible manifestation; no extra voices or music are inferred.","","","",""
"Quandary","Oj1PJBMQD9vuwCv7","summon","Summoning arrival; creature species remains player choice.","ggg-sfx.magic.primal.cast.general.03.01","psfx.magic-signs.circle.v1.conjuration.intro | psfx.magic-signs.circle.v1.conjuration.intro-fade","",""
"Quantic Dampening","HGRutSvLpkgCAgvx","quiet","No unambiguous audible effect in description; quiet by default.","","","",""
"Quench","02J0rDTk37KN2sjt","quiet","No unambiguous audible effect in description; quiet by default.","","","",""
"Quick Sort","F23T5tHPo3WsFiHW","quiet","Quiet support, a connection or a player-chosen object operation; no metal chain clank, selected object material, future movement or success sound is inferred.","","","",""
"Quicken Time","lETZeqBPoj2htGVk","time","Temporal effect uses a short time-shift cue.","ggg-sfx.magic.time.reverse.01.01 | ggg-sfx.magic.time.reverse.01.02 | ggg-sfx.magic.time.reverse.01.03 | ggg-sfx.magic.time.reverse.01.04","","",""
"Radiant Beam","5LGDygjRxURUOKGR","quiet","No unambiguous audible effect in description; quiet by default.","","","",""
"Radiant Field","v3vFzGazNSFEDdRB","light","Light appears with a brief shimmer.","ggg-sfx.magic.divine.light.01.01 | ggg-sfx.magic.divine.light.02.01","psfx.cantrips.dancing-lights.v1.001 | psfx.cantrips.dancing-lights.v1.002 | psfx.cantrips.dancing-lights.v1.003 | psfx.cantrips.dancing-lights.v1.004 | psfx.cantrips.dancing-lights.v1.005 | psfx.cantrips.light.v1.001","",""
"Radiant Globe","nXoc5YbcynmhZcQs","light","Light appears with a brief shimmer.","ggg-sfx.magic.divine.light.01.01 | ggg-sfx.magic.divine.light.02.01","psfx.cantrips.dancing-lights.v1.001 | psfx.cantrips.dancing-lights.v1.002 | psfx.cantrips.dancing-lights.v1.003 | psfx.cantrips.dancing-lights.v1.004 | psfx.cantrips.dancing-lights.v1.005 | psfx.cantrips.light.v1.001","",""
"Radiant Heart of Devotion","yfCykJ6cs0uUL79b","light","Light appears with a brief shimmer.","ggg-sfx.magic.divine.light.01.01 | ggg-sfx.magic.divine.light.02.01","psfx.cantrips.dancing-lights.v1.001 | psfx.cantrips.dancing-lights.v1.002 | psfx.cantrips.dancing-lights.v1.003 | psfx.cantrips.dancing-lights.v1.004 | psfx.cantrips.dancing-lights.v1.005 | psfx.cantrips.light.v1.001","",""
"Raga of Remembrance","nuE9qsY2HfPFEgAo","quiet","No unambiguous audible effect in description; quiet by default.","","","",""
"Rainbow Fumarole","0AZOIMRvZtePuGOw","fireIgnition","Reviewed native fire-spell casting event; deferred ignition, internal heat and unresolved choices do not play explosion audio.","ggg-sfx.magic.fire.ignite.01.01","psfx.cantrips.create-bonfire.v1.001","",""
"Rainbow's End","hYK4ByCVN1ALc5gR","light","Light appears with a brief shimmer.","ggg-sfx.magic.divine.light.01.01 | ggg-sfx.magic.divine.light.02.01","psfx.cantrips.dancing-lights.v1.001 | psfx.cantrips.dancing-lights.v1.002 | psfx.cantrips.dancing-lights.v1.003 | psfx.cantrips.dancing-lights.v1.004 | psfx.cantrips.dancing-lights.v1.005 | psfx.cantrips.light.v1.001","",""
"Raise Dead","IkGYwHRLhkuoGReG","revive","Return to life uses a resurrection cue.","ggg-sfx.magic.divine.revivify.01.01","","",""
"Raise Runelord","fr1AGcQo7WuvLvUi","quiet","No unambiguous audible effect in description; quiet by default.","","","",""
"Rally Point","98gJvb8Xtn8OLIY7","teleport","Spatial effect uses a short departure/arrival cue.","ggg-sfx.magic.occult.movement.teleportation.01.01 | ggg-sfx.magic.occult.movement.teleportation.01.02 | ggg-sfx.magic.occult.movement.teleportation.01.03 | ggg-sfx.magic.occult.movement.teleportation.01.04 | ggg-sfx.magic.occult.movement.teleportation.01.05","psfx.2nd-level-spells.misty-step.v1.intro.generic","",""
"Rallying Anthem","bH0kPuf7UKxRvi2P","song","Description explicitly calls for music; short musical flourish.","ggg-sfx.magic.sonic.harp.surge.01.01 | ggg-sfx.magic.sonic.harp.surge.01.02 | ggg-sfx.magic.sonic.harp.surge.01.03 | ggg-sfx.magic.sonic.harp.surge.01.04","psfx.musical-instruments.lute.01.strummed-tremolo.keyOfC.Cadd9 | psfx.musical-instruments.lute.01.strummed-tremolo.keyOfC.Cm6 | psfx.musical-instruments.lute.01.strummed.keyOfC.C6 | psfx.musical-instruments.lute.01.strummed.keyOfC.C7","",""
"Rallying Banner","Hp2wmnRS6TUGZlZ2","quiet","No unambiguous audible effect in description; quiet by default.","","","",""
"Ranage's Circle","Pmhlv3fzPTuIhTrT","earth","Description and earth treatment support a earth effect cue.","ggg-sfx.magic.earth.impact.general.01.muffled.01 | ggg-sfx.magic.earth.impact.general.01.muffled.02 | ggg-sfx.magic.earth.impact.general.01.muffled.03 | ggg-sfx.magic.earth.impact.general.01.normal.01 | ggg-sfx.magic.earth.impact.general.01.normal.02 | ggg-sfx.magic.earth.impact.general.01.normal.03","psfx.casting.earth.001","",""
"Ranger's Bramble","KktHf7zIAWOr499h","vines","Growing roots or vines; organic growth cue.","ggg-sfx.magic.primal.burst.bramble.01.01 | ggg-sfx.magic.primal.growth.02.01","psfx.1st-level-spells.entangle.vines.v1.001.intro","",""
"Ransack the Night","ksJFGSGlNpUhwcsp","quiet","No unambiguous audible effect in description; quiet by default.","","","",""
"Rapid Adaptation","fTK6ysisGhy3hRvz","quiet","Bodily support, temporary vitality, sensory loss or internal discomfort; no healing, injury, growl or sonic blast is inferred.","","","",""
"Rapid Retreat","6sNjsNPipZvQ3BGe","summon","Summoning arrival; creature species remains player choice.","ggg-sfx.magic.primal.cast.general.03.01","psfx.magic-signs.circle.v1.conjuration.intro | psfx.magic-signs.circle.v1.conjuration.intro-fade","",""
"Ravening Maw","VDWIZuLOJqwBthHc","healing","Restoration or cleansing uses a gentle restorative cue.","ggg-sfx.magic.divine.healing.01.01 | ggg-sfx.magic.divine.healing.01.02 | ggg-sfx.magic.divine.healing.01.03 | ggg-sfx.magic.divine.healing.01.04 | ggg-sfx.magic.divine.healing.02.mass_healing.01.01 | ggg-sfx.magic.divine.healing.02.mass_healing.01.02","psfx.1st-level-spells.cure-wounds.v1.001","",""
"Ravenous Darkness","g1dDUKsIrdlpdqy9","shadow","Description and shadow treatment support a shadow effect cue.","ggg-sfx.magic.occult.bolt.01.cast.01 | ggg-sfx.magic.occult.bolt.01.cast.02 | ggg-sfx.magic.occult.bolt.01.cast.03","","",""
"Ravenous Portal","ER1LOEgCLtmEKd05","quiet","No unambiguous audible effect in description; quiet by default.","","","",""
"Ravenous Reanimation","u3pdkfmy0AWICdoM","quiet","No unambiguous audible effect in description; quiet by default.","","","",""
"Ray of Corruption","nPxYYID5JARKouSV","poisonRay","Toxic-spore ray uses a poison release; no corrosive-acid substitution.","ggg-sfx.magic.acid.cast.general.03.01 | ggg-sfx.magic.acid.cast.general.03.02","psfx.cantrips.poison-spray.v1","",""
"Ray of Frost","gYjPm7YwGtEa1oxh","coldRay","Directed freezing ray; dedicated frost-ray audio.","ggg-sfx.magic.ice.ice_lance.01.cast.01 | ggg-sfx.magic.ice.ice_lance.01.cast.02 | ggg-sfx.magic.ice.ice_lance.01.cast.03","psfx.cantrips.ray-of-frost.v1 | psfx.cantrips.ray-of-frost.v2","",""
"Read Aura","OhD2Z6rIGGD5ocZA","detect","Brief magical detection cue.","","psfx.1st-level-spells.detect-magic.v1.001","",""
"Read Fate","Vvxgn7saUPW2bJhb","quiet","No unambiguous audible effect in description; quiet by default.","","","",""
"Read Omens","pkcOby5prOausy1k","quiet","No unambiguous audible effect in description; quiet by default.","","","",""
"Read the Air","lg73SvJZno1ypPAj","quiet","No unambiguous audible effect in description; quiet by default.","","","",""
"Reanimate Foe","jtvMJEkiads8a4zj","quiet","No unambiguous audible effect in description; quiet by default.","","","",""
"Reaper's Lantern","dxOF7d5kAWusLKWF","healing","Description restores health; gentle restorative cue.","ggg-sfx.magic.divine.healing.01.01 | ggg-sfx.magic.divine.healing.01.02 | ggg-sfx.magic.divine.healing.01.03 | ggg-sfx.magic.divine.healing.01.04 | ggg-sfx.magic.divine.healing.02.mass_healing.01.01 | ggg-sfx.magic.divine.healing.02.mass_healing.01.02","psfx.1st-level-spells.cure-wounds.v1.001","",""
"Reblooded","Stjb9wvLn146TfW6","quiet","No unambiguous audible effect in description; quiet by default.","","","",""
"Rebounding Barrier","5p8naLYjFcG13OkU","shield","Protective field; short ward activation.","ggg-sfx.magic.divine.buff.ward.01.01","psfx.1st-level-spells.shield-spell.intro.v1.003","",""
"Rebuke Death","4nHYSMHito1GUXlm","healing","Description restores health; gentle restorative cue.","ggg-sfx.magic.divine.healing.01.01 | ggg-sfx.magic.divine.healing.01.02 | ggg-sfx.magic.divine.healing.01.03 | ggg-sfx.magic.divine.healing.01.04 | ggg-sfx.magic.divine.healing.02.mass_healing.01.01 | ggg-sfx.magic.divine.healing.02.mass_healing.01.02","psfx.1st-level-spells.cure-wounds.v1.001","",""
"Recall Legacy","onvFdBWAsQp0CsAy","quiet","No unambiguous audible effect in description; quiet by default.","","","",""
"Recall Past Life","bqx1tJeOZq1Ufhcc","quiet","No unambiguous audible effect in description; quiet by default.","","","",""
"Reclined Apport","lsR3RLEdBG4rcSzd","summon","Summoning arrival; creature species remains player choice.","ggg-sfx.magic.primal.cast.general.03.01","psfx.magic-signs.circle.v1.conjuration.intro | psfx.magic-signs.circle.v1.conjuration.intro-fade","",""
"Recurring Nightmare","ecXhGEAX3PYd6FqK","quiet","No unambiguous audible effect in description; quiet by default.","","","",""
"Redact","ifXNOhtmU4fKL68v","quiet","No unambiguous audible effect in description; quiet by default.","","","",""
"Redistribute Potential","bZMwSGc9t5K7uxZV","quiet","Reviewed native fire-spell casting event; deferred ignition, internal heat and unresolved choices do not play explosion audio.","","","",""
"Reed Whistle","7Ahssy0KDLzcQ2Ex","quiet","No unambiguous audible effect in description; quiet by default.","","","",""
"Reflected Beauty","ghIoycTH6gxxAw3w","quiet","No unambiguous audible effect in description; quiet by default.","","","",""
"Reflective Scales","Mv5L4201uk8hnAtD","shield","Protective field; short ward activation.","ggg-sfx.magic.divine.buff.ward.01.01","psfx.1st-level-spells.shield-spell.intro.v1.003","",""
"Regale the Lost Ones","FQZaQXiKtHdVjSc5","quiet","No unambiguous audible effect in description; quiet by default.","","","",""
"Regenerate","2Vkd1IxylPceUAAF","healing","Description restores health; gentle restorative cue.","ggg-sfx.magic.divine.healing.01.01 | ggg-sfx.magic.divine.healing.01.02 | ggg-sfx.magic.divine.healing.01.03 | ggg-sfx.magic.divine.healing.01.04 | ggg-sfx.magic.divine.healing.02.mass_healing.01.01 | ggg-sfx.magic.divine.healing.02.mass_healing.01.02","psfx.1st-level-spells.cure-wounds.v1.001","",""
"Reincarnate","gIVaSCrLhhBzGHQY","quiet","No unambiguous audible effect in description; quiet by default.","","","",""
"Reinforce Eidolon","TYbCj4dgXDOZou9k","quiet","No unambiguous audible effect in description; quiet by default.","","","",""
"Reinforced Rations","2LsiiZZIZEKD23VQ","quiet","No unambiguous audible effect in description; quiet by default.","","","",""
"Rejuvenating Flames","lZx8jZfKrMEtyGY0","fireCone","Reviewed native fire-spell casting event; deferred ignition, internal heat and unresolved choices do not play explosion audio.","ggg-sfx.magic.fire.surge.flames.01.01 | ggg-sfx.magic.fire.surge.flames.01.02","psfx.1st-level-spells.burning-hands.v1.001","",""
"Release the Ego to Restore the Soul","pib9AhtUlVclvm02","quiet","No unambiguous audible effect in description; quiet by default.","","","",""
"Remake","dMKP4fkWx8V2cqAy","quiet","No unambiguous audible effect in description; quiet by default.","","","",""
"Remake Physiology","m815cJACTzePdZAG","quiet","No unambiguous audible effect in description; quiet by default.","","","",""
"Remember the Lost","nrW6lGV4xDMqLS3P","quiet","No unambiguous audible effect in description; quiet by default.","","","",""
"Rend Magic","Y89dDWlECxG2vIeH","force","Description and force treatment support a force effect cue.","ggg-sfx.magic.arcane.impact.blast.01.01 | ggg-sfx.magic.arcane.impact.blast.01.02 | ggg-sfx.magic.arcane.impact.blast.01.03 | ggg-sfx.magic.arcane.impact.blast.01.04","psfx.ranged-magic.generic.beam.001","modules/soundfxlibrary/Combat/Single/Spell Impact/spell-impact-1.mp3 | modules/soundfxlibrary/Combat/Single/Spell Impact/spell-impact-2.mp3 | modules/soundfxlibrary/Combat/Single/Spell Impact/spell-impact-3.mp3 | modules/soundfxlibrary/Combat/Single/Spell Impact/spell-impact-4.mp3 | modules/soundfxlibrary/Combat/Single/Spell Impact/spell-impact-5.mp3 | modules/soundfxlibrary/Combat/Single/Spell Impact/spell-impact-6.mp3",""
"Repel Metal","pZBovpzdBNLQQQmE","quiet","No unambiguous audible effect in description; quiet by default.","","","",""
"Repelling Pulse","TLqMFgCewxuricJw","force","Description and force treatment support a force effect cue.","ggg-sfx.magic.arcane.impact.blast.01.01 | ggg-sfx.magic.arcane.impact.blast.01.02 | ggg-sfx.magic.arcane.impact.blast.01.03 | ggg-sfx.magic.arcane.impact.blast.01.04","psfx.ranged-magic.generic.beam.001","modules/soundfxlibrary/Combat/Single/Spell Impact/spell-impact-1.mp3 | modules/soundfxlibrary/Combat/Single/Spell Impact/spell-impact-2.mp3 | modules/soundfxlibrary/Combat/Single/Spell Impact/spell-impact-3.mp3 | modules/soundfxlibrary/Combat/Single/Spell Impact/spell-impact-4.mp3 | modules/soundfxlibrary/Combat/Single/Spell Impact/spell-impact-5.mp3 | modules/soundfxlibrary/Combat/Single/Spell Impact/spell-impact-6.mp3",""
"Replicate","srEKUvym9kDVbEhD","quiet","No unambiguous audible effect in description; quiet by default.","","","",""
"Repulsion","yrZA4k2VAqEP8xx7","quiet","No unambiguous audible effect in description; quiet by default.","","","",""
"Resist Energy","Fr58LDSrbndgld9n","quiet","No unambiguous audible effect in description; quiet by default.","","","",""
"Resolute Obliteration","RGmPRCBFcWVUoiZz","quiet","No unambiguous audible effect in description; quiet by default.","","","",""
"Resplendent Mansion","KPDHmmjJiw7PhTYF","quiet","No unambiguous audible effect in description; quiet by default.","","","",""
"Rest Eternal","MTNlvZ0A9xY5sOg1","quiet","No unambiguous audible effect in description; quiet by default.","","","",""
"Restoration","SnaLVgxZ9ryUFmUr","quiet","Reviewed private perception, prepared benefit, support, cleansing, object or casting-only illustration. No wound restoration, chosen voice/material, future impact or successful outcome is inferred; audio remains customizable.","","","",""
"Restorative Moment","pCvJ4yoZJxDtgUMI","time","Temporal effect uses a short time-shift cue.","ggg-sfx.magic.time.reverse.01.01 | ggg-sfx.magic.time.reverse.01.02 | ggg-sfx.magic.time.reverse.01.03 | ggg-sfx.magic.time.reverse.01.04","","",""
"Restore Ground","ljo9CEmnCMZXqfOQ","growth","Description and plant treatment support a growth effect cue.","ggg-sfx.magic.primal.growth.01.01","psfx.1st-level-spells.entangle.vines.v1.001.intro","",""
"Restraining Chains","WjgDgSDng1MS8g17","chainBinding","A steel chain weaves around the target and pulls on it; a finite moving-chain cue follows formation, without another physical Strike.","ggg-sfx.melee.bludgeoning.throw.chain.01.01","","",""
"Restyle","buhP7vfetUxQJlIJ","quiet","Material appearance, cleanliness, nourishment or preservation changes; no wound healing, vomiting, fire, attack or noisy repair process is assumed.","","","",""
"Resurrect","kqhPt9344UkcGVYO","revive","Return to life uses a resurrection cue.","ggg-sfx.magic.divine.revivify.01.01","","",""
"Retreat Among the Rains","D4Rxud1DBr52Dmdo","quiet","No unambiguous audible effect in description; quiet by default.","","","",""
"Retributive Pain","SSsUC7rZo0CwayPn","psychic","Psychic attack uses a short mental pulse, without spoken voices.","","psfx.cantrips.mind-sliver.v1","",""
"Retrieving Hook","lqxh1qgJG5ujSHXI","objectWhoosh","A magical hook and rope explicitly hurtle toward the target; neutral object-flight cue follows extension, with no metal-chain clank, impact or save result assumed.","ggg-sfx.ranged.thrown.general.01.01 | ggg-sfx.ranged.thrown.general.01.02 | ggg-sfx.ranged.thrown.general.01.03","","",""
"Retrocognition","rsZ5c0AUyywe5yoK","quiet","No unambiguous audible effect in description; quiet by default.","","","",""
"Return Beacon","ru3YdXajUREbKQDV","summon","Summoning arrival; creature species remains player choice.","ggg-sfx.magic.primal.cast.general.03.01","psfx.magic-signs.circle.v1.conjuration.intro | psfx.magic-signs.circle.v1.conjuration.intro-fade","",""
"Return the Favor","9gMQPCaFM27PEIh4","quiet","Bodily support, temporary vitality, sensory loss or internal discomfort; no healing, injury, growl or sonic blast is inferred.","","","",""
"Return To Essence","v8VnSMzaSYwkq6c7","force","Description and force treatment support a force effect cue.","ggg-sfx.magic.arcane.impact.blast.01.01 | ggg-sfx.magic.arcane.impact.blast.01.02 | ggg-sfx.magic.arcane.impact.blast.01.03 | ggg-sfx.magic.arcane.impact.blast.01.04","psfx.ranged-magic.generic.beam.001","modules/soundfxlibrary/Combat/Single/Spell Impact/spell-impact-1.mp3 | modules/soundfxlibrary/Combat/Single/Spell Impact/spell-impact-2.mp3 | modules/soundfxlibrary/Combat/Single/Spell Impact/spell-impact-3.mp3 | modules/soundfxlibrary/Combat/Single/Spell Impact/spell-impact-4.mp3 | modules/soundfxlibrary/Combat/Single/Spell Impact/spell-impact-5.mp3 | modules/soundfxlibrary/Combat/Single/Spell Impact/spell-impact-6.mp3",""
"Revealing Light","0qaqksrGGDj74HXE","light","Light appears with a brief shimmer.","ggg-sfx.magic.divine.light.01.01 | ggg-sfx.magic.divine.light.02.01","psfx.cantrips.dancing-lights.v1.001 | psfx.cantrips.dancing-lights.v1.002 | psfx.cantrips.dancing-lights.v1.003 | psfx.cantrips.dancing-lights.v1.004 | psfx.cantrips.dancing-lights.v1.005 | psfx.cantrips.light.v1.001","",""
"Revel in Retribution","Eed8QBWBtpufl1iP","time","Temporal effect uses a short time-shift cue.","ggg-sfx.magic.time.reverse.01.01 | ggg-sfx.magic.time.reverse.01.02 | ggg-sfx.magic.time.reverse.01.03 | ggg-sfx.magic.time.reverse.01.04","","",""
"Reverse Gravity","37ESlJzUvVbOudOT","quiet","No unambiguous audible effect in description; quiet by default.","","","",""
"Revival","HpIJTVqgXorH9X0L","revive","Finite return/restoration illustration; native living or dead target distinction remains unresolved.","ggg-sfx.magic.divine.revivify.01.01","","",""
"Rewinding Step","5tpk4Q2QI3FVhm99","time","Temporal effect uses a short time-shift cue.","ggg-sfx.magic.time.reverse.01.01 | ggg-sfx.magic.time.reverse.01.02 | ggg-sfx.magic.time.reverse.01.03 | ggg-sfx.magic.time.reverse.01.04","","",""
"Rewrite Memory","FhOaQDTSnsY7tiam","quiet","No unambiguous audible effect in description; quiet by default.","","","",""
"Rewrite Possibility","BAu5AgqoO556clyK","quiet","No unambiguous audible effect in description; quiet by default.","","","",""
"Rigid Form","Ey4pKybxyPAxq0ew","quiet","No unambiguous audible effect in description; quiet by default.","","","",""
"Rime Slick","Popa5umI3H33levx","cold","Description and cold treatment support a cold effect cue.","ggg-sfx.magic.ice.freeze.01.01 | ggg-sfx.magic.ice.freeze.02.01 | ggg-sfx.magic.ice.freeze.03.01 | ggg-sfx.magic.ice.freeze.03.02 | ggg-sfx.magic.ice.freeze.04.01 | ggg-sfx.magic.ice.freeze.04.02","psfx.impacts.magicaleffects.cold","",""
"Ring of Truth","aewxsale5xWEPKLk","quiet","No unambiguous audible effect in description; quiet by default.","","","",""
"Rip the Spirit","1bw6XJMOERcbC5Iq","void","Description and void treatment support a void effect cue.","ggg-sfx.magic.occult.pulse.01.abyss","psfx.impacts.magicaleffects.necrotic","",""
"Rising Surf","zTN6zuruDUKOea6h","water","Description and water treatment support a water effect cue.","ggg-sfx.magic.water.impact.general.01.01 | ggg-sfx.magic.water.impact.general.01.02 | ggg-sfx.magic.water.impact.general.01.03 | ggg-sfx.magic.water.impact.general.01.04 | ggg-sfx.magic.water.impact.general.01.05 | ggg-sfx.magic.water.impact.general.01.06","psfx.casting.water.001","modules/soundfxlibrary/Misc/Single/Water Splash/water-splash-1.mp3 | modules/soundfxlibrary/Misc/Single/Water Splash/water-splash-2.mp3 | modules/soundfxlibrary/Misc/Single/Water Splash/water-splash-3.mp3 | modules/soundfxlibrary/Misc/Single/Water Splash/water-splash-4.mp3",""
"Rite of Cleansing Flame","KwDyrUIlnOrpdxYi","quiet","No unambiguous audible effect in description; quiet by default.","","","",""
"Rite of Repatriation","w00PBRjENqJa7Vxu","quiet","No unambiguous audible effect in description; quiet by default.","","","",""
"Rite of the Red Star","fLiowSDQXo3vCQDh","teleport","Spatial effect uses a short departure/arrival cue.","ggg-sfx.magic.occult.movement.teleportation.01.01 | ggg-sfx.magic.occult.movement.teleportation.01.02 | ggg-sfx.magic.occult.movement.teleportation.01.03 | ggg-sfx.magic.occult.movement.teleportation.01.04 | ggg-sfx.magic.occult.movement.teleportation.01.05","psfx.2nd-level-spells.misty-step.v1.intro.generic","",""
"Ritual Obstruction","h7h0wMxu4WOpveQ3","quiet","No unambiguous audible effect in description; quiet by default.","","","",""
"River Carving Mountains","ew4ToaTU3o8ahKio","water","Description and water treatment support a water effect cue.","ggg-sfx.magic.water.impact.general.01.01 | ggg-sfx.magic.water.impact.general.01.02 | ggg-sfx.magic.water.impact.general.01.03 | ggg-sfx.magic.water.impact.general.01.04 | ggg-sfx.magic.water.impact.general.01.05 | ggg-sfx.magic.water.impact.general.01.06","psfx.casting.water.001","modules/soundfxlibrary/Misc/Single/Water Splash/water-splash-1.mp3 | modules/soundfxlibrary/Misc/Single/Water Splash/water-splash-2.mp3 | modules/soundfxlibrary/Misc/Single/Water Splash/water-splash-3.mp3 | modules/soundfxlibrary/Misc/Single/Water Splash/water-splash-4.mp3",""
"Roar of the Dragon","FSu6ZKxr3xdS75wq","dragonRoar","Description explicitly channels a dragon roar.","ggg-sfx.magic.sonic.roar.05.01 | ggg-sfx.magic.sonic.roar.05.02 | ggg-sfx.magic.sonic.roar.05.03 | ggg-sfx.magic.sonic.roar.05.04","psfx.creature.dragons.roar.small","","modules/pf2e-creature-sounds/sounds/GameDevMarket/Evolved_Game_Creatures/Ancient_Dragon/Ancient_Dragon_Monster_Attack_1_Dinosaur_Creature_Roar_Growl_Moan_Groan.m4a"
"Roaring Applause","czO0wbT1i320gcu9","applause","Audible cheers and applause are explicitly described.","ggg-sfx.actions.cheer.01.01","","",""
"Rolling Boulders","RgVlYrn5mu8wNHK4","quiet","No unambiguous audible effect in description; quiet by default.","","","",""
"Root Reading","BX5UIAUarWG43Fg2","vines","Growing roots or vines; organic growth cue.","ggg-sfx.magic.primal.burst.bramble.01.01 | ggg-sfx.magic.primal.growth.02.01","psfx.1st-level-spells.entangle.vines.v1.001.intro","",""
"Rope Trick","GzdgM0m7wXKuFSho","teleport","Spatial effect uses a short departure/arrival cue.","ggg-sfx.magic.occult.movement.teleportation.01.01 | ggg-sfx.magic.occult.movement.teleportation.01.02 | ggg-sfx.magic.occult.movement.teleportation.01.03 | ggg-sfx.magic.occult.movement.teleportation.01.04 | ggg-sfx.magic.occult.movement.teleportation.01.05","psfx.2nd-level-spells.misty-step.v1.intro.generic","",""
"Rose's Thorns","gBJtUhewnihlqxm7","vines","Growing roots or vines; organic growth cue.","ggg-sfx.magic.primal.burst.bramble.01.01 | ggg-sfx.magic.primal.growth.02.01","psfx.1st-level-spells.entangle.vines.v1.001.intro","",""
"Rouse Skeletons","0JWyMwVnLxX9CDYQ","void","Description and void treatment support a void effect cue.","ggg-sfx.magic.occult.pulse.01.abyss","psfx.impacts.magicaleffects.necrotic","",""
"Rousing Splash","zhDIiQlJmrd4UDNC","water","Description and water treatment support a water effect cue.","ggg-sfx.magic.water.impact.general.01.01 | ggg-sfx.magic.water.impact.general.01.02 | ggg-sfx.magic.water.impact.general.01.03 | ggg-sfx.magic.water.impact.general.01.04 | ggg-sfx.magic.water.impact.general.01.05 | ggg-sfx.magic.water.impact.general.01.06","psfx.casting.water.001","modules/soundfxlibrary/Misc/Single/Water Splash/water-splash-1.mp3 | modules/soundfxlibrary/Misc/Single/Water Splash/water-splash-2.mp3 | modules/soundfxlibrary/Misc/Single/Water Splash/water-splash-3.mp3 | modules/soundfxlibrary/Misc/Single/Water Splash/water-splash-4.mp3",""
"Rubble Step","FFBYPZEmAQoll09t","quiet","No unambiguous audible effect in description; quiet by default.","","","",""
"Rune of Observation","4LSf04FFvDgMyDk6","quiet","No unambiguous audible effect in description; quiet by default.","","","",""
"Rune Trap","o0l57UfBm9ScEUMW","quiet","No unambiguous audible effect in description; quiet by default.","","","",""
"Runic Body","EE7Q5BHIrfWNCPtT","quiet","No unambiguous audible effect in description; quiet by default.","","","",""
"Runic Impression","oOaEfsdVpgTXRhrY","quiet","Reviewed private perception, prepared benefit, support, cleansing, object or casting-only illustration. No wound restoration, chosen voice/material, future impact or successful outcome is inferred; audio remains customizable.","","","",""
"Runic Weapon","TFitdEOpQC4SzKQQ","quiet","No unambiguous audible effect in description; quiet by default.","","","",""
"Rust Cloud","yy2K51kK3a60rRIe","quiet","Rust particles form a cloud. Metal corrosion and damage occur later; no immediate metal-contact blow is inferred.","","","",""
"Rusting Grasp","0fYE64odlKqISzft","quiet","No unambiguous audible effect in description; quiet by default.","","","",""
"Sacred Beasts","rVRyA7UQog633nTe","quiet","No unambiguous audible effect in description; quiet by default.","","","",""
"Sacred Covenant","fusrsBS7pb2KxYi4","quiet","No unambiguous audible effect in description; quiet by default.","","","",""
"Sacred Form","MMCQsh12TPaDdPbV","quiet","Reviewed private perception, prepared benefit, support, cleansing, object or casting-only illustration. No wound restoration, chosen voice/material, future impact or successful outcome is inferred; audio remains customizable.","","","",""
"Sacred Nimbus","GabRQPc9qD86jDGI","quiet","No unambiguous audible effect in description; quiet by default.","","","",""
"Safe Passage","IFuEzfmmWyNwVbhY","quiet","Reviewed private perception, prepared benefit, support, cleansing, object or casting-only illustration. No wound restoration, chosen voice/material, future impact or successful outcome is inferred; audio remains customizable.","","","",""
"Safeguard Secret","OsrtOeG0TvDNnEFH","quiet","No unambiguous audible effect in description; quiet by default.","","","",""
"Sage's Curse","APDrC83QljsyHenB","quiet","No unambiguous audible effect in description; quiet by default.","","","",""
"Sanctuary","8xRzLhwGL7Dgy3EZ","quiet","No unambiguous audible effect in description; quiet by default.","","","",""
"Sand Form","KjC2ya8HD5AENeHI","earth","Description and earth treatment support a earth effect cue.","ggg-sfx.magic.earth.impact.general.01.muffled.01 | ggg-sfx.magic.earth.impact.general.01.muffled.02 | ggg-sfx.magic.earth.impact.general.01.muffled.03 | ggg-sfx.magic.earth.impact.general.01.normal.01 | ggg-sfx.magic.earth.impact.general.01.normal.02 | ggg-sfx.magic.earth.impact.general.01.normal.03","psfx.casting.earth.001","",""
"Sanguine Mist","5zeSxzDxMSr0wgSF","void","Description and void treatment support a void effect cue.","ggg-sfx.magic.occult.pulse.01.abyss","psfx.impacts.magicaleffects.necrotic","",""
"Sanguine Transference","IwwEHnmVbmZpXioJ","quiet","No unambiguous audible effect in description; quiet by default.","","","",""
"Savor the Sting","xn0V2HDrmDWNzPEt","psychic","Psychic attack uses a short mental pulse, without spoken voices.","","psfx.cantrips.mind-sliver.v1","",""
"Sawtooth Terrain","I2IgZu4Rd2dz0J6v","metal","Description and metal treatment support a metal effect cue.","ggg-sfx.magic.metal.impact.anvil.01.01 | ggg-sfx.magic.metal.impact.anvil.01.02 | ggg-sfx.magic.metal.impact.anvil.01.03 | ggg-sfx.magic.metal.impact.anvil.01.04","","modules/soundfxlibrary/Combat/Single/Shield Hit/shield-hit-1.mp3 | modules/soundfxlibrary/Combat/Single/Shield Hit/shield-hit-10.mp3 | modules/soundfxlibrary/Combat/Single/Shield Hit/shield-hit-11.mp3 | modules/soundfxlibrary/Combat/Single/Shield Hit/shield-hit-12.mp3 | modules/soundfxlibrary/Combat/Single/Shield Hit/shield-hit-3.mp3 | modules/soundfxlibrary/Combat/Single/Shield Hit/shield-hit-4.mp3",""
"Scatter Scree","zA0jNIBRgLsyTpbm","earth","Description and earth treatment support a earth effect cue.","ggg-sfx.magic.earth.impact.general.01.muffled.01 | ggg-sfx.magic.earth.impact.general.01.muffled.02 | ggg-sfx.magic.earth.impact.general.01.muffled.03 | ggg-sfx.magic.earth.impact.general.01.normal.01 | ggg-sfx.magic.earth.impact.general.01.normal.02 | ggg-sfx.magic.earth.impact.general.01.normal.03","psfx.casting.earth.001","",""
"Schadenfreude","8E97SA9KAWCNdXfO","quiet","Reviewed private perception, prepared benefit, support, cleansing, object or casting-only illustration. No wound restoration, chosen voice/material, future impact or successful outcome is inferred; audio remains customizable.","","","",""
"Scholarly Recollection","dXIRotMLsABDQQSB","quiet","No unambiguous audible effect in description; quiet by default.","","","",""
"Scintillating Safeguard","9W2Qv0wXLg6tQg3y","shield","Protective field; short ward activation.","ggg-sfx.magic.divine.buff.ward.01.01","psfx.1st-level-spells.shield-spell.intro.v1.003","",""
"Scorching Blast","5QD75UbyB5EiG3yz","fire","Description and fire treatment support a fire effect cue.","ggg-sfx.magic.fire.ignite.01.01 | ggg-sfx.magic.fire.impact.general.01.01 | ggg-sfx.magic.fire.impact.general.01.02 | ggg-sfx.magic.fire.impact.general.02.01 | ggg-sfx.magic.fire.impact.general.02.02 | ggg-sfx.magic.fire.impact.general.02.03","psfx.cantrips.create-bonfire.v1.001 | psfx.casting.fire-side.001 | psfx.casting.fire.001","",""
"Scouring Pulse","9bOqFkewRz7Z3HZ5","holy","Description and vitality treatment support a holy effect cue.","ggg-sfx.magic.divine.light.01.01 | ggg-sfx.magic.divine.light.02.01","psfx.cantrips.sacred-flame.v1.001.caster","",""
"Scouring Sand","HGmBY8KjgLV97nUp","earth","Description and earth treatment support a earth effect cue.","ggg-sfx.magic.earth.impact.general.01.muffled.01 | ggg-sfx.magic.earth.impact.general.01.muffled.02 | ggg-sfx.magic.earth.impact.general.01.muffled.03 | ggg-sfx.magic.earth.impact.general.01.normal.01 | ggg-sfx.magic.earth.impact.general.01.normal.02 | ggg-sfx.magic.earth.impact.general.01.normal.03","psfx.casting.earth.001","",""
"Scouting Eye","Ek5XI0aEdZhBgm21","quiet","No unambiguous audible effect in description; quiet by default.","","","",""
"Scramble Body","XcMObj2p9nIBp53b","quiet","Bodily support, temporary vitality, sensory loss or internal discomfort; no healing, injury, growl or sonic blast is inferred.","","","",""
"Scrounger's Glee","VNv96dJPi0WXKSFN","healing","Description restores health; gentle restorative cue.","ggg-sfx.magic.divine.healing.01.01 | ggg-sfx.magic.divine.healing.01.02 | ggg-sfx.magic.divine.healing.01.03 | ggg-sfx.magic.divine.healing.01.04 | ggg-sfx.magic.divine.healing.02.mass_healing.01.01 | ggg-sfx.magic.divine.healing.02.mass_healing.01.02","psfx.1st-level-spells.cure-wounds.v1.001","",""
"Scrying","r784cIz17eWujtQj","quiet","No unambiguous audible effect in description; quiet by default.","","","",""
"Scrying Ripples","k1apwY0ROoMKlvLt","quiet","No unambiguous audible effect in description; quiet by default.","","","",""
"Sculpt Appearance","90CYsk0cB2V6dRPQ","quiet","No unambiguous audible effect in description; quiet by default.","","","",""
"Sculpt Sound","HHGUBGle4OjoxvNR","quiet","Player chooses the sound or silence; choose an audio file in Customize.","","","",""
"Sea of Thought","tSosbMsftXcRaQgT","quiet","No unambiguous audible effect in description; quiet by default.","","","",""
"Sea Surge","cf7Jkm39uEjUFtHt","water","Description and water treatment support a water effect cue.","ggg-sfx.magic.water.impact.general.01.01 | ggg-sfx.magic.water.impact.general.01.02 | ggg-sfx.magic.water.impact.general.01.03 | ggg-sfx.magic.water.impact.general.01.04 | ggg-sfx.magic.water.impact.general.01.05 | ggg-sfx.magic.water.impact.general.01.06","psfx.casting.water.001","modules/soundfxlibrary/Misc/Single/Water Splash/water-splash-1.mp3 | modules/soundfxlibrary/Misc/Single/Water Splash/water-splash-2.mp3 | modules/soundfxlibrary/Misc/Single/Water Splash/water-splash-3.mp3 | modules/soundfxlibrary/Misc/Single/Water Splash/water-splash-4.mp3",""
"Seal Fate","gfKhtVsXF3HKSdmY","void","Description and void treatment support a void effect cue.","ggg-sfx.magic.occult.pulse.01.abyss","psfx.impacts.magicaleffects.necrotic","",""
"Seashell of Stolen Sound","q5vbYgLztQ04FQZg","quiet","No unambiguous audible effect in description; quiet by default.","","","",""
"Secret Chest","BoA00y45uDlmou07","teleport","Spatial effect uses a short departure/arrival cue.","ggg-sfx.magic.occult.movement.teleportation.01.01 | ggg-sfx.magic.occult.movement.teleportation.01.02 | ggg-sfx.magic.occult.movement.teleportation.01.03 | ggg-sfx.magic.occult.movement.teleportation.01.04 | ggg-sfx.magic.occult.movement.teleportation.01.05","psfx.2nd-level-spells.misty-step.v1.intro.generic","",""
"Secret Page","VVAZPCvd4d90qVA1","quiet","No unambiguous audible effect in description; quiet by default.","","","",""
"Secure Siege Weapons","a9og2ZYfr8kAeltU","quiet","No unambiguous audible effect in description; quiet by default.","","","",""
"See the Unseen","jwK43yKsHTkJQvQ9","quiet","No unambiguous audible effect in description; quiet by default.","","","",""
"Seed of Mercy","opXqASAY37ltENB8","quiet","No unambiguous audible effect in description; quiet by default.","","","",""
"Seize Identity","DOBs5ALM1titPYxe","quiet","No unambiguous audible effect in description; quiet by default.","","","",""
"Seize Soul","GYmXvS9NJ7QwfWGg","quiet","No unambiguous audible effect in description; quiet by default.","","","",""
"Sending","R9xqCBblkS5KE4y7","quiet","Silent, subtle or private communication; no public sound cue.","","","",""
"Separation","jh6d9n4VQTeOewEU","quiet","No unambiguous audible effect in description; quiet by default.","","","",""
"Sepulchral Mask","3mINzPzup2m9qzFU","quiet","No unambiguous audible effect in description; quiet by default.","","","",""
"Serrate","YKexU7BkwNq4ESCc","quiet","The weapon's surface twists into jagged edges; this buff does not itself make a Strike or ring an anvil.","","","",""
"Shadow Army","hvKtmoHwekDZ5iOH","quiet","No unambiguous audible effect in description; quiet by default.","","","",""
"Shadow Blast","IqJ9URobmJ9L9UBG","quiet","No unambiguous audible effect in description; quiet by default.","","","",""
"Shadow Double","h5UqEdeqK8iTcU0J","shadow","Description and shadow treatment support a shadow effect cue.","ggg-sfx.magic.occult.bolt.01.cast.01 | ggg-sfx.magic.occult.bolt.01.cast.02 | ggg-sfx.magic.occult.bolt.01.cast.03","","",""
"Shadow Illusion","EOWh6VVcSjB3WPjX","shadow","Description and shadow treatment support a shadow effect cue.","ggg-sfx.magic.occult.bolt.01.cast.01 | ggg-sfx.magic.occult.bolt.01.cast.02 | ggg-sfx.magic.occult.bolt.01.cast.03","","",""
"Shadow Jump","5ttAVJbWg2GVKmrN","quiet","Reviewed private perception, prepared benefit, support, cleansing, object or casting-only illustration. No wound restoration, chosen voice/material, future impact or successful outcome is inferred; audio remains customizable.","","","",""
"Shadow Projectile","8cuqRFB3mWBOgy61","shadow","Description and shadow treatment support a shadow effect cue.","ggg-sfx.magic.occult.bolt.01.cast.01 | ggg-sfx.magic.occult.bolt.01.cast.02 | ggg-sfx.magic.occult.bolt.01.cast.03","","",""
"Shadow Raid","VTb0yI6P1bLkzuRr","quiet","No unambiguous audible effect in description; quiet by default.","","","",""
"Shadow Siphon","tcwT97RWKxsJiefG","drain","Life or energy is drawn away; siphon cue.","ggg-sfx.magic.occult.siphon.01.01","psfx.ranged-magic.generic.energy-strands.001.15ft","",""
"Shadow Spy","aq76wpgsVEENDyau","quiet","No unambiguous audible effect in description; quiet by default.","","","",""
"Shadow Strike","AZKN2gnZSw2IHsQc","void","Description and void treatment support a void effect cue.","ggg-sfx.magic.occult.pulse.01.abyss","psfx.impacts.magicaleffects.necrotic","",""
"Shadow Zombie","4Gl3WSUqYjVVIsOg","shadow","Description and shadow treatment support a shadow effect cue.","ggg-sfx.magic.occult.bolt.01.cast.01 | ggg-sfx.magic.occult.bolt.01.cast.02 | ggg-sfx.magic.occult.bolt.01.cast.03","","",""
"Shadow's Web","n8eEXXAtguoErW0y","void","Description and void treatment support a void effect cue.","ggg-sfx.magic.occult.pulse.01.abyss","psfx.impacts.magicaleffects.necrotic","",""
"Shaken Confidence","9j35xXKVVtHCh1Pe","quiet","No unambiguous audible effect in description; quiet by default.","","","",""
"Shall not Falter, Shall not Rout","rnFAHvKpcsU4BJD4","healing","Description restores health; gentle restorative cue.","ggg-sfx.magic.divine.healing.01.01 | ggg-sfx.magic.divine.healing.01.02 | ggg-sfx.magic.divine.healing.01.03 | ggg-sfx.magic.divine.healing.01.04 | ggg-sfx.magic.divine.healing.02.mass_healing.01.01 | ggg-sfx.magic.divine.healing.02.mass_healing.01.02","psfx.1st-level-spells.cure-wounds.v1.001","",""
"Shambling Horror","Z82DvtSXafPmh4KV","quiet","No unambiguous audible effect in description; quiet by default.","","","",""
"Shape Stone","McnPlLFvKtQVXNcG","earth","Description and earth treatment support a earth effect cue.","ggg-sfx.magic.earth.impact.general.01.muffled.01 | ggg-sfx.magic.earth.impact.general.01.muffled.02 | ggg-sfx.magic.earth.impact.general.01.muffled.03 | ggg-sfx.magic.earth.impact.general.01.normal.01 | ggg-sfx.magic.earth.impact.general.01.normal.02 | ggg-sfx.magic.earth.impact.general.01.normal.03","psfx.casting.earth.001","",""
"Shape Wood","CXICME10TkEJxz0P","growth","Plant growth or wood formation.","ggg-sfx.magic.primal.growth.01.01","psfx.1st-level-spells.entangle.vines.v1.001.intro","",""
"Share Burden","cJq5NarY0eOZN74A","quiet","No unambiguous audible effect in description; quiet by default.","","","",""
"Share Life","d7Lwx6KAs47MtF0q","healing","Description and healing treatment support a healing effect cue.","ggg-sfx.magic.divine.healing.01.01 | ggg-sfx.magic.divine.healing.01.02 | ggg-sfx.magic.divine.healing.01.03 | ggg-sfx.magic.divine.healing.01.04 | ggg-sfx.magic.divine.healing.02.mass_healing.01.01 | ggg-sfx.magic.divine.healing.02.mass_healing.01.02","psfx.1st-level-spells.cure-wounds.v1.001","",""
"Share Lore","nXmC2Xx9WmS5NsAo","quiet","Reviewed private perception, prepared benefit, support, cleansing, object or casting-only illustration. No wound restoration, chosen voice/material, future impact or successful outcome is inferred; audio remains customizable.","","","",""
"Share Vision","TRlI5zAbNW2hDiH9","quiet","Private perception, thought, expertise or comprehension changes; no public voices, ray impacts or discovery noises are inferred.","","","",""
"Shared Invisibility","I0j56TNRmGcTyoqJ","quiet","Silent, subtle or private communication; no public sound cue.","","","",""
"Shared Nightmare","skvgOWNTitLehL0b","quiet","No unambiguous audible effect in description; quiet by default.","","","",""
"Shatter","1xbFBQDRs0hT5xZ9","sonic","Description and sonic treatment support a sonic effect cue.","ggg-sfx.magic.sonic.slam.01.01 | ggg-sfx.magic.sonic.slam.01.02 | ggg-sfx.magic.sonic.slam.01.03 | ggg-sfx.magic.sonic.slam.01.04 | ggg-sfx.magic.sonic.slam.01.05 | ggg-sfx.magic.sonic.slam.01.06","psfx.cantrips.thunderclap.v1","",""
"Shatter Mind","BqJAOPimCq5uCcEJ","quiet","No unambiguous audible effect in description; quiet by default.","","","",""
"Shattering Gem","0uRpypf1Hi7ahvTl","quiet","No unambiguous audible effect in description; quiet by default.","","","",""
"Sheltering Wings","gxK5XW4WAXOgY1mN","quiet","No unambiguous audible effect in description; quiet by default.","","","",""
"Shepherd of Souls","SzKkzq3Rr6vKIxbp","healing","Description restores health; gentle restorative cue.","ggg-sfx.magic.divine.healing.01.01 | ggg-sfx.magic.divine.healing.01.02 | ggg-sfx.magic.divine.healing.01.03 | ggg-sfx.magic.divine.healing.01.04 | ggg-sfx.magic.divine.healing.02.mass_healing.01.01 | ggg-sfx.magic.divine.healing.02.mass_healing.01.02","psfx.1st-level-spells.cure-wounds.v1.001","",""
"Shield","TVKNbcgTee19PXZR","shield","Protective field; short ward activation.","ggg-sfx.magic.divine.buff.ward.01.01","psfx.1st-level-spells.shield-spell.intro.v1.003","",""
"Shielded Arm","4k99nOJudmeNnBTF","shield","Protective field; short ward activation.","ggg-sfx.magic.divine.buff.ward.01.01","psfx.1st-level-spells.shield-spell.intro.v1.003","",""
"Shielding Formation","6QEWTuCKRQQTyoeS","quiet","No unambiguous audible effect in description; quiet by default.","","","",""
"Shielding Strike","53NqGTJOf4LcjVyD","shield","Protective field; short ward activation.","ggg-sfx.magic.divine.buff.ward.01.01","psfx.1st-level-spells.shield-spell.intro.v1.003","",""
"Shields of the Spirit","ZL97DcoJ8us6EwAF","shield","Protective field; short ward activation.","ggg-sfx.magic.divine.buff.ward.01.01","psfx.1st-level-spells.shield-spell.intro.v1.003","",""
"Shift Blame","lONs4r14LEBZRLLw","quiet","Reviewed private perception, prepared benefit, support, cleansing, object or casting-only illustration. No wound restoration, chosen voice/material, future impact or successful outcome is inferred; audio remains customizable.","","","",""
"Shift Perspective","zMgzy1vp9rKBQoan","quiet","No unambiguous audible effect in description; quiet by default.","","","",""
"Shifting Form","SDkIFrrO1PsE02Kd","transform","Brief transformation cue; no assumed animal voice.","ggg-sfx.magic.primal.cast.general.03.01","","",""
"Shifting Sand","HcIAQZjNXHemoXSU","quiet","No unambiguous audible effect in description; quiet by default.","","","",""
"Shillelagh","s3abwDbTV43pGFFW","growth","Description and plant treatment support a growth effect cue.","ggg-sfx.magic.primal.growth.01.01","psfx.1st-level-spells.entangle.vines.v1.001.intro","",""
"Shining Starlight Attack","yuhhRjqBzFgkKYrq","light","Light appears with a brief shimmer.","ggg-sfx.magic.divine.light.01.01 | ggg-sfx.magic.divine.light.02.01","psfx.cantrips.dancing-lights.v1.001 | psfx.cantrips.dancing-lights.v1.002 | psfx.cantrips.dancing-lights.v1.003 | psfx.cantrips.dancing-lights.v1.004 | psfx.cantrips.dancing-lights.v1.005 | psfx.cantrips.light.v1.001","",""
"Shipwreck","5uWwusDkfmOOlZjK","quiet","No unambiguous audible effect in description; quiet by default.","","","",""
"Shock and Awe","Y3qZrvZrqPuGJ2hk","quiet","No unambiguous audible effect in description; quiet by default.","","","",""
"Shock to the System","M5dp7ILSCKID9fDK","healing","Description and healing treatment support a healing effect cue.","ggg-sfx.magic.divine.healing.01.01 | ggg-sfx.magic.divine.healing.01.02 | ggg-sfx.magic.divine.healing.01.03 | ggg-sfx.magic.divine.healing.01.04 | ggg-sfx.magic.divine.healing.02.mass_healing.01.01 | ggg-sfx.magic.divine.healing.02.mass_healing.01.02","psfx.1st-level-spells.cure-wounds.v1.001","",""
"Shocking Grasp","r3NeUnsgt9mS03Sn","electricTouch","Contact electricity; short crackling shock.","ggg-sfx.magic.electricity.zap.01.01","psfx.cantrips.shocking-grasp.v1.001 | psfx.cantrips.shocking-grasp.v1.002 | psfx.cantrips.shocking-grasp.v1.003 | psfx.cantrips.shocking-grasp.v1.004 | psfx.cantrips.shocking-grasp.v1.005","modules/soundfxlibrary/Combat/Single/Spell Impact Lightning/spell-impact-lightning-1.mp3 | modules/soundfxlibrary/Combat/Single/Spell Impact Lightning/spell-impact-lightning-2.mp3 | modules/soundfxlibrary/Combat/Single/Spell Impact Lightning/spell-impact-lightning-3.mp3 | modules/soundfxlibrary/Combat/Single/Spell Impact Lightning/spell-impact-lightning-4.mp3",""
"Shockwave","dgCH2E0gMLMUgyFl","earth","Description and earth treatment support a earth effect cue.","ggg-sfx.magic.earth.impact.general.01.muffled.01 | ggg-sfx.magic.earth.impact.general.01.muffled.02 | ggg-sfx.magic.earth.impact.general.01.muffled.03 | ggg-sfx.magic.earth.impact.general.01.normal.01 | ggg-sfx.magic.earth.impact.general.01.normal.02 | ggg-sfx.magic.earth.impact.general.01.normal.03","psfx.casting.earth.001","",""
"Shooting Star","nVfP43Xbs6I1PO8v","quiet","No unambiguous audible effect in description; quiet by default.","","","",""
"Show the Path","jLc8tHSNeXm0RvMQ","quiet","No unambiguous audible effect in description; quiet by default.","","","",""
"Show the Way","ThE5zPYKF4weiljj","quiet","No unambiguous audible effect in description; quiet by default.","","","",""
"Shrink","PjhUmyKnq6K5uDby","quiet","No unambiguous audible effect in description; quiet by default.","","","",""
"Shrink Item","kWh8sJH7yawidMyW","transform","Brief transformation cue; no assumed animal voice.","ggg-sfx.magic.primal.cast.general.03.01","","",""
"Shrink the Span","Az3PmWnlWSb5ELX9","summon","Summoning arrival; creature species remains player choice.","ggg-sfx.magic.primal.cast.general.03.01","psfx.magic-signs.circle.v1.conjuration.intro | psfx.magic-signs.circle.v1.conjuration.intro-fade","",""
"Shroud of Flame","Q1OWufw6dUiY8yEI","fire","Description and fire treatment support a fire effect cue.","ggg-sfx.magic.fire.ignite.01.01 | ggg-sfx.magic.fire.impact.general.01.01 | ggg-sfx.magic.fire.impact.general.01.02 | ggg-sfx.magic.fire.impact.general.02.01 | ggg-sfx.magic.fire.impact.general.02.02 | ggg-sfx.magic.fire.impact.general.02.03","psfx.cantrips.create-bonfire.v1.001 | psfx.casting.fire-side.001 | psfx.casting.fire.001","",""
"Shroud of Night","cE7PRAX8Up7fmYef","quiet","No unambiguous audible effect in description; quiet by default.","","","",""
"Shroud of the Mantis","VVigI4uNdWr1XZgG","quiet","No unambiguous audible effect in description; quiet by default.","","","",""
"Shroud of the Provinces","7c3wzL3jj3E8zRsT","quiet","No unambiguous audible effect in description; quiet by default.","","","",""
"Siege Weapon's Blessing","wdb4XIZw1xmki5nr","quiet","No unambiguous audible effect in description; quiet by default.","","","",""
"Sigil","AUctDF2fqPZN2w4W","quiet","A small mark or watch condition is set now; later timer flashes, alarms and ending teleport are not played during casting.","","","",""
"Sign of Conviction","SxRVCc1Q2MtVuPMo","force","Description and force treatment support a force effect cue.","ggg-sfx.magic.arcane.impact.blast.01.01 | ggg-sfx.magic.arcane.impact.blast.01.02 | ggg-sfx.magic.arcane.impact.blast.01.03 | ggg-sfx.magic.arcane.impact.blast.01.04","psfx.ranged-magic.generic.beam.001","modules/soundfxlibrary/Combat/Single/Spell Impact/spell-impact-1.mp3 | modules/soundfxlibrary/Combat/Single/Spell Impact/spell-impact-2.mp3 | modules/soundfxlibrary/Combat/Single/Spell Impact/spell-impact-3.mp3 | modules/soundfxlibrary/Combat/Single/Spell Impact/spell-impact-4.mp3 | modules/soundfxlibrary/Combat/Single/Spell Impact/spell-impact-5.mp3 | modules/soundfxlibrary/Combat/Single/Spell Impact/spell-impact-6.mp3",""
"Signal Skyrocket","ZrRhweQ7KQ0wKN3m","sonic","Reviewed native fire-spell casting event; deferred ignition, internal heat and unresolved choices do not play explosion audio.","ggg-sfx.magic.sonic.slam.01.01 | ggg-sfx.magic.sonic.slam.01.02 | ggg-sfx.magic.sonic.slam.01.03 | ggg-sfx.magic.sonic.slam.01.04 | ggg-sfx.magic.sonic.slam.01.05 | ggg-sfx.magic.sonic.slam.01.06","psfx.cantrips.thunderclap.v1","",""
"Silence","gIdDLrbswTV3OBJy","quiet","Silent, subtle or private communication; no public sound cue.","","","",""
"Silver's Refrain","xM35hJacTM1BSXUl","song","Description explicitly calls for music; short musical flourish.","ggg-sfx.magic.sonic.harp.surge.01.01 | ggg-sfx.magic.sonic.harp.surge.01.02 | ggg-sfx.magic.sonic.harp.surge.01.03 | ggg-sfx.magic.sonic.harp.surge.01.04","psfx.musical-instruments.lute.01.strummed-tremolo.keyOfC.Cadd9 | psfx.musical-instruments.lute.01.strummed-tremolo.keyOfC.Cm6 | psfx.musical-instruments.lute.01.strummed.keyOfC.C6 | psfx.musical-instruments.lute.01.strummed.keyOfC.C7","",""
"Skeletal Lancers","7wxPCEuw7XHhnfgf","void","Description and void treatment support a void effect cue.","ggg-sfx.magic.occult.pulse.01.abyss","psfx.impacts.magicaleffects.necrotic","",""
"Skeleton Army","y1dcR5unn2UwlUR9","quiet","No unambiguous audible effect in description; quiet by default.","","","",""
"Sky Laughs at Waves","2C0ftvzTwYgzb3Qt","quiet","No unambiguous audible effect in description; quiet by default.","","","",""
"Sky Sight","ZX8c6ClJtVG6oO4X","quiet","No unambiguous audible effect in description; quiet by default.","","","",""
"Sky Signs","sYd3hqv2ZQqa0PSc","quiet","No unambiguous audible effect in description; quiet by default.","","","",""
"Skyglass Prison","aFBnqTbrjhw0v08g","wind","Description and wind treatment support a wind effect cue.","ggg-sfx.magic.air.wind.gust.long.01.01 | ggg-sfx.magic.air.wind.gust.long.01.02 | ggg-sfx.magic.air.wind.gust.long.01.03 | ggg-sfx.magic.air.wind.gust.long.01.04 | ggg-sfx.magic.air.wind.gust.long.01.05","psfx.cantrips.gust.v1","",""
"Slashing Gust","1Yoipc5jNcMehtEW","wind","Description and wind treatment support a wind effect cue.","ggg-sfx.magic.air.wind.gust.long.01.01 | ggg-sfx.magic.air.wind.gust.long.01.02 | ggg-sfx.magic.air.wind.gust.long.01.03 | ggg-sfx.magic.air.wind.gust.long.01.04 | ggg-sfx.magic.air.wind.gust.long.01.05","psfx.cantrips.gust.v1","",""
"Sleep","o4lRVTwSxnOOn5vl","sleep","Sleep magic uses a soft dream cue.","","psfx.1st-level-spells.sleep.v1.001","",""
"Sleepless Season","bTFWSpHEvXq8IK37","quiet","No unambiguous audible effect in description; quiet by default.","","","",""
"Sliding Blocks","avEutOjF2ox947fp","earth","Description and earth treatment support a earth effect cue.","ggg-sfx.magic.earth.impact.general.01.muffled.01 | ggg-sfx.magic.earth.impact.general.01.muffled.02 | ggg-sfx.magic.earth.impact.general.01.muffled.03 | ggg-sfx.magic.earth.impact.general.01.normal.01 | ggg-sfx.magic.earth.impact.general.01.normal.02 | ggg-sfx.magic.earth.impact.general.01.normal.03","psfx.casting.earth.001","",""
"Slime Spit","hWtB81P2KGzGHKAJ","poison","Description and poison treatment support a poison effect cue.","ggg-sfx.magic.acid.cast.general.01.01 | ggg-sfx.magic.acid.cast.general.01.02 | ggg-sfx.magic.acid.cast.general.02.01 | ggg-sfx.magic.acid.cast.general.03.01 | ggg-sfx.magic.acid.cast.general.03.02 | ggg-sfx.magic.acid.impact.01.01","psfx.cantrips.poison-spray.v1","",""
"Slither","xFp4EwVcYwSG336t","shadow","Description and shadow treatment support a shadow effect cue.","ggg-sfx.magic.occult.bolt.01.cast.01 | ggg-sfx.magic.occult.bolt.01.cast.02 | ggg-sfx.magic.occult.bolt.01.cast.03","","",""
"Slough Skin","X3dYByf3YmkcdwG0","quiet","No unambiguous audible effect in description; quiet by default.","","","",""
"Slow","WsUwpfmhKrKwoIe3","slow","Time alteration uses a short temporal cue.","ggg-sfx.magic.time.slow.01.01 | ggg-sfx.magic.time.slow.01.02 | ggg-sfx.magic.time.slow.01.03 | ggg-sfx.magic.time.slow.01.04","","",""
"Snake Fangs","wLWMswY7aBHEFTRb","transform","Brief transformation cue; no assumed animal voice.","ggg-sfx.magic.primal.cast.general.03.01","","",""
"Snare Hopping","dDt8VFuLuhznT19v","summon","Summoning arrival; creature species remains player choice.","ggg-sfx.magic.primal.cast.general.03.01","psfx.magic-signs.circle.v1.conjuration.intro | psfx.magic-signs.circle.v1.conjuration.intro-fade","",""
"Snowball","W6QlRwQLPoBSw6PZ","cold","Description and cold treatment support a cold effect cue.","ggg-sfx.magic.ice.freeze.01.01 | ggg-sfx.magic.ice.freeze.02.01 | ggg-sfx.magic.ice.freeze.03.01 | ggg-sfx.magic.ice.freeze.03.02 | ggg-sfx.magic.ice.freeze.04.01 | ggg-sfx.magic.ice.freeze.04.02","psfx.impacts.magicaleffects.cold","",""
"Soft Landing","TLmkJ8ga8s057HBp","quiet","No unambiguous audible effect in description; quiet by default.","","","",""
"Solid Fog","piMJO6aYeDJbrhEo","quiet","No unambiguous audible effect in description; quiet by default.","","","",""
"Sonata Span","Yv3AFIO55FONQYMH","song","Description explicitly calls for music; short musical flourish.","ggg-sfx.magic.sonic.harp.surge.01.01 | ggg-sfx.magic.sonic.harp.surge.01.02 | ggg-sfx.magic.sonic.harp.surge.01.03 | ggg-sfx.magic.sonic.harp.surge.01.04","psfx.musical-instruments.lute.01.strummed-tremolo.keyOfC.Cadd9 | psfx.musical-instruments.lute.01.strummed-tremolo.keyOfC.Cm6 | psfx.musical-instruments.lute.01.strummed.keyOfC.C6 | psfx.musical-instruments.lute.01.strummed.keyOfC.C7","",""
"Song of Marching","LTUaK3smfm5eDiFK","quiet","No unambiguous audible effect in description; quiet by default.","","","",""
"Song of Silver","HYXyMFsH0K80etBI","quiet","No unambiguous audible effect in description; quiet by default.","","","",""
"Song of Strength","Xxdwkt0EEDgP1LGc","quiet","No unambiguous audible effect in description; quiet by default.","","","",""
"Song of the Fallen","IGXGs9PlqUCvODcH","quiet","No unambiguous audible effect in description; quiet by default.","","","",""
"Song of the Soul","oRKmyZPwGafCaFT2","healing","Description restores health; gentle restorative cue.","ggg-sfx.magic.divine.healing.01.01 | ggg-sfx.magic.divine.healing.01.02 | ggg-sfx.magic.divine.healing.01.03 | ggg-sfx.magic.divine.healing.01.04 | ggg-sfx.magic.divine.healing.02.mass_healing.01.01 | ggg-sfx.magic.divine.healing.02.mass_healing.01.02","psfx.1st-level-spells.cure-wounds.v1.001","",""
"Songbird's Call","CzMCiFbgLj1irnP4","quiet","No unambiguous audible effect in description; quiet by default.","","","",""
"Soothe","szIyEsvihc5e1w8n","healing","Description restores health; gentle restorative cue.","ggg-sfx.magic.divine.healing.01.01 | ggg-sfx.magic.divine.healing.01.02 | ggg-sfx.magic.divine.healing.01.03 | ggg-sfx.magic.divine.healing.01.04 | ggg-sfx.magic.divine.healing.02.mass_healing.01.01 | ggg-sfx.magic.divine.healing.02.mass_healing.01.02","psfx.1st-level-spells.cure-wounds.v1.001","",""
"Soothing Ballad","0JigNJDRwevZOyjI","healing","Description and healing treatment support a healing effect cue.","ggg-sfx.magic.divine.healing.01.01 | ggg-sfx.magic.divine.healing.01.02 | ggg-sfx.magic.divine.healing.01.03 | ggg-sfx.magic.divine.healing.01.04 | ggg-sfx.magic.divine.healing.02.mass_healing.01.01 | ggg-sfx.magic.divine.healing.02.mass_healing.01.02","psfx.1st-level-spells.cure-wounds.v1.001","",""
"Soothing Blossoms","5XUn9NADr05IyiVw","growth","Description and plant treatment support a growth effect cue.","ggg-sfx.magic.primal.growth.01.01","psfx.1st-level-spells.entangle.vines.v1.001.intro","",""
"Soothing Mist","RGBZrVRIEDb2G48h","healing","Restoration or cleansing uses a gentle restorative cue.","ggg-sfx.magic.divine.healing.01.01 | ggg-sfx.magic.divine.healing.01.02 | ggg-sfx.magic.divine.healing.01.03 | ggg-sfx.magic.divine.healing.01.04 | ggg-sfx.magic.divine.healing.02.mass_healing.01.01 | ggg-sfx.magic.divine.healing.02.mass_healing.01.02","psfx.1st-level-spells.cure-wounds.v1.001","",""
"Soothing Spring","fH08MI4KP0KH2EQ9","healing","Description restores health; gentle restorative cue.","ggg-sfx.magic.divine.healing.01.01 | ggg-sfx.magic.divine.healing.01.02 | ggg-sfx.magic.divine.healing.01.03 | ggg-sfx.magic.divine.healing.01.04 | ggg-sfx.magic.divine.healing.02.mass_healing.01.01 | ggg-sfx.magic.divine.healing.02.mass_healing.01.02","psfx.1st-level-spells.cure-wounds.v1.001","",""
"Soothing Words","YGRpHU5yxw73mls8","quiet","No unambiguous audible effect in description; quiet by default.","","","",""
"Soul Cutter","IRCUS6oX4SaiSMqF","quiet","No unambiguous audible effect in description; quiet by default.","","","",""
"Soul Siphon","D6T17BdazhNy3KPm","drain","Life or energy is drawn away; siphon cue.","ggg-sfx.magic.occult.siphon.01.01","psfx.ranged-magic.generic.energy-strands.001.15ft","",""
"Soulshelter Vessel","wYSLTNvmxbe78l2c","healing","Description restores health; gentle restorative cue.","ggg-sfx.magic.divine.healing.01.01 | ggg-sfx.magic.divine.healing.01.02 | ggg-sfx.magic.divine.healing.01.03 | ggg-sfx.magic.divine.healing.01.04 | ggg-sfx.magic.divine.healing.02.mass_healing.01.01 | ggg-sfx.magic.divine.healing.02.mass_healing.01.02","psfx.1st-level-spells.cure-wounds.v1.001","",""
"Sound Body","Et8RSCLx8w7uOLvo","quiet","Reviewed private perception, prepared benefit, support, cleansing, object or casting-only illustration. No wound restoration, chosen voice/material, future impact or successful outcome is inferred; audio remains customizable.","","","",""
"Space Fold Gate","CVyAG7mXrs868UyB","summon","Summoning arrival; creature species remains player choice.","ggg-sfx.magic.primal.cast.general.03.01","psfx.magic-signs.circle.v1.conjuration.intro | psfx.magic-signs.circle.v1.conjuration.intro-fade","",""
"Sparkleskin","KAWQ5x2j4tUJ91ry","quiet","No unambiguous audible effect in description; quiet by default.","","","",""
"Speak with Animals","BBvV7qoXGdw09q1C","quiet","Reviewed private perception, prepared benefit, support, cleansing, object or casting-only illustration. No wound restoration, chosen voice/material, future impact or successful outcome is inferred; audio remains customizable.","","","",""
"Speak With Magic","trxGUCs2MB9DbeZ0","quiet","No unambiguous audible effect in description; quiet by default.","","","",""
"Speak with Plants","qvwIwJ9QBihy8R0t","quiet","No unambiguous audible effect in description; quiet by default.","","","",""
"Speak with Stones","YIMampGpij4Y30yE","earth","Description and earth treatment support a earth effect cue.","ggg-sfx.magic.earth.impact.general.01.muffled.01 | ggg-sfx.magic.earth.impact.general.01.muffled.02 | ggg-sfx.magic.earth.impact.general.01.muffled.03 | ggg-sfx.magic.earth.impact.general.01.normal.01 | ggg-sfx.magic.earth.impact.general.01.normal.02 | ggg-sfx.magic.earth.impact.general.01.normal.03","psfx.casting.earth.001","",""
"Speak With Water","9F4qWQ1ITWFSNDiz","water","Description and water treatment support a water effect cue.","ggg-sfx.magic.water.impact.general.01.01 | ggg-sfx.magic.water.impact.general.01.02 | ggg-sfx.magic.water.impact.general.01.03 | ggg-sfx.magic.water.impact.general.01.04 | ggg-sfx.magic.water.impact.general.01.05 | ggg-sfx.magic.water.impact.general.01.06","psfx.casting.water.001","modules/soundfxlibrary/Misc/Single/Water Splash/water-splash-1.mp3 | modules/soundfxlibrary/Misc/Single/Water Splash/water-splash-2.mp3 | modules/soundfxlibrary/Misc/Single/Water Splash/water-splash-3.mp3 | modules/soundfxlibrary/Misc/Single/Water Splash/water-splash-4.mp3",""
"Speaking Sky","Zvg0FWzClGbzucFd","quiet","No unambiguous audible effect in description; quiet by default.","","","",""
"Spectral Advance","VNAOHrWhNYX3jKdy","transform","Brief transformation cue; no assumed animal voice.","ggg-sfx.magic.primal.cast.general.03.01","","",""
"Spectral Blade","wzwmvdBjqRSSvfG7","quiet","No unambiguous audible effect in description; quiet by default.","","","",""
"Spell Immunity","tgIhRUFtgDSELpJE","quiet","No unambiguous audible effect in description; quiet by default.","","","",""
"Spell Riposte","9igi8LcrNQKwljK7","quiet","No unambiguous audible effect in description; quiet by default.","","","",""
"Spell Turning","OOELvfkTedBMlWtq","quiet","No unambiguous audible effect in description; quiet by default.","","","",""
"Spellmaster's Ward","VrhCpCIQB8PFax77","shield","Protective field; short ward activation.","ggg-sfx.magic.divine.buff.ward.01.01","psfx.1st-level-spells.shield-spell.intro.v1.003","",""
"Spellsurge","XIgvCPaSy5WXStVD","quiet","No unambiguous audible effect in description; quiet by default.","","","",""
"Spellwrack","8Umt1AzYfFbC4fui","force","Description and force treatment support a force effect cue.","ggg-sfx.magic.arcane.impact.blast.01.01 | ggg-sfx.magic.arcane.impact.blast.01.02 | ggg-sfx.magic.arcane.impact.blast.01.03 | ggg-sfx.magic.arcane.impact.blast.01.04","psfx.ranged-magic.generic.beam.001","modules/soundfxlibrary/Combat/Single/Spell Impact/spell-impact-1.mp3 | modules/soundfxlibrary/Combat/Single/Spell Impact/spell-impact-2.mp3 | modules/soundfxlibrary/Combat/Single/Spell Impact/spell-impact-3.mp3 | modules/soundfxlibrary/Combat/Single/Spell Impact/spell-impact-4.mp3 | modules/soundfxlibrary/Combat/Single/Spell Impact/spell-impact-5.mp3 | modules/soundfxlibrary/Combat/Single/Spell Impact/spell-impact-6.mp3",""
"Spider Sting","DYdvMZ8G2LiSLVWw","poison","Description and poison treatment support a poison effect cue.","ggg-sfx.magic.acid.cast.general.01.01 | ggg-sfx.magic.acid.cast.general.01.02 | ggg-sfx.magic.acid.cast.general.02.01 | ggg-sfx.magic.acid.cast.general.03.01 | ggg-sfx.magic.acid.cast.general.03.02 | ggg-sfx.magic.acid.impact.01.01","psfx.cantrips.poison-spray.v1","",""
"Spike Stones","3xD8DYrr8YDVYGg7","earth","Description and earth treatment support a earth effect cue.","ggg-sfx.magic.earth.impact.general.01.muffled.01 | ggg-sfx.magic.earth.impact.general.01.muffled.02 | ggg-sfx.magic.earth.impact.general.01.muffled.03 | ggg-sfx.magic.earth.impact.general.01.normal.01 | ggg-sfx.magic.earth.impact.general.01.normal.02 | ggg-sfx.magic.earth.impact.general.01.normal.03","psfx.casting.earth.001","",""
"Spiked Carapace","nDgrpbKICpjUz372","transform","Brief transformation cue; no assumed animal voice.","ggg-sfx.magic.primal.cast.general.03.01","","",""
"Spinning Staff","KAapTzGKJMbMQCL1","metal","Description and metal treatment support a metal effect cue.","ggg-sfx.magic.metal.impact.anvil.01.01 | ggg-sfx.magic.metal.impact.anvil.01.02 | ggg-sfx.magic.metal.impact.anvil.01.03 | ggg-sfx.magic.metal.impact.anvil.01.04","","modules/soundfxlibrary/Combat/Single/Shield Hit/shield-hit-1.mp3 | modules/soundfxlibrary/Combat/Single/Shield Hit/shield-hit-10.mp3 | modules/soundfxlibrary/Combat/Single/Shield Hit/shield-hit-11.mp3 | modules/soundfxlibrary/Combat/Single/Shield Hit/shield-hit-12.mp3 | modules/soundfxlibrary/Combat/Single/Shield Hit/shield-hit-3.mp3 | modules/soundfxlibrary/Combat/Single/Shield Hit/shield-hit-4.mp3",""
"Spiral of Horrors","KPGGkyBFbKse7KpK","quiet","No unambiguous audible effect in description; quiet by default.","","","",""
"Spirit Blast","PHVHBbdHeQRfjLmE","quiet","No unambiguous audible effect in description; quiet by default.","","","",""
"Spirit Link","yHujiDQPdtXW797e","quiet","Reviewed private perception, prepared benefit, support, cleansing, object or casting-only illustration. No wound restoration, chosen voice/material, future impact or successful outcome is inferred; audio remains customizable.","","","",""
"Spirit Object","yp4w9SG4RuqRM8KD","quiet","No unambiguous audible effect in description; quiet by default.","","","",""
"Spirit of the Beast","wgAsL86ji5hulh7x","transform","Brief transformation cue; no assumed animal voice.","ggg-sfx.magic.primal.cast.general.03.01","","",""
"Spirit Sense","3ehSrqTAm7IPqbIZ","quiet","No unambiguous audible effect in description; quiet by default.","","","",""
"Spirit Song","Ht35SDf9PDStJfoC","song","Description explicitly calls for music; short musical flourish.","ggg-sfx.magic.sonic.harp.surge.01.01 | ggg-sfx.magic.sonic.harp.surge.01.02 | ggg-sfx.magic.sonic.harp.surge.01.03 | ggg-sfx.magic.sonic.harp.surge.01.04","psfx.musical-instruments.lute.01.strummed-tremolo.keyOfC.Cadd9 | psfx.musical-instruments.lute.01.strummed-tremolo.keyOfC.Cm6 | psfx.musical-instruments.lute.01.strummed.keyOfC.C6 | psfx.musical-instruments.lute.01.strummed.keyOfC.C7","",""
"Spirit Veil","pQ3NIzZXeIIcU81C","quiet","No unambiguous audible effect in description; quiet by default.","","","",""
"Spirit Ward","MFtXn7t5vApQXqlq","shield","Protective field; short ward activation.","ggg-sfx.magic.divine.buff.ward.01.01","psfx.1st-level-spells.shield-spell.intro.v1.003","",""
"Spiritual Anamnesis","Jli9WBjQZ2MmKJ8y","quiet","Reviewed private perception, prepared benefit, support, cleansing, object or casting-only illustration. No wound restoration, chosen voice/material, future impact or successful outcome is inferred; audio remains customizable.","","","",""
"Spiritual Armament","WPu3UE3kTXSLqO40","quiet","No unambiguous audible effect in description; quiet by default.","","","",""
"Spiritual Attunement","GjmMFEJcDd6MDG2P","quiet","No unambiguous audible effect in description; quiet by default.","","","",""
"Spiritual Epidemic","MS60WhVifb45qORJ","quiet","No unambiguous audible effect in description; quiet by default.","","","",""
"Spiritual Guardian","jQdm301h6e8hIY4U","quiet","No unambiguous audible effect in description; quiet by default.","","","",""
"Spiritual Renewal","tBC1QmB33KWIuBFX","healing","Description restores health; gentle restorative cue.","ggg-sfx.magic.divine.healing.01.01 | ggg-sfx.magic.divine.healing.01.02 | ggg-sfx.magic.divine.healing.01.03 | ggg-sfx.magic.divine.healing.01.04 | ggg-sfx.magic.divine.healing.02.mass_healing.01.01 | ggg-sfx.magic.divine.healing.02.mass_healing.01.02","psfx.1st-level-spells.cure-wounds.v1.001","",""
"Spiritual Torrent","Y1YysjZ40ft0aLFN","holy","Description and vitality treatment support a holy effect cue.","ggg-sfx.magic.divine.light.01.01 | ggg-sfx.magic.divine.light.02.01","psfx.cantrips.sacred-flame.v1.001.caster","",""
"Spiritual Transport","6o75SEEYjdaMDkoG","quiet","Reviewed private perception, prepared benefit, support, cleansing, object or casting-only illustration. No wound restoration, chosen voice/material, future impact or successful outcome is inferred; audio remains customizable.","","","",""
"Spiritual Weapon","Fq9yCbqI2RDt6Orw","quiet","No unambiguous audible effect in description; quiet by default.","","","",""
"Splinter Volley","Bc6QqTmFV4q7G7L0","growth","Description and plant treatment support a growth effect cue.","ggg-sfx.magic.primal.growth.01.01","psfx.1st-level-spells.entangle.vines.v1.001.intro","",""
"Split Shadow","Y9w4TYnb8cXU4UKY","shadow","Description and shadow treatment support a shadow effect cue.","ggg-sfx.magic.occult.bolt.01.cast.01 | ggg-sfx.magic.occult.bolt.01.cast.02 | ggg-sfx.magic.occult.bolt.01.cast.03","","",""
"Split the Tongue","lXxP1ziyf4ozkpmv","quiet","No unambiguous audible effect in description; quiet by default.","","","",""
"Spontaneous Cartography","UMngJlyjDWdFyKCi","quiet","No unambiguous audible effect in description; quiet by default.","","","",""
"Spout","eSL5hVT9gXrnRLtd","water","Description and water treatment support a water effect cue.","ggg-sfx.magic.water.impact.general.01.01 | ggg-sfx.magic.water.impact.general.01.02 | ggg-sfx.magic.water.impact.general.01.03 | ggg-sfx.magic.water.impact.general.01.04 | ggg-sfx.magic.water.impact.general.01.05 | ggg-sfx.magic.water.impact.general.01.06","psfx.casting.water.001","modules/soundfxlibrary/Misc/Single/Water Splash/water-splash-1.mp3 | modules/soundfxlibrary/Misc/Single/Water Splash/water-splash-2.mp3 | modules/soundfxlibrary/Misc/Single/Water Splash/water-splash-3.mp3 | modules/soundfxlibrary/Misc/Single/Water Splash/water-splash-4.mp3",""
"Sprawling Tunnels","rsYeiz2V2KeEfjpr","quiet","No unambiguous audible effect in description; quiet by default.","","","",""
"Spray of Stars","mlNYROcFrUF8nFgk","starFlight","Tiny shooting stars spread through a cone; light-particle shimmer follows their flight release. Fire damage does not turn the described stars into a flame blast or late dazzling impact.","ggg-sfx.magic.arcane.light.revealing.01.01 | ggg-sfx.magic.arcane.light.revealing.01.02 | ggg-sfx.magic.arcane.light.revealing.01.03 | ggg-sfx.magic.arcane.light.revealing.01.04","","",""
"Spy's Mark","LFcGNGLMkGlsnEKQ","quiet","No unambiguous audible effect in description; quiet by default.","","","",""
"Stabilize","SnjhtQYexDtNDdEg","quiet","Reviewed private perception, prepared benefit, support, cleansing, object or casting-only illustration. No wound restoration, chosen voice/material, future impact or successful outcome is inferred; audio remains customizable.","","","",""
"Stagnate Time","3E1p58MNQMO4GAxt","time","Temporal effect uses a short time-shift cue.","ggg-sfx.magic.time.reverse.01.01 | ggg-sfx.magic.time.reverse.01.02 | ggg-sfx.magic.time.reverse.01.03 | ggg-sfx.magic.time.reverse.01.04","","",""
"Stars of Another Sky","o4ew3prcQTQ8suoa","quiet","No unambiguous audible effect in description; quiet by default.","","","",""
"Stasis","cOwSsSXRsBaXUvlr","time","Temporal effect uses a short time-shift cue.","ggg-sfx.magic.time.reverse.01.01 | ggg-sfx.magic.time.reverse.01.02 | ggg-sfx.magic.time.reverse.01.03 | ggg-sfx.magic.time.reverse.01.04","","",""
"Statuette","29AyhknPKiDBcy8s","quiet","No unambiguous audible effect in description; quiet by default.","","","",""
"Status","HTou8cG05yuSkesj","quiet","No unambiguous audible effect in description; quiet by default.","","","",""
"Steal Shadow","0chL1b4OFIZxpN3v","shadow","Description and shadow treatment support a shadow effect cue.","ggg-sfx.magic.occult.bolt.01.cast.01 | ggg-sfx.magic.occult.bolt.01.cast.02 | ggg-sfx.magic.occult.bolt.01.cast.03","","",""
"Steal the Sky","zoY0fQYTF1NzezTg","quiet","No unambiguous audible effect in description; quiet by default.","","","",""
"Steal Voice","5LrQIlimsPXK2xAG","quiet","No unambiguous audible effect in description; quiet by default.","","","",""
"Steel Fortifications","wQDrc0LDWaBA5Xa8","quiet","Metal structures appear in empty squares. No impact or breakage occurs until later damage; no anvil strike is inferred.","","","",""
"Stick On","5px35eHXGxHeT3am","transform","Brief transformation cue; no assumed animal voice.","ggg-sfx.magic.primal.cast.general.03.01","","",""
"Sticky Fire","Vseo7VIy8mzINUES","fire","Description and fire treatment support a fire effect cue.","ggg-sfx.magic.fire.ignite.01.01 | ggg-sfx.magic.fire.impact.general.01.01 | ggg-sfx.magic.fire.impact.general.01.02 | ggg-sfx.magic.fire.impact.general.02.01 | ggg-sfx.magic.fire.impact.general.02.02 | ggg-sfx.magic.fire.impact.general.02.03","psfx.cantrips.create-bonfire.v1.001 | psfx.casting.fire-side.001 | psfx.casting.fire.001","",""
"Stifling Stillness","bAxjHBi37CVwInfU","poison","Description and poison treatment support a poison effect cue.","ggg-sfx.magic.acid.cast.general.01.01 | ggg-sfx.magic.acid.cast.general.01.02 | ggg-sfx.magic.acid.cast.general.02.01 | ggg-sfx.magic.acid.cast.general.03.01 | ggg-sfx.magic.acid.cast.general.03.02 | ggg-sfx.magic.acid.impact.01.01","psfx.cantrips.poison-spray.v1","",""
"Still Life Storage","RqUpZmKtfnDEKkcf","quiet","No unambiguous audible effect in description; quiet by default.","","","",""
"Sting of the Sea","jyYBuGRfpkZz2kxs","quiet","The stated visual or selected-element illustration does not establish an audible strike, animal voice, explosion or large splash; optional sound remains customizable.","","","",""
"Stinking Cloud","GKpEcy9WId6NJvtx","quiet","No unambiguous audible effect in description; quiet by default.","","","",""
"Stoke the Heart","GeUbPvwdZ4B4l0up","quiet","No unambiguous audible effect in description; quiet by default.","","","",""
"Stone Lance","ECApRjIIxD0JogOa","earth","Description and earth treatment support a earth effect cue.","ggg-sfx.magic.earth.impact.general.01.muffled.01 | ggg-sfx.magic.earth.impact.general.01.muffled.02 | ggg-sfx.magic.earth.impact.general.01.muffled.03 | ggg-sfx.magic.earth.impact.general.01.normal.01 | ggg-sfx.magic.earth.impact.general.01.normal.02 | ggg-sfx.magic.earth.impact.general.01.normal.03","psfx.casting.earth.001","",""
"Stone to Flesh","Pr1ruNTbzGn3H9w5","earth","Description and earth treatment support a earth effect cue.","ggg-sfx.magic.earth.impact.general.01.muffled.01 | ggg-sfx.magic.earth.impact.general.01.muffled.02 | ggg-sfx.magic.earth.impact.general.01.muffled.03 | ggg-sfx.magic.earth.impact.general.01.normal.01 | ggg-sfx.magic.earth.impact.general.01.normal.02 | ggg-sfx.magic.earth.impact.general.01.normal.03","psfx.casting.earth.001","",""
"Stonesense","UVLiBXLLAoWhUU4R","quiet","No unambiguous audible effect in description; quiet by default.","","","",""
"Stop Heart","rwbL3oBniZZeJc2f","void","Description and void treatment support a void effect cue.","ggg-sfx.magic.occult.pulse.01.abyss","psfx.impacts.magicaleffects.necrotic","",""
"Store Time","FZMVLL7HvasjiM6D","time","Temporal effect uses a short time-shift cue.","ggg-sfx.magic.time.reverse.01.01 | ggg-sfx.magic.time.reverse.01.02 | ggg-sfx.magic.time.reverse.01.03 | ggg-sfx.magic.time.reverse.01.04","","",""
"Storm Lord","XYhU3Wi94n1RKxTa","electric","Description and electricity treatment support a electric effect cue.","ggg-sfx.magic.electricity.impact.general.01.01 | ggg-sfx.magic.electricity.impact.general.01.02 | ggg-sfx.magic.electricity.impact.general.01.03 | ggg-sfx.magic.electricity.zap.01.01","psfx.impacts.magicaleffects.lightning | psfx.impacts.magicaleffects.lightning | psfx.impacts.magicaleffects.lightning | psfx.impacts.magicaleffects.lightning | psfx.impacts.magicaleffects.lightning","modules/soundfxlibrary/Combat/Single/Spell Impact Lightning/spell-impact-lightning-1.mp3 | modules/soundfxlibrary/Combat/Single/Spell Impact Lightning/spell-impact-lightning-2.mp3 | modules/soundfxlibrary/Combat/Single/Spell Impact Lightning/spell-impact-lightning-3.mp3 | modules/soundfxlibrary/Combat/Single/Spell Impact Lightning/spell-impact-lightning-4.mp3",""
"Storm of Vengeance","r4HLQcYwB62bTayl","electric","Description and electricity treatment support a electric effect cue.","ggg-sfx.magic.electricity.impact.general.01.01 | ggg-sfx.magic.electricity.impact.general.01.02 | ggg-sfx.magic.electricity.impact.general.01.03 | ggg-sfx.magic.electricity.zap.01.01","psfx.impacts.magicaleffects.lightning | psfx.impacts.magicaleffects.lightning | psfx.impacts.magicaleffects.lightning | psfx.impacts.magicaleffects.lightning | psfx.impacts.magicaleffects.lightning","modules/soundfxlibrary/Combat/Single/Spell Impact Lightning/spell-impact-lightning-1.mp3 | modules/soundfxlibrary/Combat/Single/Spell Impact Lightning/spell-impact-lightning-2.mp3 | modules/soundfxlibrary/Combat/Single/Spell Impact Lightning/spell-impact-lightning-3.mp3 | modules/soundfxlibrary/Combat/Single/Spell Impact Lightning/spell-impact-lightning-4.mp3",""
"Stormburst","Ifc2b6bNVdjKV7Si","electric","Description and electricity treatment support a electric effect cue.","ggg-sfx.magic.electricity.impact.general.01.01 | ggg-sfx.magic.electricity.impact.general.01.02 | ggg-sfx.magic.electricity.impact.general.01.03 | ggg-sfx.magic.electricity.zap.01.01","psfx.impacts.magicaleffects.lightning | psfx.impacts.magicaleffects.lightning | psfx.impacts.magicaleffects.lightning | psfx.impacts.magicaleffects.lightning | psfx.impacts.magicaleffects.lightning","modules/soundfxlibrary/Combat/Single/Spell Impact Lightning/spell-impact-lightning-1.mp3 | modules/soundfxlibrary/Combat/Single/Spell Impact Lightning/spell-impact-lightning-2.mp3 | modules/soundfxlibrary/Combat/Single/Spell Impact Lightning/spell-impact-lightning-3.mp3 | modules/soundfxlibrary/Combat/Single/Spell Impact Lightning/spell-impact-lightning-4.mp3",""
"Stormwind Flight","gSFg9zKwgcNZLMEs","quiet","No unambiguous audible effect in description; quiet by default.","","","",""
"Strange Geometry","m4Mc5XbdML92BKOE","quiet","No unambiguous audible effect in description; quiet by default.","","","",""
"Strength of Mind","aMvjaIuPIWN7pbc3","quiet","No unambiguous audible effect in description; quiet by default.","","","",""
"String of Fate","qjUcAMgcSLIamjEq","quiet","No unambiguous audible effect in description; quiet by default.","","","",""
"Stumbling Curse","X8PSYw6WC2ePYSXd","quiet","No unambiguous audible effect in description; quiet by default.","","","",""
"Stupefy","CQb8HtQ1BPeZmu9h","quiet","Reviewed private perception, prepared benefit, support, cleansing, object or casting-only illustration. No wound restoration, chosen voice/material, future impact or successful outcome is inferred; audio remains customizable.","","","",""
"Subconscious Suggestion","GP3wewkQXEPrLxYj","quiet","Silent, subtle or private communication; no public sound cue.","","","",""
"Subjugate Undead","Cd6Crl4wpQaMSYrF","quiet","Reviewed private perception, prepared benefit, support, cleansing, object or casting-only illustration. No wound restoration, chosen voice/material, future impact or successful outcome is inferred; audio remains customizable.","","","",""
"Sudden Blight","XFtO4BBI22Uox2QP","quiet","No unambiguous audible effect in description; quiet by default.","","","",""
"Sudden Bolt","zK0e9d9DSnxC4eAD","electric","Description and electricity treatment support a electric effect cue.","ggg-sfx.magic.electricity.impact.general.01.01 | ggg-sfx.magic.electricity.impact.general.01.02 | ggg-sfx.magic.electricity.impact.general.01.03 | ggg-sfx.magic.electricity.zap.01.01","psfx.impacts.magicaleffects.lightning | psfx.impacts.magicaleffects.lightning | psfx.impacts.magicaleffects.lightning | psfx.impacts.magicaleffects.lightning | psfx.impacts.magicaleffects.lightning","modules/soundfxlibrary/Combat/Single/Spell Impact Lightning/spell-impact-lightning-1.mp3 | modules/soundfxlibrary/Combat/Single/Spell Impact Lightning/spell-impact-lightning-2.mp3 | modules/soundfxlibrary/Combat/Single/Spell Impact Lightning/spell-impact-lightning-3.mp3 | modules/soundfxlibrary/Combat/Single/Spell Impact Lightning/spell-impact-lightning-4.mp3",""
"Sudden Recollection","h5cMTygLpjY3IEF0","quiet","Reviewed private perception, prepared benefit, support, cleansing, object or casting-only illustration. No wound restoration, chosen voice/material, future impact or successful outcome is inferred; audio remains customizable.","","","",""
"Sudden Shift","P9bqJsF3WkxGAJKJ","quiet","No unambiguous audible effect in description; quiet by default.","","","",""
"Sudden Swarm","9mm8RvPlD0wyb4S5","quiet","No unambiguous audible effect in description; quiet by default.","","","",""
"Sudden Transposition","2DFtBRLyYMPrimp7","teleport","Spatial effect uses a short departure/arrival cue.","ggg-sfx.magic.occult.movement.teleportation.01.01 | ggg-sfx.magic.occult.movement.teleportation.01.02 | ggg-sfx.magic.occult.movement.teleportation.01.03 | ggg-sfx.magic.occult.movement.teleportation.01.04 | ggg-sfx.magic.occult.movement.teleportation.01.05","psfx.2nd-level-spells.misty-step.v1.intro.generic","",""
"Suffocate","qGWORxQ0aSsH2taf","wind","Description and wind treatment support a wind effect cue.","ggg-sfx.magic.air.wind.gust.long.01.01 | ggg-sfx.magic.air.wind.gust.long.01.02 | ggg-sfx.magic.air.wind.gust.long.01.03 | ggg-sfx.magic.air.wind.gust.long.01.04 | ggg-sfx.magic.air.wind.gust.long.01.05","psfx.cantrips.gust.v1","",""
"Suggestion","qwlh6aDgi86U3Q7H","quiet","Silent, subtle or private communication; no public sound cue.","","","",""
"Summerland Spell","aVqsE5OedOwdHQvF","quiet","No unambiguous audible effect in description; quiet by default.","","","",""
"Summon Anarch","n8ckecJpatSBEp7M","quiet","Reviewed private perception, prepared benefit, support, cleansing, object or casting-only illustration. No wound restoration, chosen voice/material, future impact or successful outcome is inferred; audio remains customizable.","","","",""
"Summon Ancient Fleshforged","tgJTm276cikEL8vU","quiet","Reviewed private perception, prepared benefit, support, cleansing, object or casting-only illustration. No wound restoration, chosen voice/material, future impact or successful outcome is inferred; audio remains customizable.","","","",""
"Summon Animal","4YnON9JHYqtLzccu","summon","Summoning arrival; creature species remains player choice.","ggg-sfx.magic.primal.cast.general.03.01","psfx.magic-signs.circle.v1.conjuration.intro | psfx.magic-signs.circle.v1.conjuration.intro-fade","",""
"Summon Axiom","ba12fO37w7O37gim","quiet","Reviewed private perception, prepared benefit, support, cleansing, object or casting-only illustration. No wound restoration, chosen voice/material, future impact or successful outcome is inferred; audio remains customizable.","","","",""
"Summon Celestial","lTDixrrNKaCvLKwX","quiet","Reviewed private perception, prepared benefit, support, cleansing, object or casting-only illustration. No wound restoration, chosen voice/material, future impact or successful outcome is inferred; audio remains customizable.","","","",""
"Summon Construct","lKcsmeOrgHtK4xQa","summon","Summoning arrival; creature species remains player choice.","ggg-sfx.magic.primal.cast.general.03.01","psfx.magic-signs.circle.v1.conjuration.intro | psfx.magic-signs.circle.v1.conjuration.intro-fade","",""
"Summon Dragon","kghwmH3tQjMIhdH1","quiet","Reviewed private perception, prepared benefit, support, cleansing, object or casting-only illustration. No wound restoration, chosen voice/material, future impact or successful outcome is inferred; audio remains customizable.","","","",""
"Summon Elemental","lpT6LotUaQPfinjj","quiet","Reviewed private perception, prepared benefit, support, cleansing, object or casting-only illustration. No wound restoration, chosen voice/material, future impact or successful outcome is inferred; audio remains customizable.","","","",""
"Summon Elemental Herald","kVNo3ga0lwLKPrem","summon","Summoning arrival; creature species remains player choice.","ggg-sfx.magic.primal.cast.general.03.01","psfx.magic-signs.circle.v1.conjuration.intro | psfx.magic-signs.circle.v1.conjuration.intro-fade","",""
"Summon Entity","i1TvBID5QLyXrUCa","quiet","Reviewed private perception, prepared benefit, support, cleansing, object or casting-only illustration. No wound restoration, chosen voice/material, future impact or successful outcome is inferred; audio remains customizable.","","","",""
"Summon Fey","hs7h8f4Z1ZNdUt3s","summon","Summoning arrival; creature species remains player choice.","ggg-sfx.magic.primal.cast.general.03.01","psfx.magic-signs.circle.v1.conjuration.intro | psfx.magic-signs.circle.v1.conjuration.intro-fade","",""
"Summon Fiend","29ytKctjg7qSW2ff","quiet","Reviewed private perception, prepared benefit, support, cleansing, object or casting-only illustration. No wound restoration, chosen voice/material, future impact or successful outcome is inferred; audio remains customizable.","","","",""
"Summon Giant","e9UJoVYUd5kJWUpi","quiet","Reviewed private perception, prepared benefit, support, cleansing, object or casting-only illustration. No wound restoration, chosen voice/material, future impact or successful outcome is inferred; audio remains customizable.","","","",""
"Summon Healing Servitor","3r897dYO8oYvuyn5","healing","Description restores health; gentle restorative cue.","ggg-sfx.magic.divine.healing.01.01 | ggg-sfx.magic.divine.healing.01.02 | ggg-sfx.magic.divine.healing.01.03 | ggg-sfx.magic.divine.healing.01.04 | ggg-sfx.magic.divine.healing.02.mass_healing.01.01 | ggg-sfx.magic.divine.healing.02.mass_healing.01.02","psfx.1st-level-spells.cure-wounds.v1.001","",""
"Summon Instrument","yvs1zN5Pai5U4CJX","summon","Summoning arrival; creature species remains player choice.","ggg-sfx.magic.primal.cast.general.03.01","psfx.magic-signs.circle.v1.conjuration.intro | psfx.magic-signs.circle.v1.conjuration.intro-fade","",""
"Summon Irii","4ONjK2hoMBmuAAyk","quiet","Reviewed private perception, prepared benefit, support, cleansing, object or casting-only illustration. No wound restoration, chosen voice/material, future impact or successful outcome is inferred; audio remains customizable.","","","",""
"Summon Lesser Servitor","B0FZLkoHsiRgw7gv","summon","Summoning arrival; creature species remains player choice.","ggg-sfx.magic.primal.cast.general.03.01","psfx.magic-signs.circle.v1.conjuration.intro | psfx.magic-signs.circle.v1.conjuration.intro-fade","",""
"Summon Monitor","ZbEHglw5tkJ3grQZ","quiet","Reviewed private perception, prepared benefit, support, cleansing, object or casting-only illustration. No wound restoration, chosen voice/material, future impact or successful outcome is inferred; audio remains customizable.","","","",""
"Summon Oliphaunt of Jandelay","Ywe64VHwcBOAWBtq","quiet","Reviewed private perception, prepared benefit, support, cleansing, object or casting-only illustration. No wound restoration, chosen voice/material, future impact or successful outcome is inferred; audio remains customizable.","","","",""
"Summon Plant or Fungus","jSRAyd57kd4WZ4yE","summon","Summoning arrival; creature species remains player choice.","ggg-sfx.magic.primal.cast.general.03.01","psfx.magic-signs.circle.v1.conjuration.intro | psfx.magic-signs.circle.v1.conjuration.intro-fade","",""
"Summon Stampede","XWqxMJpCT95A0dZs","quiet","Reviewed private perception, prepared benefit, support, cleansing, object or casting-only illustration. No wound restoration, chosen voice/material, future impact or successful outcome is inferred; audio remains customizable.","","","",""
"Summon Undead","9WGeBwIIbbUuWKq0","summon","Summoning arrival; creature species remains player choice.","ggg-sfx.magic.primal.cast.general.03.01","psfx.magic-signs.circle.v1.conjuration.intro | psfx.magic-signs.circle.v1.conjuration.intro-fade","",""
"Summon Warden of the Wild","l2YoqVPoFE7jpTLe","quiet","Reviewed private perception, prepared benefit, support, cleansing, object or casting-only illustration. No wound restoration, chosen voice/material, future impact or successful outcome is inferred; audio remains customizable.","","","",""
"Summoner's Precaution","cwXiKPkZrIupjwlQ","shield","Protective field; short ward activation.","ggg-sfx.magic.divine.buff.ward.01.01","psfx.1st-level-spells.shield-spell.intro.v1.003","",""
"Summoner's Visage","vb2dFNtbofJ7A9BW","summon","Summoning arrival; creature species remains player choice.","ggg-sfx.magic.primal.cast.general.03.01","psfx.magic-signs.circle.v1.conjuration.intro | psfx.magic-signs.circle.v1.conjuration.intro-fade","",""
"Sun Blade","pMTltbI3S3UIuFaR","radiantRay","Reviewed native fire-spell casting event; deferred ignition, internal heat and unresolved choices do not play explosion audio.","ggg-sfx.magic.divine.light.01.01 | ggg-sfx.magic.divine.light.02.01","psfx.ranged-magic.generic.beam.001","",""
"Sun's Fury","LrFUj76CHDBV0vHW","fire","Description and fire treatment support a fire effect cue.","ggg-sfx.magic.fire.ignite.01.01 | ggg-sfx.magic.fire.impact.general.01.01 | ggg-sfx.magic.fire.impact.general.01.02 | ggg-sfx.magic.fire.impact.general.02.01 | ggg-sfx.magic.fire.impact.general.02.02 | ggg-sfx.magic.fire.impact.general.02.03","psfx.cantrips.create-bonfire.v1.001 | psfx.casting.fire-side.001 | psfx.casting.fire.001","",""
"Sunburst","a3aQxCpoj1q1NQxC","light","Light appears with a brief shimmer.","ggg-sfx.magic.divine.light.01.01 | ggg-sfx.magic.divine.light.02.01","psfx.cantrips.dancing-lights.v1.001 | psfx.cantrips.dancing-lights.v1.002 | psfx.cantrips.dancing-lights.v1.003 | psfx.cantrips.dancing-lights.v1.004 | psfx.cantrips.dancing-lights.v1.005 | psfx.cantrips.light.v1.001","",""
"Supreme Connection","6TKGaQm4PfEMkeRd","quiet","No unambiguous audible effect in description; quiet by default.","","","",""
"Sure Footing","BCuHKrDeJ4eq53M6","quiet","Reviewed private perception, prepared benefit, support, cleansing, object or casting-only illustration. No wound restoration, chosen voice/material, future impact or successful outcome is inferred; audio remains customizable.","","","",""
"Sure Strike","Gb7SeieEvd0pL2Eh","quiet","No unambiguous audible effect in description; quiet by default.","","","",""
"Suspended Retribution","k0qJfSZH5xUEggwU","quiet","No unambiguous audible effect in description; quiet by default.","","","",""
"Swallow Light","4Sg6ZngswhphxiBD","light","Light appears with a brief shimmer.","ggg-sfx.magic.divine.light.01.01 | ggg-sfx.magic.divine.light.02.01","psfx.cantrips.dancing-lights.v1.001 | psfx.cantrips.dancing-lights.v1.002 | psfx.cantrips.dancing-lights.v1.003 | psfx.cantrips.dancing-lights.v1.004 | psfx.cantrips.dancing-lights.v1.005 | psfx.cantrips.light.v1.001","",""
"Swamp of Sloth","iQD8OhhkwhvD8Blw","poison","Description and poison treatment support a poison effect cue.","ggg-sfx.magic.acid.cast.general.01.01 | ggg-sfx.magic.acid.cast.general.01.02 | ggg-sfx.magic.acid.cast.general.02.01 | ggg-sfx.magic.acid.cast.general.03.01 | ggg-sfx.magic.acid.cast.general.03.02 | ggg-sfx.magic.acid.impact.01.01","psfx.cantrips.poison-spray.v1","",""
"Swampcall","lbrWMnS2pecKaSVB","quiet","No unambiguous audible effect in description; quiet by default.","","","",""
"Swarm Form","Pd2M1XY8EXrSfWgJ","transform","Brief transformation cue; no assumed animal voice.","ggg-sfx.magic.primal.cast.general.03.01","","",""
"Swarming Wasp Stings","LVwmAH5NGvTuuQSU","swarm","Description explicitly evokes buzzing insects.","ggg-sfx.magic.primal.bugs.poisonous_swarm.01.01 | ggg-sfx.magic.primal.bugs.poisonous_swarm.01.02 | ggg-sfx.magic.primal.bugs.poisonous_swarm.01.03","","",""
"Swarmsense","5wjl0ZwEvvUh7sor","quiet","No unambiguous audible effect in description; quiet by default.","","","",""
"Swear Oath","AYN0UihkU8Fa8yC6","quiet","No unambiguous audible effect in description; quiet by default.","","","",""
"Sweet Dream","BRtKFk0PKfWIlCAB","quiet","No unambiguous audible effect in description; quiet by default.","","","",""
"Sweetest Solstice","wAJ8mXPYbyAg0qWX","quiet","No unambiguous audible effect in description; quiet by default.","","","",""
"Symphony of the Unfettered Heart","ZAX0OOcKtYMQlquR","quiet","No unambiguous audible effect in description; quiet by default.","","","",""
"Synaptic Pulse","BilnTGuXrof9Dt9D","quiet","No unambiguous audible effect in description; quiet by default.","","","",""
"Synchronize","DgcSiOCR1uDXGaEA","quiet","A small mark or watch condition is set now; later timer flashes, alarms and ending teleport are not played during casting.","","","",""
"Synchronize Steps","EeEgzWYcAY7ZQkS6","quiet","Quiet support, a connection or a player-chosen object operation; no metal chain clank, selected object material, future movement or success sound is inferred.","","","",""
"Synesthesia","OAt2ZEns1gIOCgrn","quiet","No unambiguous audible effect in description; quiet by default.","","","",""
"Tacky Pine Sap","S6es42lZUxs3Aocp","growth","Description and plant treatment support a growth effect cue.","ggg-sfx.magic.primal.growth.01.01","psfx.1st-level-spells.entangle.vines.v1.001.intro","",""
"Tailwind","KcLVELhCUcKXxiKE","wind","Description and wind treatment support a wind effect cue.","ggg-sfx.magic.air.wind.gust.long.01.01 | ggg-sfx.magic.air.wind.gust.long.01.02 | ggg-sfx.magic.air.wind.gust.long.01.03 | ggg-sfx.magic.air.wind.gust.long.01.04 | ggg-sfx.magic.air.wind.gust.long.01.05","psfx.cantrips.gust.v1","",""
"Take its Course","ZeHeNQ5BNq6m5F1j","poison","Description and poison treatment support a poison effect cue.","ggg-sfx.magic.acid.cast.general.01.01 | ggg-sfx.magic.acid.cast.general.01.02 | ggg-sfx.magic.acid.cast.general.02.01 | ggg-sfx.magic.acid.cast.general.03.01 | ggg-sfx.magic.acid.cast.general.03.02 | ggg-sfx.magic.acid.impact.01.01","psfx.cantrips.poison-spray.v1","",""
"Take Root","WUNZizIe6rnVHGcr","vines","Growing roots or vines; organic growth cue.","ggg-sfx.magic.primal.burst.bramble.01.01 | ggg-sfx.magic.primal.growth.02.01","psfx.1st-level-spells.entangle.vines.v1.001.intro","",""
"Take Your Places","bfdiKEZQLVvslcDi","summon","Summoning arrival; creature species remains player choice.","ggg-sfx.magic.primal.cast.general.03.01","psfx.magic-signs.circle.v1.conjuration.intro | psfx.magic-signs.circle.v1.conjuration.intro-fade","",""
"Talking Corpse","FM3SmEW8N1FCRjqt","quiet","No unambiguous audible effect in description; quiet by default.","","","",""
"Tame","s7ILzY2xh1tc9U1v","quiet","Reviewed private perception, prepared benefit, support, cleansing, object or casting-only illustration. No wound restoration, chosen voice/material, future impact or successful outcome is inferred; audio remains customizable.","","","",""
"Tangle Vine","uZK2BYzPnxUBnDjr","vines","Growing roots or vines; organic growth cue.","ggg-sfx.magic.primal.burst.bramble.01.01 | ggg-sfx.magic.primal.growth.02.01","psfx.1st-level-spells.entangle.vines.v1.001.intro","",""
"Tanglecurse","BokwLLK7OjK6ggHs","vines","Growing roots or vines; organic growth cue.","ggg-sfx.magic.primal.burst.bramble.01.01 | ggg-sfx.magic.primal.growth.02.01","psfx.1st-level-spells.entangle.vines.v1.001.intro","",""
"Tangling Creepers","JbAcSLu62TU1OgNF","growth","Description and plant treatment support a growth effect cue.","ggg-sfx.magic.primal.growth.01.01","psfx.1st-level-spells.entangle.vines.v1.001.intro","",""
"Tattoo Whispers","32NpJbPblay77K6v","quiet","No unambiguous audible effect in description; quiet by default.","","","",""
"Tear the Veil","AoRVRNaLpHZyhoSt","void","Description and void treatment support a void effect cue.","ggg-sfx.magic.occult.pulse.01.abyss","psfx.impacts.magicaleffects.necrotic","",""
"Teeth to Terror","avT46uIH3xYJPSv4","quiet","No unambiguous audible effect in description; quiet by default.","","","",""
"Telekinetic Bombardment","uc4I1diSSX6XYzb3","earth","Description and earth treatment support a earth effect cue.","ggg-sfx.magic.earth.impact.general.01.muffled.01 | ggg-sfx.magic.earth.impact.general.01.muffled.02 | ggg-sfx.magic.earth.impact.general.01.muffled.03 | ggg-sfx.magic.earth.impact.general.01.normal.01 | ggg-sfx.magic.earth.impact.general.01.normal.02 | ggg-sfx.magic.earth.impact.general.01.normal.03","psfx.casting.earth.001","",""
"Telekinetic Hand","pwzdSlJgYqN7bs2w","quiet","No unambiguous audible effect in description; quiet by default.","","","",""
"Telekinetic Haul","tpLTLbJUrYcMWGld","quiet","No unambiguous audible effect in description; quiet by default.","","","",""
"Telekinetic Maneuver","mrDi3v933gsmnw25","quiet","No unambiguous audible effect in description; quiet by default.","","","",""
"Telekinetic Projectile","60sgbuMWN0268dB7","force","Description and force treatment support a force effect cue.","ggg-sfx.magic.arcane.impact.blast.01.01 | ggg-sfx.magic.arcane.impact.blast.01.02 | ggg-sfx.magic.arcane.impact.blast.01.03 | ggg-sfx.magic.arcane.impact.blast.01.04","psfx.ranged-magic.generic.beam.001","modules/soundfxlibrary/Combat/Single/Spell Impact/spell-impact-1.mp3 | modules/soundfxlibrary/Combat/Single/Spell Impact/spell-impact-2.mp3 | modules/soundfxlibrary/Combat/Single/Spell Impact/spell-impact-3.mp3 | modules/soundfxlibrary/Combat/Single/Spell Impact/spell-impact-4.mp3 | modules/soundfxlibrary/Combat/Single/Spell Impact/spell-impact-5.mp3 | modules/soundfxlibrary/Combat/Single/Spell Impact/spell-impact-6.mp3",""
"Telekinetic Rend","yyz029C9eqfY38PT","force","Description and force treatment support a force effect cue.","ggg-sfx.magic.arcane.impact.blast.01.01 | ggg-sfx.magic.arcane.impact.blast.01.02 | ggg-sfx.magic.arcane.impact.blast.01.03 | ggg-sfx.magic.arcane.impact.blast.01.04","psfx.ranged-magic.generic.beam.001","modules/soundfxlibrary/Combat/Single/Spell Impact/spell-impact-1.mp3 | modules/soundfxlibrary/Combat/Single/Spell Impact/spell-impact-2.mp3 | modules/soundfxlibrary/Combat/Single/Spell Impact/spell-impact-3.mp3 | modules/soundfxlibrary/Combat/Single/Spell Impact/spell-impact-4.mp3 | modules/soundfxlibrary/Combat/Single/Spell Impact/spell-impact-5.mp3 | modules/soundfxlibrary/Combat/Single/Spell Impact/spell-impact-6.mp3",""
"Telepathic Bond","gfVXAW95YWRz0pJC","quiet","No unambiguous audible effect in description; quiet by default.","","","",""
"Telepathic Demand","ItZgGznUBhgWBwFG","quiet","Silent, subtle or private communication; no public sound cue.","","","",""
"Telepathy","HqTI6wRrck1YXp3F","quiet","No unambiguous audible effect in description; quiet by default.","","","",""
"Teleport","69L70wKfGDY66Mk9","teleport","Spatial departure/arrival; short teleport cue.","ggg-sfx.magic.occult.movement.teleportation.01.01 | ggg-sfx.magic.occult.movement.teleportation.01.02 | ggg-sfx.magic.occult.movement.teleportation.01.03 | ggg-sfx.magic.occult.movement.teleportation.01.04 | ggg-sfx.magic.occult.movement.teleportation.01.05","psfx.2nd-level-spells.misty-step.v1.intro.generic","",""
"Teleportation Circle","5ZW1w9f4gWlSIuWA","teleport","Spatial effect uses a short departure/arrival cue.","ggg-sfx.magic.occult.movement.teleportation.01.01 | ggg-sfx.magic.occult.movement.teleportation.01.02 | ggg-sfx.magic.occult.movement.teleportation.01.03 | ggg-sfx.magic.occult.movement.teleportation.01.04 | ggg-sfx.magic.occult.movement.teleportation.01.05","psfx.2nd-level-spells.misty-step.v1.intro.generic","",""
"Tempest Cloak","70BjbNRVc4OTLAgN","shield","Protective field; short ward activation.","ggg-sfx.magic.divine.buff.ward.01.01","psfx.1st-level-spells.shield-spell.intro.v1.003","",""
"Tempest Form","zhqnMOVPzVvWSUbC","quiet","Reviewed private perception, prepared benefit, support, cleansing, object or casting-only illustration. No wound restoration, chosen voice/material, future impact or successful outcome is inferred; audio remains customizable.","","","",""
"Tempest Surge","ho1jSoYKrHUNnM90","electric","Description and electricity treatment support a electric effect cue.","ggg-sfx.magic.electricity.impact.general.01.01 | ggg-sfx.magic.electricity.impact.general.01.02 | ggg-sfx.magic.electricity.impact.general.01.03 | ggg-sfx.magic.electricity.zap.01.01","psfx.impacts.magicaleffects.lightning | psfx.impacts.magicaleffects.lightning | psfx.impacts.magicaleffects.lightning | psfx.impacts.magicaleffects.lightning | psfx.impacts.magicaleffects.lightning","modules/soundfxlibrary/Combat/Single/Spell Impact Lightning/spell-impact-lightning-1.mp3 | modules/soundfxlibrary/Combat/Single/Spell Impact Lightning/spell-impact-lightning-2.mp3 | modules/soundfxlibrary/Combat/Single/Spell Impact Lightning/spell-impact-lightning-3.mp3 | modules/soundfxlibrary/Combat/Single/Spell Impact Lightning/spell-impact-lightning-4.mp3",""
"Tempest Touch","EzB9i7R6aBRAtJCh","water","Description and water treatment support a water effect cue.","ggg-sfx.magic.water.impact.general.01.01 | ggg-sfx.magic.water.impact.general.01.02 | ggg-sfx.magic.water.impact.general.01.03 | ggg-sfx.magic.water.impact.general.01.04 | ggg-sfx.magic.water.impact.general.01.05 | ggg-sfx.magic.water.impact.general.01.06","psfx.casting.water.001","modules/soundfxlibrary/Misc/Single/Water Splash/water-splash-1.mp3 | modules/soundfxlibrary/Misc/Single/Water Splash/water-splash-2.mp3 | modules/soundfxlibrary/Misc/Single/Water Splash/water-splash-3.mp3 | modules/soundfxlibrary/Misc/Single/Water Splash/water-splash-4.mp3",""
"Temporal Distortion","UbHK19RYbxRXWgWX","time","Time alteration uses a short temporal cue.","ggg-sfx.magic.time.reverse.01.01 | ggg-sfx.magic.time.reverse.01.02 | ggg-sfx.magic.time.reverse.01.03 | ggg-sfx.magic.time.reverse.01.04","","",""
"Temporal Twin","1bXLp8cyIKFjZtVx","time","Time alteration uses a short temporal cue.","ggg-sfx.magic.time.reverse.01.01 | ggg-sfx.magic.time.reverse.01.02 | ggg-sfx.magic.time.reverse.01.03 | ggg-sfx.magic.time.reverse.01.04","","",""
"Temporal Ward","kLxJx7BECVgHh2vb","time","Time alteration uses a short temporal cue.","ggg-sfx.magic.time.reverse.01.01 | ggg-sfx.magic.time.reverse.01.02 | ggg-sfx.magic.time.reverse.01.03 | ggg-sfx.magic.time.reverse.01.04","","",""
"Temporary Glyph","YWuyjhWbdoTiA1pw","quiet","No unambiguous audible effect in description; quiet by default.","","","",""
"Temporary Possession","yZpWaJzm7kUjKvlQ","quiet","No unambiguous audible effect in description; quiet by default.","","","",""
"Temporary Tool","TPI9fRCAYsDqpAe4","quiet","No unambiguous audible effect in description; quiet by default.","","","",""
"Tempt Fate","GqvKSxzN7A7kuFk4","quiet","No unambiguous audible effect in description; quiet by default.","","","",""
"Tentacular Innervation","ok26J262gEnrWKOO","quiet","Reviewed private perception, prepared benefit, support, cleansing, object or casting-only illustration. No wound restoration, chosen voice/material, future impact or successful outcome is inferred; audio remains customizable.","","","",""
"Tentacular Limbs","i8PBZsnoCrK7IWph","transform","Brief transformation cue; no assumed animal voice.","ggg-sfx.magic.primal.cast.general.03.01","","",""
"Terminate Bloodline","yUM5OYeMY8971b2S","quiet","No unambiguous audible effect in description; quiet by default.","","","",""
"Terrain Transposition","rtA3HRGoy7PQTOhq","quiet","Reviewed private perception, prepared benefit, support, cleansing, object or casting-only illustration. No wound restoration, chosen voice/material, future impact or successful outcome is inferred; audio remains customizable.","","","",""
"Tesseract Tunnel","Z1MoMTcgFQiCI90t","quiet","Reviewed private perception, prepared benefit, support, cleansing, object or casting-only illustration. No wound restoration, chosen voice/material, future impact or successful outcome is inferred; audio remains customizable.","","","",""
"Tether","MVrxZarUTnJxAUN8","quiet","Quiet support, a connection or a player-chosen object operation; no metal chain clank, selected object material, future movement or success sound is inferred.","","","",""
"The Everfull Moon","sfiH3lBvpGR1TTUk","transform","Brief transformation cue; no assumed animal voice.","ggg-sfx.magic.primal.cast.general.03.01","","",""
"The Four Hunters","EdRYr7HmLm9wr71X","quiet","No unambiguous audible effect in description; quiet by default.","","","",""
"The Parrot's Whisper","8NK5HtDxM3Qktu8H","quiet","Words, command or information are supplied by the player or GM; no prerecorded voice, answer, creature squawk or successful escape is assumed.","","","",""
"The Queen's Rainbow","V05lB4VsSMiMMsZJ","quiet","No unambiguous audible effect in description; quiet by default.","","","",""
"The Unseeing Blade Master","5xf9wK9xyAeGFPw7","quiet","No unambiguous audible effect in description; quiet by default.","","","",""
"The World's a Stage","3DB3F2hIx2dMbX8n","quiet","No unambiguous audible effect in description; quiet by default.","","","",""
"Theogeny","9dyWP9RGCFwunGEo","quiet","No unambiguous audible effect in description; quiet by default.","","","",""
"Thermal Remedy","l194BTf9cAFlSQ96","quiet","No unambiguous audible effect in description; quiet by default.","","","",""
"Thermal Stasis","dhpXpzt7TCm8TbHM","quiet","No unambiguous audible effect in description; quiet by default.","","","",""
"Thicket of Knives","X56VdA98VedAfGTU","quiet","No unambiguous audible effect in description; quiet by default.","","","",""
"Thief of Fortune","uGi6t3cypb93mgyV","quiet","No unambiguous audible effect in description; quiet by default.","","","",""
"Thoughtful Gift","qTr2oCgIXl703Whb","summon","Summoning arrival; creature species remains player choice.","ggg-sfx.magic.primal.cast.general.03.01","psfx.magic-signs.circle.v1.conjuration.intro | psfx.magic-signs.circle.v1.conjuration.intro-fade","",""
"Thrall Charge","NWDTNTpfPEc821pu","void","Description and void treatment support a void effect cue.","ggg-sfx.magic.occult.pulse.01.abyss","psfx.impacts.magicaleffects.necrotic","",""
"Threatening Mimicry","s0i3S4fg2XDQX4a7","quiet","No unambiguous audible effect in description; quiet by default.","","","",""
"Threefold Aspect","MNiT0dHol5fEcKlz","transform","Brief transformation cue; no assumed animal voice.","ggg-sfx.magic.primal.cast.general.03.01","","",""
"Threefold Limb","3DY4vbXj0BYSWA7z","transform","Brief transformation cue; no assumed animal voice.","ggg-sfx.magic.primal.cast.general.03.01","","",""
"Thunder Echo","Jq9mbSwJHMbNv7Pu","electric","Description and electricity treatment support a electric effect cue.","ggg-sfx.magic.electricity.impact.general.01.01 | ggg-sfx.magic.electricity.impact.general.01.02 | ggg-sfx.magic.electricity.impact.general.01.03 | ggg-sfx.magic.electricity.zap.01.01","psfx.impacts.magicaleffects.lightning | psfx.impacts.magicaleffects.lightning | psfx.impacts.magicaleffects.lightning | psfx.impacts.magicaleffects.lightning | psfx.impacts.magicaleffects.lightning","modules/soundfxlibrary/Combat/Single/Spell Impact Lightning/spell-impact-lightning-1.mp3 | modules/soundfxlibrary/Combat/Single/Spell Impact Lightning/spell-impact-lightning-2.mp3 | modules/soundfxlibrary/Combat/Single/Spell Impact Lightning/spell-impact-lightning-3.mp3 | modules/soundfxlibrary/Combat/Single/Spell Impact Lightning/spell-impact-lightning-4.mp3",""
"Thunderburst","LFSwMtQVP05EzlZe","wind","Description and wind treatment support a wind effect cue.","ggg-sfx.magic.air.wind.gust.long.01.01 | ggg-sfx.magic.air.wind.gust.long.01.02 | ggg-sfx.magic.air.wind.gust.long.01.03 | ggg-sfx.magic.air.wind.gust.long.01.04 | ggg-sfx.magic.air.wind.gust.long.01.05","psfx.cantrips.gust.v1","",""
"Thundering Dominance","mMgLHTLHjjGa206q","quiet","No unambiguous audible effect in description; quiet by default.","","","",""
"Thunderous Strike","r82rqcm0MmGaBFkM","sonic","Description and sonic treatment support a sonic effect cue.","ggg-sfx.magic.sonic.slam.01.01 | ggg-sfx.magic.sonic.slam.01.02 | ggg-sfx.magic.sonic.slam.01.03 | ggg-sfx.magic.sonic.slam.01.04 | ggg-sfx.magic.sonic.slam.01.05 | ggg-sfx.magic.sonic.slam.01.06","psfx.cantrips.thunderclap.v1","",""
"Thunderstrike","zDJS8E66UI0himqV","electric","Description and electricity treatment support a electric effect cue.","ggg-sfx.magic.electricity.impact.general.01.01 | ggg-sfx.magic.electricity.impact.general.01.02 | ggg-sfx.magic.electricity.impact.general.01.03 | ggg-sfx.magic.electricity.zap.01.01","psfx.impacts.magicaleffects.lightning | psfx.impacts.magicaleffects.lightning | psfx.impacts.magicaleffects.lightning | psfx.impacts.magicaleffects.lightning | psfx.impacts.magicaleffects.lightning","modules/soundfxlibrary/Combat/Single/Spell Impact Lightning/spell-impact-lightning-1.mp3 | modules/soundfxlibrary/Combat/Single/Spell Impact Lightning/spell-impact-lightning-2.mp3 | modules/soundfxlibrary/Combat/Single/Spell Impact Lightning/spell-impact-lightning-3.mp3 | modules/soundfxlibrary/Combat/Single/Spell Impact Lightning/spell-impact-lightning-4.mp3",""
"Tidal Surge","iAnpxrLaBU4V6Sej","water","Description and water treatment support a water effect cue.","ggg-sfx.magic.water.impact.general.01.01 | ggg-sfx.magic.water.impact.general.01.02 | ggg-sfx.magic.water.impact.general.01.03 | ggg-sfx.magic.water.impact.general.01.04 | ggg-sfx.magic.water.impact.general.01.05 | ggg-sfx.magic.water.impact.general.01.06","psfx.casting.water.001","modules/soundfxlibrary/Misc/Single/Water Splash/water-splash-1.mp3 | modules/soundfxlibrary/Misc/Single/Water Splash/water-splash-2.mp3 | modules/soundfxlibrary/Misc/Single/Water Splash/water-splash-3.mp3 | modules/soundfxlibrary/Misc/Single/Water Splash/water-splash-4.mp3",""
"Timber","9I8mp7RkjeXbkYfx","growth","Plant growth or wood formation.","ggg-sfx.magic.primal.growth.01.01","psfx.1st-level-spells.entangle.vines.v1.001.intro","",""
"Time Beacon","G56DJkxlUjFv0C4Z","time","Time alteration uses a short temporal cue.","ggg-sfx.magic.time.reverse.01.01 | ggg-sfx.magic.time.reverse.01.02 | ggg-sfx.magic.time.reverse.01.03 | ggg-sfx.magic.time.reverse.01.04","","",""
"Time Jump","qJGW6BbIcU6sfA1d","time","Time alteration uses a short temporal cue.","ggg-sfx.magic.time.reverse.01.01 | ggg-sfx.magic.time.reverse.01.02 | ggg-sfx.magic.time.reverse.01.03 | ggg-sfx.magic.time.reverse.01.04","","",""
"Time Pocket","0Rl3W7kiq9xVZRcr","time","Temporal effect uses a short time-shift cue.","ggg-sfx.magic.time.reverse.01.01 | ggg-sfx.magic.time.reverse.01.02 | ggg-sfx.magic.time.reverse.01.03 | ggg-sfx.magic.time.reverse.01.04","","",""
"Time Sense","BvNbDwFYaidKJG9j","time","Temporal effect uses a short time-shift cue.","ggg-sfx.magic.time.reverse.01.01 | ggg-sfx.magic.time.reverse.01.02 | ggg-sfx.magic.time.reverse.01.03 | ggg-sfx.magic.time.reverse.01.04","","",""
"Time Skip","LbqunTurwXB3u9Vp","time","Temporal effect uses a short time-shift cue.","ggg-sfx.magic.time.reverse.01.01 | ggg-sfx.magic.time.reverse.01.02 | ggg-sfx.magic.time.reverse.01.03 | ggg-sfx.magic.time.reverse.01.04","","",""
"Timely Reminder","QhBlSonRqpfq0F83","quiet","Silent, subtle or private communication; no public sound cue.","","","",""
"Timely Tutor","OhgfPzB5gymZ0IZM","quiet","Reviewed private perception, prepared benefit, support, cleansing, object or casting-only illustration. No wound restoration, chosen voice/material, future impact or successful outcome is inferred; audio remains customizable.","","","",""
"Tiny Wings","T8Ymeig4Fv2HrzjF","quiet","No unambiguous audible effect in description; quiet by default.","","","",""
"Tireless Worker","gzvRDpM6EvcfYHeu","healing","Restoration or cleansing uses a gentle restorative cue.","ggg-sfx.magic.divine.healing.01.01 | ggg-sfx.magic.divine.healing.01.02 | ggg-sfx.magic.divine.healing.01.03 | ggg-sfx.magic.divine.healing.01.04 | ggg-sfx.magic.divine.healing.02.mass_healing.01.01 | ggg-sfx.magic.divine.healing.02.mass_healing.01.02","psfx.1st-level-spells.cure-wounds.v1.001","",""
"Tomorrow's Dawn","a0MfDnUa33oWM74s","light","Light appears with a brief shimmer.","ggg-sfx.magic.divine.light.01.01 | ggg-sfx.magic.divine.light.02.01","psfx.cantrips.dancing-lights.v1.001 | psfx.cantrips.dancing-lights.v1.002 | psfx.cantrips.dancing-lights.v1.003 | psfx.cantrips.dancing-lights.v1.004 | psfx.cantrips.dancing-lights.v1.005 | psfx.cantrips.light.v1.001","",""
"Tornadic Gale","nsWSe5ssxAPn0j8t","wind","Description and wind treatment support a wind effect cue.","ggg-sfx.magic.air.wind.gust.long.01.01 | ggg-sfx.magic.air.wind.gust.long.01.02 | ggg-sfx.magic.air.wind.gust.long.01.03 | ggg-sfx.magic.air.wind.gust.long.01.04 | ggg-sfx.magic.air.wind.gust.long.01.05","psfx.cantrips.gust.v1","",""
"Tortoise and the Hare","1NLMPmyCB2MBoCuR","time","Temporal effect uses a short time-shift cue.","ggg-sfx.magic.time.reverse.01.01 | ggg-sfx.magic.time.reverse.01.02 | ggg-sfx.magic.time.reverse.01.03 | ggg-sfx.magic.time.reverse.01.04","","",""
"Torturous Trauma","zHSp4PzoOE72DV4o","force","Description and force treatment support a force effect cue.","ggg-sfx.magic.arcane.impact.blast.01.01 | ggg-sfx.magic.arcane.impact.blast.01.02 | ggg-sfx.magic.arcane.impact.blast.01.03 | ggg-sfx.magic.arcane.impact.blast.01.04","psfx.ranged-magic.generic.beam.001","modules/soundfxlibrary/Combat/Single/Spell Impact/spell-impact-1.mp3 | modules/soundfxlibrary/Combat/Single/Spell Impact/spell-impact-2.mp3 | modules/soundfxlibrary/Combat/Single/Spell Impact/spell-impact-3.mp3 | modules/soundfxlibrary/Combat/Single/Spell Impact/spell-impact-4.mp3 | modules/soundfxlibrary/Combat/Single/Spell Impact/spell-impact-5.mp3 | modules/soundfxlibrary/Combat/Single/Spell Impact/spell-impact-6.mp3",""
"Touch of Death","Ovvflf5aFbmBxqq8","quiet","No unambiguous audible effect in description; quiet by default.","","","",""
"Touch of Obedience","MmQiEc7aM9PDLO2J","quiet","Reviewed private perception, prepared benefit, support, cleansing, object or casting-only illustration. No wound restoration, chosen voice/material, future impact or successful outcome is inferred; audio remains customizable.","","","",""
"Touch of the Moon","oXCwHBeDja4e0Mx0","light","Light appears with a brief shimmer.","ggg-sfx.magic.divine.light.01.01 | ggg-sfx.magic.divine.light.02.01","psfx.cantrips.dancing-lights.v1.001 | psfx.cantrips.dancing-lights.v1.002 | psfx.cantrips.dancing-lights.v1.003 | psfx.cantrips.dancing-lights.v1.004 | psfx.cantrips.dancing-lights.v1.005 | psfx.cantrips.light.v1.001","",""
"Touch of the Void","jFmWSIpJGGebim6y","healing","Description restores health; gentle restorative cue.","ggg-sfx.magic.divine.healing.01.01 | ggg-sfx.magic.divine.healing.01.02 | ggg-sfx.magic.divine.healing.01.03 | ggg-sfx.magic.divine.healing.01.04 | ggg-sfx.magic.divine.healing.02.mass_healing.01.01 | ggg-sfx.magic.divine.healing.02.mass_healing.01.02","psfx.1st-level-spells.cure-wounds.v1.001","",""
"Touch of Undeath","GYI4xloAgkm6tTrT","void","Description and void treatment support a void effect cue.","ggg-sfx.magic.occult.pulse.01.abyss","psfx.impacts.magicaleffects.necrotic","",""
"Toxic Cloud","MlpbeZ61Euhl0d60","poison","Description and poison treatment support a poison effect cue.","ggg-sfx.magic.acid.cast.general.01.01 | ggg-sfx.magic.acid.cast.general.01.02 | ggg-sfx.magic.acid.cast.general.02.01 | ggg-sfx.magic.acid.cast.general.03.01 | ggg-sfx.magic.acid.cast.general.03.02 | ggg-sfx.magic.acid.impact.01.01","psfx.cantrips.poison-spray.v1","",""
"Tracing Bond","Cg1Nn4DYOxtf9hYZ","quiet","No unambiguous audible effect in description; quiet by default.","","","",""
"Tracking Mayflies","HnykPqaCEPk3d2n3","quiet","No unambiguous audible effect in description; quiet by default.","","","",""
"Trade Death for Life","4U2ZV1v38D0y2CRl","healing","Description restores health; gentle restorative cue.","ggg-sfx.magic.divine.healing.01.01 | ggg-sfx.magic.divine.healing.01.02 | ggg-sfx.magic.divine.healing.01.03 | ggg-sfx.magic.divine.healing.01.04 | ggg-sfx.magic.divine.healing.02.mass_healing.01.01 | ggg-sfx.magic.divine.healing.02.mass_healing.01.02","psfx.1st-level-spells.cure-wounds.v1.001","",""
"Trade Items","rSpGzCyYrTMiWQoG","summon","Summoning arrival; creature species remains player choice.","ggg-sfx.magic.primal.cast.general.03.01","psfx.magic-signs.circle.v1.conjuration.intro | psfx.magic-signs.circle.v1.conjuration.intro-fade","",""
"Transcribe Conflict","YZnLggKDHkMY4cnw","quiet","Reviewed private perception, prepared benefit, support, cleansing, object or casting-only illustration. No wound restoration, chosen voice/material, future impact or successful outcome is inferred; audio remains customizable.","","","",""
"Transcribe Moment","NxOYiKCqcuAHVRCj","quiet","No unambiguous audible effect in description; quiet by default.","","","",""
"Translate","vTQvfYu2llKQedmY","quiet","Private perception, thought, expertise or comprehension changes; no public voices, ray impacts or discovery noises are inferred.","","","",""
"Translocate","VlNcjmYyu95vOUe8","teleport","Spatial departure/arrival; short teleport cue.","ggg-sfx.magic.occult.movement.teleportation.01.01 | ggg-sfx.magic.occult.movement.teleportation.01.02 | ggg-sfx.magic.occult.movement.teleportation.01.03 | ggg-sfx.magic.occult.movement.teleportation.01.04 | ggg-sfx.magic.occult.movement.teleportation.01.05","psfx.2nd-level-spells.misty-step.v1.intro.generic","",""
"Transmigrate","8Lk9K3tRnV68MQPW","quiet","No unambiguous audible effect in description; quiet by default.","","","",""
"Transmute Rock And Mud","LzfrBDxxPTiuN7uL","quiet","No unambiguous audible effect in description; quiet by default.","","","",""
"Travel by Turtle","dk3XIx0ExDRMcN5z","water","Description and water treatment support a water effect cue.","ggg-sfx.magic.water.impact.general.01.01 | ggg-sfx.magic.water.impact.general.01.02 | ggg-sfx.magic.water.impact.general.01.03 | ggg-sfx.magic.water.impact.general.01.04 | ggg-sfx.magic.water.impact.general.01.05 | ggg-sfx.magic.water.impact.general.01.06","psfx.casting.water.001","modules/soundfxlibrary/Misc/Single/Water Splash/water-splash-1.mp3 | modules/soundfxlibrary/Misc/Single/Water Splash/water-splash-2.mp3 | modules/soundfxlibrary/Misc/Single/Water Splash/water-splash-3.mp3 | modules/soundfxlibrary/Misc/Single/Water Splash/water-splash-4.mp3",""
"Traveler's Transit","LrhTFHUtSS9ahogL","quiet","Reviewed private perception, prepared benefit, support, cleansing, object or casting-only illustration. No wound restoration, chosen voice/material, future impact or successful outcome is inferred; audio remains customizable.","","","",""
"Traveling Workshop","rzcXUF5YmJYxgxEa","quiet","No unambiguous audible effect in description; quiet by default.","","","",""
"Tree of Life and Death","GnAuGxu72vCIQH2P","healing","Restoration or cleansing uses a gentle restorative cue.","ggg-sfx.magic.divine.healing.01.01 | ggg-sfx.magic.divine.healing.01.02 | ggg-sfx.magic.divine.healing.01.03 | ggg-sfx.magic.divine.healing.01.04 | ggg-sfx.magic.divine.healing.02.mass_healing.01.01 | ggg-sfx.magic.divine.healing.02.mass_healing.01.02","psfx.1st-level-spells.cure-wounds.v1.001","",""
"Tree of Seasons","u5FAOOXuqK7fLqKW","growth","Description and plant treatment support a growth effect cue.","ggg-sfx.magic.primal.growth.01.01","psfx.1st-level-spells.entangle.vines.v1.001.intro","",""
"Tremor Signs","uMADQaASgYNsSDDM","quiet","Silent, subtle or private communication; no public sound cue.","","","",""
"Tremorsense","EAYViUegegttJF1u","quiet","No unambiguous audible effect in description; quiet by default.","","","",""
"Trickster's Feathers","2wT21v3NjLXdmE5W","shield","Protective field; short ward activation.","ggg-sfx.magic.divine.buff.ward.01.01","psfx.1st-level-spells.shield-spell.intro.v1.003","",""
"Trickster's Mirrors","cuKVbWWNzJj1GDpZ","quiet","No unambiguous audible effect in description; quiet by default.","","","",""
"Trickster's Twin","ZhLYJlOZzUB1OKoe","quiet","No unambiguous audible effect in description; quiet by default.","","","",""
"Trim the Blight","A7NXFVgENRVtYoe3","quiet","No unambiguous audible effect in description; quiet by default.","","","",""
"Triple Time","c8R2fpk88fBwJ1ie","song","Description explicitly calls for music; short musical flourish.","ggg-sfx.magic.sonic.harp.surge.01.01 | ggg-sfx.magic.sonic.harp.surge.01.02 | ggg-sfx.magic.sonic.harp.surge.01.03 | ggg-sfx.magic.sonic.harp.surge.01.04","psfx.musical-instruments.lute.01.strummed-tremolo.keyOfC.Cadd9 | psfx.musical-instruments.lute.01.strummed-tremolo.keyOfC.Cm6 | psfx.musical-instruments.lute.01.strummed.keyOfC.C6 | psfx.musical-instruments.lute.01.strummed.keyOfC.C7","",""
"True Target","AlbpWWN87yGegoAF","quiet","No unambiguous audible effect in description; quiet by default.","","","",""
"Truesight","uqlxMQQeSGWEVjki","quiet","No unambiguous audible effect in description; quiet by default.","","","",""
"Truespeech","SwUiVavHKMWG7t5K","quiet","No unambiguous audible effect in description; quiet by default.","","","",""
"Turbulent Tide","eCwsj7wGQK1uBwiH","water","Description and water treatment support a water effect cue.","ggg-sfx.magic.water.impact.general.01.01 | ggg-sfx.magic.water.impact.general.01.02 | ggg-sfx.magic.water.impact.general.01.03 | ggg-sfx.magic.water.impact.general.01.04 | ggg-sfx.magic.water.impact.general.01.05 | ggg-sfx.magic.water.impact.general.01.06","psfx.casting.water.001","modules/soundfxlibrary/Misc/Single/Water Splash/water-splash-1.mp3 | modules/soundfxlibrary/Misc/Single/Water Splash/water-splash-2.mp3 | modules/soundfxlibrary/Misc/Single/Water Splash/water-splash-3.mp3 | modules/soundfxlibrary/Misc/Single/Water Splash/water-splash-4.mp3",""
"Ulcerous Canker","DnVTBGCsai6zqMwL","poison","Description and poison treatment support a poison effect cue.","ggg-sfx.magic.acid.cast.general.01.01 | ggg-sfx.magic.acid.cast.general.01.02 | ggg-sfx.magic.acid.cast.general.02.01 | ggg-sfx.magic.acid.cast.general.03.01 | ggg-sfx.magic.acid.cast.general.03.02 | ggg-sfx.magic.acid.impact.01.01","psfx.cantrips.poison-spray.v1","",""
"Umbral Extraction","EDwakYQTS1t6XHD4","shadow","Description and shadow treatment support a shadow effect cue.","ggg-sfx.magic.occult.bolt.01.cast.01 | ggg-sfx.magic.occult.bolt.01.cast.02 | ggg-sfx.magic.occult.bolt.01.cast.03","","",""
"Umbral Graft","juzb53CW6Uzz5pFY","quiet","No unambiguous audible effect in description; quiet by default.","","","",""
"Umbral Journey","rxvS7EMJ7qmexAyA","quiet","Reviewed private perception, prepared benefit, support, cleansing, object or casting-only illustration. No wound restoration, chosen voice/material, future impact or successful outcome is inferred; audio remains customizable.","","","",""
"Umbral Mindtheft","uopaLE01meX11Mbw","shadow","Description and shadow treatment support a shadow effect cue.","ggg-sfx.magic.occult.bolt.01.cast.01 | ggg-sfx.magic.occult.bolt.01.cast.02 | ggg-sfx.magic.occult.bolt.01.cast.03","","",""
"Unbearable Cacophony","XhfsRLfQjN3ed1zI","sonic","Description and sonic treatment support a sonic effect cue.","ggg-sfx.magic.sonic.slam.01.01 | ggg-sfx.magic.sonic.slam.01.02 | ggg-sfx.magic.sonic.slam.01.03 | ggg-sfx.magic.sonic.slam.01.04 | ggg-sfx.magic.sonic.slam.01.05 | ggg-sfx.magic.sonic.slam.01.06","psfx.cantrips.thunderclap.v1","",""
"Unblinking Flame Aura","floDCUOSzT0F6r77","healing","Description restores health; gentle restorative cue.","ggg-sfx.magic.divine.healing.01.01 | ggg-sfx.magic.divine.healing.01.02 | ggg-sfx.magic.divine.healing.01.03 | ggg-sfx.magic.divine.healing.01.04 | ggg-sfx.magic.divine.healing.02.mass_healing.01.01 | ggg-sfx.magic.divine.healing.02.mass_healing.01.02","psfx.1st-level-spells.cure-wounds.v1.001","",""
"Unblinking Flame Emblem","KADeCawMG6WAzYHa","fire","Description and fire treatment support a fire effect cue.","ggg-sfx.magic.fire.ignite.01.01 | ggg-sfx.magic.fire.impact.general.01.01 | ggg-sfx.magic.fire.impact.general.01.02 | ggg-sfx.magic.fire.impact.general.02.01 | ggg-sfx.magic.fire.impact.general.02.02 | ggg-sfx.magic.fire.impact.general.02.03","psfx.cantrips.create-bonfire.v1.001 | psfx.casting.fire-side.001 | psfx.casting.fire.001","",""
"Unblinking Flame Ignition","aFd00WT266VYPqOG","fire","Description and fire treatment support a fire effect cue.","ggg-sfx.magic.fire.ignite.01.01 | ggg-sfx.magic.fire.impact.general.01.01 | ggg-sfx.magic.fire.impact.general.01.02 | ggg-sfx.magic.fire.impact.general.02.01 | ggg-sfx.magic.fire.impact.general.02.02 | ggg-sfx.magic.fire.impact.general.02.03","psfx.cantrips.create-bonfire.v1.001 | psfx.casting.fire-side.001 | psfx.casting.fire.001","",""
"Unblinking Flame Revelation","VBNevVovTCpn04vL","fire","Description and fire treatment support a fire effect cue.","ggg-sfx.magic.fire.ignite.01.01 | ggg-sfx.magic.fire.impact.general.01.01 | ggg-sfx.magic.fire.impact.general.01.02 | ggg-sfx.magic.fire.impact.general.02.01 | ggg-sfx.magic.fire.impact.general.02.02 | ggg-sfx.magic.fire.impact.general.02.03","psfx.cantrips.create-bonfire.v1.001 | psfx.casting.fire-side.001 | psfx.casting.fire.001","",""
"Unbounded Sphere","b4cst3WNzl4X7Bdr","teleport","Spatial effect uses a short departure/arrival cue.","ggg-sfx.magic.occult.movement.teleportation.01.01 | ggg-sfx.magic.occult.movement.teleportation.01.02 | ggg-sfx.magic.occult.movement.teleportation.01.03 | ggg-sfx.magic.occult.movement.teleportation.01.04 | ggg-sfx.magic.occult.movement.teleportation.01.05","psfx.2nd-level-spells.misty-step.v1.intro.generic","",""
"Unbreaking Wave Advance","ytboJsyZEbE1MLeV","water","Description and water treatment support a water effect cue.","ggg-sfx.magic.water.impact.general.01.01 | ggg-sfx.magic.water.impact.general.01.02 | ggg-sfx.magic.water.impact.general.01.03 | ggg-sfx.magic.water.impact.general.01.04 | ggg-sfx.magic.water.impact.general.01.05 | ggg-sfx.magic.water.impact.general.01.06","psfx.casting.water.001","modules/soundfxlibrary/Misc/Single/Water Splash/water-splash-1.mp3 | modules/soundfxlibrary/Misc/Single/Water Splash/water-splash-2.mp3 | modules/soundfxlibrary/Misc/Single/Water Splash/water-splash-3.mp3 | modules/soundfxlibrary/Misc/Single/Water Splash/water-splash-4.mp3",""
"Unbreaking Wave Barrier","YtJXpiu4ijkB6nP2","shield","Protective field; short ward activation.","ggg-sfx.magic.divine.buff.ward.01.01","psfx.1st-level-spells.shield-spell.intro.v1.003","",""
"Unbreaking Wave Containment","axYqY70kYu2lN20R","water","Description and water treatment support a water effect cue.","ggg-sfx.magic.water.impact.general.01.01 | ggg-sfx.magic.water.impact.general.01.02 | ggg-sfx.magic.water.impact.general.01.03 | ggg-sfx.magic.water.impact.general.01.04 | ggg-sfx.magic.water.impact.general.01.05 | ggg-sfx.magic.water.impact.general.01.06","psfx.casting.water.001","modules/soundfxlibrary/Misc/Single/Water Splash/water-splash-1.mp3 | modules/soundfxlibrary/Misc/Single/Water Splash/water-splash-2.mp3 | modules/soundfxlibrary/Misc/Single/Water Splash/water-splash-3.mp3 | modules/soundfxlibrary/Misc/Single/Water Splash/water-splash-4.mp3",""
"Unbreaking Wave Vapor","ZQk2cGBCkATO25w0","quiet","No unambiguous audible effect in description; quiet by default.","","","",""
"Unbroken Panoply","19V9aVrn8OAHsn4Q","quiet","Material appearance, cleanliness, nourishment or preservation changes; no wound healing, vomiting, fire, attack or noisy repair process is assumed.","","","",""
"Uncontrollable Dance","Jvyy6oVIQsD34MHB","quiet","Guidance, altered thought or compelled movement does not itself establish an audible manifestation; no extra voices or music are inferred.","","","",""
"Uncouple Memory","bmz35f9k1ydHOOli","quiet","No unambiguous audible effect in description; quiet by default.","","","",""
"Uncover Device","IlA0Y9wNEeW3ya2O","quiet","No unambiguous audible effect in description; quiet by default.","","","",""
"Undeath's Blessing","FedTjedva2rYk33r","healing","Description restores health; gentle restorative cue.","ggg-sfx.magic.divine.healing.01.01 | ggg-sfx.magic.divine.healing.01.02 | ggg-sfx.magic.divine.healing.01.03 | ggg-sfx.magic.divine.healing.01.04 | ggg-sfx.magic.divine.healing.02.mass_healing.01.01 | ggg-sfx.magic.divine.healing.02.mass_healing.01.02","psfx.1st-level-spells.cure-wounds.v1.001","",""
"Under Sunless Skies","7zJxrjhK1LasSjSw","quiet","No unambiguous audible effect in description; quiet by default.","","","",""
"Undermine Reality","YiIOsc8T6E2iDxgh","shadow","Description and shadow treatment support a shadow effect cue.","ggg-sfx.magic.occult.bolt.01.cast.01 | ggg-sfx.magic.occult.bolt.01.cast.02 | ggg-sfx.magic.occult.bolt.01.cast.03","","",""
"Undertaker","z39jFoNJrobyn3MQ","quiet","No unambiguous audible effect in description; quiet by default.","","","",""
"Undertow","4VsCGrIz07NrMaZA","water","Description and water treatment support a water effect cue.","ggg-sfx.magic.water.impact.general.01.01 | ggg-sfx.magic.water.impact.general.01.02 | ggg-sfx.magic.water.impact.general.01.03 | ggg-sfx.magic.water.impact.general.01.04 | ggg-sfx.magic.water.impact.general.01.05 | ggg-sfx.magic.water.impact.general.01.06","psfx.casting.water.001","modules/soundfxlibrary/Misc/Single/Water Splash/water-splash-1.mp3 | modules/soundfxlibrary/Misc/Single/Water Splash/water-splash-2.mp3 | modules/soundfxlibrary/Misc/Single/Water Splash/water-splash-3.mp3 | modules/soundfxlibrary/Misc/Single/Water Splash/water-splash-4.mp3",""
"Unexpected Transposition","OOMQ8Z6EIrGt5NJ6","quiet","Reviewed private perception, prepared benefit, support, cleansing, object or casting-only illustration. No wound restoration, chosen voice/material, future impact or successful outcome is inferred; audio remains customizable.","","","",""
"Unexpected Windfall","KR8WgdazifDBjDkW","metal","Description and metal treatment support a metal effect cue.","ggg-sfx.magic.metal.impact.anvil.01.01 | ggg-sfx.magic.metal.impact.anvil.01.02 | ggg-sfx.magic.metal.impact.anvil.01.03 | ggg-sfx.magic.metal.impact.anvil.01.04","","modules/soundfxlibrary/Combat/Single/Shield Hit/shield-hit-1.mp3 | modules/soundfxlibrary/Combat/Single/Shield Hit/shield-hit-10.mp3 | modules/soundfxlibrary/Combat/Single/Shield Hit/shield-hit-11.mp3 | modules/soundfxlibrary/Combat/Single/Shield Hit/shield-hit-12.mp3 | modules/soundfxlibrary/Combat/Single/Shield Hit/shield-hit-3.mp3 | modules/soundfxlibrary/Combat/Single/Shield Hit/shield-hit-4.mp3",""
"Unfathomable Song","FmNDwqMEjeTEGPrY","song","Description explicitly calls for music; short musical flourish.","ggg-sfx.magic.sonic.harp.surge.01.01 | ggg-sfx.magic.sonic.harp.surge.01.02 | ggg-sfx.magic.sonic.harp.surge.01.03 | ggg-sfx.magic.sonic.harp.surge.01.04","psfx.musical-instruments.lute.01.strummed-tremolo.keyOfC.Cadd9 | psfx.musical-instruments.lute.01.strummed-tremolo.keyOfC.Cm6 | psfx.musical-instruments.lute.01.strummed.keyOfC.C6 | psfx.musical-instruments.lute.01.strummed.keyOfC.C7","",""
"Unfetter Eidolon","hW9pgce6vTme61g1","quiet","Quiet support, a connection or a player-chosen object operation; no metal chain clank, selected object material, future movement or success sound is inferred.","","","",""
"Unfettered Mark","TYydobaLN4U7Ol3M","quiet","No unambiguous audible effect in description; quiet by default.","","","",""
"Unfettered Movement","aqRYNoSvxsVfqglH","quiet","No unambiguous audible effect in description; quiet by default.","","","",""
"Unfettered Pack","bVtkBJvGLP69qVGI","quiet","No unambiguous audible effect in description; quiet by default.","","","",""
"Unfolding Wind Blitz","Ww4cPZ3QHTSpaM1m","quiet","No unambiguous audible effect in description; quiet by default.","","","",""
"Unfolding Wind Buffet","ALuvl9GYawnsZZCx","quiet","No unambiguous audible effect in description; quiet by default.","","","",""
"Unfolding Wind Crash","XjNROFtWnwovhCsq","wind","Description and wind treatment support a wind effect cue.","ggg-sfx.magic.air.wind.gust.long.01.01 | ggg-sfx.magic.air.wind.gust.long.01.02 | ggg-sfx.magic.air.wind.gust.long.01.03 | ggg-sfx.magic.air.wind.gust.long.01.04 | ggg-sfx.magic.air.wind.gust.long.01.05","psfx.cantrips.gust.v1","",""
"Unfolding Wind Rush","tvO6Kmc2pQve9DC5","wind","Description and wind treatment support a wind effect cue.","ggg-sfx.magic.air.wind.gust.long.01.01 | ggg-sfx.magic.air.wind.gust.long.01.02 | ggg-sfx.magic.air.wind.gust.long.01.03 | ggg-sfx.magic.air.wind.gust.long.01.04 | ggg-sfx.magic.air.wind.gust.long.01.05","psfx.cantrips.gust.v1","",""
"Unholy Army","HEuvZAjD1q0J8Y5i","quiet","No unambiguous audible effect in description; quiet by default.","","","",""
"Unimpeded Stride","gwOYh5zMVZB0HNcT","quiet","Guidance, altered thought or compelled movement does not itself establish an audible manifestation; no extra voices or music are inferred.","","","",""
"Unity","tYLBjOTvBVn9JtRb","quiet","No unambiguous audible effect in description; quiet by default.","","","",""
"Unravel Existence","89kInqMRs63Cx8E3","force","Description and force treatment support a force effect cue.","ggg-sfx.magic.arcane.impact.blast.01.01 | ggg-sfx.magic.arcane.impact.blast.01.02 | ggg-sfx.magic.arcane.impact.blast.01.03 | ggg-sfx.magic.arcane.impact.blast.01.04","psfx.ranged-magic.generic.beam.001","modules/soundfxlibrary/Combat/Single/Spell Impact/spell-impact-1.mp3 | modules/soundfxlibrary/Combat/Single/Spell Impact/spell-impact-2.mp3 | modules/soundfxlibrary/Combat/Single/Spell Impact/spell-impact-3.mp3 | modules/soundfxlibrary/Combat/Single/Spell Impact/spell-impact-4.mp3 | modules/soundfxlibrary/Combat/Single/Spell Impact/spell-impact-5.mp3 | modules/soundfxlibrary/Combat/Single/Spell Impact/spell-impact-6.mp3",""
"Unravel Knowledge","EFLXGyIz2HZVSmll","quiet","No unambiguous audible effect in description; quiet by default.","","","",""
"Unraveling Blast","PaHxcqXihXkkXPsB","psychic","Psychic attack uses a short mental pulse, without spoken voices.","","psfx.cantrips.mind-sliver.v1","",""
"Unrelenting Gravity","gC3oEJ4WByq1LRO8","quiet","No unambiguous audible effect in description; quiet by default.","","","",""
"Unrelenting Observation","y2cQYLr5mljDSu1G","quiet","No unambiguous audible effect in description; quiet by default.","","","",""
"Unsealing of Secrets","M7leucozfgQXW0eV","quiet","No unambiguous audible effect in description; quiet by default.","","","",""
"Unseasonable Squall","TT9owkeMBXJxcERB","wind","Description and wind treatment support a wind effect cue.","ggg-sfx.magic.air.wind.gust.long.01.01 | ggg-sfx.magic.air.wind.gust.long.01.02 | ggg-sfx.magic.air.wind.gust.long.01.03 | ggg-sfx.magic.air.wind.gust.long.01.04 | ggg-sfx.magic.air.wind.gust.long.01.05","psfx.cantrips.gust.v1","",""
"Unseen Heralds","bK7EZFCxZgDcko6D","quiet","No unambiguous audible effect in description; quiet by default.","","","",""
"Unsettling Knowledge","iAmHJbFN3lOoOkNG","quiet","No unambiguous audible effect in description; quiet by default.","","","",""
"Unsettling Perspective","5H4jsbHODdkGhJI7","psychic","Psychic attack uses a short mental pulse, without spoken voices.","","psfx.cantrips.mind-sliver.v1","",""
"Unspeakable Shadow","hq57j7Nif1zuQ2Ab","quiet","No unambiguous audible effect in description; quiet by default.","","","",""
"Untamed Form","8RWfKConLYFZpQ9X","transform","Brief transformation cue; no assumed animal voice.","ggg-sfx.magic.primal.cast.general.03.01","","",""
"Untamed Shift","0xR9vrt6uDFl0Umo","transform","Brief transformation cue; no assumed animal voice.","ggg-sfx.magic.primal.cast.general.03.01","","",""
"Untwisting Iron Augmentation","8eOMAIvT7S1CJSit","earth","Description and earth treatment support a earth effect cue.","ggg-sfx.magic.earth.impact.general.01.muffled.01 | ggg-sfx.magic.earth.impact.general.01.muffled.02 | ggg-sfx.magic.earth.impact.general.01.muffled.03 | ggg-sfx.magic.earth.impact.general.01.normal.01 | ggg-sfx.magic.earth.impact.general.01.normal.02 | ggg-sfx.magic.earth.impact.general.01.normal.03","psfx.casting.earth.001","",""
"Untwisting Iron Buffer","FPnkOYyWIaOzkmqn","shield","Protective field; short ward activation.","ggg-sfx.magic.divine.buff.ward.01.01","psfx.1st-level-spells.shield-spell.intro.v1.003","",""
"Untwisting Iron Pillar","9DtuMEyHhtHFRp5a","shield","Protective field; short ward activation.","ggg-sfx.magic.divine.buff.ward.01.01","psfx.1st-level-spells.shield-spell.intro.v1.003","",""
"Untwisting Iron Roots","9o5aG5025ZczjkPb","vines","Growing roots or vines; organic growth cue.","ggg-sfx.magic.primal.burst.bramble.01.01 | ggg-sfx.magic.primal.growth.02.01","psfx.1st-level-spells.entangle.vines.v1.001.intro","",""
"Unusual Anatomy","ddKBoCjmSyPSHcws","transform","Brief transformation cue; no assumed animal voice.","ggg-sfx.magic.primal.cast.general.03.01","","",""
"Updraft","QozxgBbcmktLKdBs","wind","Description and wind treatment support a wind effect cue.","ggg-sfx.magic.air.wind.gust.long.01.01 | ggg-sfx.magic.air.wind.gust.long.01.02 | ggg-sfx.magic.air.wind.gust.long.01.03 | ggg-sfx.magic.air.wind.gust.long.01.04 | ggg-sfx.magic.air.wind.gust.long.01.05","psfx.cantrips.gust.v1","",""
"Upheaval","xxhS66k68u5iIOHC","earth","Description and earth treatment support a earth effect cue.","ggg-sfx.magic.earth.impact.general.01.muffled.01 | ggg-sfx.magic.earth.impact.general.01.muffled.02 | ggg-sfx.magic.earth.impact.general.01.muffled.03 | ggg-sfx.magic.earth.impact.general.01.normal.01 | ggg-sfx.magic.earth.impact.general.01.normal.02 | ggg-sfx.magic.earth.impact.general.01.normal.03","psfx.casting.earth.001","",""
"Uplifting Overture","f0Z5mqGA6Yu79B8x","quiet","Reviewed private perception, prepared benefit, support, cleansing, object or casting-only illustration. No wound restoration, chosen voice/material, future impact or successful outcome is inferred; audio remains customizable.","","","",""
"Utter Destruction","XGB77j7m0SLky8U1","sonic","Description and sonic treatment support a sonic effect cue.","ggg-sfx.magic.sonic.slam.01.01 | ggg-sfx.magic.sonic.slam.01.02 | ggg-sfx.magic.sonic.slam.01.03 | ggg-sfx.magic.sonic.slam.01.04 | ggg-sfx.magic.sonic.slam.01.05 | ggg-sfx.magic.sonic.slam.01.06","psfx.cantrips.thunderclap.v1","",""
"Vacuum","kk7JKox6MdGAWmCH","quiet","No unambiguous audible effect in description; quiet by default.","","","",""
"Valiant Anthem","nRsBM1zkhMmV3VST","quiet","No unambiguous audible effect in description; quiet by default.","","","",""
"Vampiric Exsanguination","fd31tAHSSGXyOxW6","drain","Life or energy is drawn away; siphon cue.","ggg-sfx.magic.occult.siphon.01.01","psfx.ranged-magic.generic.energy-strands.001.15ft","",""
"Vampiric Feast","N1Z1oLPdBxaSgrEE","drain","Life or energy is drawn away; siphon cue.","ggg-sfx.magic.occult.siphon.01.01","psfx.ranged-magic.generic.energy-strands.001.15ft","",""
"Vampiric Maiden","07xYlmGX32XtHGEt","drain","Life or energy is drawn away; siphon cue.","ggg-sfx.magic.occult.siphon.01.01","psfx.ranged-magic.generic.energy-strands.001.15ft","",""
"Vampiric Revelry","sbhjhvWaqyXJKvpH","drain","Life or energy is drawn away; siphon cue.","ggg-sfx.magic.occult.siphon.01.01","psfx.ranged-magic.generic.energy-strands.001.15ft","",""
"Vanish Weapon","tvUfRH7q4NSvTFTx","quiet","No unambiguous audible effect in description; quiet by default.","","","",""
"Vanishing Tracks","zlnXpME1T2uvn8Lr","quiet","No unambiguous audible effect in description; quiet by default.","","","",""
"Vapor Form","V8wXOsoejQhe6CyG","quiet","No unambiguous audible effect in description; quiet by default.","","","",""
"Variable Gravity","DcmWrD0V5PWQQyDm","quiet","No unambiguous audible effect in description; quiet by default.","","","",""
"Vector Screen","a0AMgATvQGwDR5dR","quiet","No unambiguous audible effect in description; quiet by default.","","","",""
"Veil of Broken Reality","VbP3EPkHDvDKX3eM","time","Temporal effect uses a short time-shift cue.","ggg-sfx.magic.time.reverse.01.01 | ggg-sfx.magic.time.reverse.01.02 | ggg-sfx.magic.time.reverse.01.03 | ggg-sfx.magic.time.reverse.01.04","","",""
"Veil of Confidence","Q25JQAgnJSGgFDKZ","quiet","No unambiguous audible effect in description; quiet by default.","","","",""
"Veil of Dreams","NNoKWiWKqJkdD2ln","quiet","Reviewed private perception, prepared benefit, support, cleansing, object or casting-only illustration. No wound restoration, chosen voice/material, future impact or successful outcome is inferred; audio remains customizable.","","","",""
"Veil of Privacy","EoKBlgf6Smt8opaU","shield","Protective field; short ward activation.","ggg-sfx.magic.divine.buff.ward.01.01","psfx.1st-level-spells.shield-spell.intro.v1.003","",""
"Veil of Spirits","lQbfgAu9uVJQC7x4","quiet","No unambiguous audible effect in description; quiet by default.","","","",""
"Vengeful Glare","8uVMoiYDzhzWJEZ2","quiet","No unambiguous audible effect in description; quiet by default.","","","",""
"Ventriloquism","yV7Ouzaoe7DHLESI","quiet","Player chooses the sound or silence; choose an audio file in Customize.","","","",""
"Verdant Sprout","EDABphKEPUBiMmQC","growth","Plant growth or wood formation.","ggg-sfx.magic.primal.growth.01.01","psfx.1st-level-spells.entangle.vines.v1.001.intro","",""
"Verminous Lure","Juk3cD5385Ftybct","quiet","Olfactory change only; scent removal or attraction does not create an audible mist, animal swarm or attack.","","","",""
"Vibrant Pattern","RQjSQVZRG497cJhX","quiet","Silent, subtle or private communication; no public sound cue.","","","",""
"Vibrant Thorns","nnSipUPNd3sm5vYL","vines","Growing roots or vines; organic growth cue.","ggg-sfx.magic.primal.burst.bramble.01.01 | ggg-sfx.magic.primal.growth.02.01","psfx.1st-level-spells.entangle.vines.v1.001.intro","",""
"Vibrant Vibrato","tPtTKe0X1dDwoDmQ","sonic","Description and sonic treatment support a sonic effect cue.","ggg-sfx.magic.sonic.slam.01.01 | ggg-sfx.magic.sonic.slam.01.02 | ggg-sfx.magic.sonic.slam.01.03 | ggg-sfx.magic.sonic.slam.01.04 | ggg-sfx.magic.sonic.slam.01.05 | ggg-sfx.magic.sonic.slam.01.06","psfx.cantrips.thunderclap.v1","",""
"Vicious Howl","z9pIChNg9PmPmn31","quiet","Reviewed private perception, prepared benefit, support, cleansing, object or casting-only illustration. No wound restoration, chosen voice/material, future impact or successful outcome is inferred; audio remains customizable.","","","",""
"Vicious Jealousy","h6VoHgPC0JCTVzgP","quiet","Reviewed private perception, prepared benefit, support, cleansing, object or casting-only illustration. No wound restoration, chosen voice/material, future impact or successful outcome is inferred; audio remains customizable.","","","",""
"Victory Cry","t4hGPdh6vAEgBFgZ","sonic","Description and sonic treatment support a sonic effect cue.","ggg-sfx.magic.sonic.slam.01.01 | ggg-sfx.magic.sonic.slam.01.02 | ggg-sfx.magic.sonic.slam.01.03 | ggg-sfx.magic.sonic.slam.01.04 | ggg-sfx.magic.sonic.slam.01.05 | ggg-sfx.magic.sonic.slam.01.06","psfx.cantrips.thunderclap.v1","",""
"Vindicator's Judgment","VMABZdZyplCKTAAP","quiet","No unambiguous audible effect in description; quiet by default.","","","",""
"Vindicator's Mark","LegaamqrflbArbWN","quiet","No unambiguous audible effect in description; quiet by default.","","","",""
"Vision of Beauty","jqb52wy7A0Eqwuzx","quiet","No unambiguous audible effect in description; quiet by default.","","","",""
"Vision of Death","Jmxru8zMdYMRuO5n","quiet","Private perception, belief, a spoken secret or a prepared contingency; symbolic public artwork does not establish an audible fear or damage event.","","","",""
"Vision of Weakness","NhNKzq1DvFxkvTEc","quiet","Private perception, thought, expertise or comprehension changes; no public voices, ray impacts or discovery noises are inferred.","","","",""
"Visions of Danger","jBGAYmR0BkkbpJvG","swarm","Description explicitly evokes buzzing insects.","ggg-sfx.magic.primal.bugs.poisonous_swarm.01.01 | ggg-sfx.magic.primal.bugs.poisonous_swarm.01.02 | ggg-sfx.magic.primal.bugs.poisonous_swarm.01.03","","",""
"Vital Beacon","ikSb3LRGnrwXJBVX","quiet","Reviewed private perception, prepared benefit, support, cleansing, object or casting-only illustration. No wound restoration, chosen voice/material, future impact or successful outcome is inferred; audio remains customizable.","","","",""
"Vital Luminance","8XuNn0h0rHE24m3B","quiet","No unambiguous audible effect in description; quiet by default.","","","",""
"Vital Seed","72gc0YsjBTZrK4Ki","holy","Description and vitality treatment support a holy effect cue.","ggg-sfx.magic.divine.light.01.01 | ggg-sfx.magic.divine.light.02.01","psfx.cantrips.sacred-flame.v1.001.caster","",""
"Vital Singularity","KkimKrhDxEJVm6TH","healing","Description and healing treatment support a healing effect cue.","ggg-sfx.magic.divine.healing.01.01 | ggg-sfx.magic.divine.healing.01.02 | ggg-sfx.magic.divine.healing.01.03 | ggg-sfx.magic.divine.healing.01.04 | ggg-sfx.magic.divine.healing.02.mass_healing.01.01 | ggg-sfx.magic.divine.healing.02.mass_healing.01.02","psfx.1st-level-spells.cure-wounds.v1.001","",""
"Vitality Lash","kcelf6IHl3L9VXXg","holy","Description and vitality treatment support a holy effect cue.","ggg-sfx.magic.divine.light.01.01 | ggg-sfx.magic.divine.light.02.01","psfx.cantrips.sacred-flame.v1.001.caster","",""
"Vitrifying Blast","g2V4ID0pl1ZGAxZj","metal","Description and metal treatment support a metal effect cue.","ggg-sfx.magic.metal.impact.anvil.01.01 | ggg-sfx.magic.metal.impact.anvil.01.02 | ggg-sfx.magic.metal.impact.anvil.01.03 | ggg-sfx.magic.metal.impact.anvil.01.04","","modules/soundfxlibrary/Combat/Single/Shield Hit/shield-hit-1.mp3 | modules/soundfxlibrary/Combat/Single/Shield Hit/shield-hit-10.mp3 | modules/soundfxlibrary/Combat/Single/Shield Hit/shield-hit-11.mp3 | modules/soundfxlibrary/Combat/Single/Shield Hit/shield-hit-12.mp3 | modules/soundfxlibrary/Combat/Single/Shield Hit/shield-hit-3.mp3 | modules/soundfxlibrary/Combat/Single/Shield Hit/shield-hit-4.mp3",""
"Voice on the Breeze","d18m4AAaxJQqUEh2","wind","Description and wind treatment support a wind effect cue.","ggg-sfx.magic.air.wind.gust.long.01.01 | ggg-sfx.magic.air.wind.gust.long.01.02 | ggg-sfx.magic.air.wind.gust.long.01.03 | ggg-sfx.magic.air.wind.gust.long.01.04 | ggg-sfx.magic.air.wind.gust.long.01.05","psfx.cantrips.gust.v1","",""
"Void Harvest","NjK0kWRC6FYsPwXC","quiet","No unambiguous audible effect in description; quiet by default.","","","",""
"Void Warp","mAMEt4FFbdqoRnkN","void","Description and void treatment support a void effect cue.","ggg-sfx.magic.occult.pulse.01.abyss","psfx.impacts.magicaleffects.necrotic","",""
"Volcanic Eruption","O7ZEqWjwdKyo2CUv","fire","Description and fire treatment support a fire effect cue.","ggg-sfx.magic.fire.ignite.01.01 | ggg-sfx.magic.fire.impact.general.01.01 | ggg-sfx.magic.fire.impact.general.01.02 | ggg-sfx.magic.fire.impact.general.02.01 | ggg-sfx.magic.fire.impact.general.02.02 | ggg-sfx.magic.fire.impact.general.02.03","psfx.cantrips.create-bonfire.v1.001 | psfx.casting.fire-side.001 | psfx.casting.fire.001","",""
"Vomit Swarm","cB17yFc9456Pyfec","swarm","Description explicitly evokes buzzing insects.","ggg-sfx.magic.primal.bugs.poisonous_swarm.01.01 | ggg-sfx.magic.primal.bugs.poisonous_swarm.01.02 | ggg-sfx.magic.primal.bugs.poisonous_swarm.01.03","","",""
"Voracious Gestalt","drmvQJETA3WZzXyw","void","Description and void treatment support a void effect cue.","ggg-sfx.magic.occult.pulse.01.abyss","psfx.impacts.magicaleffects.necrotic","",""
"Wails of the Damned","FEsuyf203wTNE2et","void","Description and void treatment support a void effect cue.","ggg-sfx.magic.occult.pulse.01.abyss","psfx.impacts.magicaleffects.necrotic","",""
"Waking Dream","OmhnoYOzFhrp6rXv","quiet","No unambiguous audible effect in description; quiet by default.","","","",""
"Waking Nightmare","DU5daB09xwfE1y38","quiet","Private perception, belief, a spoken secret or a prepared contingency; symbolic public artwork does not establish an audible fear or damage event.","","","",""
"Wall of Fire","IarZrgCeaiUqOuRu","fireWall","Rising flame, rather than a travelling fireball.","ggg-sfx.magic.fire.structure.pillar.01.01","psfx.cantrips.create-bonfire.v1.001","",""
"Wall of Flesh","ZLLY6ThJXCCrO0rL","healing","Description restores health; gentle restorative cue.","ggg-sfx.magic.divine.healing.01.01 | ggg-sfx.magic.divine.healing.01.02 | ggg-sfx.magic.divine.healing.01.03 | ggg-sfx.magic.divine.healing.01.04 | ggg-sfx.magic.divine.healing.02.mass_healing.01.01 | ggg-sfx.magic.divine.healing.02.mass_healing.01.02","psfx.1st-level-spells.cure-wounds.v1.001","",""
"Wall of Force","7Iela4GgVeO3LfAo","force","Description and force treatment support a force effect cue.","ggg-sfx.magic.arcane.impact.blast.01.01 | ggg-sfx.magic.arcane.impact.blast.01.02 | ggg-sfx.magic.arcane.impact.blast.01.03 | ggg-sfx.magic.arcane.impact.blast.01.04","psfx.ranged-magic.generic.beam.001","modules/soundfxlibrary/Combat/Single/Spell Impact/spell-impact-1.mp3 | modules/soundfxlibrary/Combat/Single/Spell Impact/spell-impact-2.mp3 | modules/soundfxlibrary/Combat/Single/Spell Impact/spell-impact-3.mp3 | modules/soundfxlibrary/Combat/Single/Spell Impact/spell-impact-4.mp3 | modules/soundfxlibrary/Combat/Single/Spell Impact/spell-impact-5.mp3 | modules/soundfxlibrary/Combat/Single/Spell Impact/spell-impact-6.mp3",""
"Wall of Ice","R5FHRv7VqyRnxg2t","iceWall","Ice structure forms and cracks.","ggg-sfx.magic.ice.structure.wall.01.01 | ggg-sfx.magic.ice.structure.wall.01.02 | ggg-sfx.magic.ice.structure.wall.02.01 | ggg-sfx.magic.ice.structure.wall.02.02 | ggg-sfx.magic.ice.structure.wall.02.03","psfx.impacts.magicaleffects.cold","",""
"Wall of Metal","CB5TlGv5ZghtMifi","quiet","An unbroken metal wall is conjured in empty space. No metal collision or later breakage is inferred at formation.","","","",""
"Wall Of Mirrors","eONVFSbBiqaDLGey","quiet","No unambiguous audible effect in description; quiet by default.","","","",""
"Wall of Radiance","HWrNMQENi9WSGbnF","light","Light appears with a brief shimmer.","ggg-sfx.magic.divine.light.01.01 | ggg-sfx.magic.divine.light.02.01","psfx.cantrips.dancing-lights.v1.001 | psfx.cantrips.dancing-lights.v1.002 | psfx.cantrips.dancing-lights.v1.003 | psfx.cantrips.dancing-lights.v1.004 | psfx.cantrips.dancing-lights.v1.005 | psfx.cantrips.light.v1.001","",""
"Wall of Shadow","DeF63UTmr7rchF60","quiet","No unambiguous audible effect in description; quiet by default.","","","",""
"Wall of Shrubs","MMIPT6jfwHfLPkm5","quiet","No unambiguous audible effect in description; quiet by default.","","","",""
"Wall of Stone","kOa055FIrO9Smnya","stoneWall","Stone structure rises into place.","ggg-sfx.magic.earth.structure.wall.01.01 | ggg-sfx.magic.earth.structure.wall.02.01 | ggg-sfx.magic.earth.structure.wall.02.02","psfx.casting.earth.001","",""
"Wall of Thorns","KsWhliKfUs3IpW3c","thornWall","Growing roots or vines; organic growth cue.","ggg-sfx.magic.primal.structure.wall.thorns.01.01","psfx.1st-level-spells.entangle.vines.v1.001.intro","",""
"Wall of Virtue","ZJOQBqkNErZu1QAa","quiet","No unambiguous audible effect in description; quiet by default.","","","",""
"Wall of Water","LNOwaJAkCfsgTKgV","quiet","No unambiguous audible effect in description; quiet by default.","","","",""
"Wall of Wind","it4ZsAi6XgvGcodc","wind","Description and wind treatment support a wind effect cue.","ggg-sfx.magic.air.wind.gust.long.01.01 | ggg-sfx.magic.air.wind.gust.long.01.02 | ggg-sfx.magic.air.wind.gust.long.01.03 | ggg-sfx.magic.air.wind.gust.long.01.04 | ggg-sfx.magic.air.wind.gust.long.01.05","psfx.cantrips.gust.v1","",""
"Wanderer's Guide","ppA1StEigPLKEQqR","quiet","Reviewed private perception, prepared benefit, support, cleansing, object or casting-only illustration. No wound restoration, chosen voice/material, future impact or successful outcome is inferred; audio remains customizable.","","","",""
"Ward Domain","Er9XNUlL0wB0PM36","shield","Protective field; short ward activation.","ggg-sfx.magic.divine.buff.ward.01.01","psfx.1st-level-spells.shield-spell.intro.v1.003","",""
"Warding Aggression","CIjj9CU5ekeq1oLT","quiet","Reviewed private perception, prepared benefit, support, cleansing, object or casting-only illustration. No wound restoration, chosen voice/material, future impact or successful outcome is inferred; audio remains customizable.","","","",""
"Warning Stripes","D4kArD91fFiREvC6","transform","Brief transformation cue; no assumed animal voice.","ggg-sfx.magic.primal.cast.general.03.01","","",""
"Warp Mind","8kJbiBEjMWG4VUjs","quiet","No unambiguous audible effect in description; quiet by default.","","","",""
"Warp Step","sX2g6WFSQPNW9jzx","summon","Summoning arrival; creature species remains player choice.","ggg-sfx.magic.primal.cast.general.03.01","psfx.magic-signs.circle.v1.conjuration.intro | psfx.magic-signs.circle.v1.conjuration.intro-fade","",""
"Warped Terrain","fXdADBwxmBsU9xPk","quiet","No unambiguous audible effect in description; quiet by default.","","","",""
"Warping Pull","UtINSoEJ0u630ia4","summon","Summoning arrival; creature species remains player choice.","ggg-sfx.magic.primal.cast.general.03.01","psfx.magic-signs.circle.v1.conjuration.intro | psfx.magic-signs.circle.v1.conjuration.intro-fade","",""
"Warrior's Regret","kIwA7kwp5E0AC3yM","quiet","No unambiguous audible effect in description; quiet by default.","","","",""
"Warshard Shot","3SzuMGusGKg8nw5A","quiet","No unambiguous audible effect in description; quiet by default.","","","",""
"Wash Your Luck","lmHmKGs1N3yNAvln","quiet","No unambiguous audible effect in description; quiet by default.","","","",""
"Watchdog","mAmevDmIy5wxxyfm","quiet","A small mark or watch condition is set now; later timer flashes, alarms and ending teleport are not played during casting.","","","",""
"Water Breathing","MZGkMsPBztFN0pUO","quiet","No unambiguous audible effect in description; quiet by default.","","","",""
"Water Walk","Seaah9amXg70RKw2","water","Description and water treatment support a water effect cue.","ggg-sfx.magic.water.impact.general.01.01 | ggg-sfx.magic.water.impact.general.01.02 | ggg-sfx.magic.water.impact.general.01.03 | ggg-sfx.magic.water.impact.general.01.04 | ggg-sfx.magic.water.impact.general.01.05 | ggg-sfx.magic.water.impact.general.01.06","psfx.casting.water.001","modules/soundfxlibrary/Misc/Single/Water Splash/water-splash-1.mp3 | modules/soundfxlibrary/Misc/Single/Water Splash/water-splash-2.mp3 | modules/soundfxlibrary/Misc/Single/Water Splash/water-splash-3.mp3 | modules/soundfxlibrary/Misc/Single/Water Splash/water-splash-4.mp3",""
"Waterproof","RS1nrqEjEi1ZlC53","water","Description and water treatment support a water effect cue.","ggg-sfx.magic.water.impact.general.01.01 | ggg-sfx.magic.water.impact.general.01.02 | ggg-sfx.magic.water.impact.general.01.03 | ggg-sfx.magic.water.impact.general.01.04 | ggg-sfx.magic.water.impact.general.01.05 | ggg-sfx.magic.water.impact.general.01.06","psfx.casting.water.001","modules/soundfxlibrary/Misc/Single/Water Splash/water-splash-1.mp3 | modules/soundfxlibrary/Misc/Single/Water Splash/water-splash-2.mp3 | modules/soundfxlibrary/Misc/Single/Water Splash/water-splash-3.mp3 | modules/soundfxlibrary/Misc/Single/Water Splash/water-splash-4.mp3",""
"Waters of Prediction","zaZieDHguhahmM2z","quiet","No unambiguous audible effect in description; quiet by default.","","","",""
"Wave of Despair","GaRQlC9Yw1BGKHfN","quiet","No unambiguous audible effect in description; quiet by default.","","","",""
"Weaken Earth","eyKkLp8V55ydA64J","earth","Description and earth treatment support a earth effect cue.","ggg-sfx.magic.earth.impact.general.01.muffled.01 | ggg-sfx.magic.earth.impact.general.01.muffled.02 | ggg-sfx.magic.earth.impact.general.01.muffled.03 | ggg-sfx.magic.earth.impact.general.01.normal.01 | ggg-sfx.magic.earth.impact.general.01.normal.02 | ggg-sfx.magic.earth.impact.general.01.normal.03","psfx.casting.earth.001","",""
"Weapon of Judgment","ZqmP9gijBmK7y8Xy","quiet","No unambiguous audible effect in description; quiet by default.","","","",""
"Weapon Storm","8M03UxGXjYyDFAoy","quiet","No unambiguous audible effect in description; quiet by default.","","","",""
"Weapon Surge","W37iBXLsY2trJ1rS","quiet","No unambiguous audible effect in description; quiet by default.","","","",""
"Weapon Tide","IV76q50T2pZemxAl","quiet","No unambiguous audible effect in description; quiet by default.","","","",""
"Weapon Trance","RpGB961b8FjXbGHi","quiet","No unambiguous audible effect in description; quiet by default.","","","",""
"Weaponize Secret","TRpUjBNPQz3Eshaq","quiet","No unambiguous audible effect in description; quiet by default.","","","",""
"Weave Wood","idcBYnj4DUHL0IJt","shield","Protective field; short ward activation.","ggg-sfx.magic.divine.buff.ward.01.01","psfx.1st-level-spells.shield-spell.intro.v1.003","",""
"Web","9s5tqqXNzcoKamWx","quiet","No unambiguous audible effect in description; quiet by default.","","","",""
"Web of Eyes","XQSPJHOf3TyfqvgS","quiet","No unambiguous audible effect in description; quiet by default.","","","",""
"Web of Influence","HqZ1VWIcXXZXWm3K","quiet","No unambiguous audible effect in description; quiet by default.","","","",""
"Weight of the World","72rjRm7jClesBokV","quiet","No unambiguous audible effect in description; quiet by default.","","","",""
"Weird","qDjeG6dxT4aEEC6J","quiet","No unambiguous audible effect in description; quiet by default.","","","",""
"Whirling Flames","Wi2HcreCfujKiCvW","fireCone","Reviewed native fire-spell casting event; deferred ignition, internal heat and unresolved choices do not play explosion audio.","ggg-sfx.magic.fire.surge.flames.01.01 | ggg-sfx.magic.fire.surge.flames.01.02","psfx.1st-level-spells.burning-hands.v1.001","",""
"Whirling Scarves","k9x6bXXpIgAXMDsx","quiet","Reviewed private perception, prepared benefit, support, cleansing, object or casting-only illustration. No wound restoration, chosen voice/material, future impact or successful outcome is inferred; audio remains customizable.","","","",""
"Whirlpool","0fjz8qc9NfkmWmJZ","water","Churning waves form a watery vortex; finite water surge, without assuming an injury outcome.","ggg-sfx.magic.water.impact.general.01.01 | ggg-sfx.magic.water.impact.general.01.02 | ggg-sfx.magic.water.impact.general.01.03 | ggg-sfx.magic.water.impact.general.01.04 | ggg-sfx.magic.water.impact.general.01.05 | ggg-sfx.magic.water.impact.general.01.06","psfx.casting.water.001","modules/soundfxlibrary/Misc/Single/Water Splash/water-splash-1.mp3 | modules/soundfxlibrary/Misc/Single/Water Splash/water-splash-2.mp3 | modules/soundfxlibrary/Misc/Single/Water Splash/water-splash-3.mp3 | modules/soundfxlibrary/Misc/Single/Water Splash/water-splash-4.mp3",""
"Whirlwind","8hKW4mWQyLnkHVta","wind","A cyclone or tornado forms; finite wind cue follows formation.","ggg-sfx.magic.air.wind.gust.long.01.01 | ggg-sfx.magic.air.wind.gust.long.01.02 | ggg-sfx.magic.air.wind.gust.long.01.03 | ggg-sfx.magic.air.wind.gust.long.01.04 | ggg-sfx.magic.air.wind.gust.long.01.05","psfx.cantrips.gust.v1","",""
"Whispering Quiet","1RxPW9I70Nd7wokz","quiet","No unambiguous audible effect in description; quiet by default.","","","",""
"Whispers of a Dead Goddess","VehkHHGxQH1jGolN","quiet","No unambiguous audible effect in description; quiet by default.","","","",""
"Whispers of the Void","FwW2asotQE8dH1WP","quiet","No unambiguous audible effect in description; quiet by default.","","","",""
"Widow’s Bite","6JDq5d8w11ZuH4Ta","poison","Description and poison treatment support a poison effect cue.","ggg-sfx.magic.acid.cast.general.01.01 | ggg-sfx.magic.acid.cast.general.01.02 | ggg-sfx.magic.acid.cast.general.02.01 | ggg-sfx.magic.acid.cast.general.03.01 | ggg-sfx.magic.acid.cast.general.03.02 | ggg-sfx.magic.acid.impact.01.01","psfx.cantrips.poison-spray.v1","",""
"Wild Allegiance","BBw5oGFvoQc3gg52","quiet","No unambiguous audible effect in description; quiet by default.","","","",""
"Wild Feast","5y3RlXMDPovOmrhp","quiet","No unambiguous audible effect in description; quiet by default.","","","",""
"Wild Winds Stance","SkarN4VlNxSJSJNw","wind","Description and wind treatment support a wind effect cue.","ggg-sfx.magic.air.wind.gust.long.01.01 | ggg-sfx.magic.air.wind.gust.long.01.02 | ggg-sfx.magic.air.wind.gust.long.01.03 | ggg-sfx.magic.air.wind.gust.long.01.04 | ggg-sfx.magic.air.wind.gust.long.01.05","psfx.cantrips.gust.v1","",""
"Wildfire","jks2h5pMsm8pCi8e","fireIgnition","Reviewed native fire-spell casting event; deferred ignition, internal heat and unresolved choices do not play explosion audio.","ggg-sfx.magic.fire.ignite.01.01","psfx.cantrips.create-bonfire.v1.001","",""
"Wilding Word","GdN5YQE47gd79k7X","quiet","Reviewed private perception, prepared benefit, support, cleansing, object or casting-only illustration. No wound restoration, chosen voice/material, future impact or successful outcome is inferred; audio remains customizable.","","","",""
"Wind Jump","kRxlkPPe6Gr7Du59","quiet","No unambiguous audible effect in description; quiet by default.","","","",""
"Wind Whispers","i06YFOtfGfpUvcD7","quiet","No unambiguous audible effect in description; quiet by default.","","","",""
"Wings of the Valkyrie","9ZwpT9RDwCxhYQXd","quiet","No unambiguous audible effect in description; quiet by default.","","","",""
"Winning Streak","EGTTGI1pkmsVPqHp","quiet","No unambiguous audible effect in description; quiet by default.","","","",""
"Winter Bolt","DeNz6eAUlE0IE9U3","cold","Description and cold treatment support a cold effect cue.","ggg-sfx.magic.ice.freeze.01.01 | ggg-sfx.magic.ice.freeze.02.01 | ggg-sfx.magic.ice.freeze.03.01 | ggg-sfx.magic.ice.freeze.03.02 | ggg-sfx.magic.ice.freeze.04.01 | ggg-sfx.magic.ice.freeze.04.02","psfx.impacts.magicaleffects.cold","",""
"Winter's Breath","oYxxcgszpT242sEi","quiet","No unambiguous audible effect in description; quiet by default.","","","",""
"Wisdom of the Winds","4cv1cuBHjYmVfBGI","wind","Description and wind treatment support a wind effect cue.","ggg-sfx.magic.air.wind.gust.long.01.01 | ggg-sfx.magic.air.wind.gust.long.01.02 | ggg-sfx.magic.air.wind.gust.long.01.03 | ggg-sfx.magic.air.wind.gust.long.01.04 | ggg-sfx.magic.air.wind.gust.long.01.05","psfx.cantrips.gust.v1","",""
"Wish","6dDtGIUerazSHIOu","quiet","No unambiguous audible effect in description; quiet by default.","","","",""
"Wish Market","cYW9M2yE16dTTnCF","quiet","No unambiguous audible effect in description; quiet by default.","","","",""
"Wish-Twisted Form","B3tbO85GBpzQ3u8l","quiet","No unambiguous audible effect in description; quiet by default.","","","",""
"With Friends like These","GF7mOra8KPTW5Ggb","quiet","Reviewed private perception, prepared benefit, support, cleansing, object or casting-only illustration. No wound restoration, chosen voice/material, future impact or successful outcome is inferred; audio remains customizable.","","","",""
"Withering Grasp","7tp97g0UCJ9wOrd5","void","Description and void treatment support a void effect cue.","ggg-sfx.magic.occult.pulse.01.abyss","psfx.impacts.magicaleffects.necrotic","",""
"Wood Walk","Up4zLmZDgciUDpIv","growth","Plant growth or wood formation.","ggg-sfx.magic.primal.growth.01.01","psfx.1st-level-spells.entangle.vines.v1.001.intro","",""
"Wooden Double","aUMmmtPmBdCdVDed","growth","Plant growth or wood formation.","ggg-sfx.magic.primal.growth.01.01","psfx.1st-level-spells.entangle.vines.v1.001.intro","",""
"Wooden Fists","IHjiWCouSacC5b3g","growth","Plant growth or wood formation.","ggg-sfx.magic.primal.growth.01.01","psfx.1st-level-spells.entangle.vines.v1.001.intro","",""
"Word of Freedom","2jB9eyX7YekwoCvA","quiet","Reviewed private perception, prepared benefit, support, cleansing, object or casting-only illustration. No wound restoration, chosen voice/material, future impact or successful outcome is inferred; audio remains customizable.","","","",""
"Word of Revision","BazbvgNmK46XjrVc","time","Temporal effect uses a short time-shift cue.","ggg-sfx.magic.time.reverse.01.01 | ggg-sfx.magic.time.reverse.01.02 | ggg-sfx.magic.time.reverse.01.03 | ggg-sfx.magic.time.reverse.01.04","","",""
"Word of Truth","aF7RiG7c8GzSQLYt","quiet","No unambiguous audible effect in description; quiet by default.","","","",""
"Wordsmith","mSM659xN2VIAHiF3","quiet","No unambiguous audible effect in description; quiet by default.","","","",""
"World in Shadow","bODHqeXoEc8GVU6a","quiet","No unambiguous audible effect in description; quiet by default.","","","",""
"Worm's Repast","H4oF5szC7aogqtvw","quiet","No unambiguous audible effect in description; quiet by default.","","","",""
"Wrathful Storm","yLJROsQtyrPIKcDx","cold","Description and cold treatment support a cold effect cue.","ggg-sfx.magic.ice.freeze.01.01 | ggg-sfx.magic.ice.freeze.02.01 | ggg-sfx.magic.ice.freeze.03.01 | ggg-sfx.magic.ice.freeze.03.02 | ggg-sfx.magic.ice.freeze.04.01 | ggg-sfx.magic.ice.freeze.04.02","psfx.impacts.magicaleffects.cold","",""
"Wronged Monk's Wrath","8TBgEzjZxPaOJOm1","electric","Description and electricity treatment support a electric effect cue.","ggg-sfx.magic.electricity.impact.general.01.01 | ggg-sfx.magic.electricity.impact.general.01.02 | ggg-sfx.magic.electricity.impact.general.01.03 | ggg-sfx.magic.electricity.zap.01.01","psfx.impacts.magicaleffects.lightning | psfx.impacts.magicaleffects.lightning | psfx.impacts.magicaleffects.lightning | psfx.impacts.magicaleffects.lightning | psfx.impacts.magicaleffects.lightning","modules/soundfxlibrary/Combat/Single/Spell Impact Lightning/spell-impact-lightning-1.mp3 | modules/soundfxlibrary/Combat/Single/Spell Impact Lightning/spell-impact-lightning-2.mp3 | modules/soundfxlibrary/Combat/Single/Spell Impact Lightning/spell-impact-lightning-3.mp3 | modules/soundfxlibrary/Combat/Single/Spell Impact Lightning/spell-impact-lightning-4.mp3",""
"Wyvern Sting","IoHxAkK0uGqrgtWl","poison","Description and poison treatment support a poison effect cue.","ggg-sfx.magic.acid.cast.general.01.01 | ggg-sfx.magic.acid.cast.general.01.02 | ggg-sfx.magic.acid.cast.general.02.01 | ggg-sfx.magic.acid.cast.general.03.01 | ggg-sfx.magic.acid.cast.general.03.02 | ggg-sfx.magic.acid.impact.01.01","psfx.cantrips.poison-spray.v1","",""
"Ymeri's Mark","6gEKZaGdH842RF3J","quiet","No unambiguous audible effect in description; quiet by default.","","","",""
"You're Mine","x2LALaHXO7644GQA","quiet","No unambiguous audible effect in description; quiet by default.","","","",""
"Zeal for Battle","I8CPe9Pp7GABqOyB","quiet","No unambiguous audible effect in description; quiet by default.","","","",""
"Zealous Conviction","GYD0XZ4t3tQq6shc","quiet","No unambiguous audible effect in description; quiet by default.","","","",""
"Zenith Star","Yrek2Yd4k3DPC2zV","light","Light appears with a brief shimmer.","ggg-sfx.magic.divine.light.01.01 | ggg-sfx.magic.divine.light.02.01","psfx.cantrips.dancing-lights.v1.001 | psfx.cantrips.dancing-lights.v1.002 | psfx.cantrips.dancing-lights.v1.003 | psfx.cantrips.dancing-lights.v1.004 | psfx.cantrips.dancing-lights.v1.005 | psfx.cantrips.light.v1.001","",""
"Zephyr Slip","FL1OxeOUDzsJYfY4","quiet","No unambiguous audible effect in description; quiet by default.","","","",""
"Zero Gravity","P1iqzEIidRagUs7W","quiet","No unambiguous audible effect in description; quiet by default.","","","",""
"Zombie Horde","ziujByCygD3MO2CK","void","Description and void treatment support a void effect cue.","ggg-sfx.magic.occult.pulse.01.abyss","psfx.impacts.magicaleffects.necrotic","",""
