Weapon,ID,Usage,Family,Damage,Range,Description hash,Rationale,Approximations
"Accursed Staff","tRmoj42jniQOdjYS","melee","quarterstaff","bludgeoning","0","fda04882b30ea125","One-handed bludgeoning contact. Physical weapon footage and restrained contact finish. Native weapon data and full description inform the design; activated powers, target-dependent riders and critical-only effects are not inferred from a Strike.",""
"Accursed Staff (Greater)","eIGcGgQDBihvJsEo","melee","quarterstaff","bludgeoning","0","8b23d24a9ab84b97","One-handed bludgeoning contact. Physical weapon footage and restrained contact finish. Native weapon data and full description inform the design; activated powers, target-dependent riders and critical-only effects are not inferred from a Strike.",""
"Accursed Staff (Major)","jHCPejseO01ki3lO","melee","quarterstaff","bludgeoning","0","c08f6e39d7605e2f","One-handed bludgeoning contact. Physical weapon footage and restrained contact finish. Native weapon data and full description inform the design; activated powers, target-dependent riders and critical-only effects are not inferred from a Strike.",""
"Acid Flask (Greater)","jC8GmH0Un6vDxdMj","thrown","flask","acid","20","f055570adb1d60fe","flask throw across 20 ft increments. acid native damage, permanent runes or always-on own-weapon damage rules supply the contact accents. liquid contents at impact, followed by a brief residue cue. Target-centered contents cue; lingering artwork is brief and does not track a condition or splash footprint. Native weapon data and full description inform the design; activated powers, target-dependent riders and critical-only effects are not inferred from a Strike.",""
"Acid Flask (Lesser)","M1k5QQc1qQLxzyCK","thrown","flask","acid","20","87f4844f1883c834","flask throw across 20 ft increments. acid native damage, permanent runes or always-on own-weapon damage rules supply the contact accents. liquid contents at impact, followed by a brief residue cue. Target-centered contents cue; lingering artwork is brief and does not track a condition or splash footprint. Native weapon data and full description inform the design; activated powers, target-dependent riders and critical-only effects are not inferred from a Strike.",""
"Acid Flask (Major)","GttLYMT2welSpwCd","thrown","flask","acid","20","98a0c06d69c1b7ab","flask throw across 20 ft increments. acid native damage, permanent runes or always-on own-weapon damage rules supply the contact accents. liquid contents at impact, followed by a brief residue cue. Target-centered contents cue; lingering artwork is brief and does not track a condition or splash footprint. Native weapon data and full description inform the design; activated powers, target-dependent riders and critical-only effects are not inferred from a Strike.",""
"Acid Flask (Moderate)","SgtqZxt26BdjUmEB","thrown","flask","acid","20","ce59e628829d4f15","flask throw across 20 ft increments. acid native damage, permanent runes or always-on own-weapon damage rules supply the contact accents. liquid contents at impact, followed by a brief residue cue. Target-centered contents cue; lingering artwork is brief and does not track a condition or splash footprint. Native weapon data and full description inform the design; activated powers, target-dependent riders and critical-only effects are not inferred from a Strike.",""
"Acrobat's Staff","17Oza88ts0ASngdw","melee","quarterstaff","bludgeoning","0","3e556a67945e2cd3","Two-handed bludgeoning contact, extended reach. Physical weapon footage and restrained contact finish. Native weapon data and full description inform the design; activated powers, target-dependent riders and critical-only effects are not inferred from a Strike.",""
"Adze","8V4mgecGASsQ7fjl","melee","greataxe","slashing","0","97ffd95feb5066ac","Two-handed slashing contact. Physical weapon footage and restrained contact finish. Native weapon data and full description inform the design; activated powers, target-dependent riders and critical-only effects are not inferred from a Strike.",""
"Aerekostes","c4PSK2Q7ikF8jgrm","melee","sword","slashing","0","fcb2b9be914b48a0","One-handed slashing contact. Physical weapon footage and restrained contact finish. Native weapon data and full description inform the design; activated powers, target-dependent riders and critical-only effects are not inferred from a Strike.",""
"Aether Marbles (Greater)","5XImTvAN58GhnNIE","thrown","bomb","force","20","1649175eacc36e42","bomb throw across 20 ft increments. force native damage, permanent runes or always-on own-weapon damage rules supply the contact accents. force contents at impact, followed by a brief residue cue. Target-centered contents cue; lingering artwork is brief and does not track a condition or splash footprint. Native weapon data and full description inform the design; activated powers, target-dependent riders and critical-only effects are not inferred from a Strike.",""
"Aether Marbles (Lesser)","JMu3VUwhQu1SLSFd","thrown","bomb","force","20","4b28b33b62bf6a80","bomb throw across 20 ft increments. force native damage, permanent runes or always-on own-weapon damage rules supply the contact accents. force contents at impact, followed by a brief residue cue. Target-centered contents cue; lingering artwork is brief and does not track a condition or splash footprint. Native weapon data and full description inform the design; activated powers, target-dependent riders and critical-only effects are not inferred from a Strike.",""
"Aether Marbles (Moderate)","67pe75mLVekaVqZH","thrown","bomb","force","20","398743c2bfb05ee3","bomb throw across 20 ft increments. force native damage, permanent runes or always-on own-weapon damage rules supply the contact accents. force contents at impact, followed by a brief residue cue. Target-centered contents cue; lingering artwork is brief and does not track a condition or splash footprint. Native weapon data and full description inform the design; activated powers, target-dependent riders and critical-only effects are not inferred from a Strike.",""
"Air Repeater","SzUynRs4HVtnpnel","ranged","airgun","piercing","30","4a6d559ec3c02322","airgun shot across 30 ft increments. Physical weapon footage and restrained contact finish. Native weapon data and full description inform the design; activated powers, target-dependent riders and critical-only effects are not inferred from a Strike.",""
"Aklys","YnPYSKCQBLIOtm0J","melee","club","bludgeoning","0","b2020420c9bf4645","One-handed bludgeoning contact. Physical weapon footage and restrained contact finish. Native weapon data and full description inform the design; activated powers, target-dependent riders and critical-only effects are not inferred from a Strike.",""
"Aklys","YnPYSKCQBLIOtm0J","thrown","club","bludgeoning","20","b2020420c9bf4645","club throw across 20 ft increments. Physical weapon footage and restrained contact finish. Native weapon data and full description inform the design; activated powers, target-dependent riders and critical-only effects are not inferred from a Strike.","free flight: jb2a.dagger.throw.01.white"
"Alchemical Crossbow","loueS11Tfa9WD320","ranged","crossbow","piercing","30","140b2efb07f6b8a2","crossbow shot across 30 ft increments. Physical weapon footage and restrained contact finish. Native weapon data and full description inform the design; activated powers, target-dependent riders and critical-only effects are not inferred from a Strike.",""
"Alchemical Gauntlet","JAOzIeqKr5hULumB","melee","unarmed","bludgeoning","0","4541b605f963a9f8","One-handed bludgeoning contact. Physical weapon footage and restrained contact finish. Native weapon data and full description inform the design; activated powers, target-dependent riders and critical-only effects are not inferred from a Strike.",""
"Alchemist's Fire (Greater)","n5yTlTs63o53n3k6","thrown","bomb","fire","20","01ebb197eb2e27a7","bomb throw across 20 ft increments. fire native damage, permanent runes or always-on own-weapon damage rules supply the contact accents. fire contents at impact, followed by a brief residue cue. Target-centered contents cue; lingering artwork is brief and does not track a condition or splash footprint. Native weapon data and full description inform the design; activated powers, target-dependent riders and critical-only effects are not inferred from a Strike.",""
"Alchemist's Fire (Lesser)","yd3kEK21YknZLlcT","thrown","bomb","fire","20","24d8446f97cf424e","bomb throw across 20 ft increments. fire native damage, permanent runes or always-on own-weapon damage rules supply the contact accents. fire contents at impact, followed by a brief residue cue. Target-centered contents cue; lingering artwork is brief and does not track a condition or splash footprint. Native weapon data and full description inform the design; activated powers, target-dependent riders and critical-only effects are not inferred from a Strike.",""
"Alchemist's Fire (Major)","cLZrOihPht5M7eTw","thrown","bomb","fire","20","6f091c2c52366c8a","bomb throw across 20 ft increments. fire native damage, permanent runes or always-on own-weapon damage rules supply the contact accents. fire contents at impact, followed by a brief residue cue. Target-centered contents cue; lingering artwork is brief and does not track a condition or splash footprint. Native weapon data and full description inform the design; activated powers, target-dependent riders and critical-only effects are not inferred from a Strike.",""
"Alchemist's Fire (Moderate)","gWr4q4HiyGhETA8H","thrown","bomb","fire","20","1469e72ab0e7a4be","bomb throw across 20 ft increments. fire native damage, permanent runes or always-on own-weapon damage rules supply the contact accents. fire contents at impact, followed by a brief residue cue. Target-centered contents cue; lingering artwork is brief and does not track a condition or splash footprint. Native weapon data and full description inform the design; activated powers, target-dependent riders and critical-only effects are not inferred from a Strike.",""
"Aldori Dueling Sword","iSceAVMkVv1uKK7t","melee","sword","slashing","0","6ec943e4630d3209","One-handed slashing contact. Physical weapon footage and restrained contact finish. Native weapon data and full description inform the design; activated powers, target-dependent riders and critical-only effects are not inferred from a Strike.",""
"Alghollthu Lash","QyzNxesxaSdPo3Pd","melee","whip","slashing","0","9a33bb965a12da7a","One-handed slashing contact, extended reach. Physical weapon footage and restrained contact finish. Native weapon data and full description inform the design; activated powers, target-dependent riders and critical-only effects are not inferred from a Strike.","patreon contact: jb2a.melee_generic.slashing.one_handed | free contact: jb2a.melee_generic.slash.01.orange"
"Alghollthu Whip","TIq0xuvRpIdPglsA","melee","whip","slashing","0","f79fd46322b63cd8","One-handed slashing contact, extended reach. Physical weapon footage and restrained contact finish. Native weapon data and full description inform the design; activated powers, target-dependent riders and critical-only effects are not inferred from a Strike.","patreon contact: jb2a.melee_generic.slashing.one_handed | free contact: jb2a.melee_generic.slash.01.orange"
"Alicorn Lance","FSIDKg5gYiXlr39j","melee","spear","piercing","0","8c25a0c4ff98ed84","Two-handed piercing contact, extended reach. spirit native damage, permanent runes or always-on own-weapon damage rules supply the contact accents. Native weapon data and full description inform the design; activated powers, target-dependent riders and critical-only effects are not inferred from a Strike.",""
"Alicorn Trigger","Pu16joZ15pPJS4Bn","ranged","firearm","piercing","90","52a54416ab000c74","firearm shot across 90 ft increments. Physical weapon footage and restrained contact finish. Native weapon data and full description inform the design; activated powers, target-dependent riders and critical-only effects are not inferred from a Strike.",""
"Amphisbaena Handwraps","yY0OkkshPrsoRkAh","melee","unarmed","bludgeoning","0","7b5e13c94e32699f","One-handed bludgeoning contact. Physical weapon footage and restrained contact finish. Native weapon data and full description inform the design; activated powers, target-dependent riders and critical-only effects are not inferred from a Strike.",""
"Anchor Spear","kSLHMQjKL77CtvBx","melee","spear","piercing","0","0536d72cfd947e0c","One-handed piercing contact. Physical weapon footage and restrained contact finish. Native weapon data and full description inform the design; activated powers, target-dependent riders and critical-only effects are not inferred from a Strike.",""
"Anchor Spear","kSLHMQjKL77CtvBx","thrown","spear","piercing","20","0536d72cfd947e0c","spear throw across 20 ft increments. Physical weapon footage and restrained contact finish. Native weapon data and full description inform the design; activated powers, target-dependent riders and critical-only effects are not inferred from a Strike.","free flight: jb2a.dagger.throw.01.white"
"Animal Staff","WcuknnE3xYfSdbhm","melee","quarterstaff","bludgeoning","0","eb9e8cab8dfc1b29","One-handed bludgeoning contact. Physical weapon footage and restrained contact finish. Native weapon data and full description inform the design; activated powers, target-dependent riders and critical-only effects are not inferred from a Strike.",""
"Animal Staff (Greater)","bT9azgpc96DNbitA","melee","quarterstaff","bludgeoning","0","006f0672144fb0f8","One-handed bludgeoning contact. Physical weapon footage and restrained contact finish. Native weapon data and full description inform the design; activated powers, target-dependent riders and critical-only effects are not inferred from a Strike.",""
"Animal Staff (Major)","Oo7IpJQDSTmzUyzG","melee","quarterstaff","bludgeoning","0","8ebc6e60538848dc","One-handed bludgeoning contact. Physical weapon footage and restrained contact finish. Native weapon data and full description inform the design; activated powers, target-dependent riders and critical-only effects are not inferred from a Strike.",""
"Animate Dreamer","mKEhLq7Ha4lvupMP","ranged","firearm","piercing","50","d30fad502ac01b54","firearm shot across 50 ft increments. Physical weapon footage and restrained contact finish. Native weapon data and full description inform the design; activated powers, target-dependent riders and critical-only effects are not inferred from a Strike.",""
"Ankhrav Duster","nymtBfivudt7t75q","melee","unarmed","bludgeoning","0","1f3e0a8f0e258a08","One-handed bludgeoning contact. acid native damage, permanent runes or always-on own-weapon damage rules supply the contact accents. Native weapon data and full description inform the design; activated powers, target-dependent riders and critical-only effects are not inferred from a Strike.",""
"Ankylostar","ZuyzSxmg4QdnZqLy","melee","club","bludgeoning","0","be12e9096cf297df","One-handed bludgeoning contact. Physical weapon footage and restrained contact finish. Native weapon data and full description inform the design; activated powers, target-dependent riders and critical-only effects are not inferred from a Strike.",""
"Apotheosis Knife","MlKNR5Q784mgmU0C","melee","dagger","piercing","0","b3ca9a821a52f02f","One-handed piercing contact. unholy + bleed native damage, permanent runes or always-on own-weapon damage rules supply the contact accents. Brief native persistent-damage cue follows contact. Native weapon data and full description inform the design; activated powers, target-dependent riders and critical-only effects are not inferred from a Strike.",""
"Apotheosis Knife","MlKNR5Q784mgmU0C","thrown","dagger","piercing","10","b3ca9a821a52f02f","dagger throw across 10 ft increments. unholy + bleed native damage, permanent runes or always-on own-weapon damage rules supply the contact accents. Brief native persistent-damage cue follows contact. Native weapon data and full description inform the design; activated powers, target-dependent riders and critical-only effects are not inferred from a Strike.",""
"Arbalest","K3qNqWRvBhnlwE3Q","ranged","crossbow","piercing","110","ee912a4bb80ff246","crossbow shot across 110 ft increments. Physical weapon footage and restrained contact finish. Native weapon data and full description inform the design; activated powers, target-dependent riders and critical-only effects are not inferred from a Strike.",""
"Arboreal Staff","6qqsyhVHPo8LQH8Z","melee","quarterstaff","bludgeoning","0","cf6ea552d3732fb0","One-handed bludgeoning contact. Physical weapon footage and restrained contact finish. plant flourish reflects the item's own traits or construction, not Strike damage. Native weapon data and full description inform the design; activated powers, target-dependent riders and critical-only effects are not inferred from a Strike.",""
"Arboreal's Revenge","4kyf3ScoJ4TvhPG3","ranged","firearm","piercing","40","d0a887b8017c36e6","firearm shot across 40 ft increments. Physical weapon footage and restrained contact finish. Native weapon data and full description inform the design; activated powers, target-dependent riders and critical-only effects are not inferred from a Strike.",""
"Arcing Hand Crossbow","syP1LQvUppCOO9ws","ranged","crossbow","piercing","120","999688adfa3bf1a8","crossbow shot across 120 ft increments. Physical weapon footage and restrained contact finish. Native weapon data and full description inform the design; activated powers, target-dependent riders and critical-only effects are not inferred from a Strike.",""
"Arquebus","ChTaE7jhvCjcS6jI","ranged","firearm","piercing","150","922336f991e61499","firearm shot across 150 ft increments. Physical weapon footage and restrained contact finish. Native weapon data and full description inform the design; activated powers, target-dependent riders and critical-only effects are not inferred from a Strike.",""
"Asp Coil","DP03AwxQxCOAxch0","melee","sword","slashing","0","b74b842ec491e056","One-handed slashing contact, extended reach. Physical weapon footage and restrained contact finish. Native weapon data and full description inform the design; activated powers, target-dependent riders and critical-only effects are not inferred from a Strike.",""
"Atlatl","Ka49l6JYNi41tgVi","ranged","dart","piercing","60","3432e6571206f0f2","dart shot across 60 ft increments. Physical weapon footage and restrained contact finish. Native weapon data and full description inform the design; activated powers, target-dependent riders and critical-only effects are not inferred from a Strike.","free flight: jb2a.dagger.throw.01.white"
"Atmospheric Staff","CPZC4rAHGkQqPLJ9","melee","quarterstaff","bludgeoning","0","a9d5ea83c39d80af","One-handed bludgeoning contact. Physical weapon footage and restrained contact finish. air flourish reflects the item's own traits or construction, not Strike damage. Native weapon data and full description inform the design; activated powers, target-dependent riders and critical-only effects are not inferred from a Strike.",""
"Atmospheric Staff (Greater)","SKKVjloic8hQbYo7","melee","quarterstaff","bludgeoning","0","a23502794942cb05","One-handed bludgeoning contact. Physical weapon footage and restrained contact finish. air flourish reflects the item's own traits or construction, not Strike damage. Native weapon data and full description inform the design; activated powers, target-dependent riders and critical-only effects are not inferred from a Strike.",""
"Atmospheric Staff (Lesser)","HarOsJI1p5oHt2Vd","melee","quarterstaff","bludgeoning","0","116828bac1cbf4bc","One-handed bludgeoning contact. Physical weapon footage and restrained contact finish. air flourish reflects the item's own traits or construction, not Strike damage. Native weapon data and full description inform the design; activated powers, target-dependent riders and critical-only effects are not inferred from a Strike.",""
"Atmospheric Staff (Major)","YMz8ZKeOmSU9VuKp","melee","quarterstaff","bludgeoning","0","223e1a2830ba22b2","One-handed bludgeoning contact. Physical weapon footage and restrained contact finish. air flourish reflects the item's own traits or construction, not Strike damage. Native weapon data and full description inform the design; activated powers, target-dependent riders and critical-only effects are not inferred from a Strike.",""
"Atrophy Bomb (Greater)","Nqy9whrqYrChgkHh","thrown","bomb","void","20","31b8a6d1bdef551b","bomb throw across 20 ft increments. void native damage, permanent runes or always-on own-weapon damage rules supply the contact accents. void contents at impact, followed by a brief residue cue. Target-centered contents cue; lingering artwork is brief and does not track a condition or splash footprint. Native weapon data and full description inform the design; activated powers, target-dependent riders and critical-only effects are not inferred from a Strike.",""
"Atrophy Bomb (Lesser)","Ey9g17eK5KxeuOIR","thrown","bomb","void","20","832e3c3174f852df","bomb throw across 20 ft increments. void native damage, permanent runes or always-on own-weapon damage rules supply the contact accents. void contents at impact, followed by a brief residue cue. Target-centered contents cue; lingering artwork is brief and does not track a condition or splash footprint. Native weapon data and full description inform the design; activated powers, target-dependent riders and critical-only effects are not inferred from a Strike.",""
"Atrophy Bomb (Major)","HuVDfEm6U7Quq9Y4","thrown","bomb","void","20","95289157ecdbf117","bomb throw across 20 ft increments. void native damage, permanent runes or always-on own-weapon damage rules supply the contact accents. void contents at impact, followed by a brief residue cue. Target-centered contents cue; lingering artwork is brief and does not track a condition or splash footprint. Native weapon data and full description inform the design; activated powers, target-dependent riders and critical-only effects are not inferred from a Strike.",""
"Atrophy Bomb (Moderate)","Jgi6iWyH9ihgXC7w","thrown","bomb","void","20","9a43b3b6964486a9","bomb throw across 20 ft increments. void native damage, permanent runes or always-on own-weapon damage rules supply the contact accents. void contents at impact, followed by a brief residue cue. Target-centered contents cue; lingering artwork is brief and does not track a condition or splash footprint. Native weapon data and full description inform the design; activated powers, target-dependent riders and critical-only effects are not inferred from a Strike.",""
"Auspicious Scepter","YPo7jLMxob6E2p8b","melee","mace","bludgeoning","0","36a2936ba9853f82","One-handed bludgeoning contact. Physical weapon footage and restrained contact finish. Native weapon data and full description inform the design; activated powers, target-dependent riders and critical-only effects are not inferred from a Strike.",""
"Axe Musket","oUaeLZLK7WfolqBb","ranged","firearm","piercing","50","adc05d628de2d2d5","firearm shot across 50 ft increments. Physical weapon footage and restrained contact finish. Native weapon data and full description inform the design; activated powers, target-dependent riders and critical-only effects are not inferred from a Strike.",""
"Axe Musket","oUaeLZLK7WfolqBb","melee","greataxe","slashing","0","adc05d628de2d2d5","Two-handed slashing contact. Physical weapon footage and restrained contact finish. Native weapon data and full description inform the design; activated powers, target-dependent riders and critical-only effects are not inferred from a Strike.",""
"Axe of the Dwarven Lords","tPwYYwxNqdGQp2nW","melee","handaxe","slashing","0","03b43fed30054858","One-handed slashing contact. Physical weapon footage and restrained contact finish. Native weapon data and full description inform the design; activated powers, target-dependent riders and critical-only effects are not inferred from a Strike.",""
"Axe of the Dwarven Lords","tPwYYwxNqdGQp2nW","thrown","handaxe","slashing","30","03b43fed30054858","handaxe throw across 30 ft increments. Physical weapon footage and restrained contact finish. Native weapon data and full description inform the design; activated powers, target-dependent riders and critical-only effects are not inferred from a Strike.","free flight: jb2a.dagger.throw.01.white | free return: jb2a.dagger.return.01.white"
"Azarim","KoyxJDibsKJh24am","melee","rapier","piercing","0","312250e246ea2749","One-handed piercing contact. Physical weapon footage and restrained contact finish. holy flourish reflects the item's own traits or construction, not Strike damage. Native weapon data and full description inform the design; activated powers, target-dependent riders and critical-only effects are not inferred from a Strike.",""
"Azlanti Diamond","SmTUq7RUlZAQQHzD","melee","sword","slashing","0","e6dbb5974bd755e2","One-handed slashing contact. Physical weapon footage and restrained contact finish. Native weapon data and full description inform the design; activated powers, target-dependent riders and critical-only effects are not inferred from a Strike.",""
"Backpack Ballista","2dHdOVBySillcOGM","ranged","crossbow","piercing","180","1e34fded7afafe46","crossbow shot across 180 ft increments. Physical weapon footage and restrained contact finish. Native weapon data and full description inform the design; activated powers, target-dependent riders and critical-only effects are not inferred from a Strike.",""
"Backpack Catapult","68bqnb84kst3hFjP","ranged","sling","bludgeoning","240","ba2e2eef8aa6ac6a","sling shot across 240 ft increments. Physical weapon footage and restrained contact finish. Native weapon data and full description inform the design; activated powers, target-dependent riders and critical-only effects are not inferred from a Strike.","free flight: jb2a.dagger.throw.01.white"
"Barricade Buster","UogGzQfXDc32E1p7","ranged","firearm","bludgeoning","40","89e8c6236122467f","firearm shot across 40 ft increments. Physical weapon footage and restrained contact finish. Native weapon data and full description inform the design; activated powers, target-dependent riders and critical-only effects are not inferred from a Strike.",""
"Bastard Sword","6KWYmeRMxsQfWhhJ","melee","sword","slashing","0","0fc5e54f57139509","One-handed slashing contact. Physical weapon footage and restrained contact finish. Native weapon data and full description inform the design; activated powers, target-dependent riders and critical-only effects are not inferred from a Strike.",""
"Batsbreath Cane","zB0Q86QD0A10CeFH","melee","club","bludgeoning","0","a60bc200674fffd1","One-handed bludgeoning contact. sonic native damage, permanent runes or always-on own-weapon damage rules supply the contact accents. Native weapon data and full description inform the design; activated powers, target-dependent riders and critical-only effects are not inferred from a Strike.",""
"Battle Axe","War0uyLBx1jA0Ge7","melee","handaxe","slashing","0","25f12ccf8a72fc82","One-handed slashing contact. Physical weapon footage and restrained contact finish. Native weapon data and full description inform the design; activated powers, target-dependent riders and critical-only effects are not inferred from a Strike.",""
"Battle Lute","79krBL334Kp1RMNB","melee","club","bludgeoning","0","d0bc865b33654b26","One-handed bludgeoning contact. Physical weapon footage and restrained contact finish. Native weapon data and full description inform the design; activated powers, target-dependent riders and critical-only effects are not inferred from a Strike.",""
"Battle Saddle","7mXZyzL5v3K6Buu2","melee","greataxe","slashing","0","0b0056ed42111935","Two-handed slashing contact. Physical weapon footage and restrained contact finish. Native weapon data and full description inform the design; activated powers, target-dependent riders and critical-only effects are not inferred from a Strike.",""
"Bayonet","jm5gQnfvVeUiVfdW","melee","dagger","piercing","0","8465f09c72aaa92d","One-handed piercing contact. Physical weapon footage and restrained contact finish. Native weapon data and full description inform the design; activated powers, target-dependent riders and critical-only effects are not inferred from a Strike.",""
"Beast Staff","HoxkzrS7jhqmWpla","melee","quarterstaff","bludgeoning","0","32a2d27c21ac9705","One-handed bludgeoning contact. Physical weapon footage and restrained contact finish. Native weapon data and full description inform the design; activated powers, target-dependent riders and critical-only effects are not inferred from a Strike.",""
"Beast Staff (Greater)","zzLGE9zmSu3yMEOq","melee","quarterstaff","bludgeoning","0","bd0d39d426af75ff","One-handed bludgeoning contact. Physical weapon footage and restrained contact finish. Native weapon data and full description inform the design; activated powers, target-dependent riders and critical-only effects are not inferred from a Strike.",""
"Beast Staff (Major)","PeRLqNTbzaiITNuO","melee","quarterstaff","bludgeoning","0","ab8daae01f8f19ea","One-handed bludgeoning contact. Physical weapon footage and restrained contact finish. Native weapon data and full description inform the design; activated powers, target-dependent riders and critical-only effects are not inferred from a Strike.",""
"Bec de Corbin","VTFTlP8xmPKKV4S6","melee","glaive","piercing","0","183a90e90d3e3943","Two-handed piercing contact, extended reach. Physical weapon footage and restrained contact finish. Native weapon data and full description inform the design; activated powers, target-dependent riders and critical-only effects are not inferred from a Strike.",""
"Belimarius's Invidious Halberd","H23XWSdTgBV1UhBq","melee","halberd","piercing","0","ed5db9d6362293b9","Two-handed piercing contact, extended reach. Physical weapon footage and restrained contact finish. Native weapon data and full description inform the design; activated powers, target-dependent riders and critical-only effects are not inferred from a Strike.",""
"Belkzen Deadsmasher","VDyPNtcxDbVGQ613","melee","club","bludgeoning","0","6ca6ea40cebfbd4b","One-handed bludgeoning contact. Physical weapon footage and restrained contact finish. Native weapon data and full description inform the design; activated powers, target-dependent riders and critical-only effects are not inferred from a Strike.",""
"Belkzen Deadsmasher (Greater)","lJOygeHETz6S8cEz","melee","club","bludgeoning","0","bfb32527a60e87b1","One-handed bludgeoning contact. Physical weapon footage and restrained contact finish. Native weapon data and full description inform the design; activated powers, target-dependent riders and critical-only effects are not inferred from a Strike.",""
"Bellicose Dagger","UGqhitKOWCsqs9UQ","melee","dagger","piercing","0","7a6fd15716c584ef","One-handed piercing contact. bleed native damage, permanent runes or always-on own-weapon damage rules supply the contact accents. Brief native persistent-damage cue follows contact. Native weapon data and full description inform the design; activated powers, target-dependent riders and critical-only effects are not inferred from a Strike.",""
"Bellicose Dagger","UGqhitKOWCsqs9UQ","thrown","dagger","piercing","10","7a6fd15716c584ef","dagger throw across 10 ft increments. bleed native damage, permanent runes or always-on own-weapon damage rules supply the contact accents. Brief native persistent-damage cue follows contact. Native weapon data and full description inform the design; activated powers, target-dependent riders and critical-only effects are not inferred from a Strike.",""
"Big Boom Gun","GG7XnMngd9MnxhHb","ranged","firearm","piercing","20","07c36485084244e4","firearm shot across 20 ft increments. Physical weapon footage and restrained contact finish. Native weapon data and full description inform the design; activated powers, target-dependent riders and critical-only effects are not inferred from a Strike.",""
"Bioluminescence Bomb","OUOSAKU1tSipWtty","thrown","flask","slashing","20","9a6ab4fe5d9a6cfe","flask throw across 20 ft increments. Physical weapon footage and restrained contact finish. light contents at impact, followed by a brief residue cue. Target-centered contents cue; lingering artwork is brief and does not track a condition or splash footprint. Native weapon data and full description inform the design; activated powers, target-dependent riders and critical-only effects are not inferred from a Strike.",""
"Birchstaff","4oOmIQQTJW88JfU3","melee","quarterstaff","bludgeoning","0","8dfe5458a6ebc423","One-handed bludgeoning contact. Physical weapon footage and restrained contact finish. plant flourish reflects the item's own traits or construction, not Strike damage. Native weapon data and full description inform the design; activated powers, target-dependent riders and critical-only effects are not inferred from a Strike.",""
"Birchstaff (Greater)","8qCrpn4pAjfSwRgm","melee","quarterstaff","bludgeoning","0","302460c1dacd4d69","One-handed bludgeoning contact. Physical weapon footage and restrained contact finish. plant flourish reflects the item's own traits or construction, not Strike damage. Native weapon data and full description inform the design; activated powers, target-dependent riders and critical-only effects are not inferred from a Strike.",""
"Birchstaff (Major)","bnkQ7zSAmuW0azf1","melee","quarterstaff","bludgeoning","0","32a007af1692519b","One-handed bludgeoning contact. Physical weapon footage and restrained contact finish. plant flourish reflects the item's own traits or construction, not Strike damage. Native weapon data and full description inform the design; activated powers, target-dependent riders and critical-only effects are not inferred from a Strike.",""
"Black King","NS2j5bYEoHeESlyN","ranged","firearm","piercing","40","324545513da6b64b","firearm shot across 40 ft increments. Physical weapon footage and restrained contact finish. Native weapon data and full description inform the design; activated powers, target-dependent riders and critical-only effects are not inferred from a Strike.",""
"Black Powder Knuckle Dusters","8eGV6fXbmt2v74uB","ranged","firearm","piercing","30","128509e26c750b67","firearm shot across 30 ft increments. Physical weapon footage and restrained contact finish. Native weapon data and full description inform the design; activated powers, target-dependent riders and critical-only effects are not inferred from a Strike.",""
"Black Powder Knuckle Dusters","8eGV6fXbmt2v74uB","melee","unarmed","bludgeoning","0","128509e26c750b67","One-handed bludgeoning contact. Physical weapon footage and restrained contact finish. Native weapon data and full description inform the design; activated powers, target-dependent riders and critical-only effects are not inferred from a Strike.",""
"Black Scorpion Stingmace","jkwhiuaoSsJAgkgi","melee","mace","bludgeoning","0","e2846efc7742bcb1","One-handed bludgeoning contact. Physical weapon footage and restrained contact finish. Native weapon data and full description inform the design; activated powers, target-dependent riders and critical-only effects are not inferred from a Strike.",""
"Blackaxe","o9IErbpmItz9NZT3","melee","greataxe","slashing","0","7a5a9e8790d4bbbd","Two-handed slashing contact. acid native damage, permanent runes or always-on own-weapon damage rules supply the contact accents. unholy flourish reflects the item's own traits or construction, not Strike damage. Native weapon data and full description inform the design; activated powers, target-dependent riders and critical-only effects are not inferred from a Strike.",""
"Blade of Fallen Stars","6RkxhrJqBpFQlRBD","ranged","firearm","piercing","50","9c656a186ffcc941","firearm shot across 50 ft increments. cold native damage, permanent runes or always-on own-weapon damage rules supply the contact accents. Native weapon data and full description inform the design; activated powers, target-dependent riders and critical-only effects are not inferred from a Strike.",""
"Blade of Fallen Stars","6RkxhrJqBpFQlRBD","melee","greatsword","slashing","0","9c656a186ffcc941","Two-handed slashing contact. cold native damage, permanent runes or always-on own-weapon damage rules supply the contact accents. Native weapon data and full description inform the design; activated powers, target-dependent riders and critical-only effects are not inferred from a Strike.",""
"Blade of Four Energies","AUJfvrouapAeC4Mg","melee","shortsword","piercing","0","9e618742514e9d06","One-handed piercing contact. Physical weapon footage and restrained contact finish. fire + cold + electricity flourish reflects the item's own traits or construction, not Strike damage. Native weapon data and full description inform the design; activated powers, target-dependent riders and critical-only effects are not inferred from a Strike.",""
"Blade of Four Energies (Greater)","AWUzApS5PPwt3TCI","melee","shortsword","piercing","0","e9d21924e1ca078b","One-handed piercing contact. Physical weapon footage and restrained contact finish. fire + cold + electricity flourish reflects the item's own traits or construction, not Strike damage. Native weapon data and full description inform the design; activated powers, target-dependent riders and critical-only effects are not inferred from a Strike.",""
"Blade of the Black Sovereign","tD4ZNDutHoCGIFQn","melee","greatsword","slashing","0","8363d752d70c1248","Two-handed slashing contact. electricity native damage, permanent runes or always-on own-weapon damage rules supply the contact accents. Native weapon data and full description inform the design; activated powers, target-dependent riders and critical-only effects are not inferred from a Strike.",""
"Blade of the Rabbit Prince","APZJC0A469gBozf1","melee","shortsword","piercing","0","931cd474567ede6a","One-handed piercing contact. Physical weapon footage and restrained contact finish. Native weapon data and full description inform the design; activated powers, target-dependent riders and critical-only effects are not inferred from a Strike.",""
"Bladed Diabolo","0lCXehyFlXdYxDfA","melee","flail","slashing","0","2d727884dfbd6c9a","Two-handed slashing contact. Physical weapon footage and restrained contact finish. Native weapon data and full description inform the design; activated powers, target-dependent riders and critical-only effects are not inferred from a Strike.",""
"Bladed Diabolo","0lCXehyFlXdYxDfA","thrown","chakram","slashing","40","2d727884dfbd6c9a","chakram throw across 40 ft increments. Physical weapon footage and restrained contact finish. Native weapon data and full description inform the design; activated powers, target-dependent riders and critical-only effects are not inferred from a Strike.","free flight: jb2a.dagger.throw.01.white"
"Bladed Gauntlet","PJboj72eI9JXjtbn","melee","unarmed","slashing","0","5b0385a842c26ef5","One-handed slashing contact. Physical weapon footage and restrained contact finish. Native weapon data and full description inform the design; activated powers, target-dependent riders and critical-only effects are not inferred from a Strike.",""
"Bladed Hoop","IEA7M6GGv4rnGLdW","melee","dagger","slashing","0","87eb1f5d296b2f1a","One-handed slashing contact. Physical weapon footage and restrained contact finish. Native weapon data and full description inform the design; activated powers, target-dependent riders and critical-only effects are not inferred from a Strike.",""
"Bladed Scarf","iCdvNfzvsTZ0s5vg","melee","flail","slashing","0","18860813ed1a9c77","Two-handed slashing contact, extended reach. Physical weapon footage and restrained contact finish. Native weapon data and full description inform the design; activated powers, target-dependent riders and critical-only effects are not inferred from a Strike.",""
"Bladesweeper","geSDZ68zolr0dNrD","melee","greatsword","slashing","0","f739bbcada21e2db","Two-handed slashing contact. Physical weapon footage and restrained contact finish. Native weapon data and full description inform the design; activated powers, target-dependent riders and critical-only effects are not inferred from a Strike.",""
"Blast Lance","qLhb5ZvIDOmbwvc9","melee","spear","piercing","0","a5cca9112e8b0471","Two-handed piercing contact, extended reach. Physical weapon footage and restrained contact finish. fire flourish reflects the item's own traits or construction, not Strike damage. Native weapon data and full description inform the design; activated powers, target-dependent riders and critical-only effects are not inferred from a Strike.",""
"Blast Lance (Greater)","RijrZ8lnaYrGTeMV","melee","spear","piercing","0","305dcad3560f7c02","Two-handed piercing contact, extended reach. Physical weapon footage and restrained contact finish. fire flourish reflects the item's own traits or construction, not Strike damage. Native weapon data and full description inform the design; activated powers, target-dependent riders and critical-only effects are not inferred from a Strike.",""
"Blasting Stone (Greater)","dsMkvuLgpOOGLWDy","thrown","bomb","sonic","20","febf1512707fa565","bomb throw across 20 ft increments. sonic native damage, permanent runes or always-on own-weapon damage rules supply the contact accents. sonic contents at impact. Target-centered contents cue; lingering artwork is brief and does not track a condition or splash footprint. Native weapon data and full description inform the design; activated powers, target-dependent riders and critical-only effects are not inferred from a Strike.",""
"Blasting Stone (Lesser)","Xnqglykl3Cif8rN9","thrown","bomb","sonic","20","49ecba19ab6a6909","bomb throw across 20 ft increments. sonic native damage, permanent runes or always-on own-weapon damage rules supply the contact accents. sonic contents at impact. Target-centered contents cue; lingering artwork is brief and does not track a condition or splash footprint. Native weapon data and full description inform the design; activated powers, target-dependent riders and critical-only effects are not inferred from a Strike.",""
"Blasting Stone (Major)","IuGydh0En8LbfnWo","thrown","bomb","sonic","20","2d161a8bfb22c3ca","bomb throw across 20 ft increments. sonic native damage, permanent runes or always-on own-weapon damage rules supply the contact accents. sonic contents at impact. Target-centered contents cue; lingering artwork is brief and does not track a condition or splash footprint. Native weapon data and full description inform the design; activated powers, target-dependent riders and critical-only effects are not inferred from a Strike.",""
"Blasting Stone (Moderate)","JOaELkzLWTywhn5Z","thrown","bomb","sonic","20","3368f6eaf04eb7a5","bomb throw across 20 ft increments. sonic native damage, permanent runes or always-on own-weapon damage rules supply the contact accents. sonic contents at impact. Target-centered contents cue; lingering artwork is brief and does not track a condition or splash footprint. Native weapon data and full description inform the design; activated powers, target-dependent riders and critical-only effects are not inferred from a Strike.",""
"Blessed Lantern Flail","eGcYnfO7MkQ646E9","melee","flail","bludgeoning","0","e1d2043090f7cd89","One-handed bludgeoning contact. spirit native damage, permanent runes or always-on own-weapon damage rules supply the contact accents. light flourish reflects the item's own traits or construction, not Strike damage. Native weapon data and full description inform the design; activated powers, target-dependent riders and critical-only effects are not inferred from a Strike.",""
"Blessed Reformer","UFAIquTmQcgqSl7s","melee","warhammer","bludgeoning","0","031729885b8c9f7d","One-handed bludgeoning contact. Physical weapon footage and restrained contact finish. holy flourish reflects the item's own traits or construction, not Strike damage. Native weapon data and full description inform the design; activated powers, target-dependent riders and critical-only effects are not inferred from a Strike.",""
"Blight Bomb (Greater)","LhMXIGelSrFPYild","thrown","bomb","poison","20","1517a9002a6631ed","bomb throw across 20 ft increments. poison native damage, permanent runes or always-on own-weapon damage rules supply the contact accents. liquid contents at impact, followed by a brief residue cue. Target-centered contents cue; lingering artwork is brief and does not track a condition or splash footprint. Native weapon data and full description inform the design; activated powers, target-dependent riders and critical-only effects are not inferred from a Strike.",""
"Blight Bomb (Lesser)","j8ajvNqyyQGBpBch","thrown","bomb","poison","20","37727e06cd30b572","bomb throw across 20 ft increments. poison native damage, permanent runes or always-on own-weapon damage rules supply the contact accents. liquid contents at impact, followed by a brief residue cue. Target-centered contents cue; lingering artwork is brief and does not track a condition or splash footprint. Native weapon data and full description inform the design; activated powers, target-dependent riders and critical-only effects are not inferred from a Strike.",""
"Blight Bomb (Major)","sJjuv1991SZ7DWWD","thrown","bomb","poison","20","23af4efa5c17b2fd","bomb throw across 20 ft increments. poison native damage, permanent runes or always-on own-weapon damage rules supply the contact accents. liquid contents at impact, followed by a brief residue cue. Target-centered contents cue; lingering artwork is brief and does not track a condition or splash footprint. Native weapon data and full description inform the design; activated powers, target-dependent riders and critical-only effects are not inferred from a Strike.",""
"Blight Bomb (Moderate)","158vwM1andv8DbRI","thrown","bomb","poison","20","11dc54e687c78727","bomb throw across 20 ft increments. poison native damage, permanent runes or always-on own-weapon damage rules supply the contact accents. liquid contents at impact, followed by a brief residue cue. Target-centered contents cue; lingering artwork is brief and does not track a condition or splash footprint. Native weapon data and full description inform the design; activated powers, target-dependent riders and critical-only effects are not inferred from a Strike.",""
"Blightburn Bomb","kIExO59KkiXZUmto","thrown","flask","poison","20","04ca418c3ae57964","flask throw across 20 ft increments. poison native damage, permanent runes or always-on own-weapon damage rules supply the contact accents. radiation contents at impact, followed by a brief residue cue. Target-centered contents cue; lingering artwork is brief and does not track a condition or splash footprint. Native weapon data and full description inform the design; activated powers, target-dependent riders and critical-only effects are not inferred from a Strike.",""
"Blightburn Bomb (Greater)","ZrXw7hAH8dQOGAYL","thrown","flask","poison","20","b27610c776ed156c","flask throw across 20 ft increments. poison native damage, permanent runes or always-on own-weapon damage rules supply the contact accents. radiation contents at impact, followed by a brief residue cue. Target-centered contents cue; lingering artwork is brief and does not track a condition or splash footprint. Native weapon data and full description inform the design; activated powers, target-dependent riders and critical-only effects are not inferred from a Strike.",""
"Blink Blade","tWoW1BeFrWm35hmV","melee","dagger","piercing","0","580b16015ae891b5","One-handed piercing contact. Physical weapon footage and restrained contact finish. Native weapon data and full description inform the design; activated powers, target-dependent riders and critical-only effects are not inferred from a Strike.",""
"Blink Blade","tWoW1BeFrWm35hmV","thrown","dagger","piercing","10","580b16015ae891b5","dagger throw across 10 ft increments. Physical weapon footage and restrained contact finish. Native weapon data and full description inform the design; activated powers, target-dependent riders and critical-only effects are not inferred from a Strike.",""
"Blood Bomb (Greater)","kuHr6dEOxN0WAnUP","thrown","flask","slashing","20","c4d13e4f5c0c880b","flask throw across 20 ft increments. Physical weapon footage and restrained contact finish. shrapnel contents at impact, followed by a brief residue cue. Target-centered contents cue; lingering artwork is brief and does not track a condition or splash footprint. Native weapon data and full description inform the design; activated powers, target-dependent riders and critical-only effects are not inferred from a Strike.",""
"Blood Bomb (Lesser)","wdJ0AFtkJVycVRjX","thrown","flask","slashing","20","ddbd86ce27951a13","flask throw across 20 ft increments. Physical weapon footage and restrained contact finish. shrapnel contents at impact, followed by a brief residue cue. Target-centered contents cue; lingering artwork is brief and does not track a condition or splash footprint. Native weapon data and full description inform the design; activated powers, target-dependent riders and critical-only effects are not inferred from a Strike.",""
"Blood Bomb (Major)","3SZAUzXG6MWYWoXZ","thrown","flask","slashing","20","3a1185c6a4717a3b","flask throw across 20 ft increments. Physical weapon footage and restrained contact finish. shrapnel contents at impact, followed by a brief residue cue. Target-centered contents cue; lingering artwork is brief and does not track a condition or splash footprint. Native weapon data and full description inform the design; activated powers, target-dependent riders and critical-only effects are not inferred from a Strike.",""
"Blood Bomb (Moderate)","ODXNXvcLQGBw6kXj","thrown","flask","slashing","20","3e0aa921a9807d16","flask throw across 20 ft increments. Physical weapon footage and restrained contact finish. shrapnel contents at impact, followed by a brief residue cue. Target-centered contents cue; lingering artwork is brief and does not track a condition or splash footprint. Native weapon data and full description inform the design; activated powers, target-dependent riders and critical-only effects are not inferred from a Strike.",""
"Blood-Drinker","uXug1JhufAQr8HOC","melee","sword","slashing","0","8a858561f731f3ed","One-handed slashing contact. Physical weapon footage and restrained contact finish. Native weapon data and full description inform the design; activated powers, target-dependent riders and critical-only effects are not inferred from a Strike.",""
"Blood-Drinker Blade","V9e6G1ZolN7Ncg7g","melee","shortsword","piercing","0","a7185044729b24de","One-handed piercing contact. Physical weapon footage and restrained contact finish. Native weapon data and full description inform the design; activated powers, target-dependent riders and critical-only effects are not inferred from a Strike.",""
"Blood-Drinker Blade (Greater)","vtPf23T4O6fPIF4P","melee","shortsword","piercing","0","cfe3f03f2d77dc77","One-handed piercing contact. bleed native damage, permanent runes or always-on own-weapon damage rules supply the contact accents. Brief native persistent-damage cue follows contact. Native weapon data and full description inform the design; activated powers, target-dependent riders and critical-only effects are not inferred from a Strike.",""
"Bloodgorger Scythe","yCD9PupW7P0frwMM","melee","scythe","slashing","0","2d391a2420d82e6e","Two-handed slashing contact. Physical weapon footage and restrained contact finish. Native weapon data and full description inform the design; activated powers, target-dependent riders and critical-only effects are not inferred from a Strike.",""
"Bloodknuckles","f9SdiktChZHHBj8k","melee","unarmed","bludgeoning","0","545983e50f5bafda","One-handed bludgeoning contact. bleed native damage, permanent runes or always-on own-weapon damage rules supply the contact accents. Brief native persistent-damage cue follows contact. Native weapon data and full description inform the design; activated powers, target-dependent riders and critical-only effects are not inferred from a Strike.",""
"Bloodletting Kukri","tNue4PqJe85ZEE5v","melee","dagger","slashing","0","bca4bf10c2d1c769","One-handed slashing contact. Physical weapon footage and restrained contact finish. Native weapon data and full description inform the design; activated powers, target-dependent riders and critical-only effects are not inferred from a Strike.",""
"Bloodstride Blade","i85kL5rLaZ2KvKuA","melee","sword","slashing","0","1917e6d8640e5418","One-handed slashing contact. bleed native damage, permanent runes or always-on own-weapon damage rules supply the contact accents. Brief native persistent-damage cue follows contact. Native weapon data and full description inform the design; activated powers, target-dependent riders and critical-only effects are not inferred from a Strike.",""
"Bloody Fang","jEYl5VuFa2JslZbY","melee","dagger","piercing","0","a6c0dcf7b53162e2","One-handed piercing contact. bleed native damage, permanent runes or always-on own-weapon damage rules supply the contact accents. Brief native persistent-damage cue follows contact. Native weapon data and full description inform the design; activated powers, target-dependent riders and critical-only effects are not inferred from a Strike.",""
"Bloody Fang","jEYl5VuFa2JslZbY","thrown","dagger","piercing","10","a6c0dcf7b53162e2","dagger throw across 10 ft increments. bleed native damage, permanent runes or always-on own-weapon damage rules supply the contact accents. Brief native persistent-damage cue follows contact. Native weapon data and full description inform the design; activated powers, target-dependent riders and critical-only effects are not inferred from a Strike.",""
"Blowgun","FPwsiGqMCNPLHmjX","ranged","blowgun","piercing","20","ce692644a3e9e847","blowgun shot across 20 ft increments. Physical weapon footage and restrained contact finish. Native weapon data and full description inform the design; activated powers, target-dependent riders and critical-only effects are not inferred from a Strike.","free flight: jb2a.dagger.throw.01.white"
"Blunderbuss","csXSDzgZASX4RWr4","ranged","firearm","piercing","40","c9df21c2805fcf79","firearm shot across 40 ft increments. Physical weapon footage and restrained contact finish. Native weapon data and full description inform the design; activated powers, target-dependent riders and critical-only effects are not inferred from a Strike.",""
"Bo Staff","hMYdSFmMWzidzHih","melee","quarterstaff","bludgeoning","0","7380fcddd89b4d30","Two-handed bludgeoning contact, extended reach. Physical weapon footage and restrained contact finish. Native weapon data and full description inform the design; activated powers, target-dependent riders and critical-only effects are not inferred from a Strike.",""
"Boarding Axe","gTTJuNgwTcNmkDx2","melee","handaxe","slashing","0","3907313e6780462d","One-handed slashing contact. Physical weapon footage and restrained contact finish. Native weapon data and full description inform the design; activated powers, target-dependent riders and critical-only effects are not inferred from a Strike.",""
"Boarding Pike","sF9uOLAjQiSmt9i3","melee","glaive","piercing","0","c02c38169d04bd3c","Two-handed piercing contact, extended reach. Physical weapon footage and restrained contact finish. Native weapon data and full description inform the design; activated powers, target-dependent riders and critical-only effects are not inferred from a Strike.",""
"Boastful Hunter","7irlzyZA50KqTwce","ranged","firearm","piercing","90","5d32f309bba7fbeb","firearm shot across 90 ft increments. Physical weapon footage and restrained contact finish. Native weapon data and full description inform the design; activated powers, target-dependent riders and critical-only effects are not inferred from a Strike.",""
"Bola","YUzPv0i8d8p2J9yx","thrown","bola","bludgeoning","20","fab3f56f2f67a3b2","bola throw across 20 ft increments. Physical weapon footage and restrained contact finish. Native weapon data and full description inform the design; activated powers, target-dependent riders and critical-only effects are not inferred from a Strike.","free flight: jb2a.dagger.throw.01.white"
"Boomerang","y5bkwzClxfs6gpDn","thrown","boomerang","bludgeoning","60","8af4672333d9dc9e","boomerang throw across 60 ft increments. Physical weapon footage and restrained contact finish. Native weapon data and full description inform the design; activated powers, target-dependent riders and critical-only effects are not inferred from a Strike.","free flight: jb2a.dagger.throw.01.white"
"Boreal Staff","tU4PKaoo1XuPkKg1","melee","quarterstaff","bludgeoning","0","078fef4894cfb4cd","One-handed bludgeoning contact. Physical weapon footage and restrained contact finish. cold flourish reflects the item's own traits or construction, not Strike damage. Native weapon data and full description inform the design; activated powers, target-dependent riders and critical-only effects are not inferred from a Strike.",""
"Boreal Staff (Greater)","PAZQrWMLfYTpDoal","melee","quarterstaff","bludgeoning","0","8cfc850680ad1ac2","One-handed bludgeoning contact. cold native damage, permanent runes or always-on own-weapon damage rules supply the contact accents. Native weapon data and full description inform the design; activated powers, target-dependent riders and critical-only effects are not inferred from a Strike.",""
"Boreal Staff (Major)","rYBX6v9JqpxAiQvn","melee","quarterstaff","bludgeoning","0","b7110b9f55d587c1","One-handed bludgeoning contact. cold native damage, permanent runes or always-on own-weapon damage rules supply the contact accents. Native weapon data and full description inform the design; activated powers, target-dependent riders and critical-only effects are not inferred from a Strike.",""
"Bottled Lightning (Greater)","r2iTRbt1zpkAqHj2","thrown","flask","electricity","20","13331ac8c2792f32","flask throw across 20 ft increments. electricity native damage, permanent runes or always-on own-weapon damage rules supply the contact accents. lightning contents at impact. Target-centered contents cue; lingering artwork is brief and does not track a condition or splash footprint. Native weapon data and full description inform the design; activated powers, target-dependent riders and critical-only effects are not inferred from a Strike.",""
"Bottled Lightning (Lesser)","AFR01HVd7DcZvkpP","thrown","flask","electricity","20","5d5e91ef19f39843","flask throw across 20 ft increments. electricity native damage, permanent runes or always-on own-weapon damage rules supply the contact accents. lightning contents at impact. Target-centered contents cue; lingering artwork is brief and does not track a condition or splash footprint. Native weapon data and full description inform the design; activated powers, target-dependent riders and critical-only effects are not inferred from a Strike.",""
"Bottled Lightning (Major)","rpbbfkexLhtadBDV","thrown","flask","electricity","20","74d975095635f8a0","flask throw across 20 ft increments. electricity native damage, permanent runes or always-on own-weapon damage rules supply the contact accents. lightning contents at impact. Target-centered contents cue; lingering artwork is brief and does not track a condition or splash footprint. Native weapon data and full description inform the design; activated powers, target-dependent riders and critical-only effects are not inferred from a Strike.",""
"Bottled Lightning (Moderate)","97QyNEOAyYLdGaYc","thrown","flask","electricity","20","10343b29f68881bd","flask throw across 20 ft increments. electricity native damage, permanent runes or always-on own-weapon damage rules supply the contact accents. lightning contents at impact. Target-centered contents cue; lingering artwork is brief and does not track a condition or splash footprint. Native weapon data and full description inform the design; activated powers, target-dependent riders and critical-only effects are not inferred from a Strike.",""
"Bottled Sunlight (Greater)","AH0u9DDvs4napvdh","thrown","flask","vitality","20","e35c6d69e3717076","flask throw across 20 ft increments. vitality + fire native damage, permanent runes or always-on own-weapon damage rules supply the contact accents. radiance contents at impact. Target-centered contents cue; lingering artwork is brief and does not track a condition or splash footprint. Native weapon data and full description inform the design; activated powers, target-dependent riders and critical-only effects are not inferred from a Strike.",""
"Bottled Sunlight (Lesser)","iGT4UeQq3YFcNpEb","thrown","flask","vitality","20","f9b8d372de856502","flask throw across 20 ft increments. vitality + fire native damage, permanent runes or always-on own-weapon damage rules supply the contact accents. radiance contents at impact. Target-centered contents cue; lingering artwork is brief and does not track a condition or splash footprint. Native weapon data and full description inform the design; activated powers, target-dependent riders and critical-only effects are not inferred from a Strike.",""
"Bottled Sunlight (Major)","xoucExiZTvCbjWMB","thrown","flask","vitality","20","fc38d057bf25978f","flask throw across 20 ft increments. vitality + fire native damage, permanent runes or always-on own-weapon damage rules supply the contact accents. radiance contents at impact. Target-centered contents cue; lingering artwork is brief and does not track a condition or splash footprint. Native weapon data and full description inform the design; activated powers, target-dependent riders and critical-only effects are not inferred from a Strike.",""
"Bottled Sunlight (Moderate)","wIQjJGLZOKCY1es9","thrown","flask","vitality","20","963965dc3505306d","flask throw across 20 ft increments. vitality + fire native damage, permanent runes or always-on own-weapon damage rules supply the contact accents. radiance contents at impact. Target-centered contents cue; lingering artwork is brief and does not track a condition or splash footprint. Native weapon data and full description inform the design; activated powers, target-dependent riders and critical-only effects are not inferred from a Strike.",""
"Boughshatter","DGehMCf2XViTvBDu","melee","club","bludgeoning","0","f6236e839fba2886","One-handed bludgeoning contact. Physical weapon footage and restrained contact finish. earth flourish reflects the item's own traits or construction, not Strike damage. Native weapon data and full description inform the design; activated powers, target-dependent riders and critical-only effects are not inferred from a Strike.",""
"Boulder Seed","sjOkiftTv4KbR2c0","thrown","bomb","bludgeoning","20","ee659c00859004ee","bomb throw across 20 ft increments. Physical weapon footage and restrained contact finish. foam contents at impact, followed by a brief residue cue. Target-centered contents cue; lingering artwork is brief and does not track a condition or splash footprint. Native weapon data and full description inform the design; activated powers, target-dependent riders and critical-only effects are not inferred from a Strike.",""
"Boulder Seed (Greater)","OHwsumgfO1oyH7KL","thrown","bomb","bludgeoning","20","a8eceb7fec81f6cd","bomb throw across 20 ft increments. Physical weapon footage and restrained contact finish. foam contents at impact, followed by a brief residue cue. Target-centered contents cue; lingering artwork is brief and does not track a condition or splash footprint. Native weapon data and full description inform the design; activated powers, target-dependent riders and critical-only effects are not inferred from a Strike.",""
"Bounty's Light","RdJg2iIQx8lJyPWe","melee","quarterstaff","bludgeoning","0","9e2a443747ca0014","One-handed bludgeoning contact. Physical weapon footage and restrained contact finish. fire flourish reflects the item's own traits or construction, not Strike damage. Native weapon data and full description inform the design; activated powers, target-dependent riders and critical-only effects are not inferred from a Strike.",""
"Bow of Sun Slaying","fqOcjvpOdIIAx0k5","ranged","bow","piercing","60","b5c87044bf4126dc","bow shot across 60 ft increments. cold native damage, permanent runes or always-on own-weapon damage rules supply the contact accents. Native weapon data and full description inform the design; activated powers, target-dependent riders and critical-only effects are not inferred from a Strike.",""
"Bow Staff","K9ndlHU5JRHj0ivP","ranged","bow","piercing","80","3adfc5614443a616","bow shot across 80 ft increments. Physical weapon footage and restrained contact finish. Native weapon data and full description inform the design; activated powers, target-dependent riders and critical-only effects are not inferred from a Strike.",""
"Bow Staff","K9ndlHU5JRHj0ivP","melee","quarterstaff","bludgeoning","0","3adfc5614443a616","One-handed bludgeoning contact. Physical weapon footage and restrained contact finish. Native weapon data and full description inform the design; activated powers, target-dependent riders and critical-only effects are not inferred from a Strike.",""
"Branch of the Great Sugi","h7RtjyqHouB3pGgr","melee","whip","slashing","0","06f2579335bf5669","One-handed slashing contact, extended reach. Physical weapon footage and restrained contact finish. Native weapon data and full description inform the design; activated powers, target-dependent riders and critical-only effects are not inferred from a Strike.","patreon contact: jb2a.melee_generic.slashing.one_handed | free contact: jb2a.melee_generic.slash.01.orange"
"Breaching Pike","ymyPCjfyXCNyDcnn","melee","spear","piercing","0","21e6882fcf7a2e39","One-handed piercing contact, extended reach. Physical weapon footage and restrained contact finish. Native weapon data and full description inform the design; activated powers, target-dependent riders and critical-only effects are not inferred from a Strike.",""
"Breath Blaster","9jn87Bnp2kGnDFPQ","ranged","firearm","piercing","40","d787a1bc274081af","firearm shot across 40 ft increments. Physical weapon footage and restrained contact finish. Native weapon data and full description inform the design; activated powers, target-dependent riders and critical-only effects are not inferred from a Strike.",""
"Breath Blaster (Greater)","4UHTZGZosYcP28lD","ranged","firearm","piercing","40","a5df9167e5727dfe","firearm shot across 40 ft increments. Physical weapon footage and restrained contact finish. Native weapon data and full description inform the design; activated powers, target-dependent riders and critical-only effects are not inferred from a Strike.",""
"Breath Blaster (Major)","WnzQy5naKy9Gj4pY","ranged","firearm","piercing","40","16ea5045e5a0fe16","firearm shot across 40 ft increments. Physical weapon footage and restrained contact finish. Native weapon data and full description inform the design; activated powers, target-dependent riders and critical-only effects are not inferred from a Strike.",""
"Briar","FXY5YezrQ13dubnd","melee","sword","slashing","0","6412cdab2740972c","One-handed slashing contact. Physical weapon footage and restrained contact finish. Native weapon data and full description inform the design; activated powers, target-dependent riders and critical-only effects are not inferred from a Strike.",""
"Brilliant Rapier","kCN0QxUbJrvidysF","melee","rapier","fire","0","7404db28df3a7272","One-handed fire contact. fire native damage, permanent runes or always-on own-weapon damage rules supply the contact accents. holy flourish reflects the item's own traits or construction, not Strike damage. Native weapon data and full description inform the design; activated powers, target-dependent riders and critical-only effects are not inferred from a Strike.",""
"Broadspear","bzhJNnkIXdVRbjAA","melee","spear","piercing","0","3838e66fe56aa2f7","Two-handed piercing contact, extended reach. Physical weapon footage and restrained contact finish. Native weapon data and full description inform the design; activated powers, target-dependent riders and critical-only effects are not inferred from a Strike.",""
"Butchering Axe","LxqA4VC4np2RLkQb","melee","greataxe","slashing","0","76c35af99dfb05d1","Two-handed slashing contact. Physical weapon footage and restrained contact finish. Native weapon data and full description inform the design; activated powers, target-dependent riders and critical-only effects are not inferred from a Strike.",""
"Butterfly Sword","JuR0cug2xq4sWxHR","melee","butterflysword","slashing","0","edc4efae24fca854","One-handed slashing contact. Physical weapon footage and restrained contact finish. Native weapon data and full description inform the design; activated powers, target-dependent riders and critical-only effects are not inferred from a Strike.",""
"Buugeng","7WRzbBTOCsJx5f7L","melee","sword","slashing","0","0c4f1baef791e709","One-handed slashing contact. Physical weapon footage and restrained contact finish. Native weapon data and full description inform the design; activated powers, target-dependent riders and critical-only effects are not inferred from a Strike.",""
"Buzzsaw Axe","aBfyzL0WBFMBAbuI","melee","handaxe","slashing","0","6d29ad1e7410eee4","One-handed slashing contact. Physical weapon footage and restrained contact finish. Native weapon data and full description inform the design; activated powers, target-dependent riders and critical-only effects are not inferred from a Strike.",""
"Buzzsaw Axe (Greater)","mXlVJIxv6EpzwTJs","melee","handaxe","slashing","0","1b0b3802c2f16078","One-handed slashing contact. Physical weapon footage and restrained contact finish. Native weapon data and full description inform the design; activated powers, target-dependent riders and critical-only effects are not inferred from a Strike.",""
"Buzzsaw Axe (Major)","D2CnWGQ84bSjh5bz","melee","handaxe","slashing","0","2f5fc46425cac5d4","One-handed slashing contact. Physical weapon footage and restrained contact finish. Native weapon data and full description inform the design; activated powers, target-dependent riders and critical-only effects are not inferred from a Strike.",""
"Calamity","YqhEmz8dmf02b99u","melee","greatsword","slashing","0","ea4e71ba2965bbcb","Two-handed slashing contact. Physical weapon footage and restrained contact finish. Native weapon data and full description inform the design; activated powers, target-dependent riders and critical-only effects are not inferred from a Strike.",""
"Cane of the Maelstrom","h2UebueRKfVLwKOa","melee","club","slashing","0","50cafb5dbbd750bb","One-handed slashing contact. Physical weapon footage and restrained contact finish. Successful-hit Warpwave is illustrated by a finite distortion field; its random rules outcome is not applied. Patreon has multicolored footage; Free uses a blue approximation. Native weapon data and full description inform the design; activated powers, target-dependent riders and critical-only effects are not inferred from a Strike.","free onHit: jb2a.energy_field.01.blue"
"Cane of the Maelstrom","h2UebueRKfVLwKOa","thrown","club","slashing","10","50cafb5dbbd750bb","club throw across 10 ft increments. Physical weapon footage and restrained contact finish. Successful-hit Warpwave is illustrated by a finite distortion field; its random rules outcome is not applied. Patreon has multicolored footage; Free uses a blue approximation. Native weapon data and full description inform the design; activated powers, target-dependent riders and critical-only effects are not inferred from a Strike.","free flight: jb2a.dagger.throw.01.white | free onHit: jb2a.energy_field.01.blue"
"Cane Pistol","UnTUQ9w8yswupr9m","ranged","firearm","piercing","30","dc9f75331b008863","firearm shot across 30 ft increments. Physical weapon footage and restrained contact finish. Native weapon data and full description inform the design; activated powers, target-dependent riders and critical-only effects are not inferred from a Strike.",""
"Cane Pistol","UnTUQ9w8yswupr9m","melee","club","bludgeoning","0","dc9f75331b008863","One-handed bludgeoning contact. Physical weapon footage and restrained contact finish. Native weapon data and full description inform the design; activated powers, target-dependent riders and critical-only effects are not inferred from a Strike.",""
"Cane Pistol","UnTUQ9w8yswupr9m","thrown","club","bludgeoning","10","dc9f75331b008863","club throw across 10 ft increments. Physical weapon footage and restrained contact finish. Native weapon data and full description inform the design; activated powers, target-dependent riders and critical-only effects are not inferred from a Strike.","free flight: jb2a.dagger.throw.01.white"
"Capturing Spetum","IBxtmyiVjWVqFawh","melee","glaive","piercing","0","202b387e138b78bf","Two-handed piercing contact, extended reach. Physical weapon footage and restrained contact finish. Native weapon data and full description inform the design; activated powers, target-dependent riders and critical-only effects are not inferred from a Strike.",""
"Caress of the Great Serpent","FlZUF29msGVibG5k","melee","whip","slashing","0","3b0e9ef3965fb0b5","One-handed slashing contact. Physical weapon footage and restrained contact finish. Native weapon data and full description inform the design; activated powers, target-dependent riders and critical-only effects are not inferred from a Strike.","patreon contact: jb2a.melee_generic.slashing.one_handed | free contact: jb2a.melee_generic.slash.01.orange"
"Carver-cutter","0liiZqvhcM69tKl9","melee","handaxe","slashing","0","0e7e6571de5bc9d0","One-handed slashing contact. Physical weapon footage and restrained contact finish. plant flourish reflects the item's own traits or construction, not Strike damage. Native weapon data and full description inform the design; activated powers, target-dependent riders and critical-only effects are not inferred from a Strike.",""
"Carver-cutter (Greater)","MNx8UznusoyRy06k","melee","handaxe","slashing","0","5a97e95188142d40","One-handed slashing contact. Physical weapon footage and restrained contact finish. plant flourish reflects the item's own traits or construction, not Strike damage. Native weapon data and full description inform the design; activated powers, target-dependent riders and critical-only effects are not inferred from a Strike.",""
"Carver-cutter (Major)","O5PgCWNhFtTFL7S5","melee","handaxe","slashing","0","d381082dc72cf4ce","One-handed slashing contact. Physical weapon footage and restrained contact finish. plant flourish reflects the item's own traits or construction, not Strike damage. Native weapon data and full description inform the design; activated powers, target-dependent riders and critical-only effects are not inferred from a Strike.",""
"Carver-cutter (True)","ePmUVkh4NgM4eGdR","melee","handaxe","slashing","0","ae1f08da84b3d1bf","One-handed slashing contact. Physical weapon footage and restrained contact finish. plant flourish reflects the item's own traits or construction, not Strike damage. Native weapon data and full description inform the design; activated powers, target-dependent riders and critical-only effects are not inferred from a Strike.",""
"Castrovel's Beacon","y5ibQXac9BbzrYoT","melee","rapier","piercing","0","29c07714d7c1fc93","One-handed piercing contact. fire native damage, permanent runes or always-on own-weapon damage rules supply the contact accents. Native weapon data and full description inform the design; activated powers, target-dependent riders and critical-only effects are not inferred from a Strike.",""
"Caterwaul Sling","2KNAip9W6IoBrfIU","ranged","sling","bludgeoning","60","ca2d9e7941ad5865","sling shot across 60 ft increments. Physical weapon footage and restrained contact finish. Native weapon data and full description inform the design; activated powers, target-dependent riders and critical-only effects are not inferred from a Strike.","free flight: jb2a.dagger.throw.01.white"
"Catoblepas Maul","DlvJ0PgEGTGfEgUi","melee","maul","bludgeoning","0","4d1b30d8d88ab216","Two-handed bludgeoning contact. Physical weapon footage and restrained contact finish. Native weapon data and full description inform the design; activated powers, target-dependent riders and critical-only effects are not inferred from a Strike.",""
"Cavalry Commander's Lance","0oU6xeU1fV66O47y","melee","spear","piercing","0","aae83fa7aea6f29f","Two-handed piercing contact, extended reach. Physical weapon footage and restrained contact finish. Native weapon data and full description inform the design; activated powers, target-dependent riders and critical-only effects are not inferred from a Strike.",""
"Cayden's Tankard","LMKw9PCVGeZy7knY","melee","hammer","bludgeoning","0","69639f71343cafd6","One-handed bludgeoning contact. electricity native damage, permanent runes or always-on own-weapon damage rules supply the contact accents. Native weapon data and full description inform the design; activated powers, target-dependent riders and critical-only effects are not inferred from a Strike.",""
"Cayden's Tankard","LMKw9PCVGeZy7knY","thrown","hammer","bludgeoning","20","69639f71343cafd6","hammer throw across 20 ft increments. electricity native damage, permanent runes or always-on own-weapon damage rules supply the contact accents. Native weapon data and full description inform the design; activated powers, target-dependent riders and critical-only effects are not inferred from a Strike.","free flight: jb2a.dagger.throw.01.white | free return: jb2a.dagger.return.01.white"
"Celestial Peachwood Sword","TKvAPv3jgv4l143r","melee","shortsword","piercing","0","07557e0889e97278","One-handed piercing contact. spirit native damage, permanent runes or always-on own-weapon damage rules supply the contact accents. Native weapon data and full description inform the design; activated powers, target-dependent riders and critical-only effects are not inferred from a Strike.",""
"Celestial Staff","S1ALL8osqV1pOtf3","melee","quarterstaff","bludgeoning","0","699ba32564cef610","One-handed bludgeoning contact. spirit native damage, permanent runes or always-on own-weapon damage rules supply the contact accents. Native weapon data and full description inform the design; activated powers, target-dependent riders and critical-only effects are not inferred from a Strike.",""
"Chain of Command","0wwEdvm0u9LswjQO","melee","flail","slashing","0","c66111eed6c46a9c","Two-handed slashing contact. Physical weapon footage and restrained contact finish. Native weapon data and full description inform the design; activated powers, target-dependent riders and critical-only effects are not inferred from a Strike.",""
"Chain Sword","JlakyeGJjNbryq6v","melee","sword","slashing","0","06ca65aee50de1b4","One-handed slashing contact, extended reach. Physical weapon footage and restrained contact finish. Native weapon data and full description inform the design; activated powers, target-dependent riders and critical-only effects are not inferred from a Strike.",""
"Chainbreaker","zmgF0sh9YicCngev","melee","pick","piercing","0","161e1047a447d103","One-handed piercing contact. Physical weapon footage and restrained contact finish. Native weapon data and full description inform the design; activated powers, target-dependent riders and critical-only effects are not inferred from a Strike.","free contact: jb2a.melee_generic.slash.01.orange"
"Chainbreaker (Greater)","hgyktS6n2t5MztjW","melee","pick","piercing","0","4e1bf830351999ea","One-handed piercing contact. Physical weapon footage and restrained contact finish. Native weapon data and full description inform the design; activated powers, target-dependent riders and critical-only effects are not inferred from a Strike.","free contact: jb2a.melee_generic.slash.01.orange"
"Chakram","EtfVzTsCYULkEzFk","thrown","chakram","slashing","20","0d115d4952bce6c7","chakram throw across 20 ft increments. Physical weapon footage and restrained contact finish. Native weapon data and full description inform the design; activated powers, target-dependent riders and critical-only effects are not inferred from a Strike.","free flight: jb2a.dagger.throw.01.white"
"Chakri","rhHGULVS5tumszGP","thrown","chakram","slashing","40","702b619110a487c2","chakram throw across 40 ft increments. Physical weapon footage and restrained contact finish. Native weapon data and full description inform the design; activated powers, target-dependent riders and critical-only effects are not inferred from a Strike.","free flight: jb2a.dagger.throw.01.white"
"Chakri (Lost Omens)","0GEXLXh8M5Ce6oYT","thrown","chakram","slashing","30","a824511f7377165d","chakram throw across 30 ft increments. Physical weapon footage and restrained contact finish. Native weapon data and full description inform the design; activated powers, target-dependent riders and critical-only effects are not inferred from a Strike.","free flight: jb2a.dagger.throw.01.white"
"Chalice of Justice","OIs6WPuCRh2UJTOe","melee","sword","slashing","0","3b32aaba647f57f1","One-handed slashing contact. spirit native damage, permanent runes or always-on own-weapon damage rules supply the contact accents. Native weapon data and full description inform the design; activated powers, target-dependent riders and critical-only effects are not inferred from a Strike.",""
"Chaplain's Cudgel","yHtlXoXKPis7eTR0","melee","mace","bludgeoning","0","715f5de81faa96eb","One-handed bludgeoning contact. Physical weapon footage and restrained contact finish. Native weapon data and full description inform the design; activated powers, target-dependent riders and critical-only effects are not inferred from a Strike.",""
"Chatterer of Follies","rsqPU9IRM6tk2eHc","melee","club","bludgeoning","0","8a59d87ed1ea990a","One-handed bludgeoning contact. Physical weapon footage and restrained contact finish. Native weapon data and full description inform the design; activated powers, target-dependent riders and critical-only effects are not inferred from a Strike.",""
"Chimera Flail","OaZG6jQcDQ5uCRqZ","melee","flail","bludgeoning","0","a2956da03eba329d","Two-handed bludgeoning contact. Physical weapon footage and restrained contact finish. Native weapon data and full description inform the design; activated powers, target-dependent riders and critical-only effects are not inferred from a Strike.",""
"Chimera's Claw","uLPTj8MCrJNIC8IV","melee","warhammer","bludgeoning","0","76341a33e262446b","One-handed bludgeoning contact. Physical weapon footage and restrained contact finish. Native weapon data and full description inform the design; activated powers, target-dependent riders and critical-only effects are not inferred from a Strike.",""
"Chronomancer Staff","XBn3aapPC0x7X13W","melee","quarterstaff","bludgeoning","0","be5f4524625493ad","One-handed bludgeoning contact. Physical weapon footage and restrained contact finish. Native weapon data and full description inform the design; activated powers, target-dependent riders and critical-only effects are not inferred from a Strike.",""
"Cinderclaw Gauntlet","Dti9PZZoty6We8OV","melee","unarmed","piercing","0","af4058f1e5f7cbe4","One-handed piercing contact. Physical weapon footage and restrained contact finish. Native weapon data and full description inform the design; activated powers, target-dependent riders and critical-only effects are not inferred from a Strike.",""
"Clan Dagger","kJJvKm80KwWXPukV","melee","dagger","piercing","0","2ce4cad0ab78e0fb","One-handed piercing contact. Physical weapon footage and restrained contact finish. Native weapon data and full description inform the design; activated powers, target-dependent riders and critical-only effects are not inferred from a Strike.",""
"Clan Pistol","BtncTx8EfxTsHqQI","ranged","firearm","piercing","80","a12f83921706208c","firearm shot across 80 ft increments. Physical weapon footage and restrained contact finish. Native weapon data and full description inform the design; activated powers, target-dependent riders and critical-only effects are not inferred from a Strike.",""
"Claw Blade","fvvfZxfGV9i3urkd","melee","dagger","slashing","0","925f2c914092199a","One-handed slashing contact. Physical weapon footage and restrained contact finish. Native weapon data and full description inform the design; activated powers, target-dependent riders and critical-only effects are not inferred from a Strike.",""
"Clear Cutter's Axe","Q2oyGb8l2hU7jYAi","melee","handaxe","slashing","0","f55c549e5c9ad332","One-handed slashing contact. Physical weapon footage and restrained contact finish. Native weapon data and full description inform the design; activated powers, target-dependent riders and critical-only effects are not inferred from a Strike.",""
"Clear Cutter's Axe","Q2oyGb8l2hU7jYAi","thrown","handaxe","slashing","10","f55c549e5c9ad332","handaxe throw across 10 ft increments. Physical weapon footage and restrained contact finish. Native weapon data and full description inform the design; activated powers, target-dependent riders and critical-only effects are not inferred from a Strike.","free flight: jb2a.dagger.throw.01.white | free return: jb2a.dagger.return.01.white"
"Clockwork Macuahuitl","BJuqdqbflAcuCJkt","melee","greatclub","slashing","0","f06c3e8726dd2151","Two-handed slashing contact. Physical weapon footage and restrained contact finish. Native weapon data and full description inform the design; activated powers, target-dependent riders and critical-only effects are not inferred from a Strike.",""
"Club","c58wczIzH2gzeXQL","melee","club","bludgeoning","0","05e365ec2e4ee27e","One-handed bludgeoning contact. Physical weapon footage and restrained contact finish. Native weapon data and full description inform the design; activated powers, target-dependent riders and critical-only effects are not inferred from a Strike.",""
"Club","c58wczIzH2gzeXQL","thrown","club","bludgeoning","10","05e365ec2e4ee27e","club throw across 10 ft increments. Physical weapon footage and restrained contact finish. Native weapon data and full description inform the design; activated powers, target-dependent riders and critical-only effects are not inferred from a Strike.","free flight: jb2a.dagger.throw.01.white"
"Coat Pistol","LLYD2GEhzhdxoCAx","ranged","firearm","piercing","30","39540935c2d4ec74","firearm shot across 30 ft increments. Physical weapon footage and restrained contact finish. Native weapon data and full description inform the design; activated powers, target-dependent riders and critical-only effects are not inferred from a Strike.",""
"Coldstar Pistols","JYtqvOyF11GUsQTB","ranged","firearm","piercing","120","7ac1dbf4d638b00a","firearm shot across 120 ft increments. fire + cold native damage, permanent runes or always-on own-weapon damage rules supply the contact accents. Native weapon data and full description inform the design; activated powers, target-dependent riders and critical-only effects are not inferred from a Strike.",""
"Combat Fishing Pole","d11vAXNTniXKWXIx","melee","flail","bludgeoning","0","51f2e210818a10a8","Two-handed bludgeoning contact. Physical weapon footage and restrained contact finish. Native weapon data and full description inform the design; activated powers, target-dependent riders and critical-only effects are not inferred from a Strike.",""
"Combat Fishing Pole","d11vAXNTniXKWXIx","thrown","weight","bludgeoning","20","51f2e210818a10a8","weight throw across 20 ft increments. Physical weapon footage and restrained contact finish. Native weapon data and full description inform the design; activated powers, target-dependent riders and critical-only effects are not inferred from a Strike.","free flight: jb2a.dagger.throw.01.white"
"Combat Grapnel","3T3ayvgw9HDn05Mz","melee","flail","piercing","0","49aa88def1c4dfde","Two-handed piercing contact. Physical weapon footage and restrained contact finish. Native weapon data and full description inform the design; activated powers, target-dependent riders and critical-only effects are not inferred from a Strike.",""
"Combat Grapnel","3T3ayvgw9HDn05Mz","thrown","hook","piercing","20","49aa88def1c4dfde","hook throw across 20 ft increments. Physical weapon footage and restrained contact finish. Native weapon data and full description inform the design; activated powers, target-dependent riders and critical-only effects are not inferred from a Strike.",""
"Combat Lure","5qW06ylMkJ0wToDd","melee","flail","bludgeoning","0","aba124f1db6f1aaf","Two-handed bludgeoning contact. Physical weapon footage and restrained contact finish. Native weapon data and full description inform the design; activated powers, target-dependent riders and critical-only effects are not inferred from a Strike.",""
"Combat Lure","5qW06ylMkJ0wToDd","thrown","weight","bludgeoning","20","aba124f1db6f1aaf","weight throw across 20 ft increments. Physical weapon footage and restrained contact finish. Native weapon data and full description inform the design; activated powers, target-dependent riders and critical-only effects are not inferred from a Strike.","free flight: jb2a.dagger.throw.01.white"
"Composer Staff","6TC4FywUTzVAK97v","melee","quarterstaff","bludgeoning","0","5a04c059ccde71c7","One-handed bludgeoning contact. Physical weapon footage and restrained contact finish. Native weapon data and full description inform the design; activated powers, target-dependent riders and critical-only effects are not inferred from a Strike.",""
"Composer Staff (Greater)","KSHZBPFxPD6uCZXM","melee","quarterstaff","bludgeoning","0","4c8d607f23784835","One-handed bludgeoning contact. Physical weapon footage and restrained contact finish. Native weapon data and full description inform the design; activated powers, target-dependent riders and critical-only effects are not inferred from a Strike.",""
"Composer Staff (Major)","pBPVm5JjKfKX8gaX","melee","quarterstaff","bludgeoning","0","f1b32052d45e147c","One-handed bludgeoning contact. Physical weapon footage and restrained contact finish. Native weapon data and full description inform the design; activated powers, target-dependent riders and critical-only effects are not inferred from a Strike.",""
"Composite Longbow","dUC8Fsa6FZtVikS3","ranged","bow","piercing","100","d2eab9082e990dca","bow shot across 100 ft increments. Physical weapon footage and restrained contact finish. Native weapon data and full description inform the design; activated powers, target-dependent riders and critical-only effects are not inferred from a Strike.",""
"Composite Shortbow","e4NwsnPnpQKbDZ9F","ranged","bow","piercing","60","a7fd9b52661df2a4","bow shot across 60 ft increments. Physical weapon footage and restrained contact finish. Native weapon data and full description inform the design; activated powers, target-dependent riders and critical-only effects are not inferred from a Strike.",""
"Conflagration Club","PFmBfQ4xENK3jX4M","melee","greatclub","bludgeoning","0","271a953d9b29c786","Two-handed bludgeoning contact. Physical weapon footage and restrained contact finish. Native weapon data and full description inform the design; activated powers, target-dependent riders and critical-only effects are not inferred from a Strike.",""
"Constricting Meteor","oYsyrS2hNqnAR4uy","melee","flail","bludgeoning","0","b7a8a4a5d2fa9204","Two-handed bludgeoning contact, extended reach. Physical weapon footage and restrained contact finish. Native weapon data and full description inform the design; activated powers, target-dependent riders and critical-only effects are not inferred from a Strike.",""
"Continuum Staff","dlnAvDH2frZF23l8","melee","quarterstaff","bludgeoning","0","fcca5f69f45259b6","One-handed bludgeoning contact. Physical weapon footage and restrained contact finish. Native weapon data and full description inform the design; activated powers, target-dependent riders and critical-only effects are not inferred from a Strike.",""
"Cooperative Blade","KXoJIPHbdz746Rec","melee","sword","slashing","0","8e4eeac6895a9075","One-handed slashing contact. Physical weapon footage and restrained contact finish. Native weapon data and full description inform the design; activated powers, target-dependent riders and critical-only effects are not inferred from a Strike.",""
"Corrosive Staff","2BErYoyOCnRBQGEj","melee","quarterstaff","bludgeoning","0","486b6492df8d07e1","One-handed bludgeoning contact. Physical weapon footage and restrained contact finish. acid flourish reflects the item's own traits or construction, not Strike damage. Native weapon data and full description inform the design; activated powers, target-dependent riders and critical-only effects are not inferred from a Strike.",""
"Corrosive Staff (Greater)","QIyNSdh4v2vmGdH0","melee","quarterstaff","bludgeoning","0","66ef7d30b8d388d1","One-handed bludgeoning contact. Physical weapon footage and restrained contact finish. acid flourish reflects the item's own traits or construction, not Strike damage. Native weapon data and full description inform the design; activated powers, target-dependent riders and critical-only effects are not inferred from a Strike.",""
"Corrosive Staff (Major)","dmnwpn8Ot9OVW7wY","melee","quarterstaff","bludgeoning","0","20a4b673a9c0ec11","One-handed bludgeoning contact. Physical weapon footage and restrained contact finish. acid flourish reflects the item's own traits or construction, not Strike damage. Native weapon data and full description inform the design; activated powers, target-dependent riders and critical-only effects are not inferred from a Strike.",""
"Corset Knife","mSOYAQb8iq1N1S1I","melee","dagger","piercing","0","d8eec387a4dbd363","One-handed piercing contact. Physical weapon footage and restrained contact finish. Native weapon data and full description inform the design; activated powers, target-dependent riders and critical-only effects are not inferred from a Strike.",""
"Corset Knife","mSOYAQb8iq1N1S1I","thrown","dagger","piercing","10","d8eec387a4dbd363","dagger throw across 10 ft increments. Physical weapon footage and restrained contact finish. Native weapon data and full description inform the design; activated powers, target-dependent riders and critical-only effects are not inferred from a Strike.",""
"Crescent Cross","KaYvuSNXZaOammij","ranged","bow","piercing","30","6677e3ece379e36f","bow shot across 30 ft increments. Physical weapon footage and restrained contact finish. Native weapon data and full description inform the design; activated powers, target-dependent riders and critical-only effects are not inferred from a Strike.",""
"Crescent Cross","KaYvuSNXZaOammij","melee","dagger","slashing","0","6677e3ece379e36f","One-handed slashing contact. Physical weapon footage and restrained contact finish. Native weapon data and full description inform the design; activated powers, target-dependent riders and critical-only effects are not inferred from a Strike.",""
"Crimson Bluff","TD44V3u77AMbOnTo","melee","sword","slashing","0","854886f21056f5a0","One-handed slashing contact. Physical weapon footage and restrained contact finish. Native weapon data and full description inform the design; activated powers, target-dependent riders and critical-only effects are not inferred from a Strike.",""
"Crimson Brand","k5P9YZO4ARlE4By3","melee","sword","slashing","0","9c5d983666af9425","One-handed slashing contact. bleed native damage, permanent runes or always-on own-weapon damage rules supply the contact accents. Brief native persistent-damage cue follows contact. Native weapon data and full description inform the design; activated powers, target-dependent riders and critical-only effects are not inferred from a Strike.",""
"Crimson Thorn","sAhQdzMThRXu4556","melee","sword","slashing","0","6001a9afabe402f4","One-handed slashing contact, extended reach. Physical weapon footage and restrained contact finish. Native weapon data and full description inform the design; activated powers, target-dependent riders and critical-only effects are not inferred from a Strike.",""
"Crossbow","62nnVQvGhoVLLl2K","ranged","crossbow","piercing","120","24a5b8f4136e96db","crossbow shot across 120 ft increments. Physical weapon footage and restrained contact finish. Native weapon data and full description inform the design; activated powers, target-dependent riders and critical-only effects are not inferred from a Strike.",""
"Cruuk","v8C4hkqMNeUk60Db","melee","club","bludgeoning","0","75f042232c278651","One-handed bludgeoning contact. Physical weapon footage and restrained contact finish. Native weapon data and full description inform the design; activated powers, target-dependent riders and critical-only effects are not inferred from a Strike.",""
"Cruuk","v8C4hkqMNeUk60Db","thrown","club","bludgeoning","30","75f042232c278651","club throw across 30 ft increments. Physical weapon footage and restrained contact finish. Native weapon data and full description inform the design; activated powers, target-dependent riders and critical-only effects are not inferred from a Strike.","free flight: jb2a.dagger.throw.01.white"
"Crystal Shards (Greater)","ivaL0xt33k6QNwQK","thrown","flask","piercing","20","9d4514f5f4dd8a10","flask throw across 20 ft increments. Physical weapon footage and restrained contact finish. crystal contents at impact, followed by a brief residue cue. Target-centered contents cue; lingering artwork is brief and does not track a condition or splash footprint. Native weapon data and full description inform the design; activated powers, target-dependent riders and critical-only effects are not inferred from a Strike.",""
"Crystal Shards (Major)","V2knI4GpdJYLupjg","thrown","flask","piercing","20","f7e4b84cce5d2e87","flask throw across 20 ft increments. Physical weapon footage and restrained contact finish. crystal contents at impact, followed by a brief residue cue. Target-centered contents cue; lingering artwork is brief and does not track a condition or splash footprint. Native weapon data and full description inform the design; activated powers, target-dependent riders and critical-only effects are not inferred from a Strike.",""
"Crystal Shards (Moderate)","V4wgOWYmHlbSZsVG","thrown","flask","piercing","20","bc8ba2cd2b19a110","flask throw across 20 ft increments. Physical weapon footage and restrained contact finish. crystal contents at impact, followed by a brief residue cue. Target-centered contents cue; lingering artwork is brief and does not track a condition or splash footprint. Native weapon data and full description inform the design; activated powers, target-dependent riders and critical-only effects are not inferred from a Strike.",""
"Cythbikian Staff","XnlYH66ZA7RR3QgR","melee","quarterstaff","bludgeoning","0","f05d62de1b6c245a","One-handed bludgeoning contact. Physical weapon footage and restrained contact finish. Native weapon data and full description inform the design; activated powers, target-dependent riders and critical-only effects are not inferred from a Strike.",""
"Dagger","rQWaJhI5Bko5x14Z","melee","dagger","piercing","0","8c3d42c986f0c440","One-handed piercing contact. Physical weapon footage and restrained contact finish. Native weapon data and full description inform the design; activated powers, target-dependent riders and critical-only effects are not inferred from a Strike.",""
"Dagger","rQWaJhI5Bko5x14Z","thrown","dagger","piercing","10","8c3d42c986f0c440","dagger throw across 10 ft increments. Physical weapon footage and restrained contact finish. Native weapon data and full description inform the design; activated powers, target-dependent riders and critical-only effects are not inferred from a Strike.",""
"Dagger of Eternal Sleep","1S3RgLWa1DBitB9V","melee","dagger","piercing","0","4092c160d8c6c428","One-handed piercing contact. Physical weapon footage and restrained contact finish. Native weapon data and full description inform the design; activated powers, target-dependent riders and critical-only effects are not inferred from a Strike.",""
"Dagger of Eternal Sleep","1S3RgLWa1DBitB9V","thrown","dagger","piercing","10","4092c160d8c6c428","dagger throw across 10 ft increments. Physical weapon footage and restrained contact finish. Native weapon data and full description inform the design; activated powers, target-dependent riders and critical-only effects are not inferred from a Strike.",""
"Dagger Pistol","BPQRgrJwr5GuT00g","ranged","firearm","piercing","30","4afb394121991549","firearm shot across 30 ft increments. Physical weapon footage and restrained contact finish. Native weapon data and full description inform the design; activated powers, target-dependent riders and critical-only effects are not inferred from a Strike.",""
"Dagger Pistol","BPQRgrJwr5GuT00g","melee","dagger","piercing","0","4afb394121991549","One-handed piercing contact. Physical weapon footage and restrained contact finish. Native weapon data and full description inform the design; activated powers, target-dependent riders and critical-only effects are not inferred from a Strike.",""
"Dagger Pistol","BPQRgrJwr5GuT00g","thrown","dagger","piercing","10","4afb394121991549","dagger throw across 10 ft increments. Physical weapon footage and restrained contact finish. Native weapon data and full description inform the design; activated powers, target-dependent riders and critical-only effects are not inferred from a Strike.",""
"Daikyu","RN3m5Hb5LPbdZGoO","ranged","bow","piercing","80","33a19719f14defb5","bow shot across 80 ft increments. Physical weapon footage and restrained contact finish. Native weapon data and full description inform the design; activated powers, target-dependent riders and critical-only effects are not inferred from a Strike.",""
"Dancer's Spear","fX63Af9Bf2XVarJu","melee","spear","piercing","0","c05621ed3d498412","Two-handed piercing contact, extended reach. Physical weapon footage and restrained contact finish. Native weapon data and full description inform the design; activated powers, target-dependent riders and critical-only effects are not inferred from a Strike.",""
"Dandpatta","5v2mhiBbYQDhlsw5","melee","sword","slashing","0","0ff087c85c2832c4","One-handed slashing contact. Physical weapon footage and restrained contact finish. Native weapon data and full description inform the design; activated powers, target-dependent riders and critical-only effects are not inferred from a Strike.",""
"Dart","Tt4Qw64fwrxhr5gT","thrown","javelin","piercing","20","18fd6b127141e3e5","javelin throw across 20 ft increments. Physical weapon footage and restrained contact finish. Native weapon data and full description inform the design; activated powers, target-dependent riders and critical-only effects are not inferred from a Strike.","free flight: jb2a.dagger.throw.01.white"
"Dart Umbrella","wpvfykcSSbg27DgU","ranged","blowgun","piercing","30","b45469ee797ca241","blowgun shot across 30 ft increments. Physical weapon footage and restrained contact finish. Native weapon data and full description inform the design; activated powers, target-dependent riders and critical-only effects are not inferred from a Strike.","free flight: jb2a.dagger.throw.01.white"
"Dawnsilver Tree","qRqGIxcadjjxcij3","ranged","firearm","piercing","150","bcce4e32874ed73d","firearm shot across 150 ft increments. Physical weapon footage and restrained contact finish. Native weapon data and full description inform the design; activated powers, target-dependent riders and critical-only effects are not inferred from a Strike.",""
"Dazzling Shortbow","xBp6xT689GGCYr35","ranged","bow","piercing","60","e52e01e61501e2e9","bow shot across 60 ft increments. Physical weapon footage and restrained contact finish. Native weapon data and full description inform the design; activated powers, target-dependent riders and critical-only effects are not inferred from a Strike.",""
"Deathseeker","VYmdcWj6VmUrTxJI","melee","dagger","piercing","0","10b5c96292098f81","One-handed piercing contact. bleed native damage, permanent runes or always-on own-weapon damage rules supply the contact accents. Brief native persistent-damage cue follows contact. Native weapon data and full description inform the design; activated powers, target-dependent riders and critical-only effects are not inferred from a Strike.",""
"Debilitating Dart","F0DM6K3cGjE7aaSg","thrown","dart","piercing","20","60719c93c525fcf9","dart throw across 20 ft increments. Physical weapon footage and restrained contact finish. Native weapon data and full description inform the design; activated powers, target-dependent riders and critical-only effects are not inferred from a Strike.","free flight: jb2a.dagger.throw.01.white | free return: jb2a.dagger.return.01.white"
"Deepdread Claw","jE5H6jmDJEzxGvSP","melee","spear","piercing","0","cdb7c9223312b103","One-handed piercing contact. Physical weapon footage and restrained contact finish. Native weapon data and full description inform the design; activated powers, target-dependent riders and critical-only effects are not inferred from a Strike.",""
"Deepdread Claw","jE5H6jmDJEzxGvSP","thrown","spear","piercing","20","cdb7c9223312b103","spear throw across 20 ft increments. Physical weapon footage and restrained contact finish. Native weapon data and full description inform the design; activated powers, target-dependent riders and critical-only effects are not inferred from a Strike.","free flight: jb2a.dagger.throw.01.white"
"Deflecting Branch","zXUmfJEBQ7Pfovve","melee","greatclub","bludgeoning","0","5b5b84e24ac539bf","Two-handed bludgeoning contact. Physical weapon footage and restrained contact finish. Native weapon data and full description inform the design; activated powers, target-dependent riders and critical-only effects are not inferred from a Strike.",""
"Defoliation Bomb (Greater)","tcHzNhjP6BesejWT","thrown","bomb","void","20","388bea8110e15863","bomb throw across 20 ft increments. void native damage, permanent runes or always-on own-weapon damage rules supply the contact accents. void contents at impact, followed by a brief residue cue. Target-centered contents cue; lingering artwork is brief and does not track a condition or splash footprint. Native weapon data and full description inform the design; activated powers, target-dependent riders and critical-only effects are not inferred from a Strike.",""
"Defoliation Bomb (Lesser)","M1P2Tn4e9L92Wadw","thrown","bomb","void","20","cfe1b3ca5badee6a","bomb throw across 20 ft increments. void native damage, permanent runes or always-on own-weapon damage rules supply the contact accents. void contents at impact, followed by a brief residue cue. Target-centered contents cue; lingering artwork is brief and does not track a condition or splash footprint. Native weapon data and full description inform the design; activated powers, target-dependent riders and critical-only effects are not inferred from a Strike.",""
"Defoliation Bomb (Major)","Ey3AowmoC3Fo0OJ9","thrown","bomb","void","20","ecd1873b3cb94c46","bomb throw across 20 ft increments. void native damage, permanent runes or always-on own-weapon damage rules supply the contact accents. void contents at impact, followed by a brief residue cue. Target-centered contents cue; lingering artwork is brief and does not track a condition or splash footprint. Native weapon data and full description inform the design; activated powers, target-dependent riders and critical-only effects are not inferred from a Strike.",""
"Defoliation Bomb (Moderate)","bPWqAnZAoDPko7sw","thrown","bomb","void","20","1364196f5046c268","bomb throw across 20 ft increments. void native damage, permanent runes or always-on own-weapon damage rules supply the contact accents. void contents at impact, followed by a brief residue cue. Target-centered contents cue; lingering artwork is brief and does not track a condition or splash footprint. Native weapon data and full description inform the design; activated powers, target-dependent riders and critical-only effects are not inferred from a Strike.",""
"Destiny Blade","qmplG3eR3UU2KtAH","melee","sword","slashing","0","5a8693ec5d334f2b","One-handed slashing contact. Physical weapon footage and restrained contact finish. Native weapon data and full description inform the design; activated powers, target-dependent riders and critical-only effects are not inferred from a Strike.",""
"Devil's Trident","TO8UvbBy1NfVbrdB","melee","spear","piercing","0","f458ec751f879a27","One-handed piercing contact. Physical weapon footage and restrained contact finish. Native weapon data and full description inform the design; activated powers, target-dependent riders and critical-only effects are not inferred from a Strike.",""
"Devil's Trident","TO8UvbBy1NfVbrdB","thrown","spear","piercing","20","f458ec751f879a27","spear throw across 20 ft increments. Physical weapon footage and restrained contact finish. Native weapon data and full description inform the design; activated powers, target-dependent riders and critical-only effects are not inferred from a Strike.","free flight: jb2a.dagger.throw.01.white | free return: jb2a.dagger.return.01.white"
"Dezullon Fountain","kP51e5Ul3Q1fusSg","ranged","firearm","acid","30","e450a5e9ad8975e1","firearm shot across 30 ft increments. acid native damage, permanent runes or always-on own-weapon damage rules supply the contact accents. plant flourish reflects the item's own traits or construction, not Strike damage. Native weapon data and full description inform the design; activated powers, target-dependent riders and critical-only effects are not inferred from a Strike.",""
"Dog-Bone Knife","6rWcLbV82KYwaHo1","melee","dagger","piercing","0","a2345c7f3c614b51","One-handed piercing contact. Physical weapon footage and restrained contact finish. Native weapon data and full description inform the design; activated powers, target-dependent riders and critical-only effects are not inferred from a Strike.",""
"Dog-Bone Knife","6rWcLbV82KYwaHo1","thrown","dagger","piercing","10","a2345c7f3c614b51","dagger throw across 10 ft increments. Physical weapon footage and restrained contact finish. Native weapon data and full description inform the design; activated powers, target-dependent riders and critical-only effects are not inferred from a Strike.",""
"Dogslicer","olwngGXM3hpgoLEP","melee","sword","slashing","0","4c42bc950dd3b412","One-handed slashing contact. Physical weapon footage and restrained contact finish. Native weapon data and full description inform the design; activated powers, target-dependent riders and critical-only effects are not inferred from a Strike.",""
"Donchak","Po1oeTDUaSUxeZxG","melee","glaive","slashing","0","d2aa9a1b1fdac0fa","Two-handed slashing contact, extended reach. Physical weapon footage and restrained contact finish. Native weapon data and full description inform the design; activated powers, target-dependent riders and critical-only effects are not inferred from a Strike.",""
"Donchak","Po1oeTDUaSUxeZxG","thrown","chakram","slashing","20","d2aa9a1b1fdac0fa","chakram throw across 20 ft increments. Physical weapon footage and restrained contact finish. Native weapon data and full description inform the design; activated powers, target-dependent riders and critical-only effects are not inferred from a Strike.","free flight: jb2a.dagger.throw.01.white"
"Doomsweeper","J2YjO6JfbeJCPOaT","melee","halberd","piercing","0","726cc4bd8d670e6b","Two-handed piercing contact, extended reach. Physical weapon footage and restrained contact finish. Native weapon data and full description inform the design; activated powers, target-dependent riders and critical-only effects are not inferred from a Strike.",""
"Double-Barreled Musket","rePjr9KceepKIDuB","ranged","firearm","piercing","60","f7a6aeb95172ba40","firearm shot across 60 ft increments. Physical weapon footage and restrained contact finish. Native weapon data and full description inform the design; activated powers, target-dependent riders and critical-only effects are not inferred from a Strike.",""
"Double-Barreled Pistol","MvzR9nTnvKTeNjvQ","ranged","firearm","piercing","30","3e6bf48265826c96","firearm shot across 30 ft increments. Physical weapon footage and restrained contact finish. Native weapon data and full description inform the design; activated powers, target-dependent riders and critical-only effects are not inferred from a Strike.",""
"Draddeth's Edge","DjF9liKIgV16YzMJ","melee","warhammer","bludgeoning","0","844f65890b545f62","One-handed bludgeoning contact. Physical weapon footage and restrained contact finish. Native weapon data and full description inform the design; activated powers, target-dependent riders and critical-only effects are not inferred from a Strike.",""
"Dragon Handwraps","BzVwQ0Go1GFp9R0U","melee","unarmed","bludgeoning","0","3cdd1644af06efa1","One-handed bludgeoning contact. fire native damage, permanent runes or always-on own-weapon damage rules supply the contact accents. Native weapon data and full description inform the design; activated powers, target-dependent riders and critical-only effects are not inferred from a Strike.",""
"Dragon Mouth Pistol","4gWvfeDGTSAf9LAQ","ranged","firearm","piercing","30","9d4443b92678ec2d","firearm shot across 30 ft increments. Physical weapon footage and restrained contact finish. Native weapon data and full description inform the design; activated powers, target-dependent riders and critical-only effects are not inferred from a Strike.",""
"Dragon's Crest","l3IOo6AiQj7pxPhB","melee","shield","bludgeoning","0","d72b9f573e4b2858","One-handed bludgeoning contact. Physical weapon footage and restrained contact finish. Native weapon data and full description inform the design; activated powers, target-dependent riders and critical-only effects are not inferred from a Strike.",""
"Dragon's Tongue","QwRTK0x9L04xKyU5","melee","glaive","slashing","0","b6478940f2d30a3c","One-handed slashing contact. Physical weapon footage and restrained contact finish. Native weapon data and full description inform the design; activated powers, target-dependent riders and critical-only effects are not inferred from a Strike.",""
"Dragon's Tongue (Greater)","sq33MLggeM8D7Zz3","melee","glaive","slashing","0","9f84aa5aa35d1a2e","One-handed slashing contact. Physical weapon footage and restrained contact finish. Native weapon data and full description inform the design; activated powers, target-dependent riders and critical-only effects are not inferred from a Strike.",""
"Dragon's Tongue (Major)","fukrqsWzFeRbiLbi","melee","glaive","slashing","0","07c8f0b73e5925cb","One-handed slashing contact. Physical weapon footage and restrained contact finish. Native weapon data and full description inform the design; activated powers, target-dependent riders and critical-only effects are not inferred from a Strike.",""
"Dragonfire Halfbow","ergvi4pLRMndtiQj","ranged","bow","piercing","60","cf19698b8c1bbdde","bow shot across 60 ft increments. Physical weapon footage and restrained contact finish. fire flourish reflects the item's own traits or construction, not Strike damage. Native weapon data and full description inform the design; activated powers, target-dependent riders and critical-only effects are not inferred from a Strike.",""
"Dragonprism Staff","tEI1WOo4ZRJ5cI0K","melee","quarterstaff","slashing","0","3c2940810b3b5c2a","One-handed slashing contact. Physical weapon footage and restrained contact finish. Native weapon data and full description inform the design; activated powers, target-dependent riders and critical-only effects are not inferred from a Strike.",""
"Dragonprism Staff (Greater)","inyiBwK0zNootR6G","melee","quarterstaff","slashing","0","a8b55367a0a16d78","One-handed slashing contact. Physical weapon footage and restrained contact finish. Native weapon data and full description inform the design; activated powers, target-dependent riders and critical-only effects are not inferred from a Strike.",""
"Dragonscale Bo Staff","ZsmASTxnrtZX9JDH","melee","quarterstaff","bludgeoning","0","decb7544813caecc","Two-handed bludgeoning contact, extended reach. Physical weapon footage and restrained contact finish. Native weapon data and full description inform the design; activated powers, target-dependent riders and critical-only effects are not inferred from a Strike.",""
"Dragonscale Staff","4jZqYIyouoK7xe8u","melee","quarterstaff","bludgeoning","0","42fe09e59de42cd2","Two-handed bludgeoning contact, extended reach. Physical weapon footage and restrained contact finish. Native weapon data and full description inform the design; activated powers, target-dependent riders and critical-only effects are not inferred from a Strike.",""
"Dragontooth Club","SQrkh42q3EYgygx8","melee","club","slashing","0","46892adc0a1417d7","One-handed slashing contact. Physical weapon footage and restrained contact finish. Native weapon data and full description inform the design; activated powers, target-dependent riders and critical-only effects are not inferred from a Strike.",""
"Dragontooth Leiomano","Blo642O1qsgsvYEB","melee","club","slashing","0","3cfa0d13394dbaed","One-handed slashing contact. Physical weapon footage and restrained contact finish. Native weapon data and full description inform the design; activated powers, target-dependent riders and critical-only effects are not inferred from a Strike.",""
"Drake Rifle (Acid)","FU9tZ3neEPM8szay","ranged","spittle","acid","150","38315d49d26bdd6e","spittle shot across 150 ft increments. acid native damage, permanent runes or always-on own-weapon damage rules supply the contact accents. Native weapon data and full description inform the design; activated powers, target-dependent riders and critical-only effects are not inferred from a Strike.","patreon flight: jb2a.spell_projectile.poison.greenyellow | patreon accent: jb2a.liquid.splash.green | free flight: jb2a.arrow.poison.green.01 | free accent: jb2a.liquid.splash.blue"
"Drake Rifle (Cold)","5TOdQaW1XEjDhTP0","ranged","spittle","cold","150","2c7df475fe99025f","spittle shot across 150 ft increments. cold native damage, permanent runes or always-on own-weapon damage rules supply the contact accents. Native weapon data and full description inform the design; activated powers, target-dependent riders and critical-only effects are not inferred from a Strike.",""
"Drake Rifle (Electricity)","h1G2xCiMrHd7uFko","ranged","spittle","electricity","150","fff467db553290a0","spittle shot across 150 ft increments. electricity native damage, permanent runes or always-on own-weapon damage rules supply the contact accents. Native weapon data and full description inform the design; activated powers, target-dependent riders and critical-only effects are not inferred from a Strike.","patreon flight: jb2a.bolt.lightning.blue"
"Drake Rifle (Fire)","Gfu13B6b9eDdHCtV","ranged","spittle","fire","150","186adbf30097f450","spittle shot across 150 ft increments. fire native damage, permanent runes or always-on own-weapon damage rules supply the contact accents. Native weapon data and full description inform the design; activated powers, target-dependent riders and critical-only effects are not inferred from a Strike.",""
"Drake Rifle (Poison)","ywUMtG1viqbnDFYT","ranged","spittle","poison","150","f2a3141ede592f49","spittle shot across 150 ft increments. poison native damage, permanent runes or always-on own-weapon damage rules supply the contact accents. Native weapon data and full description inform the design; activated powers, target-dependent riders and critical-only effects are not inferred from a Strike.","free flight: jb2a.arrow.poison.green.01"
"Drazmorg's Staff of All-Sight","0nVHDnehORCQlqP5","melee","quarterstaff","bludgeoning","0","a8dacc7268e78ef2","One-handed bludgeoning contact. Physical weapon footage and restrained contact finish. Native weapon data and full description inform the design; activated powers, target-dependent riders and critical-only effects are not inferred from a Strike.",""
"Dread Ampoule (Greater)","kpJmjm843vaMZjIu","thrown","flask","mental","20","e2bb6fbef68ab1aa","flask throw across 20 ft increments. mental native damage, permanent runes or always-on own-weapon damage rules supply the contact accents. gas contents at impact. Target-centered contents cue; lingering artwork is brief and does not track a condition or splash footprint. Native weapon data and full description inform the design; activated powers, target-dependent riders and critical-only effects are not inferred from a Strike.",""
"Dread Ampoule (Lesser)","ds0OdA989ZZw9km1","thrown","flask","mental","20","0f23781357f50a89","flask throw across 20 ft increments. mental native damage, permanent runes or always-on own-weapon damage rules supply the contact accents. gas contents at impact. Target-centered contents cue; lingering artwork is brief and does not track a condition or splash footprint. Native weapon data and full description inform the design; activated powers, target-dependent riders and critical-only effects are not inferred from a Strike.",""
"Dread Ampoule (Major)","MCHYtxP8E7njLC3s","thrown","flask","mental","20","8227d6b6c871e866","flask throw across 20 ft increments. mental native damage, permanent runes or always-on own-weapon damage rules supply the contact accents. gas contents at impact. Target-centered contents cue; lingering artwork is brief and does not track a condition or splash footprint. Native weapon data and full description inform the design; activated powers, target-dependent riders and critical-only effects are not inferred from a Strike.",""
"Dread Ampoule (Moderate)","IvFEJqp2MUew65nQ","thrown","flask","mental","20","d6fbefc88da97c01","flask throw across 20 ft increments. mental native damage, permanent runes or always-on own-weapon damage rules supply the contact accents. gas contents at impact. Target-centered contents cue; lingering artwork is brief and does not track a condition or splash footprint. Native weapon data and full description inform the design; activated powers, target-dependent riders and critical-only effects are not inferred from a Strike.",""
"Dreamcrusher","9QugctA7ZTeCIsx2","melee","sword","slashing","0","37c049b12b51ede9","One-handed slashing contact. Physical weapon footage and restrained contact finish. Native weapon data and full description inform the design; activated powers, target-dependent riders and critical-only effects are not inferred from a Strike.",""
"Duchy Defender","K5PVPhK5EVM2Fxgg","ranged","firearm","piercing","70","c4c215d3c05c277d","firearm shot across 70 ft increments. fire native damage, permanent runes or always-on own-weapon damage rules supply the contact accents. Native weapon data and full description inform the design; activated powers, target-dependent riders and critical-only effects are not inferred from a Strike.",""
"Dueling Pistol","ogv5nwwrc3sU8DnP","ranged","firearm","piercing","60","5f84bbb6ae2eaa95","firearm shot across 60 ft increments. Physical weapon footage and restrained contact finish. Native weapon data and full description inform the design; activated powers, target-dependent riders and critical-only effects are not inferred from a Strike.",""
"Dueling Spear","d3Xv6QDWkpeg7VZn","melee","spear","piercing","0","a67802fdbd235bc2","Two-handed piercing contact. Physical weapon footage and restrained contact finish. Native weapon data and full description inform the design; activated powers, target-dependent riders and critical-only effects are not inferred from a Strike.",""
"Durian Bomb (Greater)","mE2MpteGPmGeYbOL","thrown","bomb","piercing","20","0abd011c6aa6057a","bomb throw across 20 ft increments. Physical weapon footage and restrained contact finish. gas contents at impact. Target-centered contents cue; lingering artwork is brief and does not track a condition or splash footprint. Green odor is symbolic stench, not poison damage; fruit needles supply the physical contact. Native weapon data and full description inform the design; activated powers, target-dependent riders and critical-only effects are not inferred from a Strike.",""
"Durian Bomb (Lesser)","RIhdmH0yMzht7OD5","thrown","bomb","piercing","20","635db378535732af","bomb throw across 20 ft increments. Physical weapon footage and restrained contact finish. gas contents at impact. Target-centered contents cue; lingering artwork is brief and does not track a condition or splash footprint. Green odor is symbolic stench, not poison damage; fruit needles supply the physical contact. Native weapon data and full description inform the design; activated powers, target-dependent riders and critical-only effects are not inferred from a Strike.",""
"Durian Bomb (Major)","9crpQ6bymgYcKGjq","thrown","bomb","piercing","20","6bd47e97c3024a8d","bomb throw across 20 ft increments. Physical weapon footage and restrained contact finish. gas contents at impact. Target-centered contents cue; lingering artwork is brief and does not track a condition or splash footprint. Green odor is symbolic stench, not poison damage; fruit needles supply the physical contact. Native weapon data and full description inform the design; activated powers, target-dependent riders and critical-only effects are not inferred from a Strike.",""
"Durian Bomb (Moderate)","B9BYJQt5Jlwv2cxv","thrown","bomb","piercing","20","d37d9560af01bab2","bomb throw across 20 ft increments. Physical weapon footage and restrained contact finish. gas contents at impact. Target-centered contents cue; lingering artwork is brief and does not track a condition or splash footprint. Green odor is symbolic stench, not poison damage; fruit needles supply the physical contact. Native weapon data and full description inform the design; activated powers, target-dependent riders and critical-only effects are not inferred from a Strike.",""
"Dwarven Daisy (Lesser)","xZFT5JdEvDi7q467","thrown","bomb","fire","20","72583f7716698572","bomb throw across 20 ft increments. fire native damage, permanent runes or always-on own-weapon damage rules supply the contact accents. firework contents at impact. Target-centered contents cue; lingering artwork is brief and does not track a condition or splash footprint. Native weapon data and full description inform the design; activated powers, target-dependent riders and critical-only effects are not inferred from a Strike.",""
"Dwarven Daisy (Moderate)","Do4rJuA1nhr2TTiF","thrown","bomb","fire","20","881acbfd834ff4c8","bomb throw across 20 ft increments. fire native damage, permanent runes or always-on own-weapon damage rules supply the contact accents. firework contents at impact. Target-centered contents cue; lingering artwork is brief and does not track a condition or splash footprint. Native weapon data and full description inform the design; activated powers, target-dependent riders and critical-only effects are not inferred from a Strike.",""
"Dwarven Dorn-Dergar","aYzWoFt5uYY31zEQ","melee","flail","bludgeoning","0","3ea762e86941b916","Two-handed bludgeoning contact, extended reach. Physical weapon footage and restrained contact finish. Native weapon data and full description inform the design; activated powers, target-dependent riders and critical-only effects are not inferred from a Strike.",""
"Dwarven Scattergun","jcIabnkJgjwzK6Og","ranged","firearm","piercing","50","a5aad729e7060377","firearm shot across 50 ft increments. Physical weapon footage and restrained contact finish. Native weapon data and full description inform the design; activated powers, target-dependent riders and critical-only effects are not inferred from a Strike.",""
"Dwarven Thrower","XK4DM8wOtcuOsji6","melee","warhammer","bludgeoning","0","552f968eb0535303","One-handed bludgeoning contact. Physical weapon footage and restrained contact finish. Native weapon data and full description inform the design; activated powers, target-dependent riders and critical-only effects are not inferred from a Strike.",""
"Dwarven War Axe","MYnh7w7EL3AcQT41","melee","handaxe","slashing","0","22bd73bf81fbaad0","One-handed slashing contact. Physical weapon footage and restrained contact finish. Native weapon data and full description inform the design; activated powers, target-dependent riders and critical-only effects are not inferred from a Strike.",""
"Earthbreaker","fcWvG7jAZDLMRBWn","melee","hammer","bludgeoning","0","70099e26f4f8b145","One-handed bludgeoning contact. Physical weapon footage and restrained contact finish. Native weapon data and full description inform the design; activated powers, target-dependent riders and critical-only effects are not inferred from a Strike.",""
"Eclipse","FCA7CE4mK85SVLz3","melee","dagger","piercing","0","ea58801eb212edcb","One-handed piercing contact. Physical weapon footage and restrained contact finish. light flourish reflects the item's own traits or construction, not Strike damage. Native weapon data and full description inform the design; activated powers, target-dependent riders and critical-only effects are not inferred from a Strike.",""
"Eclipse","FCA7CE4mK85SVLz3","thrown","dagger","piercing","20","ea58801eb212edcb","dagger throw across 20 ft increments. Physical weapon footage and restrained contact finish. light flourish reflects the item's own traits or construction, not Strike damage. Native weapon data and full description inform the design; activated powers, target-dependent riders and critical-only effects are not inferred from a Strike.",""
"Elven Branched Spear","kxrlIT6mcZ4OEAjQ","melee","spear","piercing","0","b4e0ebd60fd50c9c","Two-handed piercing contact, extended reach. Physical weapon footage and restrained contact finish. Native weapon data and full description inform the design; activated powers, target-dependent riders and critical-only effects are not inferred from a Strike.",""
"Elven Curve Blade","mgrabKkyLmvxgLBK","melee","scimitar","slashing","0","d60beeeeb05cee11","Two-handed slashing contact. Physical weapon footage and restrained contact finish. Native weapon data and full description inform the design; activated powers, target-dependent riders and critical-only effects are not inferred from a Strike.",""
"Erraticannon","XOXUFjBGO6azymyb","ranged","firearm","piercing","30","3ebc3121990fdeb1","firearm shot across 30 ft increments. Physical weapon footage and restrained contact finish. Native weapon data and full description inform the design; activated powers, target-dependent riders and critical-only effects are not inferred from a Strike.",""
"Explosive Dogslicer","cFHUt5tTA7jVPtRh","ranged","firearm","slashing","20","974bdb00a94ae29f","firearm shot across 20 ft increments. Physical weapon footage and restrained contact finish. Native weapon data and full description inform the design; activated powers, target-dependent riders and critical-only effects are not inferred from a Strike.",""
"Explosive Dogslicer","cFHUt5tTA7jVPtRh","melee","greatsword","slashing","0","974bdb00a94ae29f","Two-handed slashing contact. Physical weapon footage and restrained contact finish. Native weapon data and full description inform the design; activated powers, target-dependent riders and critical-only effects are not inferred from a Strike.",""
"Exquisite Sword Cane","RN6rEc8eSkruNLPW","melee","sword","piercing","0","3c41bbd9c3eb9488","One-handed piercing contact. Physical weapon footage and restrained contact finish. Native weapon data and full description inform the design; activated powers, target-dependent riders and critical-only effects are not inferred from a Strike.",""
"Exquisite Sword Cane Sheath","R2mDnYVqewmx3dV0","melee","club","bludgeoning","0","3c41bbd9c3eb9488","One-handed bludgeoning contact. Physical weapon footage and restrained contact finish. Native weapon data and full description inform the design; activated powers, target-dependent riders and critical-only effects are not inferred from a Strike.",""
"Falcata","xHdbwPOUgLPUtqLj","melee","sword","slashing","0","f1061a8956db8189","One-handed slashing contact. Physical weapon footage and restrained contact finish. Native weapon data and full description inform the design; activated powers, target-dependent riders and critical-only effects are not inferred from a Strike.",""
"Falchion","XGtIUZ4ZNKuFx1uL","melee","falchion","slashing","0","6a8199be1a8b81f1","Two-handed slashing contact. Physical weapon footage and restrained contact finish. Native weapon data and full description inform the design; activated powers, target-dependent riders and critical-only effects are not inferred from a Strike.",""
"Fanged Staff","OzX0dVe3C50xJAm6","melee","quarterstaff","bludgeoning","0","4b387f6dd45ca5d7","One-handed bludgeoning contact. Physical weapon footage and restrained contact finish. Native weapon data and full description inform the design; activated powers, target-dependent riders and critical-only effects are not inferred from a Strike.",""
"Fangwire","wYruARP1YLfTQBsc","melee","unarmed","slashing","0","a77ac20ba575eec5","One-handed slashing contact. Physical weapon footage and restrained contact finish. Native weapon data and full description inform the design; activated powers, target-dependent riders and critical-only effects are not inferred from a Strike.",""
"Fauchard","FuS6F91Rhd4m3T6d","melee","glaive","slashing","0","9b150215100da8c4","Two-handed slashing contact, extended reach. Physical weapon footage and restrained contact finish. Native weapon data and full description inform the design; activated powers, target-dependent riders and critical-only effects are not inferred from a Strike.",""
"Faultline Hammer","CIglJOSgO3HsBqUP","melee","hammer","bludgeoning","0","1f6ec2505c264a97","One-handed bludgeoning contact. Physical weapon footage and restrained contact finish. Native weapon data and full description inform the design; activated powers, target-dependent riders and critical-only effects are not inferred from a Strike.",""
"Fearcutter","w7usWIc20eklVVXT","melee","sword","slashing","0","2c1d7c044917207c","One-handed slashing contact. spirit native damage, permanent runes or always-on own-weapon damage rules supply the contact accents. Native weapon data and full description inform the design; activated powers, target-dependent riders and critical-only effects are not inferred from a Strike.",""
"Feng Huo Lun","yUgOLSyb4pGGxfCR","melee","dagger","slashing","0","21f26f112a54be68","One-handed slashing contact. Physical weapon footage and restrained contact finish. Native weapon data and full description inform the design; activated powers, target-dependent riders and critical-only effects are not inferred from a Strike.",""
"Fey Staff","edAiZ7A9ojZpP7Xe","melee","quarterstaff","bludgeoning","0","79c217b95ec22607","One-handed bludgeoning contact. Physical weapon footage and restrained contact finish. Native weapon data and full description inform the design; activated powers, target-dependent riders and critical-only effects are not inferred from a Strike.",""
"Fey Staff (Greater)","MoxAqfNzUvEmIy5e","melee","quarterstaff","bludgeoning","0","51bd51c2d16f08fa","One-handed bludgeoning contact. Physical weapon footage and restrained contact finish. Native weapon data and full description inform the design; activated powers, target-dependent riders and critical-only effects are not inferred from a Strike.",""
"Fey Staff (Major)","XxaNwktHoAXVk694","melee","quarterstaff","bludgeoning","0","8030005d23cf5243","One-handed bludgeoning contact. Physical weapon footage and restrained contact finish. Native weapon data and full description inform the design; activated powers, target-dependent riders and critical-only effects are not inferred from a Strike.",""
"Fiend's Hunger","ZwJXdOdnE8TcSHK1","melee","dagger","piercing","0","d08ef589a82cb00c","One-handed piercing contact. Physical weapon footage and restrained contact finish. Native weapon data and full description inform the design; activated powers, target-dependent riders and critical-only effects are not inferred from a Strike.",""
"Fiend's Hunger","ZwJXdOdnE8TcSHK1","thrown","dagger","piercing","10","d08ef589a82cb00c","dagger throw across 10 ft increments. Physical weapon footage and restrained contact finish. Native weapon data and full description inform the design; activated powers, target-dependent riders and critical-only effects are not inferred from a Strike.",""
"Fiendbreaker","ICreMLiKizKZkype","melee","quarterstaff","bludgeoning","0","4e2e8468dd850680","One-handed bludgeoning contact. spirit native damage, permanent runes or always-on own-weapon damage rules supply the contact accents. Native weapon data and full description inform the design; activated powers, target-dependent riders and critical-only effects are not inferred from a Strike.",""
"Fiendbreaker (Heroic)","wu50pzerLWnVrHG8","melee","quarterstaff","bludgeoning","0","362abc6b3cb2e435","One-handed bludgeoning contact. spirit native damage, permanent runes or always-on own-weapon damage rules supply the contact accents. Native weapon data and full description inform the design; activated powers, target-dependent riders and critical-only effects are not inferred from a Strike.",""
"Fighter's Fork","Kx6FQS5GyVB6jlrW","melee","spear","piercing","0","703bb8af7b0d078f","One-handed piercing contact. Physical weapon footage and restrained contact finish. Native weapon data and full description inform the design; activated powers, target-dependent riders and critical-only effects are not inferred from a Strike.",""
"Fighter's Fork","Kx6FQS5GyVB6jlrW","thrown","spear","piercing","20","703bb8af7b0d078f","spear throw across 20 ft increments. Physical weapon footage and restrained contact finish. Native weapon data and full description inform the design; activated powers, target-dependent riders and critical-only effects are not inferred from a Strike.","free flight: jb2a.dagger.throw.01.white"
"Fighting Fan","76AqNZB5xuFWxgJI","melee","dagger","slashing","0","ca27820da283f0c4","One-handed slashing contact. Physical weapon footage and restrained contact finish. Native weapon data and full description inform the design; activated powers, target-dependent riders and critical-only effects are not inferred from a Strike.",""
"Fighting Oar","edlvRl3zCceS7MSo","melee","glaive","bludgeoning","0","ca5075a2114ee0e4","Two-handed bludgeoning contact. Physical weapon footage and restrained contact finish. Native weapon data and full description inform the design; activated powers, target-dependent riders and critical-only effects are not inferred from a Strike.",""
"Fighting Stick","17MQKaMIHQAJNtuu","melee","club","bludgeoning","0","fe376a1d901472e9","One-handed bludgeoning contact. Physical weapon footage and restrained contact finish. Native weapon data and full description inform the design; activated powers, target-dependent riders and critical-only effects are not inferred from a Strike.",""
"Filcher's Fork","CVTgOpNuRE7hsnc1","melee","spear","piercing","0","8b8a1ddb8a5c6a8a","One-handed piercing contact. Physical weapon footage and restrained contact finish. Native weapon data and full description inform the design; activated powers, target-dependent riders and critical-only effects are not inferred from a Strike.",""
"Filcher's Fork","CVTgOpNuRE7hsnc1","thrown","spear","piercing","20","8b8a1ddb8a5c6a8a","spear throw across 20 ft increments. Physical weapon footage and restrained contact finish. Native weapon data and full description inform the design; activated powers, target-dependent riders and critical-only effects are not inferred from a Strike.","free flight: jb2a.dagger.throw.01.white"
"Final Rest","nz1v5aetUZVLBlvg","melee","sword","slashing","0","f4969fa0d7a892f8","One-handed slashing contact. Physical weapon footage and restrained contact finish. Native weapon data and full description inform the design; activated powers, target-dependent riders and critical-only effects are not inferred from a Strike.",""
"Final Stand","od3HCoOa3pnDmQB9","melee","rapier","piercing","0","249f386ea6bc265b","One-handed piercing contact. Physical weapon footage and restrained contact finish. Native weapon data and full description inform the design; activated powers, target-dependent riders and critical-only effects are not inferred from a Strike.",""
"Fire Lance","WUA40bb01pSWv88I","ranged","firearm","piercing","10","5dea7dbffb833a04","firearm shot across 10 ft increments. Physical weapon footage and restrained contact finish. Native weapon data and full description inform the design; activated powers, target-dependent riders and critical-only effects are not inferred from a Strike.",""
"Fire Poi","rfP9e1fnwjnIQSJK","melee","flail","bludgeoning","0","3e5ba344910d9e3f","One-handed bludgeoning contact. Physical weapon footage and restrained contact finish. Native weapon data and full description inform the design; activated powers, target-dependent riders and critical-only effects are not inferred from a Strike.",""
"Flail","t5FbyZtRL4qV0V7k","melee","flail","bludgeoning","0","aad76a438b095f97","One-handed bludgeoning contact. Physical weapon footage and restrained contact finish. Native weapon data and full description inform the design; activated powers, target-dependent riders and critical-only effects are not inferred from a Strike.",""
"Flashblade","QKhVKfaum7DyF53w","melee","greatsword","slashing","0","33d483e5acb0e9c9","Two-handed slashing contact, extended reach. Physical weapon footage and restrained contact finish. Native weapon data and full description inform the design; activated powers, target-dependent riders and critical-only effects are not inferred from a Strike.",""
"Flashblade (Greater)","uPtU3QGn9UdskxFh","melee","greatsword","slashing","0","6df01a31c9e37c06","Two-handed slashing contact, extended reach. Physical weapon footage and restrained contact finish. Native weapon data and full description inform the design; activated powers, target-dependent riders and critical-only effects are not inferred from a Strike.",""
"Flashblade (Major)","GWwbrnWBymUQn4JI","melee","greatsword","slashing","0","e245d7f51fb9ad0d","Two-handed slashing contact, extended reach. Physical weapon footage and restrained contact finish. Native weapon data and full description inform the design; activated powers, target-dependent riders and critical-only effects are not inferred from a Strike.",""
"Flaying Knife","dfheZ5lK0thQUTVT","melee","dagger","piercing","0","691626a8a870cd3d","One-handed piercing contact. bleed native damage, permanent runes or always-on own-weapon damage rules supply the contact accents. Brief native persistent-damage cue follows contact. Native weapon data and full description inform the design; activated powers, target-dependent riders and critical-only effects are not inferred from a Strike.",""
"Flaying Knife","dfheZ5lK0thQUTVT","thrown","dagger","piercing","10","691626a8a870cd3d","dagger throw across 10 ft increments. bleed native damage, permanent runes or always-on own-weapon damage rules supply the contact accents. Brief native persistent-damage cue follows contact. Native weapon data and full description inform the design; activated powers, target-dependent riders and critical-only effects are not inferred from a Strike.",""
"Fleshrender","PTTB9orSB4RelXF3","melee","sword","slashing","0","8502c71aa9af024c","One-handed slashing contact. Physical weapon footage and restrained contact finish. Native weapon data and full description inform the design; activated powers, target-dependent riders and critical-only effects are not inferred from a Strike.",""
"Flingflenser","EPhsyiO4jYl0jWoC","ranged","firearm","slashing","30","e3e6024a27aff767","firearm shot across 30 ft increments. Physical weapon footage and restrained contact finish. Native weapon data and full description inform the design; activated powers, target-dependent riders and critical-only effects are not inferred from a Strike.",""
"Flintlock Musket","hqMtsTwmOShdAdQW","ranged","firearm","piercing","70","8beae73bfef68a30","firearm shot across 70 ft increments. Physical weapon footage and restrained contact finish. Native weapon data and full description inform the design; activated powers, target-dependent riders and critical-only effects are not inferred from a Strike.",""
"Flintlock Pistol","N3nNqO5Nw2DIFhrv","ranged","firearm","piercing","40","d1a0a5075791021e","firearm shot across 40 ft increments. Physical weapon footage and restrained contact finish. Native weapon data and full description inform the design; activated powers, target-dependent riders and critical-only effects are not inferred from a Strike.",""
"Fluid Form Staff","B71BgdfFApkYmAjc","melee","quarterstaff","bludgeoning","0","44f1ba09b7706521","One-handed bludgeoning contact. Physical weapon footage and restrained contact finish. water flourish reflects the item's own traits or construction, not Strike damage. Native weapon data and full description inform the design; activated powers, target-dependent riders and critical-only effects are not inferred from a Strike.",""
"Fluid Form Staff (Greater)","bQynfb23iexSu8zU","melee","quarterstaff","bludgeoning","0","362e33b407a0682e","One-handed bludgeoning contact. Physical weapon footage and restrained contact finish. water flourish reflects the item's own traits or construction, not Strike damage. Native weapon data and full description inform the design; activated powers, target-dependent riders and critical-only effects are not inferred from a Strike.",""
"Fluid Form Staff (Major)","smrNvKVL976JNEab","melee","quarterstaff","bludgeoning","0","b7a91aa09f18d7ee","One-handed bludgeoning contact. Physical weapon footage and restrained contact finish. water flourish reflects the item's own traits or construction, not Strike damage. Native weapon data and full description inform the design; activated powers, target-dependent riders and critical-only effects are not inferred from a Strike.",""
"Flying Talon","ucz1WdBA0Ma34OsS","melee","flail","piercing","0","e2db0c6c14b3972d","One-handed piercing contact. Physical weapon footage and restrained contact finish. Native weapon data and full description inform the design; activated powers, target-dependent riders and critical-only effects are not inferred from a Strike.",""
"Flying Talon","ucz1WdBA0Ma34OsS","thrown","hook","piercing","10","e2db0c6c14b3972d","hook throw across 10 ft increments. Physical weapon footage and restrained contact finish. Native weapon data and full description inform the design; activated powers, target-dependent riders and critical-only effects are not inferred from a Strike.",""
"Flyssa","kbKAFqsEDWy5mN1y","melee","dagger","slashing","0","a044c04f1ec5d347","One-handed slashing contact. Physical weapon footage and restrained contact finish. Native weapon data and full description inform the design; activated powers, target-dependent riders and critical-only effects are not inferred from a Strike.",""
"Forked Bipod","PlXEjK5nqIxEYXQa","melee","spear","piercing","0","5ed5359a29a64ad2","One-handed piercing contact. Physical weapon footage and restrained contact finish. Native weapon data and full description inform the design; activated powers, target-dependent riders and critical-only effects are not inferred from a Strike.",""
"Four-Tiger Blade","05L6c6B8XuU8imfM","melee","sword","slashing","0","6f5f82cabd76b8ee","One-handed slashing contact. Physical weapon footage and restrained contact finish. light flourish reflects the item's own traits or construction, not Strike damage. Native weapon data and full description inform the design; activated powers, target-dependent riders and critical-only effects are not inferred from a Strike.",""
"Four-Ways Dogslicer","3oexArva2aEm69WV","melee","sword","slashing","0","f78fa23a6656b4b4","One-handed slashing contact. Physical weapon footage and restrained contact finish. cold + electricity + fire flourish reflects the item's own traits or construction, not Strike damage. Native weapon data and full description inform the design; activated powers, target-dependent riders and critical-only effects are not inferred from a Strike.",""
"Freedom's Flame","B4sqJnFnucXloCOu","melee","club","bludgeoning","0","93e05a6516f39d8b","One-handed bludgeoning contact. spirit native damage, permanent runes or always-on own-weapon damage rules supply the contact accents. Native weapon data and full description inform the design; activated powers, target-dependent riders and critical-only effects are not inferred from a Strike.",""
"Frost Brand","87IvbaQnkUOBgdD0","melee","greatsword","slashing","0","04538afc188632f6","Two-handed slashing contact. cold native damage, permanent runes or always-on own-weapon damage rules supply the contact accents. Native weapon data and full description inform the design; activated powers, target-dependent riders and critical-only effects are not inferred from a Strike.",""
"Frost Fair Yanyuedao","8YijFaakOFWjddJO","melee","glaive","slashing","0","46b30b661dfda9f3","Two-handed slashing contact, extended reach. Physical weapon footage and restrained contact finish. cold flourish reflects the item's own traits or construction, not Strike damage. Native weapon data and full description inform the design; activated powers, target-dependent riders and critical-only effects are not inferred from a Strike.",""
"Frost Vial (Greater)","intVPcEzbE9o4NQd","thrown","flask","cold","20","0d4bcabe64626ac3","flask throw across 20 ft increments. cold native damage, permanent runes or always-on own-weapon damage rules supply the contact accents. frost contents at impact. Target-centered contents cue; lingering artwork is brief and does not track a condition or splash footprint. Native weapon data and full description inform the design; activated powers, target-dependent riders and critical-only effects are not inferred from a Strike.",""
"Frost Vial (Lesser)","EpxmUtLpCkE8R6KJ","thrown","flask","cold","20","96036b9d97204a69","flask throw across 20 ft increments. cold native damage, permanent runes or always-on own-weapon damage rules supply the contact accents. frost contents at impact. Target-centered contents cue; lingering artwork is brief and does not track a condition or splash footprint. Native weapon data and full description inform the design; activated powers, target-dependent riders and critical-only effects are not inferred from a Strike.",""
"Frost Vial (Major)","4DJQID8GIlxQ7b9C","thrown","flask","cold","20","cabc325f8d3b90b9","flask throw across 20 ft increments. cold native damage, permanent runes or always-on own-weapon damage rules supply the contact accents. frost contents at impact. Target-centered contents cue; lingering artwork is brief and does not track a condition or splash footprint. Native weapon data and full description inform the design; activated powers, target-dependent riders and critical-only effects are not inferred from a Strike.",""
"Frost Vial (Moderate)","nVvH1ZcM7OwIVIs8","thrown","flask","cold","20","a395feba7a5374d1","flask throw across 20 ft increments. cold native damage, permanent runes or always-on own-weapon damage rules supply the contact accents. frost contents at impact. Target-centered contents cue; lingering artwork is brief and does not track a condition or splash footprint. Native weapon data and full description inform the design; activated powers, target-dependent riders and critical-only effects are not inferred from a Strike.",""
"Frying Pan","ssDxSpQTYORoeCFA","melee","club","bludgeoning","0","e472bad703068362","One-handed bludgeoning contact. Physical weapon footage and restrained contact finish. Native weapon data and full description inform the design; activated powers, target-dependent riders and critical-only effects are not inferred from a Strike.",""
"Fulminating Spear","KQRrAVdcRqtd0Lq2","melee","spear","piercing","0","58bd647161fc5ce2","One-handed piercing contact. Physical weapon footage and restrained contact finish. fire flourish reflects the item's own traits or construction, not Strike damage. Native weapon data and full description inform the design; activated powers, target-dependent riders and critical-only effects are not inferred from a Strike.",""
"Fulminating Spear","KQRrAVdcRqtd0Lq2","thrown","spear","piercing","20","58bd647161fc5ce2","spear throw across 20 ft increments. Physical weapon footage and restrained contact finish. fire flourish reflects the item's own traits or construction, not Strike damage. Native weapon data and full description inform the design; activated powers, target-dependent riders and critical-only effects are not inferred from a Strike.","free flight: jb2a.dagger.throw.01.white | free return: jb2a.dagger.return.01.white"
"Fulmination Fang","ja4phrX3anThH7hx","ranged","firearm","piercing","50","a7889c48c9606c71","firearm shot across 50 ft increments. Physical weapon footage and restrained contact finish. Native weapon data and full description inform the design; activated powers, target-dependent riders and critical-only effects are not inferred from a Strike.",""
"Fulmination Fang","ja4phrX3anThH7hx","melee","dagger","piercing","0","a7889c48c9606c71","Two-handed piercing contact. Physical weapon footage and restrained contact finish. Native weapon data and full description inform the design; activated powers, target-dependent riders and critical-only effects are not inferred from a Strike.",""
"Gada","IoJ0WpfUPWGuaqBG","melee","club","bludgeoning","0","aeea60e0dd0b6ba2","One-handed bludgeoning contact. Physical weapon footage and restrained contact finish. Native weapon data and full description inform the design; activated powers, target-dependent riders and critical-only effects are not inferred from a Strike.",""
"Gaff","NApB2Fl7i8wzp7RX","melee","quarterstaff","bludgeoning","0","4c4f15864eebe24e","One-handed bludgeoning contact. Physical weapon footage and restrained contact finish. Native weapon data and full description inform the design; activated powers, target-dependent riders and critical-only effects are not inferred from a Strike.",""
"Gakgung","0E9ADJkQUVsz7A4G","ranged","bow","piercing","100","d50cce6b4c2adf56","bow shot across 100 ft increments. Physical weapon footage and restrained contact finish. Native weapon data and full description inform the design; activated powers, target-dependent riders and critical-only effects are not inferred from a Strike.",""
"Gambler's Staff","IKuvON8e4o7ARe4p","melee","quarterstaff","bludgeoning","0","777742086af6683b","One-handed bludgeoning contact. Physical weapon footage and restrained contact finish. Native weapon data and full description inform the design; activated powers, target-dependent riders and critical-only effects are not inferred from a Strike.",""
"Gauntlet","Ix2vicchE79d6Cl3","melee","unarmed","bludgeoning","0","7a96e5957b681037","One-handed bludgeoning contact. Physical weapon footage and restrained contact finish. Native weapon data and full description inform the design; activated powers, target-dependent riders and critical-only effects are not inferred from a Strike.",""
"Gauntlet Bow","LcIfvbMPnOGYXVge","ranged","crossbow","piercing","60","b46eb7a68fa98707","crossbow shot across 60 ft increments. Physical weapon footage and restrained contact finish. Native weapon data and full description inform the design; activated powers, target-dependent riders and critical-only effects are not inferred from a Strike.",""
"Gearblade","1AHntZrWzp5e31SX","melee","greatclub","bludgeoning","0","39b2aae5e7db64e4","Two-handed bludgeoning contact. Physical weapon footage and restrained contact finish. Native weapon data and full description inform the design; activated powers, target-dependent riders and critical-only effects are not inferred from a Strike.",""
"General's Word","Tej7JTxvq1K0qGYn","melee","mace","bludgeoning","0","482c1d790c305d80","One-handed bludgeoning contact. sonic native damage, permanent runes or always-on own-weapon damage rules supply the contact accents. Native weapon data and full description inform the design; activated powers, target-dependent riders and critical-only effects are not inferred from a Strike.",""
"Ghast Stiletto","VSxLv1JRSo10waL0","melee","dagger","piercing","0","a2632257fafb1d7c","One-handed piercing contact. Physical weapon footage and restrained contact finish. Native weapon data and full description inform the design; activated powers, target-dependent riders and critical-only effects are not inferred from a Strike.",""
"Ghast Stiletto","VSxLv1JRSo10waL0","thrown","dagger","piercing","10","a2632257fafb1d7c","dagger throw across 10 ft increments. Physical weapon footage and restrained contact finish. Native weapon data and full description inform the design; activated powers, target-dependent riders and critical-only effects are not inferred from a Strike.",""
"Ghost Charge (Greater)","28osNZINXLWzqzUL","thrown","bomb","vitality","20","a8add6caff33758b","bomb throw across 20 ft increments. vitality native damage, permanent runes or always-on own-weapon damage rules supply the contact accents. radiance contents at impact. Target-centered contents cue; lingering artwork is brief and does not track a condition or splash footprint. Native weapon data and full description inform the design; activated powers, target-dependent riders and critical-only effects are not inferred from a Strike.",""
"Ghost Charge (Lesser)","LNd5u19GqC51ngby","thrown","bomb","vitality","20","0802fda7411e01a9","bomb throw across 20 ft increments. vitality native damage, permanent runes or always-on own-weapon damage rules supply the contact accents. radiance contents at impact. Target-centered contents cue; lingering artwork is brief and does not track a condition or splash footprint. Native weapon data and full description inform the design; activated powers, target-dependent riders and critical-only effects are not inferred from a Strike.",""
"Ghost Charge (Major)","i7bJcib5TUJKOd4Z","thrown","bomb","vitality","20","ee4ce12c5360e38c","bomb throw across 20 ft increments. vitality native damage, permanent runes or always-on own-weapon damage rules supply the contact accents. radiance contents at impact. Target-centered contents cue; lingering artwork is brief and does not track a condition or splash footprint. Native weapon data and full description inform the design; activated powers, target-dependent riders and critical-only effects are not inferred from a Strike.",""
"Ghost Charge (Moderate)","Wf94e8YNhZdIvWc9","thrown","bomb","vitality","20","a06d46e31d4d0972","bomb throw across 20 ft increments. vitality native damage, permanent runes or always-on own-weapon damage rules supply the contact accents. radiance contents at impact. Target-centered contents cue; lingering artwork is brief and does not track a condition or splash footprint. Native weapon data and full description inform the design; activated powers, target-dependent riders and critical-only effects are not inferred from a Strike.",""
"Ghosthand's Comet","xxSpHT2vnCFxTr0q","ranged","firearm","force","300","a486efcbc918401c","firearm shot across 300 ft increments. force native damage, permanent runes or always-on own-weapon damage rules supply the contact accents. Native weapon data and full description inform the design; activated powers, target-dependent riders and critical-only effects are not inferred from a Strike.",""
"Ghoul Stiletto","VOmOhm3Rc3VUkIu0","melee","dagger","piercing","0","9413978bff357de0","One-handed piercing contact. Physical weapon footage and restrained contact finish. Native weapon data and full description inform the design; activated powers, target-dependent riders and critical-only effects are not inferred from a Strike.",""
"Ghoul Stiletto","VOmOhm3Rc3VUkIu0","thrown","dagger","piercing","10","9413978bff357de0","dagger throw across 10 ft increments. Physical weapon footage and restrained contact finish. Native weapon data and full description inform the design; activated powers, target-dependent riders and critical-only effects are not inferred from a Strike.",""
"Giant Squid Lash","5IXLQVFWf2PEUHOJ","melee","whip","slashing","0","2107981edbadef99","One-handed slashing contact, extended reach. bleed native damage, permanent runes or always-on own-weapon damage rules supply the contact accents. Brief native persistent-damage cue follows contact. Native weapon data and full description inform the design; activated powers, target-dependent riders and critical-only effects are not inferred from a Strike.","patreon contact: jb2a.melee_generic.slashing.one_handed | free contact: jb2a.melee_generic.slash.01.orange"
"Gill Hook","FbquJr6FuXL3K373","melee","spear","piercing","0","c4434231cd6452ee","Two-handed piercing contact, extended reach. Physical weapon footage and restrained contact finish. Native weapon data and full description inform the design; activated powers, target-dependent riders and critical-only effects are not inferred from a Strike.",""
"Glacier Hammer","eWe4x49kdih5vWyG","melee","maul","bludgeoning","0","b32f0c118dbb455e","Two-handed bludgeoning contact. cold native damage, permanent runes or always-on own-weapon damage rules supply the contact accents. Native weapon data and full description inform the design; activated powers, target-dependent riders and critical-only effects are not inferred from a Strike.",""
"Gladius","wGT3VAQ8NXleUsx3","melee","shortsword","piercing","0","9936e8ed5fbc3259","One-handed piercing contact. Physical weapon footage and restrained contact finish. Native weapon data and full description inform the design; activated powers, target-dependent riders and critical-only effects are not inferred from a Strike.",""
"Glaive","vlnzTSsRmWeSkt9O","melee","glaive","slashing","0","de7e973f96f6b2b5","Two-handed slashing contact, extended reach. Physical weapon footage and restrained contact finish. Native weapon data and full description inform the design; activated powers, target-dependent riders and critical-only effects are not inferred from a Strike.",""
"Glaive of the Artist","J5It6yq3ZkN059zP","melee","glaive","slashing","0","03f01e7073daeaf6","Two-handed slashing contact, extended reach. spirit native damage, permanent runes or always-on own-weapon damage rules supply the contact accents. Native weapon data and full description inform the design; activated powers, target-dependent riders and critical-only effects are not inferred from a Strike.",""
"Gloaming Arc","7haFJ3s6G6K1TQFj","melee","scimitar","slashing","0","8cdebfd18c862436","One-handed slashing contact. Physical weapon footage and restrained contact finish. shadow flourish reflects the item's own traits or construction, not Strike damage. Native weapon data and full description inform the design; activated powers, target-dependent riders and critical-only effects are not inferred from a Strike.",""
"Gloaming Shard","HWVORFebjWAPQ2NI","melee","dagger","piercing","0","dad54ebb0873f46b","One-handed piercing contact. Physical weapon footage and restrained contact finish. shadow flourish reflects the item's own traits or construction, not Strike damage. Native weapon data and full description inform the design; activated powers, target-dependent riders and critical-only effects are not inferred from a Strike.",""
"Gloaming Shard","HWVORFebjWAPQ2NI","thrown","dagger","piercing","10","dad54ebb0873f46b","dagger throw across 10 ft increments. Physical weapon footage and restrained contact finish. shadow flourish reflects the item's own traits or construction, not Strike damage. Native weapon data and full description inform the design; activated powers, target-dependent riders and critical-only effects are not inferred from a Strike.",""
"Gloom Blade","w5ZX1R3dPvuLcuRx","melee","shortsword","piercing","0","24636d01f1297d3c","One-handed piercing contact. Physical weapon footage and restrained contact finish. Native weapon data and full description inform the design; activated powers, target-dependent riders and critical-only effects are not inferred from a Strike.",""
"Glue Bomb (Greater)","5Qkz4RVJr2Kx3RL6","thrown","bomb","bludgeoning","20","6e65e12ce8b2ce4c","bomb throw across 20 ft increments. Physical weapon footage and restrained contact finish. liquid contents at impact, followed by a brief residue cue. Target-centered contents cue; lingering artwork is brief and does not track a condition or splash footprint. Native weapon data and full description inform the design; activated powers, target-dependent riders and critical-only effects are not inferred from a Strike.",""
"Glue Bomb (Lesser)","T6Appwwl6nUl56Xj","thrown","bomb","bludgeoning","20","7e643df0cba80c48","bomb throw across 20 ft increments. Physical weapon footage and restrained contact finish. liquid contents at impact, followed by a brief residue cue. Target-centered contents cue; lingering artwork is brief and does not track a condition or splash footprint. Native weapon data and full description inform the design; activated powers, target-dependent riders and critical-only effects are not inferred from a Strike.",""
"Glue Bomb (Major)","BxJNWWvpxacDIsdt","thrown","bomb","bludgeoning","20","24f5480d268656a1","bomb throw across 20 ft increments. Physical weapon footage and restrained contact finish. liquid contents at impact, followed by a brief residue cue. Target-centered contents cue; lingering artwork is brief and does not track a condition or splash footprint. Native weapon data and full description inform the design; activated powers, target-dependent riders and critical-only effects are not inferred from a Strike.",""
"Glue Bomb (Moderate)","evBPzM1VsuYcoenn","thrown","bomb","bludgeoning","20","f083462fb53ce9b4","bomb throw across 20 ft increments. Physical weapon footage and restrained contact finish. liquid contents at impact, followed by a brief residue cue. Target-centered contents cue; lingering artwork is brief and does not track a condition or splash footprint. Native weapon data and full description inform the design; activated powers, target-dependent riders and critical-only effects are not inferred from a Strike.",""
"Gluttonous Spear","2z4GSaKaVX22kzPU","melee","spear","piercing","0","18e712e03d4160ba","One-handed piercing contact. Physical weapon footage and restrained contact finish. Native weapon data and full description inform the design; activated powers, target-dependent riders and critical-only effects are not inferred from a Strike.",""
"Gluttonous Spear","2z4GSaKaVX22kzPU","thrown","spear","piercing","20","18e712e03d4160ba","spear throw across 20 ft increments. Physical weapon footage and restrained contact finish. Native weapon data and full description inform the design; activated powers, target-dependent riders and critical-only effects are not inferred from a Strike.","free flight: jb2a.dagger.throw.01.white | free return: jb2a.dagger.return.01.white"
"Gnome Amalgam Musket","caWhNJ2ahCzZjr55","ranged","firearm","piercing","50","1f6ac9f7bb5c678f","firearm shot across 50 ft increments. Physical weapon footage and restrained contact finish. Native weapon data and full description inform the design; activated powers, target-dependent riders and critical-only effects are not inferred from a Strike.",""
"Gnome Amalgam Musket","caWhNJ2ahCzZjr55","melee","hammer","bludgeoning","0","1f6ac9f7bb5c678f","Two-handed bludgeoning contact. Physical weapon footage and restrained contact finish. Native weapon data and full description inform the design; activated powers, target-dependent riders and critical-only effects are not inferred from a Strike.",""
"Gnome Flickmace","oSQET5hKn9q4xlrl","melee","flail","bludgeoning","0","3f3fe255b35e54ef","One-handed bludgeoning contact, extended reach. Physical weapon footage and restrained contact finish. Native weapon data and full description inform the design; activated powers, target-dependent riders and critical-only effects are not inferred from a Strike.",""
"Gnome Hooked Hammer","1U7Laa7Yt7i3G77L","melee","hammer","bludgeoning","0","8e3915c01c26bd1c","One-handed bludgeoning contact. Physical weapon footage and restrained contact finish. Native weapon data and full description inform the design; activated powers, target-dependent riders and critical-only effects are not inferred from a Strike.",""
"Godsbreath Bow","aYFelpLdqrvZMx2Q","ranged","bow","piercing","60","3e0a5ec697793d77","bow shot across 60 ft increments. Physical weapon footage and restrained contact finish. Native weapon data and full description inform the design; activated powers, target-dependent riders and critical-only effects are not inferred from a Strike.",""
"Golden Blade of Mzali","dIUmjoLjlcrKgXbH","melee","spear","piercing","0","f9845311088aad05","One-handed piercing contact. Physical weapon footage and restrained contact finish. fire + light flourish reflects the item's own traits or construction, not Strike damage. Native weapon data and full description inform the design; activated powers, target-dependent riders and critical-only effects are not inferred from a Strike.",""
"Golden Blade of Mzali","dIUmjoLjlcrKgXbH","thrown","spear","piercing","20","f9845311088aad05","spear throw across 20 ft increments. Physical weapon footage and restrained contact finish. fire + light flourish reflects the item's own traits or construction, not Strike damage. Native weapon data and full description inform the design; activated powers, target-dependent riders and critical-only effects are not inferred from a Strike.","free flight: jb2a.dagger.throw.01.white | free return: jb2a.dagger.return.01.white"
"Goo Grenade (Greater)","SAtG9jrqey2y8EGb","thrown","flask","acid","20","d9f9838e060843f1","flask throw across 20 ft increments. acid native damage, permanent runes or always-on own-weapon damage rules supply the contact accents. liquid contents at impact, followed by a brief residue cue. Target-centered contents cue; lingering artwork is brief and does not track a condition or splash footprint. Native weapon data and full description inform the design; activated powers, target-dependent riders and critical-only effects are not inferred from a Strike.",""
"Goo Grenade (Lesser)","t2A5PzInAqmErLzK","thrown","flask","acid","20","530cc9800257838b","flask throw across 20 ft increments. acid native damage, permanent runes or always-on own-weapon damage rules supply the contact accents. liquid contents at impact, followed by a brief residue cue. Target-centered contents cue; lingering artwork is brief and does not track a condition or splash footprint. Native weapon data and full description inform the design; activated powers, target-dependent riders and critical-only effects are not inferred from a Strike.",""
"Goo Grenade (Major)","W0RWd2E0jkF2ZXhf","thrown","flask","acid","20","7cf4a1505c612e96","flask throw across 20 ft increments. acid native damage, permanent runes or always-on own-weapon damage rules supply the contact accents. liquid contents at impact, followed by a brief residue cue. Target-centered contents cue; lingering artwork is brief and does not track a condition or splash footprint. Native weapon data and full description inform the design; activated powers, target-dependent riders and critical-only effects are not inferred from a Strike.",""
"Goo Grenade (Moderate)","wi97vRj8IXx3wLmZ","thrown","flask","acid","20","834d63f14d587d09","flask throw across 20 ft increments. acid native damage, permanent runes or always-on own-weapon damage rules supply the contact accents. liquid contents at impact, followed by a brief residue cue. Target-centered contents cue; lingering artwork is brief and does not track a condition or splash footprint. Native weapon data and full description inform the design; activated powers, target-dependent riders and critical-only effects are not inferred from a Strike.",""
"Granny's Hedge Trimmer","DFZj7RCrk6rk9fhf","melee","glaive","slashing","0","8d27e12ccbae7b5e","Two-handed slashing contact. Physical weapon footage and restrained contact finish. Native weapon data and full description inform the design; activated powers, target-dependent riders and critical-only effects are not inferred from a Strike.",""
"Grasp of Droskar","wWXnr3xw5TzDL1M7","melee","unarmed","bludgeoning","0","19e088c16204431f","One-handed bludgeoning contact. Physical weapon footage and restrained contact finish. Native weapon data and full description inform the design; activated powers, target-dependent riders and critical-only effects are not inferred from a Strike.",""
"Gravedigger's Call","GQHPI84ilXlglr27","melee","glaive","slashing","0","edf524435bf2ea27","Two-handed slashing contact, extended reach. Physical weapon footage and restrained contact finish. Native weapon data and full description inform the design; activated powers, target-dependent riders and critical-only effects are not inferred from a Strike.",""
"Gray Prince","IePXTa0jDjDqXxYl","ranged","firearm","piercing","30","88102dbc89ba0601","firearm shot across 30 ft increments. Physical weapon footage and restrained contact finish. Native weapon data and full description inform the design; activated powers, target-dependent riders and critical-only effects are not inferred from a Strike.",""
"Greataxe","8COlYvHe6hKCXY8x","melee","greataxe","slashing","0","fa8e19eb6195a44d","Two-handed slashing contact. Physical weapon footage and restrained contact finish. Native weapon data and full description inform the design; activated powers, target-dependent riders and critical-only effects are not inferred from a Strike.",""
"Greatclub","kdGqnqbrwPzQfTsm","melee","greatclub","bludgeoning","0","8b147fe76e321b7f","Two-handed bludgeoning contact. Physical weapon footage and restrained contact finish. Native weapon data and full description inform the design; activated powers, target-dependent riders and critical-only effects are not inferred from a Strike.",""
"Greatpick","3Zv5hSXXtlaDatUv","melee","pick","piercing","0","17d5e8ee77867e11","Two-handed piercing contact. Physical weapon footage and restrained contact finish. Native weapon data and full description inform the design; activated powers, target-dependent riders and critical-only effects are not inferred from a Strike.","free contact: jb2a.melee_generic.slash.01.orange"
"Greatsword","UX71GkWBL9g41VwM","melee","greatsword","slashing","0","4898475039287251","Two-handed slashing contact. Physical weapon footage and restrained contact finish. Native weapon data and full description inform the design; activated powers, target-dependent riders and critical-only effects are not inferred from a Strike.",""
"Griffon Cane","xmOGKAuCNYO4tJkM","melee","club","bludgeoning","0","672982ca13d60700","One-handed bludgeoning contact. Physical weapon footage and restrained contact finish. Native weapon data and full description inform the design; activated powers, target-dependent riders and critical-only effects are not inferred from a Strike.",""
"Grisly Scythe","Us5dVXQHJzNjY0X8","melee","scythe","slashing","0","4e3a898d69ad1ce8","Two-handed slashing contact. bleed native damage, permanent runes or always-on own-weapon damage rules supply the contact accents. Brief native persistent-damage cue follows contact. Native weapon data and full description inform the design; activated powers, target-dependent riders and critical-only effects are not inferred from a Strike.",""
"Grounding Spike","ER9gH5A7elGPdHag","melee","spear","piercing","0","f8ecb57dbbe1c676","Two-handed piercing contact, extended reach. sonic native damage, permanent runes or always-on own-weapon damage rules supply the contact accents. Native weapon data and full description inform the design; activated powers, target-dependent riders and critical-only effects are not inferred from a Strike.",""
"Growth Gun","ssS1yEAZwZun8yFw","ranged","firearm","piercing","30","c2e6178203a30f69","firearm shot across 30 ft increments. Physical weapon footage and restrained contact finish. Native weapon data and full description inform the design; activated powers, target-dependent riders and critical-only effects are not inferred from a Strike.",""
"Guardian Staff","UQ0h9IVtHla8gWT7","melee","quarterstaff","bludgeoning","0","ea2b72764bb7a7b3","One-handed bludgeoning contact. Physical weapon footage and restrained contact finish. Native weapon data and full description inform the design; activated powers, target-dependent riders and critical-only effects are not inferred from a Strike.",""
"Guardian Staff (Greater)","jIX2T21YvEsRaaqp","melee","quarterstaff","bludgeoning","0","9a86c6d7a2b3adfe","One-handed bludgeoning contact. Physical weapon footage and restrained contact finish. Native weapon data and full description inform the design; activated powers, target-dependent riders and critical-only effects are not inferred from a Strike.",""
"Guardian Staff (Major)","REvrniIEqBykkWyI","melee","quarterstaff","bludgeoning","0","c0cb478c33ae6bfe","One-handed bludgeoning contact. Physical weapon footage and restrained contact finish. Native weapon data and full description inform the design; activated powers, target-dependent riders and critical-only effects are not inferred from a Strike.",""
"Guiding Star","atB2ewbcBMWvhjNT","melee","dagger","piercing","0","397d9d38d34a7ca8","One-handed piercing contact. Physical weapon footage and restrained contact finish. holy flourish reflects the item's own traits or construction, not Strike damage. Native weapon data and full description inform the design; activated powers, target-dependent riders and critical-only effects are not inferred from a Strike.",""
"Guiding Star","atB2ewbcBMWvhjNT","thrown","dagger","piercing","20","397d9d38d34a7ca8","dagger throw across 20 ft increments. Physical weapon footage and restrained contact finish. holy flourish reflects the item's own traits or construction, not Strike damage. Native weapon data and full description inform the design; activated powers, target-dependent riders and critical-only effects are not inferred from a Strike.",""
"Guiding Starknife","dNrfbRe2S51q8Fja","melee","dagger","piercing","0","1df1f26d499c7f70","One-handed piercing contact. Physical weapon footage and restrained contact finish. light flourish reflects the item's own traits or construction, not Strike damage. Native weapon data and full description inform the design; activated powers, target-dependent riders and critical-only effects are not inferred from a Strike.",""
"Guiding Starknife","dNrfbRe2S51q8Fja","thrown","dagger","piercing","20","1df1f26d499c7f70","dagger throw across 20 ft increments. Physical weapon footage and restrained contact finish. light flourish reflects the item's own traits or construction, not Strike damage. Native weapon data and full description inform the design; activated powers, target-dependent riders and critical-only effects are not inferred from a Strike.",""
"Guisarme","TT0pJz9odKApfq6D","melee","glaive","slashing","0","d78f55238aa44444","Two-handed slashing contact, extended reach. Physical weapon footage and restrained contact finish. Native weapon data and full description inform the design; activated powers, target-dependent riders and critical-only effects are not inferred from a Strike.",""
"Gun Sword","10J0WjnfgRvriLXc","ranged","firearm","piercing","30","d8f8a3e79811b15f","firearm shot across 30 ft increments. Physical weapon footage and restrained contact finish. Native weapon data and full description inform the design; activated powers, target-dependent riders and critical-only effects are not inferred from a Strike.",""
"Gun Sword","10J0WjnfgRvriLXc","melee","greatsword","slashing","0","d8f8a3e79811b15f","Two-handed slashing contact. Physical weapon footage and restrained contact finish. Native weapon data and full description inform the design; activated powers, target-dependent riders and critical-only effects are not inferred from a Strike.",""
"Gut-Ripper","u5VXHAmxYqp0H54F","melee","pick","slashing","0","a3dcbedf2f209c85","Two-handed slashing contact. Physical weapon footage and restrained contact finish. Native weapon data and full description inform the design; activated powers, target-dependent riders and critical-only effects are not inferred from a Strike.","free contact: jb2a.melee_generic.slash.01.orange"
"Habu's Cudgel","zakdImp4CqahnFfc","melee","club","bludgeoning","0","5cd1d3f2d5065010","One-handed bludgeoning contact. Physical weapon footage and restrained contact finish. Native weapon data and full description inform the design; activated powers, target-dependent riders and critical-only effects are not inferred from a Strike.",""
"Habu's Cudgel","zakdImp4CqahnFfc","thrown","club","bludgeoning","10","5cd1d3f2d5065010","club throw across 10 ft increments. Physical weapon footage and restrained contact finish. Native weapon data and full description inform the design; activated powers, target-dependent riders and critical-only effects are not inferred from a Strike.","free flight: jb2a.dagger.throw.01.white"
"Halberd","dgWxsYm0DWHb27h6","melee","halberd","piercing","0","febd7ee9f762c3a6","Two-handed piercing contact, extended reach. Physical weapon footage and restrained contact finish. Native weapon data and full description inform the design; activated powers, target-dependent riders and critical-only effects are not inferred from a Strike.",""
"Halfling Sling Staff","DV4qelKHrviM0O5i","ranged","sling","bludgeoning","80","57368a0e49f46762","sling shot across 80 ft increments. Physical weapon footage and restrained contact finish. Native weapon data and full description inform the design; activated powers, target-dependent riders and critical-only effects are not inferred from a Strike.","free flight: jb2a.dagger.throw.01.white"
"Hammer Gun","zHJEzmoybIfX1LaV","ranged","firearm","piercing","60","89fdb9bf81a32448","firearm shot across 60 ft increments. Physical weapon footage and restrained contact finish. Native weapon data and full description inform the design; activated powers, target-dependent riders and critical-only effects are not inferred from a Strike.",""
"Hammer Gun","zHJEzmoybIfX1LaV","melee","hammer","bludgeoning","0","89fdb9bf81a32448","Two-handed bludgeoning contact. Physical weapon footage and restrained contact finish. Native weapon data and full description inform the design; activated powers, target-dependent riders and critical-only effects are not inferred from a Strike.",""
"Hand Adze","MccX4AlmqYDjAN2J","melee","handaxe","slashing","0","ed74f7c0ed1dd38a","One-handed slashing contact. Physical weapon footage and restrained contact finish. Native weapon data and full description inform the design; activated powers, target-dependent riders and critical-only effects are not inferred from a Strike.",""
"Hand Adze","MccX4AlmqYDjAN2J","thrown","handaxe","slashing","10","ed74f7c0ed1dd38a","handaxe throw across 10 ft increments. Physical weapon footage and restrained contact finish. Native weapon data and full description inform the design; activated powers, target-dependent riders and critical-only effects are not inferred from a Strike.","free flight: jb2a.dagger.throw.01.white"
"Hand Cannon","4LJEpZ2HkCu9BvHI","ranged","firearm","piercing","30","073b117bb0cc3058","firearm shot across 30 ft increments. Physical weapon footage and restrained contact finish. Native weapon data and full description inform the design; activated powers, target-dependent riders and critical-only effects are not inferred from a Strike.",""
"Hand Crossbow","XyA6PKV46aNlLXOd","ranged","crossbow","piercing","60","bcec73fabf4a51ed","crossbow shot across 60 ft increments. Physical weapon footage and restrained contact finish. Native weapon data and full description inform the design; activated powers, target-dependent riders and critical-only effects are not inferred from a Strike.",""
"Handwraps of Mighty Blows","FNDq4NFSN0g2HKWO","melee","unarmed","bludgeoning","0","2a81acfe5c7db3ef","One-handed bludgeoning contact. Physical weapon footage and restrained contact finish. Native weapon data and full description inform the design; activated powers, target-dependent riders and critical-only effects are not inferred from a Strike.",""
"Hardened Harrow Deck","qtlkftQXfO4wuCVu","melee","contact","piercing","0","d8ee7f1f39aa19a0","One-handed piercing contact. Physical weapon footage and restrained contact finish. Native weapon data and full description inform the design; activated powers, target-dependent riders and critical-only effects are not inferred from a Strike.","patreon contact: jb2a.melee_generic.piercing.one_handed | free contact: jb2a.melee_generic.slash.01.orange"
"Harmona Gun","NhKIUGMcxVusTJ6y","ranged","firearm","bludgeoning","150","d017b4df8ec2efe1","firearm shot across 150 ft increments. Physical weapon footage and restrained contact finish. Native weapon data and full description inform the design; activated powers, target-dependent riders and critical-only effects are not inferred from a Strike.",""
"Harpoon","oTQKyZ8Vd2RPzaWK","thrown","javelin","piercing","30","ec1eec5e3fcec578","javelin throw across 30 ft increments. Physical weapon footage and restrained contact finish. Native weapon data and full description inform the design; activated powers, target-dependent riders and critical-only effects are not inferred from a Strike.","free flight: jb2a.dagger.throw.01.white"
"Hatchet","LGgvev6AV0So8tP9","melee","handaxe","slashing","0","2b7147f7b5e73f1c","One-handed slashing contact. Physical weapon footage and restrained contact finish. Native weapon data and full description inform the design; activated powers, target-dependent riders and critical-only effects are not inferred from a Strike.",""
"Hatchet","LGgvev6AV0So8tP9","thrown","handaxe","slashing","10","2b7147f7b5e73f1c","handaxe throw across 10 ft increments. Physical weapon footage and restrained contact finish. Native weapon data and full description inform the design; activated powers, target-dependent riders and critical-only effects are not inferred from a Strike.","free flight: jb2a.dagger.throw.01.white"
"Heartripper Blade","bcZB7xmlQy8UWqe1","melee","dagger","piercing","0","16de1ef902da39eb","One-handed piercing contact. Physical weapon footage and restrained contact finish. Native weapon data and full description inform the design; activated powers, target-dependent riders and critical-only effects are not inferred from a Strike.",""
"Heartripper Blade","bcZB7xmlQy8UWqe1","thrown","dagger","piercing","10","16de1ef902da39eb","dagger throw across 10 ft increments. Physical weapon footage and restrained contact finish. Native weapon data and full description inform the design; activated powers, target-dependent riders and critical-only effects are not inferred from a Strike.",""
"Heavenly Rolling Flames","srCxiFF44RcuRMHD","melee","dagger","slashing","0","d604340e40cbb4ff","One-handed slashing contact. fire native damage, permanent runes or always-on own-weapon damage rules supply the contact accents. Native weapon data and full description inform the design; activated powers, target-dependent riders and critical-only effects are not inferred from a Strike.",""
"Heavy Crossbow","giO4LwIKGzJZoaxa","ranged","crossbow","piercing","120","7d09d4e37fe47648","crossbow shot across 120 ft increments. Physical weapon footage and restrained contact finish. Native weapon data and full description inform the design; activated powers, target-dependent riders and critical-only effects are not inferred from a Strike.",""
"Hell Staff","QbEkoFL1EYNGsOom","melee","quarterstaff","bludgeoning","0","94b3dc6881108ce9","One-handed bludgeoning contact. fire + unholy native damage, permanent runes or always-on own-weapon damage rules supply the contact accents. Native weapon data and full description inform the design; activated powers, target-dependent riders and critical-only effects are not inferred from a Strike.",""
"Hell's Judgment","ggjnWvQpl7EzXi6Q","melee","glaive","slashing","0","5f0b23cad44e94e9","Two-handed slashing contact, extended reach. fire native damage, permanent runes or always-on own-weapon damage rules supply the contact accents. Native weapon data and full description inform the design; activated powers, target-dependent riders and critical-only effects are not inferred from a Strike.",""
"Hex Blaster","HKcfpawD4CesJtFy","ranged","firearm","piercing","150","e26887822222c757","firearm shot across 150 ft increments. Physical weapon footage and restrained contact finish. Native weapon data and full description inform the design; activated powers, target-dependent riders and critical-only effects are not inferred from a Strike.",""
"Holy Water","z9T4c1hXwOotsMCp","thrown","vial","spirit","20","a6a52d9f01881a27","vial throw across 20 ft increments. spirit native damage, permanent runes or always-on own-weapon damage rules supply the contact accents. Native weapon data and full description inform the design; activated powers, target-dependent riders and critical-only effects are not inferred from a Strike.",""
"Hongali Hornbow","a5DlDpB3RuSIvLIC","ranged","bow","piercing","40","baaa0c523c2884ad","bow shot across 40 ft increments. Physical weapon footage and restrained contact finish. Native weapon data and full description inform the design; activated powers, target-dependent riders and critical-only effects are not inferred from a Strike.",""
"Hook Sword","O3XAH3VkOx9a0FyD","melee","sword","slashing","0","c6625101e7f19c45","One-handed slashing contact. Physical weapon footage and restrained contact finish. Native weapon data and full description inform the design; activated powers, target-dependent riders and critical-only effects are not inferred from a Strike.",""
"Horsechopper","YnwEttFE1bJacLDh","melee","glaive","slashing","0","4fa8b95b123640d7","Two-handed slashing contact, extended reach. Physical weapon footage and restrained contact finish. Native weapon data and full description inform the design; activated powers, target-dependent riders and critical-only effects are not inferred from a Strike.",""
"Horselord's Longbow","VvJo7xIJANfoqRKr","ranged","bow","piercing","100","f54f7384d06ee3b8","bow shot across 100 ft increments. Physical weapon footage and restrained contact finish. Native weapon data and full description inform the design; activated powers, target-dependent riders and critical-only effects are not inferred from a Strike.",""
"Howler Pistol","4cOXKB8NcL6JzGeI","ranged","firearm","sonic","30","8639d3814c4cdf8c","firearm shot across 30 ft increments. sonic native damage, permanent runes or always-on own-weapon damage rules supply the contact accents. Native weapon data and full description inform the design; activated powers, target-dependent riders and critical-only effects are not inferred from a Strike.",""
"Hundred-Moth Caress","RZkttcpkv4qLs1Lk","melee","scythe","slashing","0","604ebf40b939219f","Two-handed slashing contact. Physical weapon footage and restrained contact finish. Native weapon data and full description inform the design; activated powers, target-dependent riders and critical-only effects are not inferred from a Strike.",""
"Hunter's Anthem","4DnjM0PNivT2dlf9","ranged","bow","piercing","100","7140a131887b51ae","bow shot across 100 ft increments. Physical weapon footage and restrained contact finish. Native weapon data and full description inform the design; activated powers, target-dependent riders and critical-only effects are not inferred from a Strike.",""
"Hunter's Bow","RapaDb10oJZOjujo","ranged","bow","piercing","60","14c50a9f43bbb82f","bow shot across 60 ft increments. Physical weapon footage and restrained contact finish. Native weapon data and full description inform the design; activated powers, target-dependent riders and critical-only effects are not inferred from a Strike.",""
"Hunter's Dawn","2jtZPnHF1M8vKWry","melee","club","bludgeoning","0","3e5fcf35554642b1","One-handed bludgeoning contact. Physical weapon footage and restrained contact finish. Native weapon data and full description inform the design; activated powers, target-dependent riders and critical-only effects are not inferred from a Strike.",""
"Hunter's Dawn","2jtZPnHF1M8vKWry","thrown","javelin","bludgeoning","10","3e5fcf35554642b1","javelin throw across 10 ft increments. Physical weapon footage and restrained contact finish. Native weapon data and full description inform the design; activated powers, target-dependent riders and critical-only effects are not inferred from a Strike.","free flight: jb2a.dagger.throw.01.white"
"Hydra Head Club","nWUx4zEGOE8Uot1g","melee","club","bludgeoning","0","f11a9d6a242b3434","One-handed bludgeoning contact. Physical weapon footage and restrained contact finish. Native weapon data and full description inform the design; activated powers, target-dependent riders and critical-only effects are not inferred from a Strike.",""
"Hydra Head Club","nWUx4zEGOE8Uot1g","thrown","club","bludgeoning","10","f11a9d6a242b3434","club throw across 10 ft increments. Physical weapon footage and restrained contact finish. Native weapon data and full description inform the design; activated powers, target-dependent riders and critical-only effects are not inferred from a Strike.","free flight: jb2a.dagger.throw.01.white"
"Hydra Spear","DA3hZ45tpmBuPkKZ","melee","spear","piercing","0","f35cbfca5a4fba20","Two-handed piercing contact, extended reach. Physical weapon footage and restrained contact finish. Native weapon data and full description inform the design; activated powers, target-dependent riders and critical-only effects are not inferred from a Strike.",""
"Hydrocannon","iaZOReFQgGsKok3Q","ranged","firearm","piercing","30","e222ba281fcc095d","firearm shot across 30 ft increments. Physical weapon footage and restrained contact finish. Native weapon data and full description inform the design; activated powers, target-dependent riders and critical-only effects are not inferred from a Strike.",""
"Hyldarf's Fang","O7pgJB6M5UqUZ9Qq","ranged","firearm","piercing","30","69eff566550cf9cf","firearm shot across 30 ft increments. fire native damage, permanent runes or always-on own-weapon damage rules supply the contact accents. Native weapon data and full description inform the design; activated powers, target-dependent riders and critical-only effects are not inferred from a Strike.",""
"Icicle","NARrXbTyQ2X6hA7e","melee","spear","piercing","0","65d9de656887cb60","Two-handed piercing contact, extended reach. cold native damage, permanent runes or always-on own-weapon damage rules supply the contact accents. Native weapon data and full description inform the design; activated powers, target-dependent riders and critical-only effects are not inferred from a Strike.",""
"Immolation Clan Pistol","5SVttGODx1TkyhTU","ranged","firearm","piercing","80","34ea46cea51ae1c1","firearm shot across 80 ft increments. Physical weapon footage and restrained contact finish. fire flourish reflects the item's own traits or construction, not Strike damage. Native weapon data and full description inform the design; activated powers, target-dependent riders and critical-only effects are not inferred from a Strike.",""
"Infiltrator's Accessory","AYdpUABAZeZnSA7s","melee","sword","piercing","0","30cc7bcbdda57658","One-handed piercing contact. Physical weapon footage and restrained contact finish. Native weapon data and full description inform the design; activated powers, target-dependent riders and critical-only effects are not inferred from a Strike.",""
"Inflammation Flask (Greater)","zbwV685YkIVxPNWE","thrown","flask","acid","20","6f4ea94dd3495bdd","flask throw across 20 ft increments. acid native damage, permanent runes or always-on own-weapon damage rules supply the contact accents. liquid contents at impact. Target-centered contents cue; lingering artwork is brief and does not track a condition or splash footprint. Native weapon data and full description inform the design; activated powers, target-dependent riders and critical-only effects are not inferred from a Strike.",""
"Inflammation Flask (Lesser)","IGwM0rPKZt7vZ7zq","thrown","flask","acid","20","826f88da7b0a6e9e","flask throw across 20 ft increments. acid native damage, permanent runes or always-on own-weapon damage rules supply the contact accents. liquid contents at impact. Target-centered contents cue; lingering artwork is brief and does not track a condition or splash footprint. Native weapon data and full description inform the design; activated powers, target-dependent riders and critical-only effects are not inferred from a Strike.",""
"Inflammation Flask (Major)","AOGJdyn5J0nB9ThV","thrown","flask","acid","20","b0a2afc67b258454","flask throw across 20 ft increments. acid native damage, permanent runes or always-on own-weapon damage rules supply the contact accents. liquid contents at impact. Target-centered contents cue; lingering artwork is brief and does not track a condition or splash footprint. Native weapon data and full description inform the design; activated powers, target-dependent riders and critical-only effects are not inferred from a Strike.",""
"Inflammation Flask (Moderate)","A3uCOubAKyCSRPRv","thrown","flask","acid","20","3a7cc14bcbbd7183","flask throw across 20 ft increments. acid native damage, permanent runes or always-on own-weapon damage rules supply the contact accents. liquid contents at impact. Target-centered contents cue; lingering artwork is brief and does not track a condition or splash footprint. Native weapon data and full description inform the design; activated powers, target-dependent riders and critical-only effects are not inferred from a Strike.",""
"Injection Spear","UCK8zXKb0Gi6uyum","melee","spear","piercing","0","e6766265079a1ac2","Two-handed piercing contact, extended reach. Physical weapon footage and restrained contact finish. Native weapon data and full description inform the design; activated powers, target-dependent riders and critical-only effects are not inferred from a Strike.",""
"Iris of the Sky","dYydONniFSGwAdL1","ranged","firearm","piercing","90","75b6fad5127dd4ce","firearm shot across 90 ft increments. Physical weapon footage and restrained contact finish. Native weapon data and full description inform the design; activated powers, target-dependent riders and critical-only effects are not inferred from a Strike.",""
"Javelin","JNt7GmLCCVz5BiEI","thrown","javelin","piercing","30","b0d5a1f820d0fd47","javelin throw across 30 ft increments. Physical weapon footage and restrained contact finish. Native weapon data and full description inform the design; activated powers, target-dependent riders and critical-only effects are not inferred from a Strike.","free flight: jb2a.dagger.throw.01.white"
"Jax","BdNRM9VTxs5BYq0C","ranged","firearm","piercing","40","5d5ef44d06dcf633","firearm shot across 40 ft increments. Physical weapon footage and restrained contact finish. Native weapon data and full description inform the design; activated powers, target-dependent riders and critical-only effects are not inferred from a Strike.",""
"Jax","BdNRM9VTxs5BYq0C","melee","greatsword","slashing","0","5d5ef44d06dcf633","Two-handed slashing contact. Physical weapon footage and restrained contact finish. Native weapon data and full description inform the design; activated powers, target-dependent riders and critical-only effects are not inferred from a Strike.",""
"Jezail","NEZfXSasFdLdQFBi","ranged","firearm","piercing","90","07d4adc5b950188d","firearm shot across 90 ft increments. Physical weapon footage and restrained contact finish. Native weapon data and full description inform the design; activated powers, target-dependent riders and critical-only effects are not inferred from a Strike.",""
"Jian of Life's Duality","KzvbL114c72EhWhd","melee","sword","slashing","0","6c64993f0df88799","One-handed slashing contact. Physical weapon footage and restrained contact finish. Native weapon data and full description inform the design; activated powers, target-dependent riders and critical-only effects are not inferred from a Strike.",""
"Jistkan Colossus Crusher","vVVorEuulaPUDHM0","melee","maul","bludgeoning","0","63ecdd79c5ff2e3a","Two-handed bludgeoning contact. Physical weapon footage and restrained contact finish. Native weapon data and full description inform the design; activated powers, target-dependent riders and critical-only effects are not inferred from a Strike.",""
"Jistkan War Crossbow","b7Qqj2Pzj6SwihwD","ranged","crossbow","piercing","110","85bbb66a4525a1b2","crossbow shot across 110 ft increments. Physical weapon footage and restrained contact finish. Native weapon data and full description inform the design; activated powers, target-dependent riders and critical-only effects are not inferred from a Strike.",""
"Jiu Huan Dao","WxczDmQ5qOaD5IxB","melee","sword","slashing","0","edf2a47941268073","One-handed slashing contact. Physical weapon footage and restrained contact finish. Native weapon data and full description inform the design; activated powers, target-dependent riders and critical-only effects are not inferred from a Strike.",""
"Jorngarl's Harm","mpu2fvjDVe771RbU","melee","greataxe","slashing","0","624a854d08e20413","Two-handed slashing contact. Physical weapon footage and restrained contact finish. Native weapon data and full description inform the design; activated powers, target-dependent riders and critical-only effects are not inferred from a Strike.",""
"Juggling Club","RhfhVSfiH23v4U7k","melee","club","bludgeoning","0","17466f05db004f45","One-handed bludgeoning contact. Physical weapon footage and restrained contact finish. Native weapon data and full description inform the design; activated powers, target-dependent riders and critical-only effects are not inferred from a Strike.",""
"Juggling Club","RhfhVSfiH23v4U7k","thrown","club","bludgeoning","20","17466f05db004f45","club throw across 20 ft increments. Physical weapon footage and restrained contact finish. Native weapon data and full description inform the design; activated powers, target-dependent riders and critical-only effects are not inferred from a Strike.","free flight: jb2a.dagger.throw.01.white"
"Junk Bomb (Greater)","QhUTsTnbehv1ft9u","thrown","bomb","slashing","20","6cd5720cbfb60ac0","bomb throw across 20 ft increments. Physical weapon footage and restrained contact finish. shrapnel contents at impact, followed by a brief residue cue. Target-centered contents cue; lingering artwork is brief and does not track a condition or splash footprint. Native weapon data and full description inform the design; activated powers, target-dependent riders and critical-only effects are not inferred from a Strike.",""
"Junk Bomb (Lesser)","WJMHv8xXowLNP2Di","thrown","bomb","slashing","20","95a5f89434c6e365","bomb throw across 20 ft increments. Physical weapon footage and restrained contact finish. shrapnel contents at impact, followed by a brief residue cue. Target-centered contents cue; lingering artwork is brief and does not track a condition or splash footprint. Native weapon data and full description inform the design; activated powers, target-dependent riders and critical-only effects are not inferred from a Strike.",""
"Junk Bomb (Major)","K291ECjrRssmH93Q","thrown","bomb","slashing","20","a02489ac3eb8737d","bomb throw across 20 ft increments. Physical weapon footage and restrained contact finish. shrapnel contents at impact, followed by a brief residue cue. Target-centered contents cue; lingering artwork is brief and does not track a condition or splash footprint. Native weapon data and full description inform the design; activated powers, target-dependent riders and critical-only effects are not inferred from a Strike.",""
"Junk Bomb (Moderate)","1MuIK1TnzdKuqZJO","thrown","bomb","slashing","20","ecabfb4af121dfc9","bomb throw across 20 ft increments. Physical weapon footage and restrained contact finish. shrapnel contents at impact, followed by a brief residue cue. Target-centered contents cue; lingering artwork is brief and does not track a condition or splash footprint. Native weapon data and full description inform the design; activated powers, target-dependent riders and critical-only effects are not inferred from a Strike.",""
"Kaldemash's Lament","urcBTs4AgSq8u5FJ","ranged","firearm","force","90","6828afe314118280","firearm shot across 90 ft increments. force native damage, permanent runes or always-on own-weapon damage rules supply the contact accents. Native weapon data and full description inform the design; activated powers, target-dependent riders and critical-only effects are not inferred from a Strike.",""
"Kalis","6v4aedCiIAoSJfiL","melee","sword","slashing","0","432b379224cdf9f7","One-handed slashing contact. Physical weapon footage and restrained contact finish. Native weapon data and full description inform the design; activated powers, target-dependent riders and critical-only effects are not inferred from a Strike.",""
"Kama","zSAoyzcf3nSeZCiF","melee","sickle","slashing","0","48a582d4edabd719","One-handed slashing contact. Physical weapon footage and restrained contact finish. Native weapon data and full description inform the design; activated powers, target-dependent riders and critical-only effects are not inferred from a Strike.",""
"Karambit","8XwE8hsWBFoIdoDC","melee","dagger","piercing","0","820e356d96f6026a","One-handed piercing contact. Physical weapon footage and restrained contact finish. Native weapon data and full description inform the design; activated powers, target-dependent riders and critical-only effects are not inferred from a Strike.",""
"Katana","Y1dkRsRd1Z7Jf2y6","melee","katana","slashing","0","1805845105b5ac7b","One-handed slashing contact. Physical weapon footage and restrained contact finish. Native weapon data and full description inform the design; activated powers, target-dependent riders and critical-only effects are not inferred from a Strike.",""
"Katar","Fg3GkCDkszj5WtgQ","melee","dagger","piercing","0","1d362327261ac938","One-handed piercing contact. Physical weapon footage and restrained contact finish. Native weapon data and full description inform the design; activated powers, target-dependent riders and critical-only effects are not inferred from a Strike.",""
"Kestros","OrzHZJzDpTCgGT4i","ranged","sling","piercing","40","fe9c048b863eb6a3","sling shot across 40 ft increments. Physical weapon footage and restrained contact finish. Native weapon data and full description inform the design; activated powers, target-dependent riders and critical-only effects are not inferred from a Strike.","free flight: jb2a.dagger.throw.01.white"
"Khakkhara","KgKSX95uVSg8iBBA","melee","quarterstaff","bludgeoning","0","5d3a17945bfc28c1","One-handed bludgeoning contact. Physical weapon footage and restrained contact finish. Native weapon data and full description inform the design; activated powers, target-dependent riders and critical-only effects are not inferred from a Strike.",""
"Khopesh","YLb6XnT7OxAVGL5m","melee","sword","slashing","0","7f442018f5956787","One-handed slashing contact. Physical weapon footage and restrained contact finish. Native weapon data and full description inform the design; activated powers, target-dependent riders and critical-only effects are not inferred from a Strike.",""
"Kinetic Club","TgP5Rwzrampv1sDU","melee","greatclub","bludgeoning","0","18343f66847f3793","Two-handed bludgeoning contact. Physical weapon footage and restrained contact finish. earth flourish reflects the item's own traits or construction, not Strike damage. Native weapon data and full description inform the design; activated powers, target-dependent riders and critical-only effects are not inferred from a Strike.",""
"Kithrender","Hz9ivObyYZryi8uW","melee","greataxe","slashing","0","d3e845a1c46ff257","Two-handed slashing contact. Physical weapon footage and restrained contact finish. Native weapon data and full description inform the design; activated powers, target-dependent riders and critical-only effects are not inferred from a Strike.",""
"Knight Captain's Lance","EmTK4nPOORXtb58X","melee","spear","piercing","0","0dfd66667b303079","Two-handed piercing contact, extended reach. Physical weapon footage and restrained contact finish. Native weapon data and full description inform the design; activated powers, target-dependent riders and critical-only effects are not inferred from a Strike.",""
"Knuckle Duster","dgXjUcaoQDAY6ZpO","melee","unarmed","bludgeoning","0","5a302f12801dda6d","One-handed bludgeoning contact. Physical weapon footage and restrained contact finish. Native weapon data and full description inform the design; activated powers, target-dependent riders and critical-only effects are not inferred from a Strike.",""
"Kortos Diamond","Vz7nITDWjrXmyoJn","melee","sword","slashing","0","d34e447d3b86735b","One-handed slashing contact. Physical weapon footage and restrained contact finish. Native weapon data and full description inform the design; activated powers, target-dependent riders and critical-only effects are not inferred from a Strike.",""
"Kris","ADvVuMwIWDZZF9cv","melee","dagger","piercing","0","d90db6eb3c219020","One-handed piercing contact. Physical weapon footage and restrained contact finish. Native weapon data and full description inform the design; activated powers, target-dependent riders and critical-only effects are not inferred from a Strike.",""
"Kukri","TDrO7Xdyn7juFy3c","melee","dagger","slashing","0","3fddcc17f43aa0d0","One-handed slashing contact. Physical weapon footage and restrained contact finish. Native weapon data and full description inform the design; activated powers, target-dependent riders and critical-only effects are not inferred from a Strike.",""
"Kusarigama","D6E4VaKVG05G26Rm","melee","dagger","slashing","0","ed33b0a3dcae8ffc","Two-handed slashing contact, extended reach. Physical weapon footage and restrained contact finish. Native weapon data and full description inform the design; activated powers, target-dependent riders and critical-only effects are not inferred from a Strike.",""
"Lady's Knife","C7ca35oypTp2xJbj","melee","dagger","piercing","0","21d3eff819d2a754","One-handed piercing contact. Physical weapon footage and restrained contact finish. Native weapon data and full description inform the design; activated powers, target-dependent riders and critical-only effects are not inferred from a Strike.",""
"Lady's Knife","C7ca35oypTp2xJbj","thrown","dagger","piercing","10","21d3eff819d2a754","dagger throw across 10 ft increments. Physical weapon footage and restrained contact finish. Native weapon data and full description inform the design; activated powers, target-dependent riders and critical-only effects are not inferred from a Strike.",""
"Lady's Spiral","174fUKNwSgbKwroU","melee","whip","slashing","0","05e28cf37d404c32","One-handed slashing contact, extended reach. Physical weapon footage and restrained contact finish. Native weapon data and full description inform the design; activated powers, target-dependent riders and critical-only effects are not inferred from a Strike.","patreon contact: jb2a.melee_generic.slashing.one_handed | free contact: jb2a.melee_generic.slash.01.orange"
"Lamentation of the Faithless","TG8DO0YsLiguZJW3","melee","greatsword","slashing","0","708c938db706831a","Two-handed slashing contact. unholy native damage, permanent runes or always-on own-weapon damage rules supply the contact accents. Native weapon data and full description inform the design; activated powers, target-dependent riders and critical-only effects are not inferred from a Strike.",""
"Lance","OPMzQdM9rZznMGhW","melee","spear","piercing","0","b37dd8d084d4d54c","Two-handed piercing contact, extended reach. Physical weapon footage and restrained contact finish. Native weapon data and full description inform the design; activated powers, target-dependent riders and critical-only effects are not inferred from a Strike.",""
"Lance of Sun's Radiance","mVjHOSH8ydCmqRQ7","melee","spear","piercing","0","d9296901343f4596","Two-handed piercing contact, extended reach. Physical weapon footage and restrained contact finish. light flourish reflects the item's own traits or construction, not Strike damage. Native weapon data and full description inform the design; activated powers, target-dependent riders and critical-only effects are not inferred from a Strike.",""
"Lancer","cSGWhw4Wn6Z98tVK","ranged","bow","piercing","60","147ad7a6e465541c","bow shot across 60 ft increments. Physical weapon footage and restrained contact finish. Native weapon data and full description inform the design; activated powers, target-dependent riders and critical-only effects are not inferred from a Strike.",""
"Lancer","cSGWhw4Wn6Z98tVK","melee","spear","piercing","0","147ad7a6e465541c","Two-handed piercing contact, extended reach. Physical weapon footage and restrained contact finish. Native weapon data and full description inform the design; activated powers, target-dependent riders and critical-only effects are not inferred from a Strike.",""
"Last Hope","zXvYaLxfov2jrV06","melee","sword","slashing","0","d532f732e1d5cc9b","One-handed slashing contact. Physical weapon footage and restrained contact finish. Native weapon data and full description inform the design; activated powers, target-dependent riders and critical-only effects are not inferred from a Strike.",""
"Leiomano","27CO2NIr5yMgA6sa","melee","club","bludgeoning","0","aac44297582e3c4b","One-handed bludgeoning contact. Physical weapon footage and restrained contact finish. Native weapon data and full description inform the design; activated powers, target-dependent riders and critical-only effects are not inferred from a Strike.",""
"Leydroth Spellbreaker","lkENLG26X4ah6Eun","ranged","firearm","piercing","40","b14ce6dcc8845373","firearm shot across 40 ft increments. Physical weapon footage and restrained contact finish. Native weapon data and full description inform the design; activated powers, target-dependent riders and critical-only effects are not inferred from a Strike.",""
"Liar's Gun","8LEKZdpipKp3jYfx","ranged","firearm","piercing","60","5691f10658965548","firearm shot across 60 ft increments. Physical weapon footage and restrained contact finish. Native weapon data and full description inform the design; activated powers, target-dependent riders and critical-only effects are not inferred from a Strike.",""
"Librarian Staff","bh1Jr4YqfXQe7r9I","melee","quarterstaff","bludgeoning","0","e53173a2754c86ca","One-handed bludgeoning contact. Physical weapon footage and restrained contact finish. Native weapon data and full description inform the design; activated powers, target-dependent riders and critical-only effects are not inferred from a Strike.",""
"Librarian Staff (Greater)","QFvB2qgpWdeEa4fT","melee","quarterstaff","bludgeoning","0","a3150d2cc21483d7","One-handed bludgeoning contact. Physical weapon footage and restrained contact finish. Native weapon data and full description inform the design; activated powers, target-dependent riders and critical-only effects are not inferred from a Strike.",""
"Life's Last Breath","1gi4mdZYNgPrzWHc","melee","sword","slashing","0","84aa2ba8535ecf1b","One-handed slashing contact. unholy + bleed native damage, permanent runes or always-on own-weapon damage rules supply the contact accents. Brief native persistent-damage cue follows contact. Native weapon data and full description inform the design; activated powers, target-dependent riders and critical-only effects are not inferred from a Strike.",""
"Lifebloom","2NDH3AX5Ewu4MLT6","melee","glaive","slashing","0","3286630c724dc24b","Two-handed slashing contact, extended reach. Physical weapon footage and restrained contact finish. plant flourish reflects the item's own traits or construction, not Strike damage. Native weapon data and full description inform the design; activated powers, target-dependent riders and critical-only effects are not inferred from a Strike.",""
"Light Hammer","FibwLZ12EIEwLGhw","melee","warhammer","bludgeoning","0","821f32d896b12655","One-handed bludgeoning contact. Physical weapon footage and restrained contact finish. Native weapon data and full description inform the design; activated powers, target-dependent riders and critical-only effects are not inferred from a Strike.",""
"Light Hammer","FibwLZ12EIEwLGhw","thrown","hammer","bludgeoning","20","821f32d896b12655","hammer throw across 20 ft increments. Physical weapon footage and restrained contact finish. Native weapon data and full description inform the design; activated powers, target-dependent riders and critical-only effects are not inferred from a Strike.","free flight: jb2a.dagger.throw.01.white"
"Light Mace","x1TOpwH755Ami5bC","melee","mace","bludgeoning","0","91a3ecd75b4c3785","One-handed bludgeoning contact. Physical weapon footage and restrained contact finish. Native weapon data and full description inform the design; activated powers, target-dependent riders and critical-only effects are not inferred from a Strike.",""
"Light Pick","RbM4HvPyrZ4YJxRc","melee","pick","piercing","0","ab51454849b91321","One-handed piercing contact. Physical weapon footage and restrained contact finish. Native weapon data and full description inform the design; activated powers, target-dependent riders and critical-only effects are not inferred from a Strike.","free contact: jb2a.melee_generic.slash.01.orange"
"Lion Scythe","Ak3oHoPDJoMR14yg","melee","sickle","slashing","0","40ea37642bf7ca42","One-handed slashing contact. Physical weapon footage and restrained contact finish. Native weapon data and full description inform the design; activated powers, target-dependent riders and critical-only effects are not inferred from a Strike.",""
"Lion's Call","zdTVlzR2OW17gLW6","melee","shortsword","piercing","0","50162ab0639876b6","One-handed piercing contact. Physical weapon footage and restrained contact finish. Native weapon data and full description inform the design; activated powers, target-dependent riders and critical-only effects are not inferred from a Strike.",""
"Lionfish Spear","ZbZMaY8B8dinYhHK","melee","spear","piercing","0","ca8880dfd6fad494","One-handed piercing contact. bleed native damage, permanent runes or always-on own-weapon damage rules supply the contact accents. Brief native persistent-damage cue follows contact. water flourish reflects the item's own traits or construction, not Strike damage. Native weapon data and full description inform the design; activated powers, target-dependent riders and critical-only effects are not inferred from a Strike.",""
"Lionfish Spear","ZbZMaY8B8dinYhHK","thrown","spear","piercing","20","ca8880dfd6fad494","spear throw across 20 ft increments. bleed native damage, permanent runes or always-on own-weapon damage rules supply the contact accents. Brief native persistent-damage cue follows contact. water flourish reflects the item's own traits or construction, not Strike damage. Native weapon data and full description inform the design; activated powers, target-dependent riders and critical-only effects are not inferred from a Strike.","free flight: jb2a.dagger.throw.01.white"
"Lionfish Spear (Greater)","R4nk2W7rTvMDqyUR","melee","spear","piercing","0","d69576c90a296d6a","One-handed piercing contact. bleed + poison native damage, permanent runes or always-on own-weapon damage rules supply the contact accents. Brief native persistent-damage cue follows contact. water flourish reflects the item's own traits or construction, not Strike damage. Native weapon data and full description inform the design; activated powers, target-dependent riders and critical-only effects are not inferred from a Strike.",""
"Lionfish Spear (Greater)","R4nk2W7rTvMDqyUR","thrown","spear","piercing","20","d69576c90a296d6a","spear throw across 20 ft increments. bleed + poison native damage, permanent runes or always-on own-weapon damage rules supply the contact accents. Brief native persistent-damage cue follows contact. water flourish reflects the item's own traits or construction, not Strike damage. Native weapon data and full description inform the design; activated powers, target-dependent riders and critical-only effects are not inferred from a Strike.","free flight: jb2a.dagger.throw.01.white"
"Little Love","RgVOC3rpptrwENbu","melee","dagger","piercing","0","5f93ebacd7d5da9c","One-handed piercing contact. Physical weapon footage and restrained contact finish. Native weapon data and full description inform the design; activated powers, target-dependent riders and critical-only effects are not inferred from a Strike.",""
"Little Love","RgVOC3rpptrwENbu","thrown","dagger","piercing","10","5f93ebacd7d5da9c","dagger throw across 10 ft increments. Physical weapon footage and restrained contact finish. Native weapon data and full description inform the design; activated powers, target-dependent riders and critical-only effects are not inferred from a Strike.",""
"Liuyedao","kFZpTT1jI6UMfV9I","melee","sword","slashing","0","0dc81986f0cddb04","One-handed slashing contact. Physical weapon footage and restrained contact finish. Native weapon data and full description inform the design; activated powers, target-dependent riders and critical-only effects are not inferred from a Strike.",""
"Lodestone Bomb","DBQ68Evl8PdLAVmt","thrown","bomb","force","20","95577a7515a6c1c4","bomb throw across 20 ft increments. force native damage, permanent runes or always-on own-weapon damage rules supply the contact accents. force contents at impact. Target-centered contents cue; lingering artwork is brief and does not track a condition or splash footprint. Native weapon data and full description inform the design; activated powers, target-dependent riders and critical-only effects are not inferred from a Strike.",""
"Lodestone Bomb (Greater)","APJ0NWJ4DYUXNpNm","thrown","bomb","force","20","c52bc5faa0f5ac5b","bomb throw across 20 ft increments. force native damage, permanent runes or always-on own-weapon damage rules supply the contact accents. force contents at impact. Target-centered contents cue; lingering artwork is brief and does not track a condition or splash footprint. Native weapon data and full description inform the design; activated powers, target-dependent riders and critical-only effects are not inferred from a Strike.",""
"Long Air Repeater","Hc4qCwyO9i0Avlzt","ranged","airgun","piercing","60","caeb37c41db4ab06","airgun shot across 60 ft increments. Physical weapon footage and restrained contact finish. Native weapon data and full description inform the design; activated powers, target-dependent riders and critical-only effects are not inferred from a Strike.",""
"Long Hammer","mXBOqphNfUCK7L8c","melee","hammer","bludgeoning","0","a0519f446055789a","Two-handed bludgeoning contact, extended reach. Physical weapon footage and restrained contact finish. Native weapon data and full description inform the design; activated powers, target-dependent riders and critical-only effects are not inferred from a Strike.",""
"Longbow","MVAWttmT0QDa7LsV","ranged","bow","piercing","100","e3e868d8a2aea72c","bow shot across 100 ft increments. Physical weapon footage and restrained contact finish. Native weapon data and full description inform the design; activated powers, target-dependent riders and critical-only effects are not inferred from a Strike.",""
"Longspear","aXuJh4i8HqSu6NYV","melee","spear","piercing","0","b6cd299b6377bd15","Two-handed piercing contact, extended reach. Physical weapon footage and restrained contact finish. Native weapon data and full description inform the design; activated powers, target-dependent riders and critical-only effects are not inferred from a Strike.",""
"Longsword","LJdbVTOZog39EEbi","melee","sword","slashing","0","5a8eb68283226636","One-handed slashing contact. Physical weapon footage and restrained contact finish. Native weapon data and full description inform the design; activated powers, target-dependent riders and critical-only effects are not inferred from a Strike.",""
"Luck Blade","pIYlenaADKnxdp11","melee","shortsword","piercing","0","b96fd1078904cac3","One-handed piercing contact. Physical weapon footage and restrained contact finish. Native weapon data and full description inform the design; activated powers, target-dependent riders and critical-only effects are not inferred from a Strike.",""
"Luck Blade (Wishing)","C3vAFRWoeGbMQTAH","melee","shortsword","piercing","0","935c8d3143731cf6","One-handed piercing contact. Physical weapon footage and restrained contact finish. Native weapon data and full description inform the design; activated powers, target-dependent riders and critical-only effects are not inferred from a Strike.",""
"Lumber Lord's Axe","QNRa5r2I00YtEoIV","melee","handaxe","slashing","0","d7261e890b99ef12","One-handed slashing contact. Physical weapon footage and restrained contact finish. Native weapon data and full description inform the design; activated powers, target-dependent riders and critical-only effects are not inferred from a Strike.",""
"Lyrakien Staff","fcRTJBvy1RqXr3ow","melee","quarterstaff","bludgeoning","0","d0e26d894a9c617a","One-handed bludgeoning contact. Physical weapon footage and restrained contact finish. Native weapon data and full description inform the design; activated powers, target-dependent riders and critical-only effects are not inferred from a Strike.",""
"Lyrakien Staff (Greater)","uepeQsiOEIqTyNsx","melee","quarterstaff","bludgeoning","0","44aa31bc093bbe57","One-handed bludgeoning contact. Physical weapon footage and restrained contact finish. Native weapon data and full description inform the design; activated powers, target-dependent riders and critical-only effects are not inferred from a Strike.",""
"Lyrakien Staff (Major)","uX8urrzOQM5wdoTD","melee","quarterstaff","bludgeoning","0","30431c777272764e","One-handed bludgeoning contact. Physical weapon footage and restrained contact finish. Native weapon data and full description inform the design; activated powers, target-dependent riders and critical-only effects are not inferred from a Strike.",""
"Mace","9iDqOLNFKxiTcFKE","melee","mace","bludgeoning","0","4a8f5862e80d9c10","One-handed bludgeoning contact. Physical weapon footage and restrained contact finish. Native weapon data and full description inform the design; activated powers, target-dependent riders and critical-only effects are not inferred from a Strike.",""
"Mace Multipistol","m3QMdlNxFyDFrkQX","ranged","firearm","piercing","20","838813eba38044b5","firearm shot across 20 ft increments. Physical weapon footage and restrained contact finish. Native weapon data and full description inform the design; activated powers, target-dependent riders and critical-only effects are not inferred from a Strike.",""
"Mace Multipistol","m3QMdlNxFyDFrkQX","melee","mace","bludgeoning","0","838813eba38044b5","One-handed bludgeoning contact. Physical weapon footage and restrained contact finish. Native weapon data and full description inform the design; activated powers, target-dependent riders and critical-only effects are not inferred from a Strike.",""
"Machete","O7IZBvVoe7W2XnBa","melee","sword","slashing","0","05d5e3d47a57b6ec","One-handed slashing contact. Physical weapon footage and restrained contact finish. Native weapon data and full description inform the design; activated powers, target-dependent riders and critical-only effects are not inferred from a Strike.",""
"Macuahuitl","BjSx9EkQNnuHZbvg","melee","greatclub","slashing","0","468ba8a74d83b850","Two-handed slashing contact. bleed native damage, permanent runes or always-on own-weapon damage rules supply the contact accents. Brief native persistent-damage cue follows contact. Native weapon data and full description inform the design; activated powers, target-dependent riders and critical-only effects are not inferred from a Strike.",""
"Mageslayer","lSnYM1j5C4A9a3Mn","melee","scimitar","slashing","0","4a7c7c67aa6b98c5","One-handed slashing contact. Physical weapon footage and restrained contact finish. Native weapon data and full description inform the design; activated powers, target-dependent riders and critical-only effects are not inferred from a Strike.",""
"Magnetic Bola","6dizJBq0Dqevbf3L","thrown","bola","bludgeoning","15","41ae51534a6bcb6b","bola throw across 15 ft increments. Physical weapon footage and restrained contact finish. Native weapon data and full description inform the design; activated powers, target-dependent riders and critical-only effects are not inferred from a Strike.","free flight: jb2a.dagger.throw.01.white"
"Main-Gauche","iWcw1sFLAzByVLBP","melee","dagger","piercing","0","a2c4e8159ebf87b0","One-handed piercing contact. Physical weapon footage and restrained contact finish. Native weapon data and full description inform the design; activated powers, target-dependent riders and critical-only effects are not inferred from a Strike.",""
"Mambele","MeA0g9xvWCbGxf2g","melee","handaxe","slashing","0","c549c501bf451d89","One-handed slashing contact. Physical weapon footage and restrained contact finish. Native weapon data and full description inform the design; activated powers, target-dependent riders and critical-only effects are not inferred from a Strike.",""
"Mambele","MeA0g9xvWCbGxf2g","thrown","handaxe","slashing","20","c549c501bf451d89","handaxe throw across 20 ft increments. Physical weapon footage and restrained contact finish. Native weapon data and full description inform the design; activated powers, target-dependent riders and critical-only effects are not inferred from a Strike.","free flight: jb2a.dagger.throw.01.white"
"Mammoth Bow","tYnFIqjvxT9bWaoR","ranged","bow","piercing","180","c091f44413dfc534","bow shot across 180 ft increments. Physical weapon footage and restrained contact finish. Native weapon data and full description inform the design; activated powers, target-dependent riders and critical-only effects are not inferred from a Strike.",""
"Man-Feller","4ADeEQGQJR0ju2Nd","melee","handaxe","slashing","0","69f4c54c542fcba9","One-handed slashing contact. Physical weapon footage and restrained contact finish. Native weapon data and full description inform the design; activated powers, target-dependent riders and critical-only effects are not inferred from a Strike.",""
"Mattock of the Titans","WCWdJmR5tYO7Aulb","melee","pick","piercing","0","ff8e2f67c2c157b8","Two-handed piercing contact. Physical weapon footage and restrained contact finish. Native weapon data and full description inform the design; activated powers, target-dependent riders and critical-only effects are not inferred from a Strike.","free contact: jb2a.melee_generic.slash.01.orange"
"Maul","mlrmkpOlwpnGkw4I","melee","maul","bludgeoning","0","5b488c4d390d819e","Two-handed bludgeoning contact. Physical weapon footage and restrained contact finish. Native weapon data and full description inform the design; activated powers, target-dependent riders and critical-only effects are not inferred from a Strike.",""
"Maul-spade","MiiaZeNMGGSefjVH","melee","greatclub","bludgeoning","0","6c5fa899dadc552b","Two-handed bludgeoning contact. Physical weapon footage and restrained contact finish. Native weapon data and full description inform the design; activated powers, target-dependent riders and critical-only effects are not inferred from a Strike.",""
"Meloth's Lifedrinker","HeJ7yOm1iybL2TjV","melee","sword","slashing","0","e5c85f06d6890dd9","One-handed slashing contact. Physical weapon footage and restrained contact finish. Native weapon data and full description inform the design; activated powers, target-dependent riders and critical-only effects are not inferred from a Strike.",""
"Meloth's Lifedrinker (Level 7)","raRbJELCqrzoiTzL","melee","sword","slashing","0","3c942ecf2ed00f86","One-handed slashing contact. bleed native damage, permanent runes or always-on own-weapon damage rules supply the contact accents. Brief native persistent-damage cue follows contact. Native weapon data and full description inform the design; activated powers, target-dependent riders and critical-only effects are not inferred from a Strike.",""
"Memento Mori Staff","r9XpnfBfQZhUq3Fh","melee","quarterstaff","bludgeoning","0","790be4a7dfd4de8b","One-handed bludgeoning contact. spirit native damage, permanent runes or always-on own-weapon damage rules supply the contact accents. Native weapon data and full description inform the design; activated powers, target-dependent riders and critical-only effects are not inferred from a Strike.",""
"Mentalist's Staff","xwiZBOjispKVZzGA","melee","quarterstaff","bludgeoning","0","5d414b7ad19622e3","One-handed bludgeoning contact. Physical weapon footage and restrained contact finish. mental flourish reflects the item's own traits or construction, not Strike damage. Native weapon data and full description inform the design; activated powers, target-dependent riders and critical-only effects are not inferred from a Strike.",""
"Mentalist's Staff (Greater)","0RCC0fOg1Lp7f79I","melee","quarterstaff","bludgeoning","0","85bfdbfa4c3d8721","One-handed bludgeoning contact. Physical weapon footage and restrained contact finish. mental flourish reflects the item's own traits or construction, not Strike damage. Native weapon data and full description inform the design; activated powers, target-dependent riders and critical-only effects are not inferred from a Strike.",""
"Mentalist's Staff (Major)","DTIBj6Yhy73G5P6j","melee","quarterstaff","bludgeoning","0","92a27aa629526c43","One-handed bludgeoning contact. Physical weapon footage and restrained contact finish. mental flourish reflects the item's own traits or construction, not Strike damage. Native weapon data and full description inform the design; activated powers, target-dependent riders and critical-only effects are not inferred from a Strike.",""
"Meteor Hammer","xu3azdMCIa53Oe1f","melee","flail","bludgeoning","0","178b9a7b19461f82","Two-handed bludgeoning contact, extended reach. Physical weapon footage and restrained contact finish. Native weapon data and full description inform the design; activated powers, target-dependent riders and critical-only effects are not inferred from a Strike.",""
"Metronomic Hammer","NzVp3RKhBkAPbe3g","melee","hammer","bludgeoning","0","103a5c328b1b3ca3","One-handed bludgeoning contact. Physical weapon footage and restrained contact finish. Native weapon data and full description inform the design; activated powers, target-dependent riders and critical-only effects are not inferred from a Strike.",""
"Mikazuki","oW9neeVcpHjEvjcN","ranged","bow","piercing","70","9f5bc1ab43b4b878","bow shot across 70 ft increments. Physical weapon footage and restrained contact finish. Native weapon data and full description inform the design; activated powers, target-dependent riders and critical-only effects are not inferred from a Strike.",""
"Mikazuki","oW9neeVcpHjEvjcN","melee","flail","bludgeoning","0","9f5bc1ab43b4b878","One-handed bludgeoning contact. Physical weapon footage and restrained contact finish. Native weapon data and full description inform the design; activated powers, target-dependent riders and critical-only effects are not inferred from a Strike.",""
"Mindlance","O5da0gpQqR9MwGLF","ranged","firearm","mental","150","daceca749bb6f996","firearm shot across 150 ft increments. mental native damage, permanent runes or always-on own-weapon damage rules supply the contact accents. Native weapon data and full description inform the design; activated powers, target-dependent riders and critical-only effects are not inferred from a Strike.",""
"Mindrender Baton","UmteC2OgKGJBkMDz","melee","club","bludgeoning","0","9d5bc1a220008a1c","One-handed bludgeoning contact. Physical weapon footage and restrained contact finish. Native weapon data and full description inform the design; activated powers, target-dependent riders and critical-only effects are not inferred from a Strike.",""
"Mirrorblade","B18ZjBdOW7zBDzvX","melee","sword","slashing","0","8b34a749c39930c1","One-handed slashing contact. Physical weapon footage and restrained contact finish. Native weapon data and full description inform the design; activated powers, target-dependent riders and critical-only effects are not inferred from a Strike.",""
"Monarch","jVDSXbfq0ukHeSkK","melee","dagger","piercing","0","8755bcb189a3eb19","One-handed piercing contact. Physical weapon footage and restrained contact finish. air flourish reflects the item's own traits or construction, not Strike damage. Native weapon data and full description inform the design; activated powers, target-dependent riders and critical-only effects are not inferred from a Strike.",""
"Monarch","jVDSXbfq0ukHeSkK","thrown","dagger","piercing","20","8755bcb189a3eb19","dagger throw across 20 ft increments. Physical weapon footage and restrained contact finish. air flourish reflects the item's own traits or construction, not Strike damage. Native weapon data and full description inform the design; activated powers, target-dependent riders and critical-only effects are not inferred from a Strike.",""
"Monkey's Fist","cKbiv1dUMViikKOS","melee","flail","bludgeoning","0","17097724300ef684","One-handed bludgeoning contact. Physical weapon footage and restrained contact finish. Native weapon data and full description inform the design; activated powers, target-dependent riders and critical-only effects are not inferred from a Strike.",""
"Morning Glow","JosogwNGybTSrH03","melee","greatsword","slashing","0","b2ccb192f2bc2d39","Two-handed slashing contact. spirit native damage, permanent runes or always-on own-weapon damage rules supply the contact accents. Native weapon data and full description inform the design; activated powers, target-dependent riders and critical-only effects are not inferred from a Strike.",""
"Morningstar","5fu6dCtqhdBnHNqh","melee","club","bludgeoning","0","5d17dcfad3970945","One-handed bludgeoning contact. Physical weapon footage and restrained contact finish. Native weapon data and full description inform the design; activated powers, target-dependent riders and critical-only effects are not inferred from a Strike.",""
"Mountebank's Passage","IuL8O6sR8st1mevo","ranged","firearm","piercing","40","3a6585b2911a388c","firearm shot across 40 ft increments. Physical weapon footage and restrained contact finish. Native weapon data and full description inform the design; activated powers, target-dependent riders and critical-only effects are not inferred from a Strike.",""
"Mud Bomb (Greater)","9j3sqH9sG5mUe6rI","thrown","bomb","bludgeoning","20","1137b781905ba984","bomb throw across 20 ft increments. Physical weapon footage and restrained contact finish. liquid contents at impact, followed by a brief residue cue. Target-centered contents cue; lingering artwork is brief and does not track a condition or splash footprint. Native weapon data and full description inform the design; activated powers, target-dependent riders and critical-only effects are not inferred from a Strike.",""
"Mud Bomb (Lesser)","HtBqmBFYuxJp2QiZ","thrown","bomb","bludgeoning","20","7dc8888402fd0d09","bomb throw across 20 ft increments. Physical weapon footage and restrained contact finish. liquid contents at impact, followed by a brief residue cue. Target-centered contents cue; lingering artwork is brief and does not track a condition or splash footprint. Native weapon data and full description inform the design; activated powers, target-dependent riders and critical-only effects are not inferred from a Strike.",""
"Mud Bomb (Major)","Djp91D21I6QW6dlw","thrown","bomb","bludgeoning","20","79a43e9b9ae963af","bomb throw across 20 ft increments. Physical weapon footage and restrained contact finish. liquid contents at impact, followed by a brief residue cue. Target-centered contents cue; lingering artwork is brief and does not track a condition or splash footprint. Native weapon data and full description inform the design; activated powers, target-dependent riders and critical-only effects are not inferred from a Strike.",""
"Mud Bomb (Moderate)","0U4qXSxfZDMIJDtA","thrown","bomb","bludgeoning","20","f7a099b152a81637","bomb throw across 20 ft increments. Physical weapon footage and restrained contact finish. liquid contents at impact, followed by a brief residue cue. Target-centered contents cue; lingering artwork is brief and does not track a condition or splash footprint. Native weapon data and full description inform the design; activated powers, target-dependent riders and critical-only effects are not inferred from a Strike.",""
"Musket Staff of Force","mfYwthsSMkDS8djw","ranged","firearm","piercing","70","9c290cce586e57e8","firearm shot across 70 ft increments. Physical weapon footage and restrained contact finish. Native weapon data and full description inform the design; activated powers, target-dependent riders and critical-only effects are not inferred from a Strike.",""
"Musket Staff of Void","lsTTJ9GlHOu5o3bt","ranged","firearm","piercing","70","7abd66fa8f068617","firearm shot across 70 ft increments. Physical weapon footage and restrained contact finish. Native weapon data and full description inform the design; activated powers, target-dependent riders and critical-only effects are not inferred from a Strike.",""
"Naginata","NufKswitJjxDCX8f","melee","glaive","slashing","0","2bb426ca2578babc","Two-handed slashing contact, extended reach. Physical weapon footage and restrained contact finish. Native weapon data and full description inform the design; activated powers, target-dependent riders and critical-only effects are not inferred from a Strike.",""
"Nail Bomb (Greater)","YZ8WY378H1WFaD6s","thrown","bomb","piercing","20","a822e2302c4c3e8a","bomb throw across 20 ft increments. Physical weapon footage and restrained contact finish. shrapnel contents at impact. Target-centered contents cue; lingering artwork is brief and does not track a condition or splash footprint. Native weapon data and full description inform the design; activated powers, target-dependent riders and critical-only effects are not inferred from a Strike.",""
"Nail Bomb (Lesser)","2zDOPJy5goJjRREN","thrown","bomb","piercing","20","970d0816d1c5220f","bomb throw across 20 ft increments. Physical weapon footage and restrained contact finish. shrapnel contents at impact. Target-centered contents cue; lingering artwork is brief and does not track a condition or splash footprint. Native weapon data and full description inform the design; activated powers, target-dependent riders and critical-only effects are not inferred from a Strike.",""
"Nail Bomb (Major)","qmFVrqzvkGU9g5lt","thrown","bomb","piercing","20","c2f53279ededff3f","bomb throw across 20 ft increments. Physical weapon footage and restrained contact finish. shrapnel contents at impact. Target-centered contents cue; lingering artwork is brief and does not track a condition or splash footprint. Native weapon data and full description inform the design; activated powers, target-dependent riders and critical-only effects are not inferred from a Strike.",""
"Nail Bomb (Moderate)","19njoGhqVm3UYsn1","thrown","bomb","piercing","20","675f0561a3e7470c","bomb throw across 20 ft increments. Physical weapon footage and restrained contact finish. shrapnel contents at impact. Target-centered contents cue; lingering artwork is brief and does not track a condition or splash footprint. Native weapon data and full description inform the design; activated powers, target-dependent riders and critical-only effects are not inferred from a Strike.",""
"Necrotic Bomb (Greater)","u41wQz3bgu6J1XKo","thrown","bomb","void","20","3388e809586482a5","bomb throw across 20 ft increments. void native damage, permanent runes or always-on own-weapon damage rules supply the contact accents. void contents at impact. Target-centered contents cue; lingering artwork is brief and does not track a condition or splash footprint. Native weapon data and full description inform the design; activated powers, target-dependent riders and critical-only effects are not inferred from a Strike.",""
"Necrotic Bomb (Lesser)","8JnOYyTdatqRnAV4","thrown","bomb","void","20","0c92fb4b57a941fa","bomb throw across 20 ft increments. void native damage, permanent runes or always-on own-weapon damage rules supply the contact accents. void contents at impact. Target-centered contents cue; lingering artwork is brief and does not track a condition or splash footprint. Native weapon data and full description inform the design; activated powers, target-dependent riders and critical-only effects are not inferred from a Strike.",""
"Necrotic Bomb (Major)","RC8EmoFiMITFUopr","thrown","bomb","void","20","f2620b32dad57ab3","bomb throw across 20 ft increments. void native damage, permanent runes or always-on own-weapon damage rules supply the contact accents. void contents at impact. Target-centered contents cue; lingering artwork is brief and does not track a condition or splash footprint. Native weapon data and full description inform the design; activated powers, target-dependent riders and critical-only effects are not inferred from a Strike.",""
"Necrotic Bomb (Moderate)","moBSgma1rtJqh7Rp","thrown","bomb","void","20","0c961cb3f31f7627","bomb throw across 20 ft increments. void native damage, permanent runes or always-on own-weapon damage rules supply the contact accents. void contents at impact. Target-centered contents cue; lingering artwork is brief and does not track a condition or splash footprint. Native weapon data and full description inform the design; activated powers, target-dependent riders and critical-only effects are not inferred from a Strike.",""
"Nexian Sealing Blade","WFumHA7dT5s3jCRT","melee","sword","slashing","0","3e9c3e9c961b1b92","One-handed slashing contact. Physical weapon footage and restrained contact finish. Native weapon data and full description inform the design; activated powers, target-dependent riders and critical-only effects are not inferred from a Strike.",""
"Nexian Sealing Blade (Greater)","cnfsOL7Pes47WPpR","melee","sword","slashing","0","76d119253312e57d","One-handed slashing contact. Physical weapon footage and restrained contact finish. Native weapon data and full description inform the design; activated powers, target-dependent riders and critical-only effects are not inferred from a Strike.",""
"Nightmare Cudgel","yMbMbPW2WfjOIrmJ","melee","club","bludgeoning","0","c6ad1a63d593fe3a","One-handed bludgeoning contact. Physical weapon footage and restrained contact finish. Native weapon data and full description inform the design; activated powers, target-dependent riders and critical-only effects are not inferred from a Strike.",""
"Nightmare Cudgel","yMbMbPW2WfjOIrmJ","thrown","club","bludgeoning","10","c6ad1a63d593fe3a","club throw across 10 ft increments. Physical weapon footage and restrained contact finish. Native weapon data and full description inform the design; activated powers, target-dependent riders and critical-only effects are not inferred from a Strike.","free flight: jb2a.dagger.throw.01.white"
"Nightmare's Lament","ASjNBiQfQfWppPJc","ranged","firearm","piercing","30","30ab14d7732c3650","firearm shot across 30 ft increments. Physical weapon footage and restrained contact finish. Native weapon data and full description inform the design; activated powers, target-dependent riders and critical-only effects are not inferred from a Strike.",""
"Nightmare's Lament","ASjNBiQfQfWppPJc","melee","dagger","piercing","0","30ab14d7732c3650","One-handed piercing contact. Physical weapon footage and restrained contact finish. Native weapon data and full description inform the design; activated powers, target-dependent riders and critical-only effects are not inferred from a Strike.",""
"Nightstick","80G0z7iFUCjHeYGf","melee","club","bludgeoning","0","1c81c139018df1cf","One-handed bludgeoning contact. Physical weapon footage and restrained contact finish. Native weapon data and full description inform the design; activated powers, target-dependent riders and critical-only effects are not inferred from a Strike.",""
"Nodachi","KtarUneAx0hibGtW","melee","greatsword","slashing","0","8f1409c916f20915","Two-handed slashing contact, extended reach. Physical weapon footage and restrained contact finish. Native weapon data and full description inform the design; activated powers, target-dependent riders and critical-only effects are not inferred from a Strike.",""
"North Wind's Night Verse","4nte7LbGGPwViu1U","melee","katana","slashing","0","ad712cedb35b0a7c","One-handed slashing contact. cold native damage, permanent runes or always-on own-weapon damage rules supply the contact accents. Native weapon data and full description inform the design; activated powers, target-dependent riders and critical-only effects are not inferred from a Strike.",""
"Nunchaku","LA8wwpQBi6tylE6z","melee","club","bludgeoning","0","06909f6fc06eda14","One-handed bludgeoning contact. Physical weapon footage and restrained contact finish. Native weapon data and full description inform the design; activated powers, target-dependent riders and critical-only effects are not inferred from a Strike.",""
"Nyctessa's Staff","vdoxsa5FbkViZ67K","melee","quarterstaff","bludgeoning","0","47a98f2eaa030339","One-handed bludgeoning contact. Physical weapon footage and restrained contact finish. Native weapon data and full description inform the design; activated powers, target-dependent riders and critical-only effects are not inferred from a Strike.",""
"Oathbow","bheWnrBqMphBRUmn","ranged","bow","piercing","100","2aa1c814536114fa","bow shot across 100 ft increments. Physical weapon footage and restrained contact finish. Native weapon data and full description inform the design; activated powers, target-dependent riders and critical-only effects are not inferred from a Strike.",""
"Obsidian Edge","39bdYkGlqjFR0AOL","ranged","firearm","piercing","30","1572f26c325e62a6","firearm shot across 30 ft increments. fire native damage, permanent runes or always-on own-weapon damage rules supply the contact accents. Native weapon data and full description inform the design; activated powers, target-dependent riders and critical-only effects are not inferred from a Strike.",""
"Obsidian Edge","39bdYkGlqjFR0AOL","melee","greatsword","slashing","0","1572f26c325e62a6","Two-handed slashing contact. fire native damage, permanent runes or always-on own-weapon damage rules supply the contact accents. Native weapon data and full description inform the design; activated powers, target-dependent riders and critical-only effects are not inferred from a Strike.",""
"Obsidian Edge (Greater)","XVxnCBQEW5idfAPw","ranged","firearm","piercing","30","b63a8fb9a92f92da","firearm shot across 30 ft increments. fire native damage, permanent runes or always-on own-weapon damage rules supply the contact accents. Native weapon data and full description inform the design; activated powers, target-dependent riders and critical-only effects are not inferred from a Strike.",""
"Obsidian Edge (Greater)","XVxnCBQEW5idfAPw","melee","greatsword","slashing","0","b63a8fb9a92f92da","Two-handed slashing contact. fire native damage, permanent runes or always-on own-weapon damage rules supply the contact accents. Native weapon data and full description inform the design; activated powers, target-dependent riders and critical-only effects are not inferred from a Strike.",""
"Obsidian Edge (Major)","KRQDhu2XVmOlaVRu","ranged","firearm","piercing","30","4f007cccc04dc031","firearm shot across 30 ft increments. fire native damage, permanent runes or always-on own-weapon damage rules supply the contact accents. Native weapon data and full description inform the design; activated powers, target-dependent riders and critical-only effects are not inferred from a Strike.",""
"Obsidian Edge (Major)","KRQDhu2XVmOlaVRu","melee","greatsword","slashing","0","4f007cccc04dc031","Two-handed slashing contact. fire native damage, permanent runes or always-on own-weapon damage rules supply the contact accents. Native weapon data and full description inform the design; activated powers, target-dependent riders and critical-only effects are not inferred from a Strike.",""
"Obsidian Edge (True)","8W8NvYlRM2lQPJf0","ranged","firearm","piercing","30","e62b1b6d06187245","firearm shot across 30 ft increments. fire native damage, permanent runes or always-on own-weapon damage rules supply the contact accents. Native weapon data and full description inform the design; activated powers, target-dependent riders and critical-only effects are not inferred from a Strike.",""
"Obsidian Edge (True)","8W8NvYlRM2lQPJf0","melee","greatsword","slashing","0","e62b1b6d06187245","Two-handed slashing contact. fire native damage, permanent runes or always-on own-weapon damage rules supply the contact accents. Native weapon data and full description inform the design; activated powers, target-dependent riders and critical-only effects are not inferred from a Strike.",""
"Ogre Hook","Oiq3QgLrM4i3W5Hg","melee","pick","piercing","0","6ff3c947bc788813","Two-handed piercing contact. Physical weapon footage and restrained contact finish. Native weapon data and full description inform the design; activated powers, target-dependent riders and critical-only effects are not inferred from a Strike.","free contact: jb2a.melee_generic.slash.01.orange"
"Orb Shard","YjaXxg9uQ02IbwLi","melee","shortsword","piercing","0","3416a8e4d0d2fa75","One-handed piercing contact. Physical weapon footage and restrained contact finish. Native weapon data and full description inform the design; activated powers, target-dependent riders and critical-only effects are not inferred from a Strike.",""
"Orc Knuckle Dagger","sAjzLXgA2LnIwpBM","melee","dagger","piercing","0","f1b77eaddc73ebfc","One-handed piercing contact. Physical weapon footage and restrained contact finish. Native weapon data and full description inform the design; activated powers, target-dependent riders and critical-only effects are not inferred from a Strike.",""
"Orc Necksplitter","J6H5UbLVsSXShoTs","melee","handaxe","slashing","0","bacfb0e052db431e","One-handed slashing contact. Physical weapon footage and restrained contact finish. Native weapon data and full description inform the design; activated powers, target-dependent riders and critical-only effects are not inferred from a Strike.",""
"Orc Skewermaul","IbHZE47vul6Mohz6","melee","maul","bludgeoning","0","f96a5bb82119364d","One-handed bludgeoning contact. Physical weapon footage and restrained contact finish. Native weapon data and full description inform the design; activated powers, target-dependent riders and critical-only effects are not inferred from a Strike.",""
"Ouroboros Flail","N7cH1SS57NNaOtf5","melee","flail","bludgeoning","0","03ff47030d42e6e4","Two-handed bludgeoning contact. Physical weapon footage and restrained contact finish. Native weapon data and full description inform the design; activated powers, target-dependent riders and critical-only effects are not inferred from a Strike.",""
"Ouroboros Flail (Greater)","sLuU3V5Hv9bYrl2a","melee","flail","bludgeoning","0","2330c654804ce178","Two-handed bludgeoning contact. Physical weapon footage and restrained contact finish. Native weapon data and full description inform the design; activated powers, target-dependent riders and critical-only effects are not inferred from a Strike.",""
"Ouroboros Flail (Major)","j9Z8TrUDHhdArJgi","melee","flail","bludgeoning","0","af2e1e86188cc23c","Two-handed bludgeoning contact. Physical weapon footage and restrained contact finish. Native weapon data and full description inform the design; activated powers, target-dependent riders and critical-only effects are not inferred from a Strike.",""
"Ovinrbaane","tbc3dqTyibuGoCA6","melee","greatsword","slashing","0","4a1fdd192fdbe3b3","Two-handed slashing contact. bleed native damage, permanent runes or always-on own-weapon damage rules supply the contact accents. Brief native persistent-damage cue follows contact. Native weapon data and full description inform the design; activated powers, target-dependent riders and critical-only effects are not inferred from a Strike.",""
"Pact-Bound Pistol","q1mt1F9q1XmJWAKY","ranged","firearm","piercing","60","66f7cc0635972727","firearm shot across 60 ft increments. Physical weapon footage and restrained contact finish. fire + unholy flourish reflects the item's own traits or construction, not Strike damage. Native weapon data and full description inform the design; activated powers, target-dependent riders and critical-only effects are not inferred from a Strike.",""
"Palstave","G58Tx1lQqa8n6m5c","melee","handaxe","slashing","0","e49b98cc96c16c4d","One-handed slashing contact. Physical weapon footage and restrained contact finish. Native weapon data and full description inform the design; activated powers, target-dependent riders and critical-only effects are not inferred from a Strike.",""
"Panabas","DFtbWoL6yBnDbtB3","melee","handaxe","slashing","0","08efe7f2dd72507d","One-handed slashing contact. Physical weapon footage and restrained contact finish. Native weapon data and full description inform the design; activated powers, target-dependent riders and critical-only effects are not inferred from a Strike.",""
"Pantograph Gauntlet","ONHFPXNNw9BkNAKm","melee","unarmed","bludgeoning","0","e7702e3a375c34e6","One-handed bludgeoning contact, extended reach. Physical weapon footage and restrained contact finish. Native weapon data and full description inform the design; activated powers, target-dependent riders and critical-only effects are not inferred from a Strike.",""
"Pepperbox","tk4cfktEnMrp4K6m","ranged","firearm","piercing","60","ec8977f12263c70e","firearm shot across 60 ft increments. Physical weapon footage and restrained contact finish. Native weapon data and full description inform the design; activated powers, target-dependent riders and critical-only effects are not inferred from a Strike.",""
"Pernicious Spore Bomb (Greater)","TvEnLYsYjijBe1Cg","thrown","flask","poison","20","1bff19c222d9e0dd","flask throw across 20 ft increments. poison native damage, permanent runes or always-on own-weapon damage rules supply the contact accents. spores contents at impact, followed by a brief residue cue. Target-centered contents cue; lingering artwork is brief and does not track a condition or splash footprint. Native weapon data and full description inform the design; activated powers, target-dependent riders and critical-only effects are not inferred from a Strike.",""
"Pernicious Spore Bomb (Lesser)","841G24r5ITFYk5zQ","thrown","flask","poison","20","b409b9ae873bcb3f","flask throw across 20 ft increments. poison native damage, permanent runes or always-on own-weapon damage rules supply the contact accents. spores contents at impact, followed by a brief residue cue. Target-centered contents cue; lingering artwork is brief and does not track a condition or splash footprint. Native weapon data and full description inform the design; activated powers, target-dependent riders and critical-only effects are not inferred from a Strike.",""
"Pernicious Spore Bomb (Major)","4Thv3O2smZ8AHNjP","thrown","flask","poison","20","28f4bdda8405de56","flask throw across 20 ft increments. poison native damage, permanent runes or always-on own-weapon damage rules supply the contact accents. spores contents at impact, followed by a brief residue cue. Target-centered contents cue; lingering artwork is brief and does not track a condition or splash footprint. Native weapon data and full description inform the design; activated powers, target-dependent riders and critical-only effects are not inferred from a Strike.",""
"Pernicious Spore Bomb (Moderate)","cbgJbCMU330TVmmO","thrown","flask","poison","20","89c72c5a4ac62fd7","flask throw across 20 ft increments. poison native damage, permanent runes or always-on own-weapon damage rules supply the contact accents. spores contents at impact, followed by a brief residue cue. Target-centered contents cue; lingering artwork is brief and does not track a condition or splash footprint. Native weapon data and full description inform the design; activated powers, target-dependent riders and critical-only effects are not inferred from a Strike.",""
"Peshpine Grenade (Greater)","ZVhSxudgfnSO4AMd","thrown","bomb","piercing","20","724c9899cf5d5235","bomb throw across 20 ft increments. Physical weapon footage and restrained contact finish. needles contents at impact. Target-centered contents cue; lingering artwork is brief and does not track a condition or splash footprint. Native weapon data and full description inform the design; activated powers, target-dependent riders and critical-only effects are not inferred from a Strike.",""
"Peshpine Grenade (Lesser)","c124j3cpv8rl5MLp","thrown","bomb","piercing","20","9f26f73cfcc8d12f","bomb throw across 20 ft increments. Physical weapon footage and restrained contact finish. needles contents at impact. Target-centered contents cue; lingering artwork is brief and does not track a condition or splash footprint. Native weapon data and full description inform the design; activated powers, target-dependent riders and critical-only effects are not inferred from a Strike.",""
"Peshpine Grenade (Major)","b1gx7ZhuFJAyJOo8","thrown","bomb","piercing","20","df65deb12c3628ac","bomb throw across 20 ft increments. Physical weapon footage and restrained contact finish. needles contents at impact. Target-centered contents cue; lingering artwork is brief and does not track a condition or splash footprint. Native weapon data and full description inform the design; activated powers, target-dependent riders and critical-only effects are not inferred from a Strike.",""
"Peshpine Grenade (Moderate)","AvGZqDfalwwbYFvA","thrown","bomb","piercing","20","5d84bbd316aed460","bomb throw across 20 ft increments. Physical weapon footage and restrained contact finish. needles contents at impact. Target-centered contents cue; lingering artwork is brief and does not track a condition or splash footprint. Native weapon data and full description inform the design; activated powers, target-dependent riders and critical-only effects are not inferred from a Strike.",""
"Petrification Cannon","ChLxhFpo4WSAKgLh","ranged","firearm","piercing","60","ba3321f2323cf463","firearm shot across 60 ft increments. Physical weapon footage and restrained contact finish. Native weapon data and full description inform the design; activated powers, target-dependent riders and critical-only effects are not inferred from a Strike.",""
"Phalanx Piercer","EvBQcbkiYUusdFKY","ranged","bow","piercing","80","d4aa2f119aff8214","bow shot across 80 ft increments. Physical weapon footage and restrained contact finish. Native weapon data and full description inform the design; activated powers, target-dependent riders and critical-only effects are not inferred from a Strike.",""
"Phantom Fang","G1FOTNhO1qcPfRXW","melee","dagger","slashing","0","3a37cc661887286e","One-handed slashing contact. Physical weapon footage and restrained contact finish. Native weapon data and full description inform the design; activated powers, target-dependent riders and critical-only effects are not inferred from a Strike.",""
"Phase Spike","nPa8pxzjuVY0lKMp","melee","spear","piercing","0","a65ed0189faab725","One-handed piercing contact. spirit native damage, permanent runes or always-on own-weapon damage rules supply the contact accents. Native weapon data and full description inform the design; activated powers, target-dependent riders and critical-only effects are not inferred from a Strike.",""
"Phase Spike","nPa8pxzjuVY0lKMp","thrown","spear","piercing","20","a65ed0189faab725","spear throw across 20 ft increments. spirit native damage, permanent runes or always-on own-weapon damage rules supply the contact accents. Native weapon data and full description inform the design; activated powers, target-dependent riders and critical-only effects are not inferred from a Strike.","free flight: jb2a.dagger.throw.01.white"
"Phoenix Fighting Fan","lSwITRpBSdodhc1c","melee","dagger","slashing","0","58f8e71596ab7d63","One-handed slashing contact. fire native damage, permanent runes or always-on own-weapon damage rules supply the contact accents. Native weapon data and full description inform the design; activated powers, target-dependent riders and critical-only effects are not inferred from a Strike.",""
"Pick","6I4YJAQUbTAqbpsI","melee","pick","piercing","0","37aa3e4436caed85","One-handed piercing contact. Physical weapon footage and restrained contact finish. Native weapon data and full description inform the design; activated powers, target-dependent riders and critical-only effects are not inferred from a Strike.","free contact: jb2a.melee_generic.slash.01.orange"
"Pick of Arcane Accuracy","fOPWvucD6pY0dTbQ","melee","pick","piercing","0","85c0a026f92e5084","One-handed piercing contact. Physical weapon footage and restrained contact finish. Native weapon data and full description inform the design; activated powers, target-dependent riders and critical-only effects are not inferred from a Strike.","free contact: jb2a.melee_generic.slash.01.orange"
"Piercing Wind","4lO2uNA70HqTuSAD","ranged","firearm","piercing","40","cc0a078cd41f883e","firearm shot across 40 ft increments. Physical weapon footage and restrained contact finish. Native weapon data and full description inform the design; activated powers, target-dependent riders and critical-only effects are not inferred from a Strike.",""
"Piercing Wind","4lO2uNA70HqTuSAD","melee","sword","slashing","0","cc0a078cd41f883e","One-handed slashing contact. Physical weapon footage and restrained contact finish. Native weapon data and full description inform the design; activated powers, target-dependent riders and critical-only effects are not inferred from a Strike.",""
"Piereta","O6he0J7l1uQgsama","melee","rapier","piercing","0","32dc8c2877369a0a","One-handed piercing contact. spirit native damage, permanent runes or always-on own-weapon damage rules supply the contact accents. Native weapon data and full description inform the design; activated powers, target-dependent riders and critical-only effects are not inferred from a Strike.",""
"Piranha Kiss","LBSRvTsvrFofbB2c","melee","dagger","slashing","0","19bb581c8384aa9f","One-handed slashing contact. Physical weapon footage and restrained contact finish. Native weapon data and full description inform the design; activated powers, target-dependent riders and critical-only effects are not inferred from a Strike.",""
"Pirate Staff","MSzFbb4Jswvrqjru","melee","quarterstaff","bludgeoning","0","f0e996f159502fad","One-handed bludgeoning contact. Physical weapon footage and restrained contact finish. Native weapon data and full description inform the design; activated powers, target-dependent riders and critical-only effects are not inferred from a Strike.",""
"Pistol of Wonder","3SjF539wVL6NK9qq","ranged","firearm","piercing","40","bcaf57b3631352f6","firearm shot across 40 ft increments. Physical weapon footage and restrained contact finish. Native weapon data and full description inform the design; activated powers, target-dependent riders and critical-only effects are not inferred from a Strike.",""
"Pistol Wand","3VgBCJFhEvvbF4gI","ranged","firearm","piercing","40","a98904cbadf2eb7d","firearm shot across 40 ft increments. Physical weapon footage and restrained contact finish. Native weapon data and full description inform the design; activated powers, target-dependent riders and critical-only effects are not inferred from a Strike.",""
"Piston Gauntlets","A6Bavci9ngWPln4l","melee","unarmed","bludgeoning","0","9cdb79e1ab29d930","One-handed bludgeoning contact, extended reach. fire native damage, permanent runes or always-on own-weapon damage rules supply the contact accents. Native weapon data and full description inform the design; activated powers, target-dependent riders and critical-only effects are not inferred from a Strike.",""
"Poi","PnFfW5u24xZV6mOH","melee","flail","bludgeoning","0","559756e713d37844","One-handed bludgeoning contact. Physical weapon footage and restrained contact finish. Native weapon data and full description inform the design; activated powers, target-dependent riders and critical-only effects are not inferred from a Strike.",""
"Poisoner's Staff","SeZfwtBYwmxKrphR","melee","quarterstaff","bludgeoning","0","4fced62329a427d7","One-handed bludgeoning contact. Physical weapon footage and restrained contact finish. poison flourish reflects the item's own traits or construction, not Strike damage. Native weapon data and full description inform the design; activated powers, target-dependent riders and critical-only effects are not inferred from a Strike.",""
"Poisoner's Staff (Greater)","xr99pbmKLO2eDMk5","melee","quarterstaff","bludgeoning","0","096b007824457d31","One-handed bludgeoning contact. Physical weapon footage and restrained contact finish. poison flourish reflects the item's own traits or construction, not Strike damage. Native weapon data and full description inform the design; activated powers, target-dependent riders and critical-only effects are not inferred from a Strike.",""
"Poisoner's Staff (Major)","YMwlSFUoIEPIyctl","melee","quarterstaff","bludgeoning","0","a4d99502e6f339a2","One-handed bludgeoning contact. Physical weapon footage and restrained contact finish. poison flourish reflects the item's own traits or construction, not Strike damage. Native weapon data and full description inform the design; activated powers, target-dependent riders and critical-only effects are not inferred from a Strike.",""
"Poisonous Dagger","hK5xPjOFd2hb81mi","melee","dagger","piercing","0","100faa049d7f4a9a","One-handed piercing contact. Physical weapon footage and restrained contact finish. Native weapon data and full description inform the design; activated powers, target-dependent riders and critical-only effects are not inferred from a Strike.",""
"Poisonous Dagger","hK5xPjOFd2hb81mi","thrown","dagger","piercing","10","100faa049d7f4a9a","dagger throw across 10 ft increments. Physical weapon footage and restrained contact finish. Native weapon data and full description inform the design; activated powers, target-dependent riders and critical-only effects are not inferred from a Strike.",""
"Polarizing Mace","n4p8VFMKYACf200W","melee","mace","bludgeoning","0","76cfab2f2d47d343","One-handed bludgeoning contact. electricity native damage, permanent runes or always-on own-weapon damage rules supply the contact accents. Native weapon data and full description inform the design; activated powers, target-dependent riders and critical-only effects are not inferred from a Strike.",""
"Polytool","vRCH0cQJMllWvpfU","melee","sword","bludgeoning","0","593fdfa30cf4b315","One-handed bludgeoning contact. Physical weapon footage and restrained contact finish. Native weapon data and full description inform the design; activated powers, target-dependent riders and critical-only effects are not inferred from a Strike.",""
"Preordained Spear","FHZHhetgkhVvGiwv","melee","spear","piercing","0","09f19f154f919b01","One-handed piercing contact. Physical weapon footage and restrained contact finish. Native weapon data and full description inform the design; activated powers, target-dependent riders and critical-only effects are not inferred from a Strike.",""
"Preordained Spear","FHZHhetgkhVvGiwv","thrown","spear","piercing","20","09f19f154f919b01","spear throw across 20 ft increments. Physical weapon footage and restrained contact finish. Native weapon data and full description inform the design; activated powers, target-dependent riders and critical-only effects are not inferred from a Strike.","free flight: jb2a.dagger.throw.01.white"
"Pressure Bomb (Greater)","DheIz1WCPXwUhxQD","thrown","bomb","bludgeoning","20","f4eb814a78f68ea1","bomb throw across 20 ft increments. Physical weapon footage and restrained contact finish. pressure contents at impact. Target-centered contents cue; lingering artwork is brief and does not track a condition or splash footprint. Native weapon data and full description inform the design; activated powers, target-dependent riders and critical-only effects are not inferred from a Strike.",""
"Pressure Bomb (Lesser)","HYxnpGzoDL70FrVs","thrown","bomb","bludgeoning","20","51a0e7aa21ed6884","bomb throw across 20 ft increments. Physical weapon footage and restrained contact finish. pressure contents at impact. Target-centered contents cue; lingering artwork is brief and does not track a condition or splash footprint. Native weapon data and full description inform the design; activated powers, target-dependent riders and critical-only effects are not inferred from a Strike.",""
"Pressure Bomb (Major)","Otd9pV58s2LFK1gW","thrown","bomb","bludgeoning","20","8920f56197100cd0","bomb throw across 20 ft increments. Physical weapon footage and restrained contact finish. pressure contents at impact. Target-centered contents cue; lingering artwork is brief and does not track a condition or splash footprint. Native weapon data and full description inform the design; activated powers, target-dependent riders and critical-only effects are not inferred from a Strike.",""
"Pressure Bomb (Moderate)","da6nSPRUwGicvx3c","thrown","bomb","bludgeoning","20","ac90602e6c06dd8a","bomb throw across 20 ft increments. Physical weapon footage and restrained contact finish. pressure contents at impact. Target-centered contents cue; lingering artwork is brief and does not track a condition or splash footprint. Native weapon data and full description inform the design; activated powers, target-dependent riders and critical-only effects are not inferred from a Strike.",""
"Probing Cane","XQ57G0xuxu3nSzcD","melee","club","bludgeoning","0","c95e2a9feb80994b","One-handed bludgeoning contact. Physical weapon footage and restrained contact finish. Native weapon data and full description inform the design; activated powers, target-dependent riders and critical-only effects are not inferred from a Strike.",""
"Protector's Final Gift","D9vU4fADTYSaZpM9","melee","rapier","piercing","0","e30bbbb162af2b80","One-handed piercing contact. Physical weapon footage and restrained contact finish. Native weapon data and full description inform the design; activated powers, target-dependent riders and critical-only effects are not inferred from a Strike.",""
"Purgatory Emissary's Staff","rntI1KvlK0pplLFj","melee","quarterstaff","bludgeoning","0","5ec69deaac1f74f8","One-handed bludgeoning contact. Physical weapon footage and restrained contact finish. Native weapon data and full description inform the design; activated powers, target-dependent riders and critical-only effects are not inferred from a Strike.",""
"Quotidian Staff","3IPMjCJbkFdXjNaQ","melee","quarterstaff","bludgeoning","0","d4b37724b19a3481","One-handed bludgeoning contact. Physical weapon footage and restrained contact finish. Native weapon data and full description inform the design; activated powers, target-dependent riders and critical-only effects are not inferred from a Strike.",""
"Quotidian Staff (Greater)","NsD23QENeWxASSUu","melee","quarterstaff","bludgeoning","0","88d48cf0c4742bdb","One-handed bludgeoning contact. Physical weapon footage and restrained contact finish. Native weapon data and full description inform the design; activated powers, target-dependent riders and critical-only effects are not inferred from a Strike.",""
"Radiant Lance","fLqRH3XpvDZEMxOO","melee","spear","piercing","0","ac4c0b2d74646f78","Two-handed piercing contact, extended reach. fire + spirit native damage, permanent runes or always-on own-weapon damage rules supply the contact accents. light flourish reflects the item's own traits or construction, not Strike damage. Native weapon data and full description inform the design; activated powers, target-dependent riders and critical-only effects are not inferred from a Strike.",""
"Radiant Victory","phfqMz2811LT8hfD","melee","shortsword","piercing","0","10099ed4e0d9a9bd","One-handed piercing contact. Physical weapon footage and restrained contact finish. Native weapon data and full description inform the design; activated powers, target-dependent riders and critical-only effects are not inferred from a Strike.",""
"Ranseur","UfurZQK6H6SgOjqe","melee","glaive","piercing","0","772d3236dce76a94","Two-handed piercing contact, extended reach. Physical weapon footage and restrained contact finish. Native weapon data and full description inform the design; activated powers, target-dependent riders and critical-only effects are not inferred from a Strike.",""
"Rapier","tH5GirEy7YB3ZgCk","melee","rapier","piercing","0","353daff7e7539234","One-handed piercing contact. Physical weapon footage and restrained contact finish. Native weapon data and full description inform the design; activated powers, target-dependent riders and critical-only effects are not inferred from a Strike.",""
"Rapier Pistol","LDHGjtQHRM8bA8ZZ","ranged","firearm","piercing","30","6f6fe41e713ec8cb","firearm shot across 30 ft increments. Physical weapon footage and restrained contact finish. Native weapon data and full description inform the design; activated powers, target-dependent riders and critical-only effects are not inferred from a Strike.",""
"Rapier Pistol","LDHGjtQHRM8bA8ZZ","melee","rapier","piercing","0","6f6fe41e713ec8cb","One-handed piercing contact. Physical weapon footage and restrained contact finish. Native weapon data and full description inform the design; activated powers, target-dependent riders and critical-only effects are not inferred from a Strike.",""
"Rat-Catcher Trident","rvxphQJrycwqejMW","melee","spear","piercing","0","ed50cabe57c94e61","One-handed piercing contact. Physical weapon footage and restrained contact finish. Native weapon data and full description inform the design; activated powers, target-dependent riders and critical-only effects are not inferred from a Strike.",""
"Rat-Catcher Trident","rvxphQJrycwqejMW","thrown","spear","piercing","20","ed50cabe57c94e61","spear throw across 20 ft increments. Physical weapon footage and restrained contact finish. Native weapon data and full description inform the design; activated powers, target-dependent riders and critical-only effects are not inferred from a Strike.","free flight: jb2a.dagger.throw.01.white"
"Reaper's Crescent","Il75ytwHrdwAAOwe","melee","sickle","slashing","0","6c7518b9611a1e37","One-handed slashing contact. Physical weapon footage and restrained contact finish. light flourish reflects the item's own traits or construction, not Strike damage. Native weapon data and full description inform the design; activated powers, target-dependent riders and critical-only effects are not inferred from a Strike.",""
"Reaper's Grasp","DePdZBHfTorg74Ah","ranged","firearm","piercing","150","7c1c712e26b8f3ff","firearm shot across 150 ft increments. Physical weapon footage and restrained contact finish. Native weapon data and full description inform the design; activated powers, target-dependent riders and critical-only effects are not inferred from a Strike.",""
"Reaper's Lancet","6HOQwVUQNplJsrhq","melee","sword","piercing","0","65058a95c8fa6d54","One-handed piercing contact. Physical weapon footage and restrained contact finish. Native weapon data and full description inform the design; activated powers, target-dependent riders and critical-only effects are not inferred from a Strike.",""
"Reaper's Sigh","HofVPZ0eimPVK9jb","melee","scythe","slashing","0","dc231f7cd7302390","Two-handed slashing contact. bleed native damage, permanent runes or always-on own-weapon damage rules supply the contact accents. Brief native persistent-damage cue follows contact. plant flourish reflects the item's own traits or construction, not Strike damage. Native weapon data and full description inform the design; activated powers, target-dependent riders and critical-only effects are not inferred from a Strike.",""
"Reaper's Toll","YgsDUh6shTham38Q","melee","scythe","slashing","0","fc9f470885c7b5ba","Two-handed slashing contact. Physical weapon footage and restrained contact finish. Native weapon data and full description inform the design; activated powers, target-dependent riders and critical-only effects are not inferred from a Strike.",""
"Redeemer's Pistol","GKBCShgNVVhDiNCb","ranged","firearm","piercing","60","2b97c29fe96f59e0","firearm shot across 60 ft increments. Physical weapon footage and restrained contact finish. holy flourish reflects the item's own traits or construction, not Strike damage. Native weapon data and full description inform the design; activated powers, target-dependent riders and critical-only effects are not inferred from a Strike.",""
"Redpitch Bomb (Greater)","CS3mKu9koUfRiHJo","thrown","bomb","fire","20","9b7e5e1007764ef6","bomb throw across 20 ft increments. fire native damage, permanent runes or always-on own-weapon damage rules supply the contact accents. fire contents at impact, followed by a brief residue cue. Target-centered contents cue; lingering artwork is brief and does not track a condition or splash footprint. Native weapon data and full description inform the design; activated powers, target-dependent riders and critical-only effects are not inferred from a Strike.",""
"Redpitch Bomb (Lesser)","HtcjYkGS8vuC0e7T","thrown","bomb","fire","20","5d8ad967cd1b45d8","bomb throw across 20 ft increments. fire native damage, permanent runes or always-on own-weapon damage rules supply the contact accents. fire contents at impact, followed by a brief residue cue. Target-centered contents cue; lingering artwork is brief and does not track a condition or splash footprint. Native weapon data and full description inform the design; activated powers, target-dependent riders and critical-only effects are not inferred from a Strike.",""
"Redpitch Bomb (Major)","riHdB9PBAXZUMsWC","thrown","bomb","fire","20","952ca371d9577a70","bomb throw across 20 ft increments. fire native damage, permanent runes or always-on own-weapon damage rules supply the contact accents. fire contents at impact, followed by a brief residue cue. Target-centered contents cue; lingering artwork is brief and does not track a condition or splash footprint. Native weapon data and full description inform the design; activated powers, target-dependent riders and critical-only effects are not inferred from a Strike.",""
"Redpitch Bomb (Moderate)","qWRigVOjyLvSW6UA","thrown","bomb","fire","20","03824927f08643d8","bomb throw across 20 ft increments. fire native damage, permanent runes or always-on own-weapon damage rules supply the contact accents. fire contents at impact, followed by a brief residue cue. Target-centered contents cue; lingering artwork is brief and does not track a condition or splash footprint. Native weapon data and full description inform the design; activated powers, target-dependent riders and critical-only effects are not inferred from a Strike.",""
"Reinforced Stock","tHIb3ynOHj7dGiCH","melee","club","bludgeoning","0","d90c51641e56ad28","One-handed bludgeoning contact. Physical weapon footage and restrained contact finish. Native weapon data and full description inform the design; activated powers, target-dependent riders and critical-only effects are not inferred from a Strike.",""
"Reinforced Wheels","pKiuN3wnAxlJCBuK","melee","club","bludgeoning","0","90b7d006bfa4c9e4","One-handed bludgeoning contact. Physical weapon footage and restrained contact finish. Native weapon data and full description inform the design; activated powers, target-dependent riders and critical-only effects are not inferred from a Strike.",""
"Repeating Crossbow","8ncDuZSIZAHl7PW8","ranged","crossbow","piercing","120","e9ac05da77a4b481","crossbow shot across 120 ft increments. Physical weapon footage and restrained contact finish. Native weapon data and full description inform the design; activated powers, target-dependent riders and critical-only effects are not inferred from a Strike.",""
"Repeating Hand Crossbow","zcrIuILnp6oh4dr9","ranged","crossbow","piercing","60","88210ce99eefa881","crossbow shot across 60 ft increments. Physical weapon footage and restrained contact finish. Native weapon data and full description inform the design; activated powers, target-dependent riders and critical-only effects are not inferred from a Strike.",""
"Repeating Heavy Crossbow","bP608Wb1l9ZY1zwb","ranged","crossbow","piercing","180","4c976bb688aa982f","crossbow shot across 180 ft increments. Physical weapon footage and restrained contact finish. Native weapon data and full description inform the design; activated powers, target-dependent riders and critical-only effects are not inferred from a Strike.",""
"Restorative Handwraps","rGkm6yrclVx7Ogir","melee","unarmed","bludgeoning","0","77acb579d071f371","One-handed bludgeoning contact. Physical weapon footage and restrained contact finish. Native weapon data and full description inform the design; activated powers, target-dependent riders and critical-only effects are not inferred from a Strike.",""
"Retribution","CHYfP0gm2AiBfk7b","melee","dagger","slashing","0","f2dd91444377b6f6","One-handed slashing contact. bleed native damage, permanent runes or always-on own-weapon damage rules supply the contact accents. Brief native persistent-damage cue follows contact. Native weapon data and full description inform the design; activated powers, target-dependent riders and critical-only effects are not inferred from a Strike.",""
"Retribution Axe","q6ZvspNDkzJSP6dg","melee","greataxe","slashing","0","5bb073f3a671ace5","Two-handed slashing contact. Physical weapon footage and restrained contact finish. Native weapon data and full description inform the design; activated powers, target-dependent riders and critical-only effects are not inferred from a Strike.",""
"Returning Starknife","lGALlZL2Gs2duyp5","melee","dagger","piercing","0","ec88e7f2a6656a74","One-handed piercing contact. Physical weapon footage and restrained contact finish. Native weapon data and full description inform the design; activated powers, target-dependent riders and critical-only effects are not inferred from a Strike.",""
"Returning Starknife","lGALlZL2Gs2duyp5","thrown","dagger","piercing","20","ec88e7f2a6656a74","dagger throw across 20 ft increments. Physical weapon footage and restrained contact finish. Native weapon data and full description inform the design; activated powers, target-dependent riders and critical-only effects are not inferred from a Strike.",""
"Revenant Blade","hmtzclfmm1FTExNp","melee","sickle","slashing","0","6bf642c843e08903","One-handed slashing contact. Physical weapon footage and restrained contact finish. Native weapon data and full description inform the design; activated powers, target-dependent riders and critical-only effects are not inferred from a Strike.",""
"Rhoka Sword","k8V3wTG1gMU5ksUr","melee","sword","slashing","0","aa9108496fc94cb6","One-handed slashing contact. Physical weapon footage and restrained contact finish. Native weapon data and full description inform the design; activated powers, target-dependent riders and critical-only effects are not inferred from a Strike.",""
"Ridill","VJbZuJFTooFckp26","melee","greatsword","slashing","0","f633cf702773243e","Two-handed slashing contact. Physical weapon footage and restrained contact finish. Native weapon data and full description inform the design; activated powers, target-dependent riders and critical-only effects are not inferred from a Strike.",""
"Righteous Fury","sFeUlzkJ8GgcFRES","melee","sword","slashing","0","3337f19d98765744","One-handed slashing contact. spirit native damage, permanent runes or always-on own-weapon damage rules supply the contact accents. Native weapon data and full description inform the design; activated powers, target-dependent riders and critical-only effects are not inferred from a Strike.",""
"Rime Foil","py3PPoO2zMUjOzOI","melee","rapier","piercing","0","82b484c314257abb","One-handed piercing contact. cold native damage, permanent runes or always-on own-weapon damage rules supply the contact accents. Native weapon data and full description inform the design; activated powers, target-dependent riders and critical-only effects are not inferred from a Strike.",""
"Ringmaster's Staff","tpKD2TZEzAToow1O","melee","quarterstaff","bludgeoning","0","459f9f7a5088ec88","One-handed bludgeoning contact. Physical weapon footage and restrained contact finish. Native weapon data and full description inform the design; activated powers, target-dependent riders and critical-only effects are not inferred from a Strike.",""
"Ringmaster's Staff (Greater)","wWBi79jkzYGWD6uC","melee","quarterstaff","bludgeoning","0","93e414c109230fc3","One-handed bludgeoning contact. Physical weapon footage and restrained contact finish. Native weapon data and full description inform the design; activated powers, target-dependent riders and critical-only effects are not inferred from a Strike.",""
"Rod of Razors","U266pQUnWwKYImhD","melee","halberd","piercing","0","237c7b383b78c2c2","Two-handed piercing contact, extended reach. Physical weapon footage and restrained contact finish. Native weapon data and full description inform the design; activated powers, target-dependent riders and critical-only effects are not inferred from a Strike.",""
"Rope Dart","djSCel13i1p8JeXv","melee","contact","piercing","0","47207e6e454f05c7","Two-handed piercing contact. Physical weapon footage and restrained contact finish. Native weapon data and full description inform the design; activated powers, target-dependent riders and critical-only effects are not inferred from a Strike.","patreon contact: jb2a.melee_generic.piercing.two_handed | free contact: jb2a.melee_generic.slash.01.orange"
"Rope Dart","djSCel13i1p8JeXv","thrown","dart","piercing","20","47207e6e454f05c7","dart throw across 20 ft increments. Physical weapon footage and restrained contact finish. Native weapon data and full description inform the design; activated powers, target-dependent riders and critical-only effects are not inferred from a Strike.","free flight: jb2a.dagger.throw.01.white"
"Rotary Bow","T5ojw0tuXiAajhZx","ranged","crossbow","piercing","80","31c1eec812d4179a","crossbow shot across 80 ft increments. Physical weapon footage and restrained contact finish. Native weapon data and full description inform the design; activated powers, target-dependent riders and critical-only effects are not inferred from a Strike.",""
"Rowan Rifle","nz8Cx3SiRWANdlJE","ranged","firearm","fire","300","6279e725d7c6a538","firearm shot across 300 ft increments. fire native damage, permanent runes or always-on own-weapon damage rules supply the contact accents. Native weapon data and full description inform the design; activated powers, target-dependent riders and critical-only effects are not inferred from a Strike.",""
"Rustbringer","rnoP6uPxauJiSGPK","melee","flail","bludgeoning","0","456a4cdc06f2a45c","One-handed bludgeoning contact. acid native damage, permanent runes or always-on own-weapon damage rules supply the contact accents. Native weapon data and full description inform the design; activated powers, target-dependent riders and critical-only effects are not inferred from a Strike.",""
"Rustbringer (Greater)","Fye3IZN9FVDYm4KJ","melee","flail","bludgeoning","0","ca7a1b4360501cb5","One-handed bludgeoning contact. acid native damage, permanent runes or always-on own-weapon damage rules supply the contact accents. Native weapon data and full description inform the design; activated powers, target-dependent riders and critical-only effects are not inferred from a Strike.",""
"Sai","u2u6dkr01AB34tyA","melee","dagger","piercing","0","84a950ddd0f0d686","One-handed piercing contact. Physical weapon footage and restrained contact finish. Native weapon data and full description inform the design; activated powers, target-dependent riders and critical-only effects are not inferred from a Strike.",""
"Sansetsukon","jbSgs5Tq0bkmHUab","melee","flail","bludgeoning","0","6755b850e983a257","Two-handed bludgeoning contact. Physical weapon footage and restrained contact finish. Native weapon data and full description inform the design; activated powers, target-dependent riders and critical-only effects are not inferred from a Strike.",""
"Sap","TLQErnOpM9Luy7rL","melee","club","bludgeoning","0","c8dd77babb59a010","One-handed bludgeoning contact. Physical weapon footage and restrained contact finish. Native weapon data and full description inform the design; activated powers, target-dependent riders and critical-only effects are not inferred from a Strike.",""
"Sawtooth Reaper","6sjpO4ls3qMZcy2V","melee","dagger","slashing","0","ff3214efc74a5a2d","Two-handed slashing contact, extended reach. bleed native damage, permanent runes or always-on own-weapon damage rules supply the contact accents. Brief native persistent-damage cue follows contact. Native weapon data and full description inform the design; activated powers, target-dependent riders and critical-only effects are not inferred from a Strike.",""
"Sawtooth Saber","wkzxLpSe7LN6c5Ld","melee","sword","slashing","0","03bd13911fa7f4cc","One-handed slashing contact. Physical weapon footage and restrained contact finish. Native weapon data and full description inform the design; activated powers, target-dependent riders and critical-only effects are not inferred from a Strike.",""
"Scalding Gauntlets","QT1H3f9u44IZ3TmT","melee","unarmed","piercing","0","0568bbe88890aa2b","One-handed piercing contact. Physical weapon footage and restrained contact finish. fire flourish reflects the item's own traits or construction, not Strike damage. Native weapon data and full description inform the design; activated powers, target-dependent riders and critical-only effects are not inferred from a Strike.",""
"Scalding Gauntlets (Greater)","lenQyWTYsMrcC3Vg","melee","unarmed","piercing","0","2d164ce04b2a4d9b","One-handed piercing contact. fire native damage, permanent runes or always-on own-weapon damage rules supply the contact accents. Native weapon data and full description inform the design; activated powers, target-dependent riders and critical-only effects are not inferred from a Strike.",""
"Scalding Gauntlets (Major)","f0R9al9iggvAQ59p","melee","unarmed","piercing","0","a72820daeda24e0d","One-handed piercing contact. fire native damage, permanent runes or always-on own-weapon damage rules supply the contact accents. Native weapon data and full description inform the design; activated powers, target-dependent riders and critical-only effects are not inferred from a Strike.",""
"Scalding Gauntlets (True)","trs1C4DEkETh9bio","melee","unarmed","piercing","0","5bcdb3529cc42738","One-handed piercing contact. fire native damage, permanent runes or always-on own-weapon damage rules supply the contact accents. Native weapon data and full description inform the design; activated powers, target-dependent riders and critical-only effects are not inferred from a Strike.",""
"Scarlet Queen","VOYQpn4yISYo5Ttq","ranged","firearm","slashing","60","47f4d9cae3b3aa17","firearm shot across 60 ft increments. fire native damage, permanent runes or always-on own-weapon damage rules supply the contact accents. Native weapon data and full description inform the design; activated powers, target-dependent riders and critical-only effects are not inferred from a Strike.",""
"Scarlet Queen","VOYQpn4yISYo5Ttq","melee","hammer","bludgeoning","0","47f4d9cae3b3aa17","Two-handed bludgeoning contact. fire native damage, permanent runes or always-on own-weapon damage rules supply the contact accents. Native weapon data and full description inform the design; activated powers, target-dependent riders and critical-only effects are not inferred from a Strike.",""
"Scimitar","grmaV4GdoGD7sKbn","melee","scimitar","slashing","0","69026c8fea25fea9","One-handed slashing contact. Physical weapon footage and restrained contact finish. Native weapon data and full description inform the design; activated powers, target-dependent riders and critical-only effects are not inferred from a Strike.",""
"Scizore","yIY0voZkwMoff5b3","melee","dagger","slashing","0","44a52b31a88c7621","One-handed slashing contact. Physical weapon footage and restrained contact finish. Native weapon data and full description inform the design; activated powers, target-dependent riders and critical-only effects are not inferred from a Strike.",""
"Scizore of the Crab","1eiaTQo9SKiybP8G","melee","dagger","slashing","0","1d75eb39bc561b53","One-handed slashing contact. Physical weapon footage and restrained contact finish. Native weapon data and full description inform the design; activated powers, target-dependent riders and critical-only effects are not inferred from a Strike.",""
"Scorpion Whip","UXjKXqsfWYiayeMD","melee","whip","slashing","0","41be893ee15005d1","One-handed slashing contact, extended reach. Physical weapon footage and restrained contact finish. Native weapon data and full description inform the design; activated powers, target-dependent riders and critical-only effects are not inferred from a Strike.","patreon contact: jb2a.melee_generic.slashing.one_handed | free contact: jb2a.melee_generic.slash.01.orange"
"Scourge","I5DJUbAFGMwa6qCz","melee","flail","slashing","0","faa2cea4b61b7793","One-handed slashing contact. Physical weapon footage and restrained contact finish. Native weapon data and full description inform the design; activated powers, target-dependent riders and critical-only effects are not inferred from a Strike.",""
"Screaming Pinion","PsBTAUV7ExEsKpVx","ranged","firearm","piercing","70","6db079531c3c5760","firearm shot across 70 ft increments. Physical weapon footage and restrained contact finish. Native weapon data and full description inform the design; activated powers, target-dependent riders and critical-only effects are not inferred from a Strike.",""
"Screech Shooter","PVdl7StKFu6QPTVl","ranged","firearm","sonic","150","cdff6cf3071ef8a5","firearm shot across 150 ft increments. sonic native damage, permanent runes or always-on own-weapon damage rules supply the contact accents. Native weapon data and full description inform the design; activated powers, target-dependent riders and critical-only effects are not inferred from a Strike.",""
"Screech Shooter (Greater)","1lZNaqqGOrza9BsG","ranged","firearm","sonic","150","cf599a3d27ceb7cd","firearm shot across 150 ft increments. sonic native damage, permanent runes or always-on own-weapon damage rules supply the contact accents. Native weapon data and full description inform the design; activated powers, target-dependent riders and critical-only effects are not inferred from a Strike.",""
"Screech Shooter (Major)","v9smWWOsWFwhCZoB","ranged","firearm","piercing","150","098dec6801914638","firearm shot across 150 ft increments. Physical weapon footage and restrained contact finish. Native weapon data and full description inform the design; activated powers, target-dependent riders and critical-only effects are not inferred from a Strike.",""
"Scrollstaff","WS78LUHzlpeONMRo","melee","quarterstaff","bludgeoning","0","a6ddd114a6b548a0","One-handed bludgeoning contact. Physical weapon footage and restrained contact finish. Native weapon data and full description inform the design; activated powers, target-dependent riders and critical-only effects are not inferred from a Strike.",""
"Scythe","H74vYwHJ8XT4qOPI","melee","scythe","slashing","0","b0da7fef05158767","Two-handed slashing contact. Physical weapon footage and restrained contact finish. Native weapon data and full description inform the design; activated powers, target-dependent riders and critical-only effects are not inferred from a Strike.",""
"Searing Blade","G3a60Ug3YNCMyMVR","melee","sword","slashing","0","b81b593a1241aa1d","One-handed slashing contact. fire native damage, permanent runes or always-on own-weapon damage rules supply the contact accents. Native weapon data and full description inform the design; activated powers, target-dependent riders and critical-only effects are not inferred from a Strike.",""
"Searing Blade (Greater)","pvxRcuBexbFawjCg","melee","sword","slashing","0","380f16f821239d7d","One-handed slashing contact. fire native damage, permanent runes or always-on own-weapon damage rules supply the contact accents. Native weapon data and full description inform the design; activated powers, target-dependent riders and critical-only effects are not inferred from a Strike.",""
"Sensei's Parasol","4Di2VTnJaU4JFQGa","melee","quarterstaff","bludgeoning","0","64ffc11b4dbd497c","Two-handed bludgeoning contact, extended reach. Physical weapon footage and restrained contact finish. Native weapon data and full description inform the design; activated powers, target-dependent riders and critical-only effects are not inferred from a Strike.",""
"Serithtial","emGyagWNmjvtjiGK","melee","sword","slashing","0","3116219b75c5fde8","One-handed slashing contact. spirit native damage, permanent runes or always-on own-weapon damage rules supply the contact accents. Native weapon data and full description inform the design; activated powers, target-dependent riders and critical-only effects are not inferred from a Strike.",""
"Serpent Dagger","ZvIEJCY60fHqzl6r","melee","dagger","piercing","0","9afb1568fdd720cd","One-handed piercing contact. Physical weapon footage and restrained contact finish. Native weapon data and full description inform the design; activated powers, target-dependent riders and critical-only effects are not inferred from a Strike.",""
"Serpent Dagger","ZvIEJCY60fHqzl6r","thrown","dagger","piercing","10","9afb1568fdd720cd","dagger throw across 10 ft increments. Physical weapon footage and restrained contact finish. Native weapon data and full description inform the design; activated powers, target-dependent riders and critical-only effects are not inferred from a Strike.",""
"Serpent's Lash","6AM0iQwnNdmtc6v5","melee","whip","slashing","0","ca8459bd62d98031","One-handed slashing contact, extended reach. Physical weapon footage and restrained contact finish. Native weapon data and full description inform the design; activated powers, target-dependent riders and critical-only effects are not inferred from a Strike.","patreon contact: jb2a.melee_generic.slashing.one_handed | free contact: jb2a.melee_generic.slash.01.orange"
"Shadefield Knife","Pzqgbtp3iVpW0pLY","melee","dagger","piercing","0","1b5850d74681c6a8","One-handed piercing contact. Physical weapon footage and restrained contact finish. Native weapon data and full description inform the design; activated powers, target-dependent riders and critical-only effects are not inferred from a Strike.",""
"Shadefield Knife","Pzqgbtp3iVpW0pLY","thrown","dagger","piercing","10","1b5850d74681c6a8","dagger throw across 10 ft increments. Physical weapon footage and restrained contact finish. Native weapon data and full description inform the design; activated powers, target-dependent riders and critical-only effects are not inferred from a Strike.",""
"Shadow's Heart","VwNmUeRHomup8VoI","melee","dagger","slashing","0","03c54810e7a07461","One-handed slashing contact. Physical weapon footage and restrained contact finish. Native weapon data and full description inform the design; activated powers, target-dependent riders and critical-only effects are not inferred from a Strike.",""
"Shadowpiercer","ehvsr3D5tgdyUF4E","melee","spear","piercing","0","714ba5e178d5d158","One-handed piercing contact. Physical weapon footage and restrained contact finish. Native weapon data and full description inform the design; activated powers, target-dependent riders and critical-only effects are not inferred from a Strike.",""
"Shadowpiercer","ehvsr3D5tgdyUF4E","thrown","spear","piercing","20","714ba5e178d5d158","spear throw across 20 ft increments. Physical weapon footage and restrained contact finish. Native weapon data and full description inform the design; activated powers, target-dependent riders and critical-only effects are not inferred from a Strike.","free flight: jb2a.dagger.throw.01.white"
"Shard of Self-Destruction","bL0FbIMucp28oocF","melee","dagger","slashing","0","0cf0d9d89fe5ae2a","One-handed slashing contact. Physical weapon footage and restrained contact finish. Native weapon data and full description inform the design; activated powers, target-dependent riders and critical-only effects are not inferred from a Strike.",""
"Shattered Plan","73JDNoUQPmUqjz97","thrown","boomerang","bludgeoning","60","498c42cd4fc56333","boomerang throw across 60 ft increments. Physical weapon footage and restrained contact finish. Native weapon data and full description inform the design; activated powers, target-dependent riders and critical-only effects are not inferred from a Strike.","free flight: jb2a.dagger.throw.01.white"
"Shatterstone","sBtfUPTLuyRPYI7g","thrown","bomb","sonic","20","902b0c6d557325cb","bomb throw across 20 ft increments. sonic native damage, permanent runes or always-on own-weapon damage rules supply the contact accents. sonic contents at impact. Target-centered contents cue; lingering artwork is brief and does not track a condition or splash footprint. Native weapon data and full description inform the design; activated powers, target-dependent riders and critical-only effects are not inferred from a Strike.",""
"Shatterstone (Greater)","CJesyj3lklJVujh0","thrown","bomb","sonic","20","0e6954d76c7749bb","bomb throw across 20 ft increments. sonic native damage, permanent runes or always-on own-weapon damage rules supply the contact accents. sonic contents at impact. Target-centered contents cue; lingering artwork is brief and does not track a condition or splash footprint. Native weapon data and full description inform the design; activated powers, target-dependent riders and critical-only effects are not inferred from a Strike.",""
"Shauth Blade","jkYn89XREERA3V2e","melee","dagger","slashing","0","804bb52ce552ddd5","One-handed slashing contact. Physical weapon footage and restrained contact finish. Native weapon data and full description inform the design; activated powers, target-dependent riders and critical-only effects are not inferred from a Strike.",""
"Shauth Lash","WiPcevdeD4YoTLRa","melee","whip","slashing","0","f67d0e13f011a450","Two-handed slashing contact. Physical weapon footage and restrained contact finish. Native weapon data and full description inform the design; activated powers, target-dependent riders and critical-only effects are not inferred from a Strike.","patreon contact: jb2a.melee_generic.slashing.one_handed | free contact: jb2a.melee_generic.slash.01.orange"
"Shears","IF6qUrR3i030v0dH","melee","dagger","slashing","0","e3b0c44298fc1c14","One-handed slashing contact. Physical weapon footage and restrained contact finish. Native weapon data and full description inform the design; activated powers, target-dependent riders and critical-only effects are not inferred from a Strike.",""
"Shield Boss","dfum7DpOEkwxwTsT","melee","shield","bludgeoning","0","b8bde52a9f01ed58","One-handed bludgeoning contact. Physical weapon footage and restrained contact finish. Native weapon data and full description inform the design; activated powers, target-dependent riders and critical-only effects are not inferred from a Strike.",""
"Shield Bow","fz8XDaJ7n0zeOH1f","ranged","bow","piercing","50","e77a5a19b86ee5b6","bow shot across 50 ft increments. Physical weapon footage and restrained contact finish. Native weapon data and full description inform the design; activated powers, target-dependent riders and critical-only effects are not inferred from a Strike.",""
"Shield Pistol","HaquLIE0SFc85vWY","ranged","firearm","piercing","20","b01213b47eeb88e9","firearm shot across 20 ft increments. Physical weapon footage and restrained contact finish. Native weapon data and full description inform the design; activated powers, target-dependent riders and critical-only effects are not inferred from a Strike.",""
"Shield Spikes","nSO0Z662LkkLfa2u","melee","shield","piercing","0","f54fe17afbe0c7e5","One-handed piercing contact. Physical weapon footage and restrained contact finish. Native weapon data and full description inform the design; activated powers, target-dependent riders and critical-only effects are not inferred from a Strike.",""
"Shobhad Longrifle","DHKCkxAGveLE3Jnf","ranged","firearm","piercing","120","c4983519c25cb387","firearm shot across 120 ft increments. Physical weapon footage and restrained contact finish. Native weapon data and full description inform the design; activated powers, target-dependent riders and critical-only effects are not inferred from a Strike.",""
"Shortbow","hIgqLgH3YcLZBeoT","ranged","bow","piercing","60","8d01665799951328","bow shot across 60 ft increments. Physical weapon footage and restrained contact finish. Native weapon data and full description inform the design; activated powers, target-dependent riders and critical-only effects are not inferred from a Strike.",""
"Shortsword","7tKkkF8eZ4iCLJtp","melee","shortsword","piercing","0","cdc38d655252e747","One-handed piercing contact. Physical weapon footage and restrained contact finish. Native weapon data and full description inform the design; activated powers, target-dependent riders and critical-only effects are not inferred from a Strike.",""
"Shuan Ji","0yiz254UI7DUFXWN","melee","glaive","slashing","0","40c5ff151cd22c9b","Two-handed slashing contact, extended reach. Physical weapon footage and restrained contact finish. Native weapon data and full description inform the design; activated powers, target-dependent riders and critical-only effects are not inferred from a Strike.",""
"Shuln Fang Katar","MBd6Fr0jk4XpUc4l","melee","dagger","piercing","0","b9aa50f45a822d4c","One-handed piercing contact. Physical weapon footage and restrained contact finish. Native weapon data and full description inform the design; activated powers, target-dependent riders and critical-only effects are not inferred from a Strike.",""
"Shuriken","fjkwYZ0hRmBztwBG","thrown","shuriken","piercing","20","3d59f008cc7197b2","shuriken throw across 20 ft increments. Physical weapon footage and restrained contact finish. Native weapon data and full description inform the design; activated powers, target-dependent riders and critical-only effects are not inferred from a Strike.","free flight: jb2a.dagger.throw.01.white"
"Sickle","ynnBwzkzsR6B73iO","melee","sickle","slashing","0","96e98517795d2150","One-handed slashing contact. Physical weapon footage and restrained contact finish. Native weapon data and full description inform the design; activated powers, target-dependent riders and critical-only effects are not inferred from a Strike.",""
"Sickle-saber","ye7cYmornhgnnOlu","melee","sword","slashing","0","bb5a1f0d23aabaaa","One-handed slashing contact. Physical weapon footage and restrained contact finish. Native weapon data and full description inform the design; activated powers, target-dependent riders and critical-only effects are not inferred from a Strike.",""
"Silver Orb (Greater)","YBXcse5TSHyv9rvX","thrown","flask","slashing","20","386907e0b5f2f71f","flask throw across 20 ft increments. Physical weapon footage and restrained contact finish. shrapnel contents at impact, followed by a brief residue cue. Target-centered contents cue; lingering artwork is brief and does not track a condition or splash footprint. Native weapon data and full description inform the design; activated powers, target-dependent riders and critical-only effects are not inferred from a Strike.",""
"Silver Orb (Lesser)","CcQDscF79qs9HfJg","thrown","flask","slashing","20","7a91affc7fbad10a","flask throw across 20 ft increments. Physical weapon footage and restrained contact finish. shrapnel contents at impact, followed by a brief residue cue. Target-centered contents cue; lingering artwork is brief and does not track a condition or splash footprint. Native weapon data and full description inform the design; activated powers, target-dependent riders and critical-only effects are not inferred from a Strike.",""
"Silver Orb (Powder)","kG26J0AfQAVe9FYs","thrown","flask","slashing","20","f913ba864719ad22","flask throw across 20 ft increments. Physical weapon footage and restrained contact finish. shrapnel contents at impact, followed by a brief residue cue. Target-centered contents cue; lingering artwork is brief and does not track a condition or splash footprint. Native weapon data and full description inform the design; activated powers, target-dependent riders and critical-only effects are not inferred from a Strike.",""
"Silverscrap Bomb (Greater)","ECqOpC2J3dc6kNjM","thrown","bomb","piercing","20","b286c4ea2eb4f5e3","bomb throw across 20 ft increments. Physical weapon footage and restrained contact finish. shrapnel contents at impact. Target-centered contents cue; lingering artwork is brief and does not track a condition or splash footprint. Native weapon data and full description inform the design; activated powers, target-dependent riders and critical-only effects are not inferred from a Strike.",""
"Silverscrap Bomb (Lesser)","QvfHp3lgIQqqiCQF","thrown","bomb","piercing","20","5a069dd878bf02db","bomb throw across 20 ft increments. Physical weapon footage and restrained contact finish. shrapnel contents at impact. Target-centered contents cue; lingering artwork is brief and does not track a condition or splash footprint. Native weapon data and full description inform the design; activated powers, target-dependent riders and critical-only effects are not inferred from a Strike.",""
"Silverscrap Bomb (Moderate)","WCA8vovbzZuoHzu9","thrown","bomb","piercing","20","3bfaed22fd260e4b","bomb throw across 20 ft increments. Physical weapon footage and restrained contact finish. shrapnel contents at impact. Target-centered contents cue; lingering artwork is brief and does not track a condition or splash footprint. Native weapon data and full description inform the design; activated powers, target-dependent riders and critical-only effects are not inferred from a Strike.",""
"Silversoul Bomb","oE3fHS3CUs15bZ4r","thrown","bomb","mental","20","d4b359e2aef6ebcc","bomb throw across 20 ft increments. mental native damage, permanent runes or always-on own-weapon damage rules supply the contact accents. silverLight contents at impact. Target-centered contents cue; lingering artwork is brief and does not track a condition or splash footprint. Native weapon data and full description inform the design; activated powers, target-dependent riders and critical-only effects are not inferred from a Strike.",""
"Silversoul Bomb (Greater)","mfc9IT94CPnKKBG8","thrown","bomb","mental","20","d4a23b76d8361ce3","bomb throw across 20 ft increments. mental native damage, permanent runes or always-on own-weapon damage rules supply the contact accents. silverLight contents at impact. Target-centered contents cue; lingering artwork is brief and does not track a condition or splash footprint. Native weapon data and full description inform the design; activated powers, target-dependent riders and critical-only effects are not inferred from a Strike.",""
"Silversoul Bomb (Major)","R7I0KwKM3PNZn0zJ","thrown","bomb","mental","20","5467265858c394d8","bomb throw across 20 ft increments. mental native damage, permanent runes or always-on own-weapon damage rules supply the contact accents. silverLight contents at impact. Target-centered contents cue; lingering artwork is brief and does not track a condition or splash footprint. Native weapon data and full description inform the design; activated powers, target-dependent riders and critical-only effects are not inferred from a Strike.",""
"Sinew-Song","ctmmhe5ZOYx57gTt","melee","sickle","slashing","0","16919dcc2a010870","One-handed slashing contact. sonic native damage, permanent runes or always-on own-weapon damage rules supply the contact accents. Native weapon data and full description inform the design; activated powers, target-dependent riders and critical-only effects are not inferred from a Strike.",""
"Singing Shortbow","tVcI2ypPhfhchwMp","ranged","bow","piercing","60","aace6022b79ce352","bow shot across 60 ft increments. sonic native damage, permanent runes or always-on own-weapon damage rules supply the contact accents. Native weapon data and full description inform the design; activated powers, target-dependent riders and critical-only effects are not inferred from a Strike.",""
"Singing Shortbow (Greater)","ul4LuDff24Kz9n7e","ranged","bow","piercing","60","30a27a05d29d1f26","bow shot across 60 ft increments. sonic native damage, permanent runes or always-on own-weapon damage rules supply the contact accents. Native weapon data and full description inform the design; activated powers, target-dependent riders and critical-only effects are not inferred from a Strike.",""
"Singing Sword","OKAR7GIyJac8dmsi","melee","sword","slashing","0","69d5115d02a7f824","One-handed slashing contact. Physical weapon footage and restrained contact finish. Native weapon data and full description inform the design; activated powers, target-dependent riders and critical-only effects are not inferred from a Strike.",""
"Skeletal Claw","CtUPO3qFZ2Y6lozq","melee","claw","slashing","0","4535df620acb35fa","One-handed slashing contact. Physical weapon footage and restrained contact finish. Native weapon data and full description inform the design; activated powers, target-dependent riders and critical-only effects are not inferred from a Strike.",""
"Skunk Bomb (Greater)","7WwKI53IcXVIHbkh","thrown","bomb","poison","20","92470f366ae5cfc6","bomb throw across 20 ft increments. poison native damage, permanent runes or always-on own-weapon damage rules supply the contact accents. gas contents at impact. Target-centered contents cue; lingering artwork is brief and does not track a condition or splash footprint. Native weapon data and full description inform the design; activated powers, target-dependent riders and critical-only effects are not inferred from a Strike.",""
"Skunk Bomb (Lesser)","3Sij5RwC6Z1ZVuFp","thrown","bomb","poison","20","21b32b8227912234","bomb throw across 20 ft increments. poison native damage, permanent runes or always-on own-weapon damage rules supply the contact accents. gas contents at impact. Target-centered contents cue; lingering artwork is brief and does not track a condition or splash footprint. Native weapon data and full description inform the design; activated powers, target-dependent riders and critical-only effects are not inferred from a Strike.",""
"Skunk Bomb (Major)","Dv1bozSbR39McpWd","thrown","bomb","poison","20","4c740cb0d3e127a8","bomb throw across 20 ft increments. poison native damage, permanent runes or always-on own-weapon damage rules supply the contact accents. gas contents at impact. Target-centered contents cue; lingering artwork is brief and does not track a condition or splash footprint. Native weapon data and full description inform the design; activated powers, target-dependent riders and critical-only effects are not inferred from a Strike.",""
"Skunk Bomb (Moderate)","m091zbWD9EoH6kWC","thrown","bomb","poison","20","e7880af8d5e6d3b4","bomb throw across 20 ft increments. poison native damage, permanent runes or always-on own-weapon damage rules supply the contact accents. gas contents at impact. Target-centered contents cue; lingering artwork is brief and does not track a condition or splash footprint. Native weapon data and full description inform the design; activated powers, target-dependent riders and critical-only effects are not inferred from a Strike.",""
"Sky Hammer","ANvbi1zKF1So8bON","melee","warhammer","bludgeoning","0","db7ad05cf6922e61","One-handed bludgeoning contact. fire + electricity native damage, permanent runes or always-on own-weapon damage rules supply the contact accents. Native weapon data and full description inform the design; activated powers, target-dependent riders and critical-only effects are not inferred from a Strike.",""
"Sky-Piercing Bow","jBn5TdnxOvzf6a1F","ranged","bow","piercing","60","67b60a5133d4a0d6","bow shot across 60 ft increments. Physical weapon footage and restrained contact finish. Native weapon data and full description inform the design; activated powers, target-dependent riders and critical-only effects are not inferred from a Strike.",""
"Skyrider Sword","SatFUtE2UaPvC394","melee","greatsword","slashing","0","aa529efeb1007435","Two-handed slashing contact. electricity native damage, permanent runes or always-on own-weapon damage rules supply the contact accents. air flourish reflects the item's own traits or construction, not Strike damage. Native weapon data and full description inform the design; activated powers, target-dependent riders and critical-only effects are not inferred from a Strike.",""
"Skyrider Sword (Greater)","y49tnkAWZqJRMkba","melee","greatsword","slashing","0","034c6c1a5da86559","Two-handed slashing contact. electricity native damage, permanent runes or always-on own-weapon damage rules supply the contact accents. air flourish reflects the item's own traits or construction, not Strike damage. Native weapon data and full description inform the design; activated powers, target-dependent riders and critical-only effects are not inferred from a Strike.",""
"Skysunder","mQyhSg9M3VdGEUrN","melee","dagger","piercing","0","5af3a2303e45a0c2","One-handed piercing contact. Physical weapon footage and restrained contact finish. electricity flourish reflects the item's own traits or construction, not Strike damage. Native weapon data and full description inform the design; activated powers, target-dependent riders and critical-only effects are not inferred from a Strike.",""
"Slide Pistol","gO5dOlPBk57bg2x5","ranged","firearm","piercing","30","d569158ec2a0955a","firearm shot across 30 ft increments. Physical weapon footage and restrained contact finish. Native weapon data and full description inform the design; activated powers, target-dependent riders and critical-only effects are not inferred from a Strike.",""
"Slime Whip","USzeQdvsXz6P5L2k","melee","whip","slashing","0","9a4d1be947799c10","One-handed slashing contact, extended reach. Physical weapon footage and restrained contact finish. Native weapon data and full description inform the design; activated powers, target-dependent riders and critical-only effects are not inferred from a Strike.","patreon contact: jb2a.melee_generic.slashing.one_handed | free contact: jb2a.melee_generic.slash.01.orange"
"Sling","UCH4myuFnokGv0vF","ranged","sling","bludgeoning","50","5111b0bc53071282","sling shot across 50 ft increments. Physical weapon footage and restrained contact finish. Native weapon data and full description inform the design; activated powers, target-dependent riders and critical-only effects are not inferred from a Strike.","free flight: jb2a.dagger.throw.01.white"
"Smoking Sword","onFxlajKyWpHZcXt","melee","sword","slashing","0","ba0d0b1e69de03d8","One-handed slashing contact. fire native damage, permanent runes or always-on own-weapon damage rules supply the contact accents. Native weapon data and full description inform the design; activated powers, target-dependent riders and critical-only effects are not inferred from a Strike.",""
"Snowcaster's Staff","G2BURoV8luj39suH","melee","quarterstaff","bludgeoning","0","9d687c50571a5bab","One-handed bludgeoning contact. cold native damage, permanent runes or always-on own-weapon damage rules supply the contact accents. Native weapon data and full description inform the design; activated powers, target-dependent riders and critical-only effects are not inferred from a Strike.",""
"Socialite Staff","rmGfBLRTfOqhwhHW","melee","quarterstaff","bludgeoning","0","574b70b7b7333c66","One-handed bludgeoning contact. Physical weapon footage and restrained contact finish. Native weapon data and full description inform the design; activated powers, target-dependent riders and critical-only effects are not inferred from a Strike.",""
"Solar Shellflower","mf5eeIdKjfSZ0K3p","ranged","firearm","fire","70","034917f46c520daa","firearm shot across 70 ft increments. fire native damage, permanent runes or always-on own-weapon damage rules supply the contact accents. Native weapon data and full description inform the design; activated powers, target-dependent riders and critical-only effects are not inferred from a Strike.",""
"Songbird's Brush","qgpufYE8gHRWUPiQ","melee","glaive","slashing","0","9675937a01d8b758","Two-handed slashing contact, extended reach. spirit native damage, permanent runes or always-on own-weapon damage rules supply the contact accents. Native weapon data and full description inform the design; activated powers, target-dependent riders and critical-only effects are not inferred from a Strike.",""
"Sonic Tuning Mace","B0R1MtLnQvBwnOne","melee","mace","bludgeoning","0","0f7637d6635a410a","One-handed bludgeoning contact. sonic native damage, permanent runes or always-on own-weapon damage rules supply the contact accents. Native weapon data and full description inform the design; activated powers, target-dependent riders and critical-only effects are not inferred from a Strike.",""
"Sonic Tuning Mace (Greater)","ak3DfubhIWT3UiCf","melee","mace","bludgeoning","0","f3d24bb458b05a2b","One-handed bludgeoning contact. sonic native damage, permanent runes or always-on own-weapon damage rules supply the contact accents. Native weapon data and full description inform the design; activated powers, target-dependent riders and critical-only effects are not inferred from a Strike.",""
"Sorshen's Sinuous Guisarme","yYVbgyLGfhRJaNEY","melee","glaive","slashing","0","e67035cd99b04b9f","Two-handed slashing contact, extended reach. Physical weapon footage and restrained contact finish. Native weapon data and full description inform the design; activated powers, target-dependent riders and critical-only effects are not inferred from a Strike.",""
"Soul Chain","uVcePmysXUFhOebP","melee","flail","slashing","0","01f3d9e58f908362","Two-handed slashing contact. Physical weapon footage and restrained contact finish. Native weapon data and full description inform the design; activated powers, target-dependent riders and critical-only effects are not inferred from a Strike.",""
"Soulcutter","wtyyxv0ffoMAGV8I","melee","greatsword","slashing","0","49da31a8f8c36e5e","Two-handed slashing contact. spirit native damage, permanent runes or always-on own-weapon damage rules supply the contact accents. Native weapon data and full description inform the design; activated powers, target-dependent riders and critical-only effects are not inferred from a Strike.",""
"Soulcutter (Heroic)","xczDHCiBANMuC87u","melee","greatsword","slashing","0","6af4f67642110890","Two-handed slashing contact. spirit native damage, permanent runes or always-on own-weapon damage rules supply the contact accents. Native weapon data and full description inform the design; activated powers, target-dependent riders and critical-only effects are not inferred from a Strike.",""
"South Wind's Scorch Song","8S81RvynBS09rIOF","melee","scimitar","slashing","0","1bcce095138bd21b","One-handed slashing contact. fire native damage, permanent runes or always-on own-weapon damage rules supply the contact accents. Native weapon data and full description inform the design; activated powers, target-dependent riders and critical-only effects are not inferred from a Strike.",""
"Spark Dancer","f1UCVpGYLHa089SE","ranged","firearm","fire","60","888a7312521a88a6","firearm shot across 60 ft increments. fire native damage, permanent runes or always-on own-weapon damage rules supply the contact accents. Native weapon data and full description inform the design; activated powers, target-dependent riders and critical-only effects are not inferred from a Strike.",""
"Sparkblade","5BU4hJ1oXMLtSkuA","melee","shortsword","piercing","0","158eabd17b9b1dfc","One-handed piercing contact. Physical weapon footage and restrained contact finish. Native weapon data and full description inform the design; activated powers, target-dependent riders and critical-only effects are not inferred from a Strike.",""
"Spear","tOhoGvmCMw4JpWcS","melee","spear","piercing","0","814738037f96d507","One-handed piercing contact. Physical weapon footage and restrained contact finish. Native weapon data and full description inform the design; activated powers, target-dependent riders and critical-only effects are not inferred from a Strike.",""
"Spear","tOhoGvmCMw4JpWcS","thrown","spear","piercing","20","814738037f96d507","spear throw across 20 ft increments. Physical weapon footage and restrained contact finish. Native weapon data and full description inform the design; activated powers, target-dependent riders and critical-only effects are not inferred from a Strike.","free flight: jb2a.dagger.throw.01.white"
"Spear of the Destroyer's Flame","kg6tEjEBFGeilmLO","melee","spear","piercing","0","9fbb5f2b7d5bd496","Two-handed piercing contact, extended reach. fire native damage, permanent runes or always-on own-weapon damage rules supply the contact accents. Native weapon data and full description inform the design; activated powers, target-dependent riders and critical-only effects are not inferred from a Strike.",""
"Spectral Dagger","ts5z3xR9j48Cic5H","melee","dagger","slashing","0","3b6d5b013bb89e10","One-handed slashing contact. Physical weapon footage and restrained contact finish. Native weapon data and full description inform the design; activated powers, target-dependent riders and critical-only effects are not inferred from a Strike.",""
"Spectral Dagger","ts5z3xR9j48Cic5H","thrown","dagger","slashing","10","3b6d5b013bb89e10","dagger throw across 10 ft increments. Physical weapon footage and restrained contact finish. Native weapon data and full description inform the design; activated powers, target-dependent riders and critical-only effects are not inferred from a Strike.",""
"Spellcutter","LKIs3LJqrKNP2yrx","melee","sword","slashing","0","6d6f58ea1276938a","One-handed slashing contact. Physical weapon footage and restrained contact finish. Native weapon data and full description inform the design; activated powers, target-dependent riders and critical-only effects are not inferred from a Strike.",""
"Spellender","X95j0ZdqjXJkGmfZ","melee","dagger","piercing","0","225d499ce50c8fef","One-handed piercing contact. Physical weapon footage and restrained contact finish. Native weapon data and full description inform the design; activated powers, target-dependent riders and critical-only effects are not inferred from a Strike.",""
"Spellender","X95j0ZdqjXJkGmfZ","thrown","dagger","piercing","10","225d499ce50c8fef","dagger throw across 10 ft increments. Physical weapon footage and restrained contact finish. Native weapon data and full description inform the design; activated powers, target-dependent riders and critical-only effects are not inferred from a Strike.",""
"Spellguard Blade","v6LpzpIA0BmKvEtK","melee","dagger","piercing","0","826e0ec0ba047660","One-handed piercing contact. Physical weapon footage and restrained contact finish. Native weapon data and full description inform the design; activated powers, target-dependent riders and critical-only effects are not inferred from a Strike.",""
"Spellsap Grenade","lBITo8JcWfGxKmYT","thrown","bomb","slashing","20","e3ccc6dff33d5430","bomb throw across 20 ft increments. Physical weapon footage and restrained contact finish. shrapnel contents at impact. Target-centered contents cue; lingering artwork is brief and does not track a condition or splash footprint. Native weapon data and full description inform the design; activated powers, target-dependent riders and critical-only effects are not inferred from a Strike.",""
"Spellsap Grenade (Greater)","ry4In8lT0xB8Dc17","thrown","bomb","slashing","20","025296a0de4d1c1e","bomb throw across 20 ft increments. Physical weapon footage and restrained contact finish. shrapnel contents at impact. Target-centered contents cue; lingering artwork is brief and does not track a condition or splash footprint. Native weapon data and full description inform the design; activated powers, target-dependent riders and critical-only effects are not inferred from a Strike.",""
"Spellstriker Staff","Cb0h1Y2OSrbYXJQ2","melee","quarterstaff","bludgeoning","0","196fa644315b049a","One-handed bludgeoning contact. Physical weapon footage and restrained contact finish. Native weapon data and full description inform the design; activated powers, target-dependent riders and critical-only effects are not inferred from a Strike.",""
"Spellstriker Staff (Greater)","Y2L8NM50BvRfUaat","melee","quarterstaff","bludgeoning","0","8e73ee8537587293","One-handed bludgeoning contact. Physical weapon footage and restrained contact finish. Native weapon data and full description inform the design; activated powers, target-dependent riders and critical-only effects are not inferred from a Strike.",""
"Spellstriker Staff (Major)","AFkybwwQzAArjrF4","melee","quarterstaff","bludgeoning","0","d3e8d33655d47ecf","One-handed bludgeoning contact. Physical weapon footage and restrained contact finish. Native weapon data and full description inform the design; activated powers, target-dependent riders and critical-only effects are not inferred from a Strike.",""
"Spider Gun","70H54rIRjO9fJkdt","ranged","firearm","poison","30","78103ef3ecb47d4a","firearm shot across 30 ft increments. poison native damage, permanent runes or always-on own-weapon damage rules supply the contact accents. Native weapon data and full description inform the design; activated powers, target-dependent riders and critical-only effects are not inferred from a Strike.",""
"Spider Gun (Greater)","ET88qMrIBXBCWI5J","ranged","firearm","poison","30","5c21c892ba8805c5","firearm shot across 30 ft increments. poison native damage, permanent runes or always-on own-weapon damage rules supply the contact accents. Native weapon data and full description inform the design; activated powers, target-dependent riders and critical-only effects are not inferred from a Strike.",""
"Spider Gun (Major)","LGbyZ4z6SLRC1cuB","ranged","firearm","poison","30","09dcc3498d51f70d","firearm shot across 30 ft increments. poison native damage, permanent runes or always-on own-weapon damage rules supply the contact accents. Native weapon data and full description inform the design; activated powers, target-dependent riders and critical-only effects are not inferred from a Strike.",""
"Spider Satchel (Greater)","r0eGBESoYYiFbhEm","thrown","bomb","poison","20","3e73a1788199ae30","bomb throw across 20 ft increments. poison native damage, permanent runes or always-on own-weapon damage rules supply the contact accents. insects contents at impact, followed by a brief residue cue. Target-centered contents cue; lingering artwork is brief and does not track a condition or splash footprint. Moving particles approximate biting spider babies; available JB2A footage has no literal spider swarm. Native weapon data and full description inform the design; activated powers, target-dependent riders and critical-only effects are not inferred from a Strike.",""
"Spider Satchel (Lesser)","NDIHtSxYUoQwtP2z","thrown","bomb","poison","20","f7dcf744675acdc0","bomb throw across 20 ft increments. poison native damage, permanent runes or always-on own-weapon damage rules supply the contact accents. insects contents at impact, followed by a brief residue cue. Target-centered contents cue; lingering artwork is brief and does not track a condition or splash footprint. Moving particles approximate biting spider babies; available JB2A footage has no literal spider swarm. Native weapon data and full description inform the design; activated powers, target-dependent riders and critical-only effects are not inferred from a Strike.",""
"Spider Satchel (Major)","pEuFCloUo1SdfORL","thrown","bomb","poison","20","e04e853758f17166","bomb throw across 20 ft increments. poison native damage, permanent runes or always-on own-weapon damage rules supply the contact accents. insects contents at impact, followed by a brief residue cue. Target-centered contents cue; lingering artwork is brief and does not track a condition or splash footprint. Moving particles approximate biting spider babies; available JB2A footage has no literal spider swarm. Native weapon data and full description inform the design; activated powers, target-dependent riders and critical-only effects are not inferred from a Strike.",""
"Spider Satchel (Moderate)","hOuFviZYTOjN1hxM","thrown","bomb","poison","20","898d39a0854c94ca","bomb throw across 20 ft increments. poison native damage, permanent runes or always-on own-weapon damage rules supply the contact accents. insects contents at impact, followed by a brief residue cue. Target-centered contents cue; lingering artwork is brief and does not track a condition or splash footprint. Moving particles approximate biting spider babies; available JB2A footage has no literal spider swarm. Native weapon data and full description inform the design; activated powers, target-dependent riders and critical-only effects are not inferred from a Strike.",""
"Spike Launcher","3qn56dTO5TYJHjbF","ranged","spike","piercing","120","0833cdff98ffa843","spike shot across 120 ft increments. Physical weapon footage and restrained contact finish. Native weapon data and full description inform the design; activated powers, target-dependent riders and critical-only effects are not inferred from a Strike.","free flight: jb2a.dagger.throw.01.white"
"Spiked Chain","zi9ovfoRp2fMhfpO","melee","flail","slashing","0","bb036b54193039d5","Two-handed slashing contact. Physical weapon footage and restrained contact finish. Native weapon data and full description inform the design; activated powers, target-dependent riders and critical-only effects are not inferred from a Strike.",""
"Spiked Gauntlet","YFfG2fMyaIAXkmtr","melee","unarmed","piercing","0","267cc25c61dbc546","One-handed piercing contact. Physical weapon footage and restrained contact finish. Native weapon data and full description inform the design; activated powers, target-dependent riders and critical-only effects are not inferred from a Strike.",""
"Spiral Athame","2WOpgJyaFE2gNW7H","melee","dagger","piercing","0","3c4f4b26d4be3013","One-handed piercing contact. Physical weapon footage and restrained contact finish. Native weapon data and full description inform the design; activated powers, target-dependent riders and critical-only effects are not inferred from a Strike.",""
"Spiral Athame","2WOpgJyaFE2gNW7H","thrown","dagger","piercing","10","3c4f4b26d4be3013","dagger throw across 10 ft increments. Physical weapon footage and restrained contact finish. Native weapon data and full description inform the design; activated powers, target-dependent riders and critical-only effects are not inferred from a Strike.",""
"Spiral Rapier","TQ3kT9pUFQNkH2dG","melee","rapier","piercing","0","1cc42ecbcec4b5ef","One-handed piercing contact. Physical weapon footage and restrained contact finish. Native weapon data and full description inform the design; activated powers, target-dependent riders and critical-only effects are not inferred from a Strike.",""
"Spirit Fan","SNF8g7u8JYzqvsU1","melee","dagger","slashing","0","4279f958bf6d1589","One-handed slashing contact. Physical weapon footage and restrained contact finish. Native weapon data and full description inform the design; activated powers, target-dependent riders and critical-only effects are not inferred from a Strike.",""
"Spirit Thresher","0z3x5UzMlZLcDOUv","melee","flail","bludgeoning","0","665929366eb339c6","Two-handed bludgeoning contact. Physical weapon footage and restrained contact finish. Native weapon data and full description inform the design; activated powers, target-dependent riders and critical-only effects are not inferred from a Strike.",""
"Spiritsight Crossbow","2UX3tlC5vKeQjG7t","ranged","crossbow","piercing","120","cafd197c6ead908a","crossbow shot across 120 ft increments. Physical weapon footage and restrained contact finish. Native weapon data and full description inform the design; activated powers, target-dependent riders and critical-only effects are not inferred from a Strike.",""
"Splintering Spear","CH2t4lYE6IbE3F3Q","melee","spear","piercing","0","8fd1f6da9b562f79","One-handed piercing contact. Physical weapon footage and restrained contact finish. Brief native persistent-damage cue follows contact. plant flourish reflects the item's own traits or construction, not Strike damage. Native weapon data and full description inform the design; activated powers, target-dependent riders and critical-only effects are not inferred from a Strike.",""
"Splintering Spear","CH2t4lYE6IbE3F3Q","thrown","spear","piercing","20","8fd1f6da9b562f79","spear throw across 20 ft increments. Physical weapon footage and restrained contact finish. Brief native persistent-damage cue follows contact. plant flourish reflects the item's own traits or construction, not Strike damage. Native weapon data and full description inform the design; activated powers, target-dependent riders and critical-only effects are not inferred from a Strike.","free flight: jb2a.dagger.throw.01.white"
"Splintering Spear (Greater)","K07yZnXG1DQwFjX7","melee","spear","piercing","0","8162958d7e8bcb27","One-handed piercing contact. Physical weapon footage and restrained contact finish. Brief native persistent-damage cue follows contact. plant flourish reflects the item's own traits or construction, not Strike damage. Native weapon data and full description inform the design; activated powers, target-dependent riders and critical-only effects are not inferred from a Strike.",""
"Splintering Spear (Greater)","K07yZnXG1DQwFjX7","thrown","spear","piercing","20","8162958d7e8bcb27","spear throw across 20 ft increments. Physical weapon footage and restrained contact finish. Brief native persistent-damage cue follows contact. plant flourish reflects the item's own traits or construction, not Strike damage. Native weapon data and full description inform the design; activated powers, target-dependent riders and critical-only effects are not inferred from a Strike.","free flight: jb2a.dagger.throw.01.white"
"Splintering Spear (Major)","iQM5xKCkfpfdPrzL","melee","spear","piercing","0","e77427c45b30d19f","One-handed piercing contact. Physical weapon footage and restrained contact finish. Brief native persistent-damage cue follows contact. plant flourish reflects the item's own traits or construction, not Strike damage. Native weapon data and full description inform the design; activated powers, target-dependent riders and critical-only effects are not inferred from a Strike.",""
"Splintering Spear (Major)","iQM5xKCkfpfdPrzL","thrown","spear","piercing","20","e77427c45b30d19f","spear throw across 20 ft increments. Physical weapon footage and restrained contact finish. Brief native persistent-damage cue follows contact. plant flourish reflects the item's own traits or construction, not Strike damage. Native weapon data and full description inform the design; activated powers, target-dependent riders and critical-only effects are not inferred from a Strike.","free flight: jb2a.dagger.throw.01.white"
"Splithead Bow","oHVCB96LOYobSQ0I","ranged","bow","piercing","100","eeb02a3c06d1bb8e","bow shot across 100 ft increments. Physical weapon footage and restrained contact finish. Native weapon data and full description inform the design; activated powers, target-dependent riders and critical-only effects are not inferred from a Strike.",""
"Spoon Gun","MMYL2rfbYNWT0Rs1","ranged","firearm","piercing","30","d9064bae18d609b1","firearm shot across 30 ft increments. Physical weapon footage and restrained contact finish. Native weapon data and full description inform the design; activated powers, target-dependent riders and critical-only effects are not inferred from a Strike.",""
"Spore Sap","tE2IarA29mYsgrxj","melee","club","bludgeoning","0","730a6640def32608","One-handed bludgeoning contact. Physical weapon footage and restrained contact finish. Native weapon data and full description inform the design; activated powers, target-dependent riders and critical-only effects are not inferred from a Strike.",""
"Spore Shephard's Staff","bTwZNckINJgiT8Ef","melee","quarterstaff","bludgeoning","0","175a1066e9b89884","One-handed bludgeoning contact. Physical weapon footage and restrained contact finish. Native weapon data and full description inform the design; activated powers, target-dependent riders and critical-only effects are not inferred from a Strike.",""
"Spore Shephard's Staff (Greater)","UEIwFJMx3wYt0Blp","melee","quarterstaff","bludgeoning","0","c78f9b04e1ed2c5a","One-handed bludgeoning contact. Physical weapon footage and restrained contact finish. Native weapon data and full description inform the design; activated powers, target-dependent riders and critical-only effects are not inferred from a Strike.",""
"Spore Shephard's Staff (Major)","7XEVXfgeabmO7fMd","melee","quarterstaff","bludgeoning","0","8570c935ef9d44e1","One-handed bludgeoning contact. Physical weapon footage and restrained contact finish. Native weapon data and full description inform the design; activated powers, target-dependent riders and critical-only effects are not inferred from a Strike.",""
"Spraysling","XguFCTUBh1yqJXd1","ranged","sling","bludgeoning","20","4ae4cabf3762ea91","sling shot across 20 ft increments. Physical weapon footage and restrained contact finish. Native weapon data and full description inform the design; activated powers, target-dependent riders and critical-only effects are not inferred from a Strike.","free flight: jb2a.dagger.throw.01.white"
"Spy Staff","eoSl6Rbop1EX5DwP","melee","quarterstaff","bludgeoning","0","69af4da7a3b24020","One-handed bludgeoning contact. Physical weapon footage and restrained contact finish. Native weapon data and full description inform the design; activated powers, target-dependent riders and critical-only effects are not inferred from a Strike.",""
"Spy Staff (Greater)","4nEdlX9GOlXGyfpl","melee","quarterstaff","bludgeoning","0","4486278451c26da2","One-handed bludgeoning contact. Physical weapon footage and restrained contact finish. Native weapon data and full description inform the design; activated powers, target-dependent riders and critical-only effects are not inferred from a Strike.",""
"Spy Staff (Major)","tzzvevwmwwKQaHK0","melee","quarterstaff","bludgeoning","0","4f6dc0eb2075f9ea","One-handed bludgeoning contact. Physical weapon footage and restrained contact finish. Native weapon data and full description inform the design; activated powers, target-dependent riders and critical-only effects are not inferred from a Strike.",""
"Staff","FVjTuBCIefAgloUU","melee","quarterstaff","bludgeoning","0","1602a4eea705c5b0","One-handed bludgeoning contact. Physical weapon footage and restrained contact finish. Native weapon data and full description inform the design; activated powers, target-dependent riders and critical-only effects are not inferred from a Strike.",""
"Staff of Air","8TEundYBdonchDj1","melee","quarterstaff","bludgeoning","0","46e245eb27d18ca3","One-handed bludgeoning contact. Physical weapon footage and restrained contact finish. electricity flourish reflects the item's own traits or construction, not Strike damage. Native weapon data and full description inform the design; activated powers, target-dependent riders and critical-only effects are not inferred from a Strike.",""
"Staff of Air (Greater)","9GUSQFJZarLs5tQC","melee","quarterstaff","bludgeoning","0","09adf13e2be79522","One-handed bludgeoning contact. Physical weapon footage and restrained contact finish. electricity flourish reflects the item's own traits or construction, not Strike damage. Native weapon data and full description inform the design; activated powers, target-dependent riders and critical-only effects are not inferred from a Strike.",""
"Staff of Air (Major)","2wUR0XVYONWrBVa8","melee","quarterstaff","bludgeoning","0","eafcb2cf5e7bcf63","One-handed bludgeoning contact. Physical weapon footage and restrained contact finish. electricity flourish reflects the item's own traits or construction, not Strike damage. Native weapon data and full description inform the design; activated powers, target-dependent riders and critical-only effects are not inferred from a Strike.",""
"Staff of Arcane Might","0mCj6HZcwFzVxVyM","melee","quarterstaff","bludgeoning","0","d5fba514d6d18632","One-handed bludgeoning contact. Physical weapon footage and restrained contact finish. force flourish reflects the item's own traits or construction, not Strike damage. Native weapon data and full description inform the design; activated powers, target-dependent riders and critical-only effects are not inferred from a Strike.",""
"Staff of Arcane Might (Greater)","L7FuscHIuzQ7FjnB","melee","quarterstaff","bludgeoning","0","fe7b25b3d8fbbe85","One-handed bludgeoning contact. Physical weapon footage and restrained contact finish. force flourish reflects the item's own traits or construction, not Strike damage. Native weapon data and full description inform the design; activated powers, target-dependent riders and critical-only effects are not inferred from a Strike.",""
"Staff of Arcane Might (Major)","w2AxS7q8bjh77pp2","melee","quarterstaff","bludgeoning","0","87a6461fb97e9c30","One-handed bludgeoning contact. Physical weapon footage and restrained contact finish. force flourish reflects the item's own traits or construction, not Strike damage. Native weapon data and full description inform the design; activated powers, target-dependent riders and critical-only effects are not inferred from a Strike.",""
"Staff of Control","wUFQ8cqkwn2xTCma","melee","quarterstaff","bludgeoning","0","0e057a2a906d9527","One-handed bludgeoning contact. Physical weapon footage and restrained contact finish. Native weapon data and full description inform the design; activated powers, target-dependent riders and critical-only effects are not inferred from a Strike.",""
"Staff of Control (Greater)","d5dnhOf5RHFFnsiB","melee","quarterstaff","bludgeoning","0","a8e738c5c479de05","One-handed bludgeoning contact. Physical weapon footage and restrained contact finish. Native weapon data and full description inform the design; activated powers, target-dependent riders and critical-only effects are not inferred from a Strike.",""
"Staff of Control (Major)","ndF4yxyM5ci1DcrO","melee","quarterstaff","bludgeoning","0","57f1e85c1fa167ec","One-handed bludgeoning contact. Physical weapon footage and restrained contact finish. Native weapon data and full description inform the design; activated powers, target-dependent riders and critical-only effects are not inferred from a Strike.",""
"Staff of Earth","pX3rpVDBLqClcL9M","melee","quarterstaff","bludgeoning","0","cf45d0eadc7b41a4","One-handed bludgeoning contact. Physical weapon footage and restrained contact finish. earth flourish reflects the item's own traits or construction, not Strike damage. Native weapon data and full description inform the design; activated powers, target-dependent riders and critical-only effects are not inferred from a Strike.",""
"Staff of Earth (Greater)","jaM12dWpIozRiIhk","melee","quarterstaff","bludgeoning","0","de8e03adaa571367","One-handed bludgeoning contact. Physical weapon footage and restrained contact finish. earth flourish reflects the item's own traits or construction, not Strike damage. Native weapon data and full description inform the design; activated powers, target-dependent riders and critical-only effects are not inferred from a Strike.",""
"Staff of Earth (Major)","a8YCTjKnXySKpU5C","melee","quarterstaff","bludgeoning","0","21ecd2c85dacdf63","One-handed bludgeoning contact. Physical weapon footage and restrained contact finish. earth flourish reflects the item's own traits or construction, not Strike damage. Native weapon data and full description inform the design; activated powers, target-dependent riders and critical-only effects are not inferred from a Strike.",""
"Staff of Elemental Power","0Vw44XmzVS4knsa8","melee","quarterstaff","bludgeoning","0","37a494604309329f","One-handed bludgeoning contact. Physical weapon footage and restrained contact finish. Native weapon data and full description inform the design; activated powers, target-dependent riders and critical-only effects are not inferred from a Strike.",""
"Staff of Elemental Power (Greater)","nvSZioRW4J1sMtO7","melee","quarterstaff","bludgeoning","0","29cbf414a8333b3a","One-handed bludgeoning contact. Physical weapon footage and restrained contact finish. Native weapon data and full description inform the design; activated powers, target-dependent riders and critical-only effects are not inferred from a Strike.",""
"Staff of Elemental Power (Major)","9UfuJHNdyBBNfCsO","melee","quarterstaff","bludgeoning","0","3578735245ef2762","One-handed bludgeoning contact. Physical weapon footage and restrained contact finish. Native weapon data and full description inform the design; activated powers, target-dependent riders and critical-only effects are not inferred from a Strike.",""
"Staff of Encroaching Shadows","kC4GmC5IVxO24tbH","melee","quarterstaff","bludgeoning","0","c6b2149f238e62cb","One-handed bludgeoning contact. Physical weapon footage and restrained contact finish. shadow flourish reflects the item's own traits or construction, not Strike damage. Native weapon data and full description inform the design; activated powers, target-dependent riders and critical-only effects are not inferred from a Strike.",""
"Staff of Encroaching Shadows (Greater)","4ANdxkBpdBVOUa7r","melee","quarterstaff","bludgeoning","0","d7db87491f510a1a","One-handed bludgeoning contact. Physical weapon footage and restrained contact finish. shadow flourish reflects the item's own traits or construction, not Strike damage. Native weapon data and full description inform the design; activated powers, target-dependent riders and critical-only effects are not inferred from a Strike.",""
"Staff of Encroaching Shadows (Major)","AUcS3DusEWtmxZOM","melee","quarterstaff","bludgeoning","0","9f782d69e11d5116","One-handed bludgeoning contact. Physical weapon footage and restrained contact finish. shadow flourish reflects the item's own traits or construction, not Strike damage. Native weapon data and full description inform the design; activated powers, target-dependent riders and critical-only effects are not inferred from a Strike.",""
"Staff of Final Rest","HMjn8Ln1Wp1Ld2S3","melee","quarterstaff","bludgeoning","0","c7aa16f196fe1d6e","One-handed bludgeoning contact. Physical weapon footage and restrained contact finish. Native weapon data and full description inform the design; activated powers, target-dependent riders and critical-only effects are not inferred from a Strike.",""
"Staff of Final Rest (Greater)","xec2kwqFjxHjFwLa","melee","quarterstaff","bludgeoning","0","25fb8f8051d46551","One-handed bludgeoning contact. Physical weapon footage and restrained contact finish. Native weapon data and full description inform the design; activated powers, target-dependent riders and critical-only effects are not inferred from a Strike.",""
"Staff of Final Rest (Major)","SSZojuAMC9Npvfm3","melee","quarterstaff","bludgeoning","0","17baee4a616c333a","One-handed bludgeoning contact. Physical weapon footage and restrained contact finish. Native weapon data and full description inform the design; activated powers, target-dependent riders and critical-only effects are not inferred from a Strike.",""
"Staff of Fire","opfpl1JmKgrfds9P","melee","quarterstaff","bludgeoning","0","10779514671f4e51","One-handed bludgeoning contact. Physical weapon footage and restrained contact finish. fire flourish reflects the item's own traits or construction, not Strike damage. Native weapon data and full description inform the design; activated powers, target-dependent riders and critical-only effects are not inferred from a Strike.",""
"Staff of Fire (Greater)","KcjaeMgrsBGgwUWL","melee","quarterstaff","bludgeoning","0","931f101cbc42a4f5","One-handed bludgeoning contact. Physical weapon footage and restrained contact finish. fire flourish reflects the item's own traits or construction, not Strike damage. Native weapon data and full description inform the design; activated powers, target-dependent riders and critical-only effects are not inferred from a Strike.",""
"Staff of Fire (Major)","qx4Cq99vng6GhzEh","melee","quarterstaff","bludgeoning","0","fb76c5e8febf5b58","One-handed bludgeoning contact. Physical weapon footage and restrained contact finish. fire flourish reflects the item's own traits or construction, not Strike damage. Native weapon data and full description inform the design; activated powers, target-dependent riders and critical-only effects are not inferred from a Strike.",""
"Staff of Healing","3OkOKxCee9WruGU5","melee","quarterstaff","bludgeoning","0","3718473cf7a3e2e7","One-handed bludgeoning contact. Physical weapon footage and restrained contact finish. vitality flourish reflects the item's own traits or construction, not Strike damage. Native weapon data and full description inform the design; activated powers, target-dependent riders and critical-only effects are not inferred from a Strike.",""
"Staff of Healing (Greater)","XSwEE8wjHr6UXzpw","melee","quarterstaff","bludgeoning","0","b8792ed86abfae44","One-handed bludgeoning contact. Physical weapon footage and restrained contact finish. vitality flourish reflects the item's own traits or construction, not Strike damage. Native weapon data and full description inform the design; activated powers, target-dependent riders and critical-only effects are not inferred from a Strike.",""
"Staff of Healing (Major)","FTVap8IjoKgCexH7","melee","quarterstaff","bludgeoning","0","941076c966a07a2a","One-handed bludgeoning contact. Physical weapon footage and restrained contact finish. vitality flourish reflects the item's own traits or construction, not Strike damage. Native weapon data and full description inform the design; activated powers, target-dependent riders and critical-only effects are not inferred from a Strike.",""
"Staff of Healing (True)","WbcQqXrUytXkCMK3","melee","quarterstaff","bludgeoning","0","9bc1ee810b586133","One-handed bludgeoning contact. Physical weapon footage and restrained contact finish. vitality flourish reflects the item's own traits or construction, not Strike damage. Native weapon data and full description inform the design; activated powers, target-dependent riders and critical-only effects are not inferred from a Strike.",""
"Staff of Illumination","8No84rsBOCVCkXJK","melee","quarterstaff","bludgeoning","0","128895cf2a8f1e09","One-handed bludgeoning contact. Physical weapon footage and restrained contact finish. light flourish reflects the item's own traits or construction, not Strike damage. Native weapon data and full description inform the design; activated powers, target-dependent riders and critical-only effects are not inferred from a Strike.",""
"Staff of Impossible Visions","WA5eoFFuAsyx7A2t","melee","quarterstaff","bludgeoning","0","0c4f2eeef7a72847","One-handed bludgeoning contact. Physical weapon footage and restrained contact finish. Native weapon data and full description inform the design; activated powers, target-dependent riders and critical-only effects are not inferred from a Strike.",""
"Staff of Impossible Visions (Greater)","KxSyomQx7rpwqemP","melee","quarterstaff","bludgeoning","0","47ce88888e0f5cd7","One-handed bludgeoning contact. Physical weapon footage and restrained contact finish. Native weapon data and full description inform the design; activated powers, target-dependent riders and critical-only effects are not inferred from a Strike.",""
"Staff of Impossible Visions (Major)","oT4pyqLKpJVXDb46","melee","quarterstaff","bludgeoning","0","2d49d9d3fa068fc4","One-handed bludgeoning contact. Physical weapon footage and restrained contact finish. Native weapon data and full description inform the design; activated powers, target-dependent riders and critical-only effects are not inferred from a Strike.",""
"Staff of Impossible Visions (True)","1glQQ63AeQOfQNvc","melee","quarterstaff","bludgeoning","0","18379d6acf078f3e","One-handed bludgeoning contact. Physical weapon footage and restrained contact finish. Native weapon data and full description inform the design; activated powers, target-dependent riders and critical-only effects are not inferred from a Strike.",""
"Staff of Metal","iNC3uS24FSc40AQ4","melee","quarterstaff","bludgeoning","0","1e7f76219371615d","One-handed bludgeoning contact. Physical weapon footage and restrained contact finish. Native weapon data and full description inform the design; activated powers, target-dependent riders and critical-only effects are not inferred from a Strike.",""
"Staff of Metal (Greater)","qvl1OmV5F60ZOdcC","melee","quarterstaff","bludgeoning","0","7cdc3c9a809941b7","One-handed bludgeoning contact. Physical weapon footage and restrained contact finish. Native weapon data and full description inform the design; activated powers, target-dependent riders and critical-only effects are not inferred from a Strike.",""
"Staff of Metal (Major)","8FKxOiKAoQqPiqPA","melee","quarterstaff","bludgeoning","0","431644d6fcf63d77","One-handed bludgeoning contact. Physical weapon footage and restrained contact finish. Native weapon data and full description inform the design; activated powers, target-dependent riders and critical-only effects are not inferred from a Strike.",""
"Staff of Nature's Cunning","jwa10xel66Wc7U3p","melee","quarterstaff","bludgeoning","0","2c28c5cdcfdc5358","One-handed bludgeoning contact. Physical weapon footage and restrained contact finish. plant flourish reflects the item's own traits or construction, not Strike damage. Native weapon data and full description inform the design; activated powers, target-dependent riders and critical-only effects are not inferred from a Strike.",""
"Staff of Nature's Cunning (Greater)","xt4sb8vz8VRlJoKm","melee","quarterstaff","bludgeoning","0","343049d2f081b010","One-handed bludgeoning contact. Physical weapon footage and restrained contact finish. plant flourish reflects the item's own traits or construction, not Strike damage. Native weapon data and full description inform the design; activated powers, target-dependent riders and critical-only effects are not inferred from a Strike.",""
"Staff of Nature's Cunning (Major)","1yZRZeVAVxrb5HM2","melee","quarterstaff","bludgeoning","0","d988d565d9779940","One-handed bludgeoning contact. Physical weapon footage and restrained contact finish. plant flourish reflects the item's own traits or construction, not Strike damage. Native weapon data and full description inform the design; activated powers, target-dependent riders and critical-only effects are not inferred from a Strike.",""
"Staff of Nature's Vengeance","aPbDAb6cJKPvCHk2","melee","quarterstaff","bludgeoning","0","4011ff4c6a703081","One-handed bludgeoning contact. Physical weapon footage and restrained contact finish. plant flourish reflects the item's own traits or construction, not Strike damage. Native weapon data and full description inform the design; activated powers, target-dependent riders and critical-only effects are not inferred from a Strike.",""
"Staff of Nature's Vengeance (Greater)","gca5Pgt9Pg8G23VA","melee","quarterstaff","bludgeoning","0","3fbde357179ef778","One-handed bludgeoning contact. Physical weapon footage and restrained contact finish. plant flourish reflects the item's own traits or construction, not Strike damage. Native weapon data and full description inform the design; activated powers, target-dependent riders and critical-only effects are not inferred from a Strike.",""
"Staff of Nature's Vengeance (Major)","hnx3dOQrYLBtsu3V","melee","quarterstaff","bludgeoning","0","4bb639caa8cee5c9","One-handed bludgeoning contact. Physical weapon footage and restrained contact finish. plant flourish reflects the item's own traits or construction, not Strike damage. Native weapon data and full description inform the design; activated powers, target-dependent riders and critical-only effects are not inferred from a Strike.",""
"Staff of Phantasms","HVgolLqbXUeRHXVN","melee","quarterstaff","bludgeoning","0","740662d37e914b7f","One-handed bludgeoning contact. Physical weapon footage and restrained contact finish. Native weapon data and full description inform the design; activated powers, target-dependent riders and critical-only effects are not inferred from a Strike.",""
"Staff of Phantasms (Greater)","Svq02kCaFadVPOSq","melee","quarterstaff","bludgeoning","0","43f5d53ae982d76b","One-handed bludgeoning contact. Physical weapon footage and restrained contact finish. Native weapon data and full description inform the design; activated powers, target-dependent riders and critical-only effects are not inferred from a Strike.",""
"Staff of Phantasms (Major)","7RBY90RmMtZjvnGW","melee","quarterstaff","bludgeoning","0","57cba0304ca3bc57","One-handed bludgeoning contact. Physical weapon footage and restrained contact finish. Native weapon data and full description inform the design; activated powers, target-dependent riders and critical-only effects are not inferred from a Strike.",""
"Staff of Power","6m9niDjhA6tBfp5x","melee","quarterstaff","bludgeoning","0","99f92e78c346f4a6","One-handed bludgeoning contact. Physical weapon footage and restrained contact finish. force flourish reflects the item's own traits or construction, not Strike damage. Native weapon data and full description inform the design; activated powers, target-dependent riders and critical-only effects are not inferred from a Strike.",""
"Staff of Protection","4O00N0HoPz5ywNyz","melee","quarterstaff","bludgeoning","0","0d10128265835f7b","One-handed bludgeoning contact. Physical weapon footage and restrained contact finish. Native weapon data and full description inform the design; activated powers, target-dependent riders and critical-only effects are not inferred from a Strike.",""
"Staff of Protection (Greater)","XE8AxkahYPVzeLCW","melee","quarterstaff","bludgeoning","0","24a896c35a730856","One-handed bludgeoning contact. Physical weapon footage and restrained contact finish. Native weapon data and full description inform the design; activated powers, target-dependent riders and critical-only effects are not inferred from a Strike.",""
"Staff of Protection (Major)","TLLZIFIPbhW8kjyL","melee","quarterstaff","bludgeoning","0","b53d09a1ad67f766","One-handed bludgeoning contact. Physical weapon footage and restrained contact finish. Native weapon data and full description inform the design; activated powers, target-dependent riders and critical-only effects are not inferred from a Strike.",""
"Staff of Providence","XeTmuhuNnhGf7c4t","melee","quarterstaff","bludgeoning","0","05ff5e0e816fe503","One-handed bludgeoning contact. Physical weapon footage and restrained contact finish. Native weapon data and full description inform the design; activated powers, target-dependent riders and critical-only effects are not inferred from a Strike.",""
"Staff of Providence (Greater)","T1L6XbgMqJLDv2Pi","melee","quarterstaff","bludgeoning","0","ebf73c936b759a59","One-handed bludgeoning contact. Physical weapon footage and restrained contact finish. Native weapon data and full description inform the design; activated powers, target-dependent riders and critical-only effects are not inferred from a Strike.",""
"Staff of Providence (Major)","U8vVCE2ePjyca666","melee","quarterstaff","bludgeoning","0","1cf698043be0bceb","One-handed bludgeoning contact. Physical weapon footage and restrained contact finish. Native weapon data and full description inform the design; activated powers, target-dependent riders and critical-only effects are not inferred from a Strike.",""
"Staff of Providence (True)","pIagOwW8EFBaKW3k","melee","quarterstaff","bludgeoning","0","1330fe01faadaa9d","One-handed bludgeoning contact. Physical weapon footage and restrained contact finish. Native weapon data and full description inform the design; activated powers, target-dependent riders and critical-only effects are not inferred from a Strike.",""
"Staff of Sieges","dh4FEXlA0FxTfnpY","melee","quarterstaff","bludgeoning","0","d38c93504881719e","One-handed bludgeoning contact. Physical weapon footage and restrained contact finish. Native weapon data and full description inform the design; activated powers, target-dependent riders and critical-only effects are not inferred from a Strike.",""
"Staff of Summoning","v0IrX97Pf96jPvxP","melee","quarterstaff","bludgeoning","0","0d2f1bcb625a6a87","One-handed bludgeoning contact. Physical weapon footage and restrained contact finish. Native weapon data and full description inform the design; activated powers, target-dependent riders and critical-only effects are not inferred from a Strike.",""
"Staff of Summoning (Greater)","GeAz02cQMU4X9nYp","melee","quarterstaff","bludgeoning","0","1c0a500303e55bd8","One-handed bludgeoning contact. Physical weapon footage and restrained contact finish. Native weapon data and full description inform the design; activated powers, target-dependent riders and critical-only effects are not inferred from a Strike.",""
"Staff of Summoning (Major)","027hHaJojFz1qJBG","melee","quarterstaff","bludgeoning","0","f3905e3af3808657","One-handed bludgeoning contact. Physical weapon footage and restrained contact finish. Native weapon data and full description inform the design; activated powers, target-dependent riders and critical-only effects are not inferred from a Strike.",""
"Staff of Sun Wukong","insH5VazP8WTkQgu","melee","quarterstaff","bludgeoning","0","e9c2571cb6e33222","Two-handed bludgeoning contact, extended reach. Physical weapon footage and restrained contact finish. Native weapon data and full description inform the design; activated powers, target-dependent riders and critical-only effects are not inferred from a Strike.",""
"Staff of the Black Desert","ED3By5mICaJeiQYo","melee","quarterstaff","bludgeoning","0","a81d1f8763d9079f","One-handed bludgeoning contact. Physical weapon footage and restrained contact finish. Native weapon data and full description inform the design; activated powers, target-dependent riders and critical-only effects are not inferred from a Strike.",""
"Staff of the Black Desert (Greater)","Ri09KBg9DG0aapLw","melee","quarterstaff","bludgeoning","0","df81990a4aacf477","One-handed bludgeoning contact. Physical weapon footage and restrained contact finish. Native weapon data and full description inform the design; activated powers, target-dependent riders and critical-only effects are not inferred from a Strike.",""
"Staff of the Dead","1uWytZ76MwVQYIO9","melee","quarterstaff","bludgeoning","0","cf418edb9d0443a5","One-handed bludgeoning contact. Physical weapon footage and restrained contact finish. void flourish reflects the item's own traits or construction, not Strike damage. Native weapon data and full description inform the design; activated powers, target-dependent riders and critical-only effects are not inferred from a Strike.",""
"Staff of the Dead (Greater)","Ab5EjJyoRSec5YrW","melee","quarterstaff","bludgeoning","0","a8877f7d302bdbb4","One-handed bludgeoning contact. Physical weapon footage and restrained contact finish. void flourish reflects the item's own traits or construction, not Strike damage. Native weapon data and full description inform the design; activated powers, target-dependent riders and critical-only effects are not inferred from a Strike.",""
"Staff of the Dead (Major)","E30OrRp0StKLQwbQ","melee","quarterstaff","bludgeoning","0","0060b377687690c8","One-handed bludgeoning contact. Physical weapon footage and restrained contact finish. void flourish reflects the item's own traits or construction, not Strike damage. Native weapon data and full description inform the design; activated powers, target-dependent riders and critical-only effects are not inferred from a Strike.",""
"Staff of the Desert Winds","0yp4hAgJKt9Al2lz","melee","quarterstaff","bludgeoning","0","f1e4e204d84b2d8a","One-handed bludgeoning contact. Physical weapon footage and restrained contact finish. air flourish reflects the item's own traits or construction, not Strike damage. Native weapon data and full description inform the design; activated powers, target-dependent riders and critical-only effects are not inferred from a Strike.",""
"Staff of the Desert Winds (Greater)","uqbvXACABUJG0ifJ","melee","quarterstaff","bludgeoning","0","f21c3a9e55f18381","One-handed bludgeoning contact. Physical weapon footage and restrained contact finish. air flourish reflects the item's own traits or construction, not Strike damage. Native weapon data and full description inform the design; activated powers, target-dependent riders and critical-only effects are not inferred from a Strike.",""
"Staff of the Desert Winds (Major)","FkT0UkXdNEmKRhRx","melee","quarterstaff","bludgeoning","0","37ba495cbc39957b","One-handed bludgeoning contact. Physical weapon footage and restrained contact finish. air flourish reflects the item's own traits or construction, not Strike damage. Native weapon data and full description inform the design; activated powers, target-dependent riders and critical-only effects are not inferred from a Strike.",""
"Staff of the Desert Winds (True)","IEmYcavVfSy58aYx","melee","quarterstaff","bludgeoning","0","d690cc07d906b839","One-handed bludgeoning contact. Physical weapon footage and restrained contact finish. air flourish reflects the item's own traits or construction, not Strike damage. Native weapon data and full description inform the design; activated powers, target-dependent riders and critical-only effects are not inferred from a Strike.",""
"Staff of the Dreamlands","214J8KhXn2H19DeC","melee","quarterstaff","bludgeoning","0","5df326d963daa427","One-handed bludgeoning contact. Physical weapon footage and restrained contact finish. Native weapon data and full description inform the design; activated powers, target-dependent riders and critical-only effects are not inferred from a Strike.",""
"Staff of the Dreamlands (Greater)","eHs1vJMXGLIPues8","melee","quarterstaff","bludgeoning","0","d36326644296dad6","One-handed bludgeoning contact. Physical weapon footage and restrained contact finish. Native weapon data and full description inform the design; activated powers, target-dependent riders and critical-only effects are not inferred from a Strike.",""
"Staff of the Dreamlands (Major)","NWMHPsVBIaNZ5X2W","melee","quarterstaff","bludgeoning","0","aa0ebabaf28a6614","One-handed bludgeoning contact. Physical weapon footage and restrained contact finish. Native weapon data and full description inform the design; activated powers, target-dependent riders and critical-only effects are not inferred from a Strike.",""
"Staff of the Mage's Friend","V7ZhF0iSuXyM8jAD","melee","quarterstaff","bludgeoning","0","8e2a23cd19f57620","One-handed bludgeoning contact. Physical weapon footage and restrained contact finish. Native weapon data and full description inform the design; activated powers, target-dependent riders and critical-only effects are not inferred from a Strike.",""
"Staff of the Mage's Friend (Greater)","o4yul8PJpZgbkupW","melee","quarterstaff","bludgeoning","0","39ca205be5252a3a","One-handed bludgeoning contact. Physical weapon footage and restrained contact finish. Native weapon data and full description inform the design; activated powers, target-dependent riders and critical-only effects are not inferred from a Strike.",""
"Staff of the Mage's Friend (Major)","tDkMBFkTVHSMC9PM","melee","quarterstaff","bludgeoning","0","d57fed0734c05237","One-handed bludgeoning contact. Physical weapon footage and restrained contact finish. Native weapon data and full description inform the design; activated powers, target-dependent riders and critical-only effects are not inferred from a Strike.",""
"Staff of the Magi","nI9shR1EG3P09I8r","melee","quarterstaff","bludgeoning","0","02939960f15fd8c0","One-handed bludgeoning contact. Physical weapon footage and restrained contact finish. force flourish reflects the item's own traits or construction, not Strike damage. Native weapon data and full description inform the design; activated powers, target-dependent riders and critical-only effects are not inferred from a Strike.",""
"Staff of the Ruling Beast","8RQDeP3MtVLELlAn","melee","quarterstaff","bludgeoning","0","764f74858bc34610","One-handed bludgeoning contact. Physical weapon footage and restrained contact finish. Native weapon data and full description inform the design; activated powers, target-dependent riders and critical-only effects are not inferred from a Strike.",""
"Staff of the Tempest","0S8lZFSEP7ZlLFqA","melee","quarterstaff","bludgeoning","0","c06826c550a3a25b","One-handed bludgeoning contact. Physical weapon footage and restrained contact finish. electricity flourish reflects the item's own traits or construction, not Strike damage. Native weapon data and full description inform the design; activated powers, target-dependent riders and critical-only effects are not inferred from a Strike.",""
"Staff of the Tempest (Greater)","8Ia2jOo23XoArpJm","melee","quarterstaff","bludgeoning","0","5d4a808b9cd885fc","One-handed bludgeoning contact. Physical weapon footage and restrained contact finish. electricity flourish reflects the item's own traits or construction, not Strike damage. Native weapon data and full description inform the design; activated powers, target-dependent riders and critical-only effects are not inferred from a Strike.",""
"Staff of the Tempest (Major)","RDoxgjEFsherGA5x","melee","quarterstaff","bludgeoning","0","cb7c92bec1a1e3fc","One-handed bludgeoning contact. Physical weapon footage and restrained contact finish. electricity flourish reflects the item's own traits or construction, not Strike damage. Native weapon data and full description inform the design; activated powers, target-dependent riders and critical-only effects are not inferred from a Strike.",""
"Staff of the Unblinking Eye","uhsVSBF4f3D5oym0","melee","quarterstaff","bludgeoning","0","7db7b763fa6b7bed","One-handed bludgeoning contact. Physical weapon footage and restrained contact finish. Native weapon data and full description inform the design; activated powers, target-dependent riders and critical-only effects are not inferred from a Strike.",""
"Staff of the Unblinking Eye (Greater)","jUL4ZdztH8VODBuv","melee","quarterstaff","bludgeoning","0","d6a2b5bc735b58b5","One-handed bludgeoning contact. Physical weapon footage and restrained contact finish. Native weapon data and full description inform the design; activated powers, target-dependent riders and critical-only effects are not inferred from a Strike.",""
"Staff of the Unblinking Eye (Major)","APjEozp9ibSFV7zM","melee","quarterstaff","bludgeoning","0","486b2050b07f9160","One-handed bludgeoning contact. Physical weapon footage and restrained contact finish. Native weapon data and full description inform the design; activated powers, target-dependent riders and critical-only effects are not inferred from a Strike.",""
"Staff of Water","frCSW1zLFYiYpjdR","melee","quarterstaff","bludgeoning","0","e728fc012e614377","One-handed bludgeoning contact. Physical weapon footage and restrained contact finish. water flourish reflects the item's own traits or construction, not Strike damage. Native weapon data and full description inform the design; activated powers, target-dependent riders and critical-only effects are not inferred from a Strike.",""
"Staff of Water (Greater)","DwNELc8YIKTb2uj1","melee","quarterstaff","bludgeoning","0","7651bb834f2ba279","One-handed bludgeoning contact. Physical weapon footage and restrained contact finish. water flourish reflects the item's own traits or construction, not Strike damage. Native weapon data and full description inform the design; activated powers, target-dependent riders and critical-only effects are not inferred from a Strike.",""
"Staff of Water (Major)","QMqPGk7oL4kESGc3","melee","quarterstaff","bludgeoning","0","8a9f95ea98200dee","One-handed bludgeoning contact. Physical weapon footage and restrained contact finish. water flourish reflects the item's own traits or construction, not Strike damage. Native weapon data and full description inform the design; activated powers, target-dependent riders and critical-only effects are not inferred from a Strike.",""
"Star Grenade (Greater)","W1XG0qStVh8fmeJ6","thrown","bomb","fire","20","b5bcc8cd4baee1ed","bomb throw across 20 ft increments. fire native damage, permanent runes or always-on own-weapon damage rules supply the contact accents. crossFire contents at impact. Target-centered contents cue; lingering artwork is brief and does not track a condition or splash footprint. A local crossed burst illustrates the release; place the two perpendicular 25-foot splash lines manually. Native weapon data and full description inform the design; activated powers, target-dependent riders and critical-only effects are not inferred from a Strike.",""
"Star Grenade (Lesser)","RsCLCgCgGAn67ry5","thrown","bomb","fire","20","e7fa1d4be4e84fab","bomb throw across 20 ft increments. fire native damage, permanent runes or always-on own-weapon damage rules supply the contact accents. crossFire contents at impact. Target-centered contents cue; lingering artwork is brief and does not track a condition or splash footprint. A local crossed burst illustrates the release; place the two perpendicular 25-foot splash lines manually. Native weapon data and full description inform the design; activated powers, target-dependent riders and critical-only effects are not inferred from a Strike.",""
"Star Grenade (Major)","PkqzU1Ap3O3IicUv","thrown","bomb","fire","20","8de43ec978fc4baf","bomb throw across 20 ft increments. fire native damage, permanent runes or always-on own-weapon damage rules supply the contact accents. crossFire contents at impact. Target-centered contents cue; lingering artwork is brief and does not track a condition or splash footprint. A local crossed burst illustrates the release; place the two perpendicular 25-foot splash lines manually. Native weapon data and full description inform the design; activated powers, target-dependent riders and critical-only effects are not inferred from a Strike.",""
"Star Grenade (Moderate)","KFTkiLXWENatK9XY","thrown","bomb","fire","20","732ebaac1436d458","bomb throw across 20 ft increments. fire native damage, permanent runes or always-on own-weapon damage rules supply the contact accents. crossFire contents at impact. Target-centered contents cue; lingering artwork is brief and does not track a condition or splash footprint. A local crossed burst illustrates the release; place the two perpendicular 25-foot splash lines manually. Native weapon data and full description inform the design; activated powers, target-dependent riders and critical-only effects are not inferred from a Strike.",""
"Stargazer","mkFrHOwWJaHF0aGp","melee","club","bludgeoning","0","b8b7cccb9a297db1","One-handed bludgeoning contact. Physical weapon footage and restrained contact finish. Native weapon data and full description inform the design; activated powers, target-dependent riders and critical-only effects are not inferred from a Strike.",""
"Stargazer","mkFrHOwWJaHF0aGp","thrown","club","bludgeoning","10","b8b7cccb9a297db1","club throw across 10 ft increments. Physical weapon footage and restrained contact finish. Native weapon data and full description inform the design; activated powers, target-dependent riders and critical-only effects are not inferred from a Strike.","patreon return: jb2a.dagger.return.01.white | free flight: jb2a.dagger.throw.01.white | free return: jb2a.dagger.return.01.white"
"Starknife","Mv2I6M70bagbaBPn","melee","dagger","piercing","0","ed2b87d1060048a0","One-handed piercing contact. Physical weapon footage and restrained contact finish. Native weapon data and full description inform the design; activated powers, target-dependent riders and critical-only effects are not inferred from a Strike.",""
"Starknife","Mv2I6M70bagbaBPn","thrown","dagger","piercing","20","ed2b87d1060048a0","dagger throw across 20 ft increments. Physical weapon footage and restrained contact finish. Native weapon data and full description inform the design; activated powers, target-dependent riders and critical-only effects are not inferred from a Strike.",""
"Steelscour (Greater)","jCthkWVsGBfTxSAT","thrown","flask","acid","20","99abdf1afc5abdd4","flask throw across 20 ft increments. acid native damage, permanent runes or always-on own-weapon damage rules supply the contact accents. liquid contents at impact, followed by a brief residue cue. Target-centered contents cue; lingering artwork is brief and does not track a condition or splash footprint. Native weapon data and full description inform the design; activated powers, target-dependent riders and critical-only effects are not inferred from a Strike.",""
"Steelscour (Lesser)","1l23ulONSlgc9kFx","thrown","flask","acid","20","6f2261e24ceaf0c8","flask throw across 20 ft increments. acid native damage, permanent runes or always-on own-weapon damage rules supply the contact accents. liquid contents at impact, followed by a brief residue cue. Target-centered contents cue; lingering artwork is brief and does not track a condition or splash footprint. Native weapon data and full description inform the design; activated powers, target-dependent riders and critical-only effects are not inferred from a Strike.",""
"Steelscour (Major)","eYT7T5I0LwnM9doD","thrown","flask","acid","20","d48ba418ffb07028","flask throw across 20 ft increments. acid native damage, permanent runes or always-on own-weapon damage rules supply the contact accents. liquid contents at impact, followed by a brief residue cue. Target-centered contents cue; lingering artwork is brief and does not track a condition or splash footprint. Native weapon data and full description inform the design; activated powers, target-dependent riders and critical-only effects are not inferred from a Strike.",""
"Steelscour (Moderate)","biHvCGfajSjUDGBS","thrown","flask","acid","20","e8e8b5c570ab76b1","flask throw across 20 ft increments. acid native damage, permanent runes or always-on own-weapon damage rules supply the contact accents. liquid contents at impact, followed by a brief residue cue. Target-centered contents cue; lingering artwork is brief and does not track a condition or splash footprint. Native weapon data and full description inform the design; activated powers, target-dependent riders and critical-only effects are not inferred from a Strike.",""
"Sticky Algae Bomb (Greater)","cVUhP1qWxe9USvVp","thrown","bomb","poison","20","33c210d5a7ceaec9","bomb throw across 20 ft increments. poison native damage, permanent runes or always-on own-weapon damage rules supply the contact accents. algae contents at impact, followed by a brief residue cue. Target-centered contents cue; lingering artwork is brief and does not track a condition or splash footprint. Native weapon data and full description inform the design; activated powers, target-dependent riders and critical-only effects are not inferred from a Strike.",""
"Sticky Algae Bomb (Lesser)","S1TrEDE8JNkchMca","thrown","bomb","poison","20","85b10a90368acd6f","bomb throw across 20 ft increments. poison native damage, permanent runes or always-on own-weapon damage rules supply the contact accents. algae contents at impact, followed by a brief residue cue. Target-centered contents cue; lingering artwork is brief and does not track a condition or splash footprint. Native weapon data and full description inform the design; activated powers, target-dependent riders and critical-only effects are not inferred from a Strike.",""
"Sticky Algae Bomb (Major)","AAoAQCBwAITvHJSu","thrown","bomb","poison","20","75c4f7e1ae2e63a6","bomb throw across 20 ft increments. poison native damage, permanent runes or always-on own-weapon damage rules supply the contact accents. algae contents at impact, followed by a brief residue cue. Target-centered contents cue; lingering artwork is brief and does not track a condition or splash footprint. Native weapon data and full description inform the design; activated powers, target-dependent riders and critical-only effects are not inferred from a Strike.",""
"Sticky Algae Bomb (Moderate)","h6O5uto0Ry1WDjXn","thrown","bomb","poison","20","377f5ff3f3dd47e4","bomb throw across 20 ft increments. poison native damage, permanent runes or always-on own-weapon damage rules supply the contact accents. algae contents at impact, followed by a brief residue cue. Target-centered contents cue; lingering artwork is brief and does not track a condition or splash footprint. Native weapon data and full description inform the design; activated powers, target-dependent riders and critical-only effects are not inferred from a Strike.",""
"Stiletto Pen","Hh3F4DEP6aVulwQN","melee","contact","piercing","0","4dc88bd7b7b327fe","One-handed piercing contact. Physical weapon footage and restrained contact finish. Native weapon data and full description inform the design; activated powers, target-dependent riders and critical-only effects are not inferred from a Strike.","patreon contact: jb2a.melee_generic.piercing.one_handed | free contact: jb2a.melee_generic.slash.01.orange"
"Stiletto Pen","Hh3F4DEP6aVulwQN","thrown","dart","piercing","10","4dc88bd7b7b327fe","dart throw across 10 ft increments. Physical weapon footage and restrained contact finish. Native weapon data and full description inform the design; activated powers, target-dependent riders and critical-only effects are not inferred from a Strike.","free flight: jb2a.dagger.throw.01.white"
"Stoneraiser Javelin","ud3pqCquYA5UecaS","thrown","javelin","piercing","30","5d8a6b852de78429","javelin throw across 30 ft increments. Physical weapon footage and restrained contact finish. earth flourish reflects the item's own traits or construction, not Strike damage. Native weapon data and full description inform the design; activated powers, target-dependent riders and critical-only effects are not inferred from a Strike.","free flight: jb2a.dagger.throw.01.white | free return: jb2a.dagger.return.01.white"
"Storm Flash","Za5Mnae009cDCwuN","melee","rapier","piercing","0","0bf7e8d4c56362dd","One-handed piercing contact. electricity native damage, permanent runes or always-on own-weapon damage rules supply the contact accents. Native weapon data and full description inform the design; activated powers, target-dependent riders and critical-only effects are not inferred from a Strike.",""
"Storm Flash (Greater)","i9mxfSIBTTOwsSlx","melee","rapier","piercing","0","026cdb67df07516e","One-handed piercing contact. electricity native damage, permanent runes or always-on own-weapon damage rules supply the contact accents. Native weapon data and full description inform the design; activated powers, target-dependent riders and critical-only effects are not inferred from a Strike.",""
"Storm Hammer","EuTZxxwdVeN6Xg3A","melee","warhammer","bludgeoning","0","4d8af34f3a949e89","One-handed bludgeoning contact. electricity native damage, permanent runes or always-on own-weapon damage rules supply the contact accents. Native weapon data and full description inform the design; activated powers, target-dependent riders and critical-only effects are not inferred from a Strike.",""
"Storm Herald","WdxabLnY4c5epMql","melee","dagger","slashing","0","8b3f7115de5f8aa5","One-handed slashing contact. electricity + sonic native damage, permanent runes or always-on own-weapon damage rules supply the contact accents. Native weapon data and full description inform the design; activated powers, target-dependent riders and critical-only effects are not inferred from a Strike.",""
"Sukgung","udm5X6TXm5vdIo4h","ranged","crossbow","piercing","200","7d8914d8bffdbede","crossbow shot across 200 ft increments. Physical weapon footage and restrained contact finish. Native weapon data and full description inform the design; activated powers, target-dependent riders and critical-only effects are not inferred from a Strike.",""
"Sulfur Bomb (Greater)","2GngLv6m3uHObFGZ","thrown","flask","acid","20","fd4152b1fee6c6c5","flask throw across 20 ft increments. acid native damage, permanent runes or always-on own-weapon damage rules supply the contact accents. gas contents at impact. Target-centered contents cue; lingering artwork is brief and does not track a condition or splash footprint. Native weapon data and full description inform the design; activated powers, target-dependent riders and critical-only effects are not inferred from a Strike.",""
"Sulfur Bomb (Lesser)","ndVATyJ2c8Ka3HKm","thrown","flask","acid","20","5b292ab219d3f9c6","flask throw across 20 ft increments. acid native damage, permanent runes or always-on own-weapon damage rules supply the contact accents. gas contents at impact. Target-centered contents cue; lingering artwork is brief and does not track a condition or splash footprint. Native weapon data and full description inform the design; activated powers, target-dependent riders and critical-only effects are not inferred from a Strike.",""
"Sulfur Bomb (Major)","yPndyLkx3Nj2GMiz","thrown","flask","acid","20","3a3744e1bac2dd24","flask throw across 20 ft increments. acid native damage, permanent runes or always-on own-weapon damage rules supply the contact accents. gas contents at impact. Target-centered contents cue; lingering artwork is brief and does not track a condition or splash footprint. Native weapon data and full description inform the design; activated powers, target-dependent riders and critical-only effects are not inferred from a Strike.",""
"Sulfur Bomb (Moderate)","2pfEtA97lpG93kG2","thrown","flask","acid","20","cb4f8a873e7cb98b","flask throw across 20 ft increments. acid native damage, permanent runes or always-on own-weapon damage rules supply the contact accents. gas contents at impact. Target-centered contents cue; lingering artwork is brief and does not track a condition or splash footprint. Native weapon data and full description inform the design; activated powers, target-dependent riders and critical-only effects are not inferred from a Strike.",""
"Sun Sling","zWp7Kcn7mhKyGFxW","ranged","sling","piercing","100","c21584f2a1d48ed9","sling shot across 100 ft increments. Physical weapon footage and restrained contact finish. Native weapon data and full description inform the design; activated powers, target-dependent riders and critical-only effects are not inferred from a Strike.","free flight: jb2a.dagger.throw.01.white"
"Sunken Pistol","sfKzk4bzplyT4zax","ranged","firearm","piercing","30","8427460888dd82bc","firearm shot across 30 ft increments. Physical weapon footage and restrained contact finish. Native weapon data and full description inform the design; activated powers, target-dependent riders and critical-only effects are not inferred from a Strike.",""
"Switchscythe","yyZ3iD8IXMIrrWL1","melee","pick","piercing","0","0e8f10b33a9eab14","One-handed piercing contact. Physical weapon footage and restrained contact finish. Native weapon data and full description inform the design; activated powers, target-dependent riders and critical-only effects are not inferred from a Strike.","free contact: jb2a.melee_generic.slash.01.orange"
"Sword Cane","VitLIpdIAmKlGb7i","melee","rapier","piercing","0","f1e4895cc0ce3127","One-handed piercing contact. Physical weapon footage and restrained contact finish. Native weapon data and full description inform the design; activated powers, target-dependent riders and critical-only effects are not inferred from a Strike.",""
"Tallow Bomb (Greater)","5IUyrJItXkMASgmq","thrown","bomb","fire","20","1dbfb5077a6f294d","bomb throw across 20 ft increments. fire native damage, permanent runes or always-on own-weapon damage rules supply the contact accents. fire contents at impact, followed by a brief residue cue. Target-centered contents cue; lingering artwork is brief and does not track a condition or splash footprint. Native weapon data and full description inform the design; activated powers, target-dependent riders and critical-only effects are not inferred from a Strike.",""
"Tallow Bomb (Lesser)","OOqno1OwqJQBEtXe","thrown","bomb","fire","20","00d594f34299a083","bomb throw across 20 ft increments. fire native damage, permanent runes or always-on own-weapon damage rules supply the contact accents. fire contents at impact, followed by a brief residue cue. Target-centered contents cue; lingering artwork is brief and does not track a condition or splash footprint. Native weapon data and full description inform the design; activated powers, target-dependent riders and critical-only effects are not inferred from a Strike.",""
"Tallow Bomb (Major)","l29fzEJ6SSIP2wJn","thrown","bomb","fire","20","5733992ba0346283","bomb throw across 20 ft increments. fire native damage, permanent runes or always-on own-weapon damage rules supply the contact accents. fire contents at impact, followed by a brief residue cue. Target-centered contents cue; lingering artwork is brief and does not track a condition or splash footprint. Native weapon data and full description inform the design; activated powers, target-dependent riders and critical-only effects are not inferred from a Strike.",""
"Tallow Bomb (Moderate)","4pVGwkVi6izoUuLC","thrown","bomb","fire","20","dd3e0336d4055c9c","bomb throw across 20 ft increments. fire native damage, permanent runes or always-on own-weapon damage rules supply the contact accents. fire contents at impact, followed by a brief residue cue. Target-centered contents cue; lingering artwork is brief and does not track a condition or splash footprint. Native weapon data and full description inform the design; activated powers, target-dependent riders and critical-only effects are not inferred from a Strike.",""
"Talonstrike Blade","6Wj3janUyfxe17d0","melee","sword","slashing","0","da38d9664a3000db","One-handed slashing contact. Physical weapon footage and restrained contact finish. Native weapon data and full description inform the design; activated powers, target-dependent riders and critical-only effects are not inferred from a Strike.",""
"Talonstrike Blade (Greater)","zxzJzXkM2CtODNQv","melee","sword","slashing","0","91e685419d4a3efb","One-handed slashing contact. Physical weapon footage and restrained contact finish. Native weapon data and full description inform the design; activated powers, target-dependent riders and critical-only effects are not inferred from a Strike.",""
"Talwar","GuWKXErLL5R43sIy","melee","scimitar","slashing","0","d0e8a5b6503f5344","One-handed slashing contact. Physical weapon footage and restrained contact finish. Native weapon data and full description inform the design; activated powers, target-dependent riders and critical-only effects are not inferred from a Strike.",""
"Tamchal Chakram","kedgBVNDRAdmseRe","melee","chakram","slashing","0","994a8bb1cdf36cd7","One-handed slashing contact. Physical weapon footage and restrained contact finish. Native weapon data and full description inform the design; activated powers, target-dependent riders and critical-only effects are not inferred from a Strike.",""
"Tamchal Chakram","kedgBVNDRAdmseRe","thrown","chakram","slashing","20","994a8bb1cdf36cd7","chakram throw across 20 ft increments. Physical weapon footage and restrained contact finish. Native weapon data and full description inform the design; activated powers, target-dependent riders and critical-only effects are not inferred from a Strike.","free flight: jb2a.dagger.throw.01.white"
"Taw Launcher","wbJPWXKzQBKYZ74s","ranged","crossbow","bludgeoning","100","964d12af0e927571","crossbow shot across 100 ft increments. Physical weapon footage and restrained contact finish. Native weapon data and full description inform the design; activated powers, target-dependent riders and critical-only effects are not inferred from a Strike.",""
"Tekko-Kagi","vsJ0zvYZzduP7rtD","melee","unarmed","slashing","0","a9f51b9daf4cf45b","One-handed slashing contact. Physical weapon footage and restrained contact finish. Native weapon data and full description inform the design; activated powers, target-dependent riders and critical-only effects are not inferred from a Strike.",""
"Temperbrand","596xrLHt1Sx0p7Pm","melee","maul","bludgeoning","0","789ed030174c9678","Two-handed bludgeoning contact. fire native damage, permanent runes or always-on own-weapon damage rules supply the contact accents. Native weapon data and full description inform the design; activated powers, target-dependent riders and critical-only effects are not inferred from a Strike.",""
"Temple Sword","NIsxR5zXtVa3PuyU","melee","sword","slashing","0","803f1f4f1caa0c37","One-handed slashing contact. Physical weapon footage and restrained contact finish. Native weapon data and full description inform the design; activated powers, target-dependent riders and critical-only effects are not inferred from a Strike.",""
"Tenderizer Grenade (Greater)","3W0PWkDuAZFEGQtx","thrown","bomb","acid","20","fb80ec4084f78ba1","bomb throw across 20 ft increments. acid native damage, permanent runes or always-on own-weapon damage rules supply the contact accents. liquid contents at impact. Target-centered contents cue; lingering artwork is brief and does not track a condition or splash footprint. Native weapon data and full description inform the design; activated powers, target-dependent riders and critical-only effects are not inferred from a Strike.",""
"Tenderizer Grenade (Lesser)","KMfbKiCHmzenEEhQ","thrown","bomb","acid","20","71516d8bed9be04d","bomb throw across 20 ft increments. acid native damage, permanent runes or always-on own-weapon damage rules supply the contact accents. liquid contents at impact. Target-centered contents cue; lingering artwork is brief and does not track a condition or splash footprint. Native weapon data and full description inform the design; activated powers, target-dependent riders and critical-only effects are not inferred from a Strike.",""
"Tenderizer Grenade (Major)","bo0HMGgyrp6v5Dn0","thrown","bomb","acid","20","e01d736b476fdfb2","bomb throw across 20 ft increments. acid native damage, permanent runes or always-on own-weapon damage rules supply the contact accents. liquid contents at impact. Target-centered contents cue; lingering artwork is brief and does not track a condition or splash footprint. Native weapon data and full description inform the design; activated powers, target-dependent riders and critical-only effects are not inferred from a Strike.",""
"Tenderizer Grenade (Moderate)","V9ZhiUJhemaUDYzq","thrown","bomb","acid","20","02310c16303ef8ea","bomb throw across 20 ft increments. acid native damage, permanent runes or always-on own-weapon damage rules supply the contact accents. liquid contents at impact. Target-centered contents cue; lingering artwork is brief and does not track a condition or splash footprint. Native weapon data and full description inform the design; activated powers, target-dependent riders and critical-only effects are not inferred from a Strike.",""
"Tengu Gale Blade","6qJkA6fnHHiF4CEV","melee","sword","slashing","0","ce65c425873216ab","One-handed slashing contact. Physical weapon footage and restrained contact finish. Native weapon data and full description inform the design; activated powers, target-dependent riders and critical-only effects are not inferred from a Strike.",""
"Tentacle Cannon","1IicJ7ESDNhGUqDE","ranged","firearm","piercing","30","c400f16d5505921b","firearm shot across 30 ft increments. Physical weapon footage and restrained contact finish. Native weapon data and full description inform the design; activated powers, target-dependent riders and critical-only effects are not inferred from a Strike.",""
"Tentacle Cannon (Greater)","U8P9aRhjFpptHJCd","ranged","firearm","piercing","30","7a66ded354e8824f","firearm shot across 30 ft increments. Physical weapon footage and restrained contact finish. Native weapon data and full description inform the design; activated powers, target-dependent riders and critical-only effects are not inferred from a Strike.",""
"Tentacle Cannon (Major)","rKCiDIoozZTkyE4j","ranged","firearm","piercing","30","023dbaafb1169d12","firearm shot across 30 ft increments. Physical weapon footage and restrained contact finish. Native weapon data and full description inform the design; activated powers, target-dependent riders and critical-only effects are not inferred from a Strike.",""
"Tetsubo","FjeKuljhpaIiDTI7","melee","greatclub","bludgeoning","0","4285bb3edd5780a7","Two-handed bludgeoning contact. Physical weapon footage and restrained contact finish. Native weapon data and full description inform the design; activated powers, target-dependent riders and critical-only effects are not inferred from a Strike.",""
"Thorn Brush","BXaVkD10z45VCXvl","melee","club","bludgeoning","0","44521a5a931ebfed","One-handed bludgeoning contact. spirit native damage, permanent runes or always-on own-weapon damage rules supply the contact accents. Native weapon data and full description inform the design; activated powers, target-dependent riders and critical-only effects are not inferred from a Strike.",""
"Thorn Whip","2P9jItR1sV20OqmD","melee","unarmed","piercing","0","9475420cea662e7e","One-handed piercing contact, extended reach. Physical weapon footage and restrained contact finish. Native weapon data and full description inform the design; activated powers, target-dependent riders and critical-only effects are not inferred from a Strike.",""
"Three-peaked Tree","6mgB6Wv8X65pFMRL","ranged","firearm","piercing","60","c70dfd5b39e48535","firearm shot across 60 ft increments. Physical weapon footage and restrained contact finish. Native weapon data and full description inform the design; activated powers, target-dependent riders and critical-only effects are not inferred from a Strike.",""
"Three-peaked Tree","6mgB6Wv8X65pFMRL","melee","spear","piercing","0","c70dfd5b39e48535","Two-handed piercing contact. Physical weapon footage and restrained contact finish. Native weapon data and full description inform the design; activated powers, target-dependent riders and critical-only effects are not inferred from a Strike.",""
"Three-peaked Tree","6mgB6Wv8X65pFMRL","thrown","spear","piercing","20","c70dfd5b39e48535","spear throw across 20 ft increments. Physical weapon footage and restrained contact finish. Native weapon data and full description inform the design; activated powers, target-dependent riders and critical-only effects are not inferred from a Strike.","free flight: jb2a.dagger.throw.01.white"
"Three-Section Naginata","Brs4linGy3GAod5y","melee","flail","slashing","0","8e43a4bd8fad082d","Two-handed slashing contact. Physical weapon footage and restrained contact finish. Native weapon data and full description inform the design; activated powers, target-dependent riders and critical-only effects are not inferred from a Strike.",""
"Throwing Knife","PIzBQehx975vMsvZ","melee","dagger","piercing","0","b7517de605afbd3e","One-handed piercing contact. Physical weapon footage and restrained contact finish. Native weapon data and full description inform the design; activated powers, target-dependent riders and critical-only effects are not inferred from a Strike.",""
"Throwing Knife","PIzBQehx975vMsvZ","thrown","dagger","piercing","20","b7517de605afbd3e","dagger throw across 20 ft increments. Physical weapon footage and restrained contact finish. Native weapon data and full description inform the design; activated powers, target-dependent riders and critical-only effects are not inferred from a Strike.",""
"Throwing Knife (Extinction Curse)","uM0OlCC1Sh6OLdNn","melee","dagger","piercing","0","e3cb9f395a2e1320","One-handed piercing contact. Physical weapon footage and restrained contact finish. Native weapon data and full description inform the design; activated powers, target-dependent riders and critical-only effects are not inferred from a Strike.",""
"Throwing Knife (Extinction Curse)","uM0OlCC1Sh6OLdNn","thrown","dagger","piercing","20","e3cb9f395a2e1320","dagger throw across 20 ft increments. Physical weapon footage and restrained contact finish. Native weapon data and full description inform the design; activated powers, target-dependent riders and critical-only effects are not inferred from a Strike.",""
"Thunder Sling","pnA6uENYDDduWmAn","ranged","dart","piercing","50","f56eeefbc73964a5","dart shot across 50 ft increments. Physical weapon footage and restrained contact finish. Native weapon data and full description inform the design; activated powers, target-dependent riders and critical-only effects are not inferred from a Strike.","free flight: jb2a.dagger.throw.01.white"
"Thundercrasher","enBDzoapUkvk4WVu","ranged","firearm","sonic","40","577b2338a2959430","firearm shot across 40 ft increments. sonic native damage, permanent runes or always-on own-weapon damage rules supply the contact accents. Native weapon data and full description inform the design; activated powers, target-dependent riders and critical-only effects are not inferred from a Strike.",""
"Thundering Fury Dadao","EcrZYy4PgbpiKyhE","melee","greatsword","slashing","0","241f134de2b5d726","Two-handed slashing contact. sonic native damage, permanent runes or always-on own-weapon damage rules supply the contact accents. Native weapon data and full description inform the design; activated powers, target-dependent riders and critical-only effects are not inferred from a Strike.",""
"Thundermace","3NQj5gtHIYFYlAch","melee","mace","bludgeoning","0","882c5f96deee34eb","Two-handed bludgeoning contact. Physical weapon footage and restrained contact finish. Native weapon data and full description inform the design; activated powers, target-dependent riders and critical-only effects are not inferred from a Strike.",""
"Tidal Crossbow","oKq9ClcnLQZi1EPF","ranged","crossbow","piercing","120","90c7d853adfe5fc4","crossbow shot across 120 ft increments. Physical weapon footage and restrained contact finish. water flourish reflects the item's own traits or construction, not Strike damage. Native weapon data and full description inform the design; activated powers, target-dependent riders and critical-only effects are not inferred from a Strike.",""
"Tidal Fishhook","YCGMVbqlWT8f1F6v","melee","flail","piercing","0","23c2c87b63a5e145","One-handed piercing contact. Physical weapon footage and restrained contact finish. water flourish reflects the item's own traits or construction, not Strike damage. Native weapon data and full description inform the design; activated powers, target-dependent riders and critical-only effects are not inferred from a Strike.",""
"Tidal Fishhook","YCGMVbqlWT8f1F6v","thrown","hook","piercing","20","23c2c87b63a5e145","hook throw across 20 ft increments. Physical weapon footage and restrained contact finish. water flourish reflects the item's own traits or construction, not Strike damage. Native weapon data and full description inform the design; activated powers, target-dependent riders and critical-only effects are not inferred from a Strike.","patreon return: jb2a.dagger.return.01.white | free return: jb2a.dagger.return.01.white"
"Tiger Fork","uGu3NWhpPowH0zkR","melee","spear","piercing","0","3f28763e2bd023a9","One-handed piercing contact. Physical weapon footage and restrained contact finish. Native weapon data and full description inform the design; activated powers, target-dependent riders and critical-only effects are not inferred from a Strike.",""
"Tiger Fork","uGu3NWhpPowH0zkR","thrown","spear","piercing","20","3f28763e2bd023a9","spear throw across 20 ft increments. Physical weapon footage and restrained contact finish. Native weapon data and full description inform the design; activated powers, target-dependent riders and critical-only effects are not inferred from a Strike.","free flight: jb2a.dagger.throw.01.white"
"Tiger's Claw","EtIXWXnfYdV5AGzy","ranged","firearm","slashing","60","31ccfb285e0fc92b","firearm shot across 60 ft increments. Physical weapon footage and restrained contact finish. Native weapon data and full description inform the design; activated powers, target-dependent riders and critical-only effects are not inferred from a Strike.",""
"Timeflaying Blade","8MD6Fwjjgb9cMXQb","melee","sword","slashing","0","698bdb4110a8f0dd","One-handed slashing contact. acid native damage, permanent runes or always-on own-weapon damage rules supply the contact accents. Native weapon data and full description inform the design; activated powers, target-dependent riders and critical-only effects are not inferred from a Strike.",""
"Tonfa","bCPxjuqVusM7Qlpk","melee","unarmed","bludgeoning","0","884f4a1494aa1c28","One-handed bludgeoning contact. Physical weapon footage and restrained contact finish. Native weapon data and full description inform the design; activated powers, target-dependent riders and critical-only effects are not inferred from a Strike.",""
"Torag's Silver Anvil","Kmrkm1sHKkGXiJlr","melee","flail","bludgeoning","0","d60b1c0c36cdd98d","Two-handed bludgeoning contact, extended reach. spirit + fire native damage, permanent runes or always-on own-weapon damage rules supply the contact accents. Native weapon data and full description inform the design; activated powers, target-dependent riders and critical-only effects are not inferred from a Strike.",""
"Tri-bladed Katar","WuzK2R5ra5SZdbij","melee","dagger","piercing","0","71720f32b8338c62","One-handed piercing contact. Physical weapon footage and restrained contact finish. Native weapon data and full description inform the design; activated powers, target-dependent riders and critical-only effects are not inferred from a Strike.",""
"Tricky Pick","zO6Fvq7ghEXpJgJR","melee","pick","bludgeoning","0","c406a7a23cd2e2dc","One-handed bludgeoning contact. Physical weapon footage and restrained contact finish. Native weapon data and full description inform the design; activated powers, target-dependent riders and critical-only effects are not inferred from a Strike.","free contact: jb2a.melee_generic.slash.01.orange"
"Trident","FJrsDoaIXksVjld9","melee","spear","piercing","0","78d85d27081789ec","One-handed piercing contact. Physical weapon footage and restrained contact finish. Native weapon data and full description inform the design; activated powers, target-dependent riders and critical-only effects are not inferred from a Strike.",""
"Trident","FJrsDoaIXksVjld9","thrown","spear","piercing","20","78d85d27081789ec","spear throw across 20 ft increments. Physical weapon footage and restrained contact finish. Native weapon data and full description inform the design; activated powers, target-dependent riders and critical-only effects are not inferred from a Strike.","free flight: jb2a.dagger.throw.01.white"
"Trident of the Azarketis","las0qvpBOfYp5yND","melee","glaive","slashing","0","0acff49a1f1bb61b","One-handed slashing contact. Physical weapon footage and restrained contact finish. Native weapon data and full description inform the design; activated powers, target-dependent riders and critical-only effects are not inferred from a Strike.",""
"Trident of the Azarketis (Greater)","jpZWi0zkXM8rVYqW","melee","glaive","slashing","0","f30b708f840f8b77","One-handed slashing contact. Physical weapon footage and restrained contact finish. Native weapon data and full description inform the design; activated powers, target-dependent riders and critical-only effects are not inferred from a Strike.",""
"Triggerbrand","RytXxlJJ7dib8seN","ranged","firearm","piercing","30","804c62af227d0fed","firearm shot across 30 ft increments. Physical weapon footage and restrained contact finish. Native weapon data and full description inform the design; activated powers, target-dependent riders and critical-only effects are not inferred from a Strike.",""
"Triggerbrand","RytXxlJJ7dib8seN","melee","shortsword","piercing","0","804c62af227d0fed","One-handed piercing contact. Physical weapon footage and restrained contact finish. Native weapon data and full description inform the design; activated powers, target-dependent riders and critical-only effects are not inferred from a Strike.",""
"Trollhound Pick","r9vNDYH7CswAjoo0","melee","pick","piercing","0","3e4b97903556bdb9","Two-handed piercing contact. Physical weapon footage and restrained contact finish. Native weapon data and full description inform the design; activated powers, target-dependent riders and critical-only effects are not inferred from a Strike.","free contact: jb2a.melee_generic.slash.01.orange"
"Trueshape Bomb","PNs3SqMhJ3rTxpSI","thrown","bomb","poison","20","05c557e0f6beb48d","bomb throw across 20 ft increments. poison native damage, permanent runes or always-on own-weapon damage rules supply the contact accents. liquid contents at impact, followed by a brief residue cue. Target-centered contents cue; lingering artwork is brief and does not track a condition or splash footprint. Native weapon data and full description inform the design; activated powers, target-dependent riders and critical-only effects are not inferred from a Strike.",""
"Trueshape Bomb (Greater)","wtRDteH3D3ME4FU9","thrown","bomb","poison","20","5a60f6abc7829d75","bomb throw across 20 ft increments. poison native damage, permanent runes or always-on own-weapon damage rules supply the contact accents. liquid contents at impact, followed by a brief residue cue. Target-centered contents cue; lingering artwork is brief and does not track a condition or splash footprint. Native weapon data and full description inform the design; activated powers, target-dependent riders and critical-only effects are not inferred from a Strike.",""
"Twigjack Sack (Greater)","yq5BoByEscKRZsto","thrown","bomb","piercing","20","81c71e005c330165","bomb throw across 20 ft increments. Physical weapon footage and restrained contact finish. thorns contents at impact, followed by a brief residue cue. Target-centered contents cue; lingering artwork is brief and does not track a condition or splash footprint. Native weapon data and full description inform the design; activated powers, target-dependent riders and critical-only effects are not inferred from a Strike.",""
"Twigjack Sack (Lesser)","tm5l8uXtQQGMTvgY","thrown","bomb","piercing","20","ef936d7552253434","bomb throw across 20 ft increments. Physical weapon footage and restrained contact finish. thorns contents at impact, followed by a brief residue cue. Target-centered contents cue; lingering artwork is brief and does not track a condition or splash footprint. Native weapon data and full description inform the design; activated powers, target-dependent riders and critical-only effects are not inferred from a Strike.",""
"Twigjack Sack (Major)","8h5UFFk5EodKZh19","thrown","bomb","piercing","20","800dd46936a88cfe","bomb throw across 20 ft increments. Physical weapon footage and restrained contact finish. thorns contents at impact, followed by a brief residue cue. Target-centered contents cue; lingering artwork is brief and does not track a condition or splash footprint. Native weapon data and full description inform the design; activated powers, target-dependent riders and critical-only effects are not inferred from a Strike.",""
"Twigjack Sack (Moderate)","Ix5w4UNElK0ncBm2","thrown","bomb","piercing","20","4ba4185742b63eee","bomb throw across 20 ft increments. Physical weapon footage and restrained contact finish. thorns contents at impact, followed by a brief residue cue. Target-centered contents cue; lingering artwork is brief and does not track a condition or splash footprint. Native weapon data and full description inform the design; activated powers, target-dependent riders and critical-only effects are not inferred from a Strike.",""
"Twining Staff","pjUACbrAXNIy9O7S","melee","quarterstaff","bludgeoning","0","f343716a0b94a44f","One-handed bludgeoning contact. Physical weapon footage and restrained contact finish. plant flourish reflects the item's own traits or construction, not Strike damage. Native weapon data and full description inform the design; activated powers, target-dependent riders and critical-only effects are not inferred from a Strike.",""
"Twisting Gale","2iKqXkRAq8qwlFlT","melee","flail","bludgeoning","0","a3a328f4168522bc","Two-handed bludgeoning contact. Physical weapon footage and restrained contact finish. Native weapon data and full description inform the design; activated powers, target-dependent riders and critical-only effects are not inferred from a Strike.",""
"Ugly Cute's Gift","99ffrZOWek8ePE4n","melee","unarmed","piercing","0","8db1187cf1a680d3","One-handed piercing contact. Physical weapon footage and restrained contact finish. Native weapon data and full description inform the design; activated powers, target-dependent riders and critical-only effects are not inferred from a Strike.",""
"Ulfen Shieldbreaker","AXz1edC2ZhqNLaeZ","melee","handaxe","slashing","0","db0a090b4acd5c91","One-handed slashing contact. Physical weapon footage and restrained contact finish. Native weapon data and full description inform the design; activated powers, target-dependent riders and critical-only effects are not inferred from a Strike.",""
"Umbrella Injector","qQJguPUWpYY8z6BD","melee","sword","piercing","0","d696dad26285e76e","One-handed piercing contact. Physical weapon footage and restrained contact finish. Native weapon data and full description inform the design; activated powers, target-dependent riders and critical-only effects are not inferred from a Strike.",""
"Undead Scourge","6aubQ21gRc5EMnbT","melee","dagger","piercing","0","a451ce5e982250f8","One-handed piercing contact. Physical weapon footage and restrained contact finish. Native weapon data and full description inform the design; activated powers, target-dependent riders and critical-only effects are not inferred from a Strike.",""
"Undead Scourge","6aubQ21gRc5EMnbT","thrown","dagger","piercing","10","a451ce5e982250f8","dagger throw across 10 ft increments. Physical weapon footage and restrained contact finish. Native weapon data and full description inform the design; activated powers, target-dependent riders and critical-only effects are not inferred from a Strike.",""
"Unholy Water","EGhUorZhB7nV73Ev","thrown","vial","spirit","20","b8ee83b102ce42c6","vial throw across 20 ft increments. unholy native damage, permanent runes or always-on own-weapon damage rules supply the contact accents. Native weapon data and full description inform the design; activated powers, target-dependent riders and critical-only effects are not inferred from a Strike.",""
"Urumi","Sarxo8kSrJs2qJEw","melee","whip","slashing","0","950b63cb7ee5d2cf","One-handed slashing contact. Physical weapon footage and restrained contact finish. Native weapon data and full description inform the design; activated powers, target-dependent riders and critical-only effects are not inferred from a Strike.","patreon contact: jb2a.melee_generic.slashing.one_handed | free contact: jb2a.melee_generic.slash.01.orange"
"Vampire-Fang Morningstar","GFwfZrBGjCZTDcuw","melee","club","bludgeoning","0","23a02fb9107817f0","One-handed bludgeoning contact. bleed native damage, permanent runes or always-on own-weapon damage rules supply the contact accents. Brief native persistent-damage cue follows contact. Native weapon data and full description inform the design; activated powers, target-dependent riders and critical-only effects are not inferred from a Strike.",""
"Vampiric Scythe","297RUMeetOWyciDe","melee","scythe","slashing","0","f9a871d2c29d4d78","Two-handed slashing contact. bleed native damage, permanent runes or always-on own-weapon damage rules supply the contact accents. Brief native persistent-damage cue follows contact. Native weapon data and full description inform the design; activated powers, target-dependent riders and critical-only effects are not inferred from a Strike.",""
"Vashu's Ninth Life","8pFegnc8KTHsvQZ0","melee","katana","slashing","0","cadc62e75cefd511","One-handed slashing contact. Physical weapon footage and restrained contact finish. Native weapon data and full description inform the design; activated powers, target-dependent riders and critical-only effects are not inferred from a Strike.",""
"Venom Lash","xeCh83loMuW7Aeqj","melee","whip","bludgeoning","0","ea14fd45a37897bc","One-handed bludgeoning contact. Physical weapon footage and restrained contact finish. Native weapon data and full description inform the design; activated powers, target-dependent riders and critical-only effects are not inferred from a Strike.","patreon contact: jb2a.melee_generic.slashing.one_handed | free contact: jb2a.melee_generic.slash.01.orange"
"Verdant Staff","sQFQlglhORQsxBKS","melee","quarterstaff","bludgeoning","0","19ab3a6cdab04fa8","One-handed bludgeoning contact. Physical weapon footage and restrained contact finish. plant flourish reflects the item's own traits or construction, not Strike damage. Native weapon data and full description inform the design; activated powers, target-dependent riders and critical-only effects are not inferred from a Strike.",""
"Verdant Staff (Greater)","ylRk8NvpK2kA8bjw","melee","quarterstaff","bludgeoning","0","18a220420006ba4c","One-handed bludgeoning contact. Physical weapon footage and restrained contact finish. plant flourish reflects the item's own traits or construction, not Strike damage. Native weapon data and full description inform the design; activated powers, target-dependent riders and critical-only effects are not inferred from a Strike.",""
"Versatile Vial","ljT5pe8D7rudJqus","thrown","flask","acid","20","ace82f6e869147a1","flask throw across 20 ft increments. acid native damage, permanent runes or always-on own-weapon damage rules supply the contact accents. liquid contents at impact. Target-centered contents cue; lingering artwork is brief and does not track a condition or splash footprint. Native weapon data and full description inform the design; activated powers, target-dependent riders and critical-only effects are not inferred from a Strike.",""
"Vexing Vapor (Greater)","0MPBjp2lOYVCsgeg","thrown","flask","mental","20","8eea5f49de5e0ff0","flask throw across 20 ft increments. mental native damage, permanent runes or always-on own-weapon damage rules supply the contact accents. gas contents at impact. Target-centered contents cue; lingering artwork is brief and does not track a condition or splash footprint. Native weapon data and full description inform the design; activated powers, target-dependent riders and critical-only effects are not inferred from a Strike.",""
"Vexing Vapor (Lesser)","Bb3cvysXG8rCM5FM","thrown","flask","mental","20","2a2630575ff57257","flask throw across 20 ft increments. mental native damage, permanent runes or always-on own-weapon damage rules supply the contact accents. gas contents at impact. Target-centered contents cue; lingering artwork is brief and does not track a condition or splash footprint. Native weapon data and full description inform the design; activated powers, target-dependent riders and critical-only effects are not inferred from a Strike.",""
"Vexing Vapor (Major)","RXpM5Kbuf3BYfK6f","thrown","flask","mental","20","cfc32fb8974d6b2b","flask throw across 20 ft increments. mental native damage, permanent runes or always-on own-weapon damage rules supply the contact accents. gas contents at impact. Target-centered contents cue; lingering artwork is brief and does not track a condition or splash footprint. Native weapon data and full description inform the design; activated powers, target-dependent riders and critical-only effects are not inferred from a Strike.",""
"Vexing Vapor (Moderate)","Z9TThSU2KtCX9gfD","thrown","flask","mental","20","1e361df257bdba5e","flask throw across 20 ft increments. mental native damage, permanent runes or always-on own-weapon damage rules supply the contact accents. gas contents at impact. Target-centered contents cue; lingering artwork is brief and does not track a condition or splash footprint. Native weapon data and full description inform the design; activated powers, target-dependent riders and critical-only effects are not inferred from a Strike.",""
"Vine of Roses","ZiaAFSG9zQY0CXdL","melee","flail","slashing","0","3ac13755bece5ba7","Two-handed slashing contact. Physical weapon footage and restrained contact finish. holy + light flourish reflects the item's own traits or construction, not Strike damage. Native weapon data and full description inform the design; activated powers, target-dependent riders and critical-only effects are not inferred from a Strike.",""
"Vine Whip","JLoMkMq727XeMmlR","melee","whip","slashing","0","952a90e0432b0b76","One-handed slashing contact, extended reach. Physical weapon footage and restrained contact finish. Native weapon data and full description inform the design; activated powers, target-dependent riders and critical-only effects are not inferred from a Strike.","patreon contact: jb2a.melee_generic.slashing.one_handed | free contact: jb2a.melee_generic.slash.01.orange"
"Viper Rapier","nSAA77N0cnSkljmE","melee","rapier","piercing","0","f94d59107d1ef512","One-handed piercing contact. Physical weapon footage and restrained contact finish. Native weapon data and full description inform the design; activated powers, target-dependent riders and critical-only effects are not inferred from a Strike.",""
"Visap","sY3UJ34xJ4MA0FMK","melee","dagger","slashing","0","8259b7b3aa1b65d8","One-handed slashing contact. Physical weapon footage and restrained contact finish. Native weapon data and full description inform the design; activated powers, target-dependent riders and critical-only effects are not inferred from a Strike.",""
"Void Sickle","O7MVPau09FX898UG","melee","sickle","slashing","0","d6ce5089b041d62a","One-handed slashing contact. Physical weapon footage and restrained contact finish. Native weapon data and full description inform the design; activated powers, target-dependent riders and critical-only effects are not inferred from a Strike.",""
"Wakizashi","YOpopjoWgU7bkmwh","melee","shortsword","slashing","0","ec0188617c93d1e6","One-handed slashing contact. Physical weapon footage and restrained contact finish. Native weapon data and full description inform the design; activated powers, target-dependent riders and critical-only effects are not inferred from a Strike.",""
"Wanderer’s Staff","ThHsWkYUy77eQXJi","melee","quarterstaff","bludgeoning","0","4d6663928ef9910a","One-handed bludgeoning contact. Physical weapon footage and restrained contact finish. Native weapon data and full description inform the design; activated powers, target-dependent riders and critical-only effects are not inferred from a Strike.",""
"Wanderer’s Staff (Greater)","OPoF3jdcwSmKtAo2","melee","quarterstaff","bludgeoning","0","80b6999a5b8dd2f7","One-handed bludgeoning contact. Physical weapon footage and restrained contact finish. Native weapon data and full description inform the design; activated powers, target-dependent riders and critical-only effects are not inferred from a Strike.",""
"Wandmender","65AFuvFvmR0xnhhs","melee","mace","bludgeoning","0","96b729e69bfffcd5","One-handed bludgeoning contact. Physical weapon footage and restrained contact finish. Native weapon data and full description inform the design; activated powers, target-dependent riders and critical-only effects are not inferred from a Strike.",""
"War Flail","mVxA9E2ernBL6fM6","melee","flail","bludgeoning","0","9a55c76c578428d2","Two-handed bludgeoning contact. Physical weapon footage and restrained contact finish. Native weapon data and full description inform the design; activated powers, target-dependent riders and critical-only effects are not inferred from a Strike.",""
"War Gavel","vpdZp46v9PoUt8z2","melee","club","bludgeoning","0","281c8def1aecb026","One-handed bludgeoning contact. Physical weapon footage and restrained contact finish. Native weapon data and full description inform the design; activated powers, target-dependent riders and critical-only effects are not inferred from a Strike.",""
"War Javelin","DhaxHGxXL4Om7bqp","melee","contact","piercing","0","505ea36f6a53be34","One-handed piercing contact. Physical weapon footage and restrained contact finish. Native weapon data and full description inform the design; activated powers, target-dependent riders and critical-only effects are not inferred from a Strike.","patreon contact: jb2a.melee_generic.piercing.one_handed | free contact: jb2a.melee_generic.slash.01.orange"
"War Javelin","DhaxHGxXL4Om7bqp","thrown","javelin","piercing","30","505ea36f6a53be34","javelin throw across 30 ft increments. Physical weapon footage and restrained contact finish. Native weapon data and full description inform the design; activated powers, target-dependent riders and critical-only effects are not inferred from a Strike.","free flight: jb2a.dagger.throw.01.white"
"War Lance","zXbZn5HJf81tquPm","melee","spear","piercing","0","19ae39187ac878f5","Two-handed piercing contact. Physical weapon footage and restrained contact finish. Native weapon data and full description inform the design; activated powers, target-dependent riders and critical-only effects are not inferred from a Strike.",""
"War Razor","nOFcCidD5AwVZWTv","melee","dagger","slashing","0","d4e222afe98db8f0","One-handed slashing contact. Physical weapon footage and restrained contact finish. Native weapon data and full description inform the design; activated powers, target-dependent riders and critical-only effects are not inferred from a Strike.",""
"Warhammer","rXt4629QSg7KDTgJ","melee","warhammer","bludgeoning","0","f0cb12225d8f9f94","One-handed bludgeoning contact. Physical weapon footage and restrained contact finish. Native weapon data and full description inform the design; activated powers, target-dependent riders and critical-only effects are not inferred from a Strike.",""
"Warmaster's Baton","gUlsLMYHZriqYyYK","melee","mace","bludgeoning","0","8bcf5d36e60a20d0","One-handed bludgeoning contact. Physical weapon footage and restrained contact finish. Native weapon data and full description inform the design; activated powers, target-dependent riders and critical-only effects are not inferred from a Strike.",""
"Warmaster's Baton (Greater)","vWpchgC4NSR6Z5vd","melee","mace","bludgeoning","0","31d6f190fbbf4fed","One-handed bludgeoning contact. Physical weapon footage and restrained contact finish. Native weapon data and full description inform the design; activated powers, target-dependent riders and critical-only effects are not inferred from a Strike.",""
"Water Bomb (Greater)","itn6l0yJGRw7EFwu","thrown","bomb","bludgeoning","20","f24fc1d4b8aac361","bomb throw across 20 ft increments. Physical weapon footage and restrained contact finish. liquid contents at impact. Target-centered contents cue; lingering artwork is brief and does not track a condition or splash footprint. Native weapon data and full description inform the design; activated powers, target-dependent riders and critical-only effects are not inferred from a Strike.",""
"Water Bomb (Lesser)","BG04L9GjWerSgWX3","thrown","bomb","bludgeoning","20","a0f945e652acfc87","bomb throw across 20 ft increments. Physical weapon footage and restrained contact finish. liquid contents at impact. Target-centered contents cue; lingering artwork is brief and does not track a condition or splash footprint. Native weapon data and full description inform the design; activated powers, target-dependent riders and critical-only effects are not inferred from a Strike.",""
"Water Bomb (Major)","EjJUCXG4Yr3T6DTM","thrown","bomb","bludgeoning","20","d67846450bf75158","bomb throw across 20 ft increments. Physical weapon footage and restrained contact finish. liquid contents at impact. Target-centered contents cue; lingering artwork is brief and does not track a condition or splash footprint. Native weapon data and full description inform the design; activated powers, target-dependent riders and critical-only effects are not inferred from a Strike.",""
"Water Bomb (Moderate)","hZ0s1gz0Cr0LGOLG","thrown","bomb","bludgeoning","20","aaaa8f73b21f4434","bomb throw across 20 ft increments. Physical weapon footage and restrained contact finish. liquid contents at impact. Target-centered contents cue; lingering artwork is brief and does not track a condition or splash footprint. Native weapon data and full description inform the design; activated powers, target-dependent riders and critical-only effects are not inferred from a Strike.",""
"Wheel Blades","GntaZfIfKj5MRyA5","melee","sword","slashing","0","947581e26b18d299","One-handed slashing contact. Physical weapon footage and restrained contact finish. Native weapon data and full description inform the design; activated powers, target-dependent riders and critical-only effects are not inferred from a Strike.",""
"Wheel Spikes","okEnjp0JgUzbVauY","melee","dagger","piercing","0","c0988dfea9ace055","One-handed piercing contact. Physical weapon footage and restrained contact finish. Native weapon data and full description inform the design; activated powers, target-dependent riders and critical-only effects are not inferred from a Strike.",""
"Whip","f1gwoTkf3Nn0v3PN","melee","whip","slashing","0","00e12786eb464c5a","One-handed slashing contact, extended reach. Physical weapon footage and restrained contact finish. Native weapon data and full description inform the design; activated powers, target-dependent riders and critical-only effects are not inferred from a Strike.","patreon contact: jb2a.melee_generic.slashing.one_handed | free contact: jb2a.melee_generic.slash.01.orange"
"Whip Claw","QAEVaSQ3SCT8AuBX","melee","whip","slashing","0","bd8f138239d18218","Two-handed slashing contact, extended reach. Physical weapon footage and restrained contact finish. Native weapon data and full description inform the design; activated powers, target-dependent riders and critical-only effects are not inferred from a Strike.","patreon contact: jb2a.melee_generic.slashing.one_handed | free contact: jb2a.melee_generic.slash.01.orange"
"Whip of Compliance","DXidUrzzkwWIMNMD","melee","whip","slashing","0","d3a49bafc78f162b","One-handed slashing contact, extended reach. Physical weapon footage and restrained contact finish. Native weapon data and full description inform the design; activated powers, target-dependent riders and critical-only effects are not inferred from a Strike.","patreon contact: jb2a.melee_generic.slashing.one_handed | free contact: jb2a.melee_generic.slash.01.orange"
"Whip-Tongue Sling","XiL6CSyO43vjXxEf","ranged","sling","bludgeoning","50","10a7af99bc6a3345","sling shot across 50 ft increments. Physical weapon footage and restrained contact finish. Native weapon data and full description inform the design; activated powers, target-dependent riders and critical-only effects are not inferred from a Strike.","free flight: jb2a.dagger.throw.01.white"
"Whipstaff","vnT33Z3V101FOUuV","melee","quarterstaff","bludgeoning","0","8997c18e2ef8c18c","Two-handed bludgeoning contact. Physical weapon footage and restrained contact finish. Native weapon data and full description inform the design; activated powers, target-dependent riders and critical-only effects are not inferred from a Strike.",""
"Whisperer of Souls","rft8qacTooqfsUIo","melee","glaive","slashing","0","40b9e4a89f3606fa","Two-handed slashing contact, extended reach. fire native damage, permanent runes or always-on own-weapon damage rules supply the contact accents. Native weapon data and full description inform the design; activated powers, target-dependent riders and critical-only effects are not inferred from a Strike.",""
"Whispering Staff","WrNHmsU8ZaBY3V9S","melee","quarterstaff","bludgeoning","0","de6d6ba6d6631f99","One-handed bludgeoning contact. Physical weapon footage and restrained contact finish. Native weapon data and full description inform the design; activated powers, target-dependent riders and critical-only effects are not inferred from a Strike.",""
"Windlass Bola","hvMIJKY1mKXDmg1V","thrown","bola","bludgeoning","20","7b35c0aaf63874f4","bola throw across 20 ft increments. Physical weapon footage and restrained contact finish. Native weapon data and full description inform the design; activated powers, target-dependent riders and critical-only effects are not inferred from a Strike.","patreon return: jb2a.dagger.return.01.white | free flight: jb2a.dagger.throw.01.white | free return: jb2a.dagger.return.01.white"
"Wintershot","3tspCIcL3mjcCBD2","ranged","bow","piercing","60","1e86c4c9ef40a229","bow shot across 60 ft increments. cold native damage, permanent runes or always-on own-weapon damage rules supply the contact accents. Native weapon data and full description inform the design; activated powers, target-dependent riders and critical-only effects are not inferred from a Strike.",""
"Wintershot (Heroic)","xEVWp9oaeF0yPseK","ranged","bow","piercing","60","7e21b07a89c111f3","bow shot across 60 ft increments. cold + spirit native damage, permanent runes or always-on own-weapon damage rules supply the contact accents. Native weapon data and full description inform the design; activated powers, target-dependent riders and critical-only effects are not inferred from a Strike.",""
"Wish Blade","puQ90OZgQpVhxLRe","melee","sword","slashing","0","7b8ab8c0fd13907e","One-handed slashing contact. Physical weapon footage and restrained contact finish. Native weapon data and full description inform the design; activated powers, target-dependent riders and critical-only effects are not inferred from a Strike.",""
"Wish Knife","1Uvz5xJpE5UvOFjJ","melee","dagger","piercing","0","7be8ef8e1727fe19","One-handed piercing contact. Physical weapon footage and restrained contact finish. Native weapon data and full description inform the design; activated powers, target-dependent riders and critical-only effects are not inferred from a Strike.",""
"Wordreaper","wHfhyAqJgKP9v3Dv","melee","sickle","slashing","0","ba428cc07c0f6c60","One-handed slashing contact. Physical weapon footage and restrained contact finish. Native weapon data and full description inform the design; activated powers, target-dependent riders and critical-only effects are not inferred from a Strike.",""
"Worldringer","7L10GdJdL1hYcJZm","melee","club","bludgeoning","0","8be44f6d9fc64451","One-handed bludgeoning contact. Physical weapon footage and restrained contact finish. Native weapon data and full description inform the design; activated powers, target-dependent riders and critical-only effects are not inferred from a Strike.",""
"Worldringer (Greater)","NvukdOaemuC6kMLL","melee","club","bludgeoning","0","b24b271e0d5657bf","One-handed bludgeoning contact. Physical weapon footage and restrained contact finish. Native weapon data and full description inform the design; activated powers, target-dependent riders and critical-only effects are not inferred from a Strike.",""
"Wrecker","fZxI5GkBFfAUUf1z","ranged","sling","bludgeoning","20","9e35d08a87a8032d","sling shot across 20 ft increments. Physical weapon footage and restrained contact finish. Native weapon data and full description inform the design; activated powers, target-dependent riders and critical-only effects are not inferred from a Strike.","free flight: jb2a.dagger.throw.01.white"
"Wrecker","fZxI5GkBFfAUUf1z","melee","flail","bludgeoning","0","9e35d08a87a8032d","Two-handed bludgeoning contact, extended reach. Physical weapon footage and restrained contact finish. Native weapon data and full description inform the design; activated powers, target-dependent riders and critical-only effects are not inferred from a Strike.",""
"Wrist Launcher","tsvqlHxWfLwLQorQ","ranged","dart","piercing","30","146e6f8235971011","dart shot across 30 ft increments. Physical weapon footage and restrained contact finish. Native weapon data and full description inform the design; activated powers, target-dependent riders and critical-only effects are not inferred from a Strike.","free flight: jb2a.dagger.throw.01.white"
"Wyrm Drinker","gWSmUEKln103LVvB","melee","quarterstaff","bludgeoning","0","3123edda536e66b8","One-handed bludgeoning contact. Physical weapon footage and restrained contact finish. Native weapon data and full description inform the design; activated powers, target-dependent riders and critical-only effects are not inferred from a Strike.",""
"Zealot Staff","5MuAq1wFhy5NE0U0","melee","quarterstaff","bludgeoning","0","398ac42d38c2d76b","One-handed bludgeoning contact. Physical weapon footage and restrained contact finish. Native weapon data and full description inform the design; activated powers, target-dependent riders and critical-only effects are not inferred from a Strike.",""
"Zhuazhi Bang","EZho49nI8ZMXD3oD","melee","flail","piercing","0","9a1b2ac1031871bb","One-handed piercing contact. Physical weapon footage and restrained contact finish. Native weapon data and full description inform the design; activated powers, target-dependent riders and critical-only effects are not inferred from a Strike.",""
"Zombie Staff","JtCO2nielwAg1x9m","melee","quarterstaff","bludgeoning","0","67493ba9a435bd8c","One-handed bludgeoning contact. Physical weapon footage and restrained contact finish. void flourish reflects the item's own traits or construction, not Strike damage. Native weapon data and full description inform the design; activated powers, target-dependent riders and critical-only effects are not inferred from a Strike.",""
"Zombie Staff (Greater)","5B8sBxQ7IeKVI6TO","melee","quarterstaff","bludgeoning","0","d50747d3ed84dbd7","One-handed bludgeoning contact. Physical weapon footage and restrained contact finish. void flourish reflects the item's own traits or construction, not Strike damage. Native weapon data and full description inform the design; activated powers, target-dependent riders and critical-only effects are not inferred from a Strike.",""
"Zombie Staff (Major)","kJzp8I0rAmcucHuw","melee","quarterstaff","bludgeoning","0","5ebeb37e3040a891","One-handed bludgeoning contact. Physical weapon footage and restrained contact finish. void flourish reflects the item's own traits or construction, not Strike damage. Native weapon data and full description inform the design; activated powers, target-dependent riders and critical-only effects are not inferred from a Strike.",""
"Zulfikar","LdOXiIVgRWpnOtcd","melee","sword","slashing","0","e372c059e3673fd2","One-handed slashing contact. Physical weapon footage and restrained contact finish. Native weapon data and full description inform the design; activated powers, target-dependent riders and critical-only effects are not inferred from a Strike.",""