id,name,activity,actions,level,category,quality,motif,theme,sharedCount,descriptionHash,path,rationale
"pFjxlEhcWyc8jHl1","A Hush Falls Over the World","action","1","10","class","themed","concealment","shadow","1","278b09d370a7cbda30ec96344eb839a047b6da0f370962be040336cf7d042970","packs/pf2e/feats/archetype/world-rouser/level-10/a-hush-falls-over-the-world.json","Quiet field spreads from source, muffling sound; no weapon attack."
"Vm8Zhwa2zvXhfT5c","A Little Bird Told Me...","action","2","8","class","themed","form","wind","1","926e1a6ae3d4431cf827a1abf8361f68dcf12d7ea254f144f16dcf2643034884","packs/pf2e/feats/archetype/venture-gossip/a-little-bird-told-me.json","Feathers close into a small aerial silhouette; transformation cue, no Strike."
"wKHlsN1QpjehQrRC","A Tale To Believe In","action","1","8","class","symbolic","targetSupport","mind","1","1b0bb10ebecfa013b78652f50ddd13dee0eed670c5a265a884e6672eb1eb4bb8","packs/pf2e/feats/archetype/field-propagandist/level-8/a-tale-to-believe-in.json","Source tale cue precedes an ally's loosening mental veil."
"oYdfO7j3vnNG7SYN","Abjure Harm","reaction","","16","class","themed","guard","ward","1","a003d8bd390e90af5653252838a0eba4fdfc3bb272b61818835d5941f54fb53c","packs/pf2e/feats/archetype/ascended-celestial/level-16/abjure-harm.json","Abjure Harm: incoming block; no Strike now; none; source barrier; resistance, future-threat-bonus."
"0SjxN3nCZ2tseH5j","Abscission Shards","action","1","6","class","themed","elementTarget","blood","1","cb18ec728cdbca896e0dd3823856a808f8fd51aaefd69350e1c2c0500f883cd0","packs/pf2e/feats/archetype/clawdancer/abscission-shards.json","Small claw-splinter accent at target, then blood curl; does not repeat the previous Strike."
"sUMrRRFsHiJf4VXP","Absolve Sins","action","2","16","class","themed","elementAura","mind","1","9e34f44381051ac4754a09759cef5c35dfb8d1e6be77d25e8d71c9b0d933eaf1","packs/pf2e/feats/archetype/godling/absolve-sins.json","Source mental wave with reflective accents; punishment depends on the save."
"bEdFgywri7fABhBT","Absorb Spell","reaction","","14","class","symbolic","absorb","arcane","1","03566b1faba6fc3b99afd96735172b9dbabb05a60d8d707b995f5b057c8db6a4","packs/pf2e/feats/archetype/spellmaster/absorb-spell.json","Spiral contracts into source and settles as stored energy; no later spell cast."
"iFSy6WtIUUKSYP2C","Absorb Strength","action","1","5","ancestry","symbolic","absorb","blood","1","1f88a98eea82651be8e221bdf00ff07ebdb144920cf43e34bd5788218ba25182","packs/pf2e/feats/ancestry/kholo/level-5/absorb-strength.json","Vitality curls inward from a chosen corpse; temporary-strength cue, no healing beam."
"vyb3BYDiIl2MiZp4","Absorb Toxin","reaction","","9","ancestry","symbolic","absorb","poison","1","d702b3a08c7887ebf0471022c1f661dd86d4e7dd5efc87c24d25d7e69e8577f2","packs/pf2e/feats/ancestry/tripkee/level-9/absorb-toxin.json","Poison mist contracts into source; does not guarantee others' counteract results."
"oTTddwzF9TPNkMyd","Accompany","reaction","","8","class","symbolic","command","sonic","1","83a0ed4a2264087a08f5ca8300f72ca936a21127caaf089066036dac1364535d","packs/pf2e/feats/class/bard/level-8/accompany.json","Source notes lead into an ally's magic; support rather than attack."
"arnSyCl9XfN1qviJ","Acknowledge Fan","action","1","12","class","symbolic","taunt","mind","1","d08e8ee3bd0d32f33e7b5d35fb25a49a0049312d4dbd76d12e104b4a511efa60","packs/pf2e/feats/archetype/celebrity/acknowledge-fan.json","Small speaking/glance cue focuses attention at selected observer; outcome conditional."
"nx2nB10rypAuspAa","Acquired Tolerance","reaction","","8","class","themed","fortune","poison","1","c4d511a202c573ada6b1f56750d83799998c2b6e8fe3ce5392b922c6e0da1c0f","packs/pf2e/feats/archetype/poisoner/acquired-tolerance.json","Poison rim folds inward into a second-chance ripple."
"GIr0i1ucWnMSLwJo","Adamantine Body","reaction","","8","class","themed","guard","metal","1","cabbfeb5408c6643668e17c3c893786281795f6a3e6d713447f6020d36fd5897","packs/pf2e/feats/archetype/martial-artist/adamantine-body.json","Brief metal hardening and source brace, not a magical projectile."
"44pzixSVmRQiUoba","Adaptive Stratagem","free","","2","class","themed","focus","divination","1","c42f58c5da61c1fedd431a3924f5648b9d6fca16cf1b868a50d0bad68231446a","packs/pf2e/feats/class/commander/level-2/adaptive-stratagem.json","Planning facets rearrange around source; 'on the fly' does not mean flight."
"nU0r77AZXMXIlti6","Additional Recollection","free","","6","class","symbolic","focus","divination","1","30df499a22a241c937a85139ca99d653da97a4352dbc863f112dbfeb7d407ed9","packs/pf2e/feats/class/ranger/level-6/additional-recollection.json","Knowledge focus passes between chosen foes, without physical contacts."
"Y8Rdt4gHBGAUf2zL","Advantageous Assault","action","1","6","class","themed","strike","weapon","1","3860c039416a32a5a86fdcbec80359d317af4aeb4718ac3d3cd52e55905174a5","packs/pf2e/feats/class/fighter/level-6/advantageous-assault.json","Advantageous Assault: exploit held; 1 visible contact (same-target); melee; low contact; off-guard."
"oLTAAXumySFUPwND","Aegis for the Innocent","action","1","14","class","themed","targetSupport","light","1","b874d6c71daf37892af466162e33a225289679ff4f6d57933654f54500fd02bf","packs/pf2e/feats/archetype/ascended-celestial/level-14/aegis-for-the-innocent.json","Source gleam transfers into protective light at ally; no unconditional enemy push."
"Zn2ySapQ2gtgyWgW","Aegis of Arnisant","action","2","12","class","themed","rune","ward","1","6edaa41d637ae0fa16e072ce02798dff17edb48a701c4d015de36f0d4d83a70e","packs/pf2e/feats/archetype/knight-vigilant/aegis-of-arnisant.json","Shield receives a runic ward now; its later reaction is separate."
"jSSN8WF65RqNcZhF","Aerial Boomerang","action","2","1","class","symbolic","boomerang","wind","1","9c7af8c15acce839fdb7a9dc338612328914e3ccc49d9912b83de6181035af7f","packs/pf2e/feats/class/kineticist/level-1/aerial-boomerang.json","Wind blade travels outward and spins at its endpoint; return requires a later action."
"ifSICnbInp90gcf3","Aerial Flash","action","3","12","class","themed","strike","weapon","1","57916bd036b1e3ad144e585245ac038c80019026e247f937d24328f24d2667d7","packs/pf2e/feats/archetype/veil-dancer/level-12/aerial-flash.json","Aerial Flash: teleport return; 1 visible contact (same-target); melee; thrust; return-shimmer."
"UEqntGzFrFA7ncUO","Aerial Piledriver","action","2","10","class","themed","unarmed","weapon","1","435eebae846f6ba6a53b42484cda94c55c08302d7dbd6a520d269c912340d95f","packs/pf2e/feats/archetype/wrestler/aerial-piledriver.json","Aerial Piledriver: rise and slam; 1 visible contact (same-target); unarmed; descending; ground-shock, prone."
"NfWNaSD2rwlQcf06","Aether Beam","action","2","8","class","symbolic","ray","force","1","c54f21700b800e4afa5bdf61a8304dbc5a3cec19bfc2922d7a22e1d47948e799","packs/pf2e/feats/archetype/living-nexus/level-8/aether-beam.json","Source gather leads to directed force beam and contact; line endpoint remains an approximation."
"51WYkNw9oSm8vGtp","Aether Blast","action","1","4","class","symbolic","elementTarget","force","1","18ec477ee5e162e44a39aa69900bee286cb7746a910c1fa5e7db64ab32fdd037","packs/pf2e/feats/archetype/living-nexus/level-4/aether-blast.json","Source focus then force shock at chosen foe; distinguish continuous Aether Beam."
"3kH0fGOIoYvPNQsq","After You","free","","2","class","symbolic","resolve","weapon","1","c310118a5faae7339c515bdb53f4a367489586cd09b772e50f29f6a8b2a61080","packs/pf2e/feats/class/swashbuckler/level-2/after-you.json","Slow confident glint and grounded settle; no attack or time freeze."
"vAmQf0QqCOlOxn3M","Afterimage","free","","12","class","themed","concealment","illusion","1","06ce2fdd5b960e48be416f0829102098ae0372502c9ede166a24069306619a19","packs/pf2e/feats/archetype/veil-dancer/level-12/afterimage.json","Finite source echo represents previous-square afterimage; no extra teleport or relocation."
"19OLlTrxvEtDAOHc","Aggressive Block","free","","2","class","themed","shove","ward","1","6566d228d71e86624c4f11f98d1d88464de1501ae3b6a4ba3fb9d1f052ad8cc8","packs/pf2e/feats/class/shared-class-feats/level-2/aggressive-block.json","Aggressive Block: shield brace; 1 visible contact (same-target); shield; horizontal push; opening."
"dFQj6gLrbQi7APiA","Agile Shield Grip","action","1","1","class","themed","preparation","metal","1","a21ba69dcf6de0786a76bcfe9d92b38c87075b3b23a0c841ee356f586acc39ab","packs/pf2e/feats/class/shared-class-feats/level-1/agile-shield-grip.json","Metal glint follows a grip adjustment; future shield Strikes remain separate."
"pIHXinKNQ13ugBGm","Air Cushion","reaction","","1","class","themed","targetSupport","wind","1","34bc34a06a678b3c43b1913c4586e3e42f1d24437a2867220d3361d61c8ddd75","packs/pf2e/feats/class/kineticist/level-1/air-cushion.json","Air rises below affected creature then settles gently; no forced movement."
"QV4NCyZQBCABykS1","Air Shroud","action","1","4","class","themed","elementAura","wind","1","e8dd53eec532c6889ad80d0361eacadb88ac345ca084e96c38b3578abb3b95ad","packs/pf2e/feats/class/kineticist/level-4/air-shroud.json","Finite turbulent air halo around source; breathing and terrain remain rules effects."
"hOD9de1ftfYRSEKn","Airy Step","reaction","","13","ancestry","themed","concealment","wind","1","d9beb6b1390143d3d3ec92c55f4e1d08ab3ccded2145efcaad1a29c98111e98a","packs/pf2e/feats/ancestry/versatile-heritages/sylph/airy-step.json","Fog spreads around source with a sidelong echo; later Step remains player movement."
"Q1O4P1YIkCfeedHH","Alchemical Shot","action","2","4","class","signature","alchemicalShot","weapon","1","5949abad35b50518ec48b189519f822db0169f4a2d7bb41388b2fbb4a9101bc2","packs/pf2e/feats/class/gunslinger/level-4/alchemical-shot.json","Alchemical Shot: alchemical load; 1 visible contact (same-target); firearm; projectile; chosen-element, persistent."
"NZgjqVV2HYzLCvvA","Aldori Parry","action","1","4","class","themed","guard","weapon","1","17728ad62c59e25d8d3f66a04f233b9ae5b9459c1402743fe73472768a6cf08f","packs/pf2e/feats/archetype/aldori-duelist/level-4/aldori-parry.json","Defensive weapon glint sweeps across source; no shield spell or outgoing hit."
"8RppI1i4LfI0CYsX","Aldori Riposte","reaction","","6","class","themed","strike","weapon","1","cb7c0195be3b0df2671a719908c38aaaf5944af1d3b7f5778cb5c7083a4cb6d9","packs/pf2e/feats/archetype/aldori-duelist/level-6/aldori-riposte.json","Aldori Riposte: parry counter; 1 visible contact (same-target); sword; counter thrust; disarm-option."
"6iDd7CTzxkvMp6lB","Align Qi","reaction","","6","class","symbolic","restoration","healing","1","d9ac47b1db6155bbb5634675ac2bbea2d040256442007a677e96af5ec0ee9276","packs/pf2e/feats/class/monk/level-6/align-qi.json","Healing qi gathers at source and settles; not an additional attack."
"wqAdzjRUOvTpKFKq","All in My Head","reaction","","18","class","symbolic","resolve","illusion","1","4582ff39233d398c76bebeeb4ab4b5ca9e81982d8e47e57339f9ae99b7c384cd","packs/pf2e/feats/class/bard/level-18/all-in-my-head.json","Phantom shell dissolves inward as physical pain becomes mental; no immunity promise."
"kYLtH4PYfvqruLyo","All in Your Head","reaction","","18","class","symbolic","resolve","mind","1","2fc6821d0cbf62d8ae6d073c726d6975f4f476bac1f68c9a6bc2c74bfb24a1b1","packs/pf2e/feats/class/psychic/level-18/all-in-your-head.json","Inward mental focus closes around source; different from physical afterimage treatment."
"TggZ5d5sNGLbo0gX","All Returns To Slumber","action","1","6","class","symbolic","elementAura","dream","1","fd38245295a0877e62fed6ac8cbca29f81709380513ce1201b9be57c9532cfb7","packs/pf2e/feats/archetype/world-rouser/level-6/all-returns-to-slumber.json","Night veil closes across source's field; selected minds receive only symbolic drowsiness."
"tinTdUGzxWStlf44","All Shall End in Flames","action","3","18","class","symbolic","elementTarget","fire","1","b1d6fa76e06c1cc5a732457a888202fb04c26add512551aa9d062814601a2343","packs/pf2e/feats/class/kineticist/level-18/all-shall-end-in-flames.json","Gather then wide white-hot eruption at chosen area; death/rebirth never shown as guaranteed."
"1BAJxKpeQc8xGaxZ","All the Time in the World","action","3","20","class","symbolic","time","time","1","a829b3c40ef5de51f001a3f915da51a03443fa656ef33c352796a3d317b0cc6c","packs/pf2e/feats/class/investigator/level-20/all-the-time-in-the-world.json","Time halo and mental echo cue observation; never freezes others or moves documents."
"A2X3EBf8s5XSCYG0","All This Has Happened Before","reaction","","5","ancestry","themed","time","divination","1","6e3ad12f670dbce50a9e183b96f3c593324c2f5050d22c99418785267a54c7df","packs/pf2e/feats/ancestry/samsaran/level-5/all-this-has-happened-before.json","Memory echoes converge into source's initiative focus; granted Step is separate."
"Un8aEKnVULYAzP5L","All This Will Happen Again","reaction","","1","ancestry","symbolic","fortune","mind","1","896505094184d26dbcafaea6585babe3e06e92e71805fd811ff3c65ed973b680","packs/pf2e/feats/ancestry/samsaran/level-1/all-this-will-happen-again.json","Mental cycle opens and reforms as a second chance, not a past-life Strike."
"AkUvfczLFJcsv3Sp","Alloy Flesh and Steel","action","2","14","class","themed","form","metal","1","53a47cc6fb9612dbc684fcdd65a4ff37975fff5800af453a763eab98145b1f0f","packs/pf2e/feats/class/kineticist/level-14/alloy-flesh-and-steel.json","Metallic lattice closes into source form; later blast and shield uses separate."
"VtFuhfIIw8OoLF6v","Alluring Performance","action","2","9","ancestry","themed","performance","sonic","1","c3f566f48bcf7092f6b1d1196f1a743052584d12eeb83a201d5e8a9c48da050f","packs/pf2e/feats/ancestry/vishkanya/level-9/alluring-performance.json","Source performance blooms outward toward selected observers; fascination is conditional."
"j0mlvJcuYGFuMG2S","Ally's Shelter","reaction","","5","ancestry","symbolic","targetSupport","ward","1","2059fde9c0cfb8fe3326b000a1ec5ce988d10e4d8563a4ccbd2c3f28676ad839","packs/pf2e/feats/ancestry/kobold/level-5/allys-shelter.json","Shared shelter accent forms around source using ally's support, no ally damage."
"Z15QFC45psi0txWg","Alter Resistance","reaction","","13","ancestry","themed","form","transform","1","87344d921f4b47d23dd8871cce84cbaeb88dccba91fc4361931cc792b8144118","packs/pf2e/feats/ancestry/versatile-heritages/nephilim/alter-resistance.json","Chromatic shell changes on source after incoming energy; no outgoing damage."
"R3nv6GqV8K6SjGoV","Amalgamate","action","1","14","class","symbolic","groundCreation","void","1","b4da778d520c22fe22c98e6c4bd91f7fd229e15a4a2856f99be7fbf9a7c2ffab","packs/pf2e/feats/class/necromancer/level-14/amalgamate.json","Shadow fragments converge into a larger target growth; creature creation stays with PF2e."
"BXrnQ8qKf09f3spc","Ambush Bladderwort","action","3","4","class","themed","groundCreation","plant","1","46e73367d65c0e91689aa16d137620c2e4afb01406c37477758fca59f2e65367","packs/pf2e/feats/class/kineticist/level-4/ambush-bladderwort.json","Plant a small watery seed now; later trap, drowning and fruit healing are separate events."
"3PHHiZjX16Dwyt65","Analyze Weakness","action","1","6","class","themed","focus","divination","1","5fa5ada2d91e12e749e051727c96336d41d28e66817a8235d359376c8ad08931","packs/pf2e/feats/class/rogue/level-6/analyze-weakness.json","Focused target scan marks studied positioning; does not perform the next Strike."
"1esdlPynQo6aCr73","Anatomical Quartering","action","3","16","class","symbolic","multiStrike","blood","1","662d5a49b8a466286f563136bbd8363b4000a29a8232fac490a79a3394f5a36d","packs/pf2e/feats/class/necromancer/level-16/anatomical-quartering.json","Four source facets precede up to four different-target melee contacts; final contact gets spirit accent."
"9nT7E44aTosTrzhb","Anchor Stance","action","1","4","class","themed","stance","water","1","f22a1fef2356f8010e6fc92628e1b8cbaff223e3987ad91183ca0e816c8402bf","packs/pf2e/feats/archetype/undersea-privateer/level-4/anchor-stance.json","Low water ring settles into an anchored stance; no actual buoyancy/movement update."
"kin3aIJssaI6VFoD","Anchoring Arrow","action","2","13","ancestry","themed","ranged","arcane","1","038738977c050d313ceb32c6f8d311f3c41012114fb26e524d68cce9eb54224d","packs/pf2e/feats/ancestry/elf/level-13/anchoring-arrow.json","Anchoring Arrow: aim; 1 visible contact (same-target); bow; projectile; anchoring-coils."
"1VLOhyq0IFMY2rqh","Animal Rage","action","1","8","class","themed","form","transform","1","29f9dd37d720aeb93b7a134d457ad81a5660f12ec6737c1ce4af863bd0a705d7","packs/pf2e/feats/class/barbarian/level-8/animal-rage.json","Primal silhouette thickens around source; natural attacks are later uses."
"L1fnOLZQX68kTmHF","Animalistic Brutality","action","1","8","class","themed","preparation","transform","1","74a3d1f473ae2ccc793c730d2f7a1f3e30e71e13a12843ab77b2f1c3ffe578ab","packs/pf2e/feats/class/barbarian/level-8/animalistic-brutality.json","Short animal morph enhancement at source; does not attack or force selected trait."
"PncXj46fgSwTWRl6","Ankle Bite","reaction","","5","ancestry","themed","unarmed","weapon","1","35f9bca7bbd7684faaf11e04eb936bcfc4d9eeec8ea23d7646449c22e81ef0cb","packs/pf2e/feats/ancestry/goblin/level-5/ankle-bite.json","Ankle Bite: held counter; 1 visible contact (same-target); jaws; bite; release-grip."
"i6ZNmKmJi6UAHZcB","Annihilating Compound Invocation","action","1","18","class","symbolic","elementTarget","force","1","972c202374e0ab264de51a7f5d1de1d7ba6e606f454dfc8021b0f93598ce53c6","packs/pf2e/feats/class/runesmith/level-18/annihilating-compound-invocation.json","Four converging runic accents precede force reverberation; no unconditional disintegration death."
"7QLLwcSKNGPWdOGG","Annihilating Swing","action","2","20","class","themed","heavyStrike","weapon","1","7719a2a14bb7365a160dbbd72c8f32d1b2702785c4192cd13bbfacbce42baebd","packs/pf2e/feats/class/barbarian/level-20/annihilating-swing.json","Annihilating Swing: heavy windup; 1 visible contact (same-target); melee; wide cleave; armor-crack."
"bRftzbFvSF1pilIo","Anoint Ally","action","1","2","class","symbolic","rune","blood","1","168473049898bf58c09c2db10a46b71d2c65fc912a7eec65217b43b8c2fd5bf5","packs/pf2e/feats/class/sorcerer/level-2/anoint-ally.json","Blood rune forms at selected adjacent ally; later blood magic remains separate."
"L9pd3yyjVK0rgiDc","Antler Rush","action","2","6","class","themed","charge","weapon","1","39771782053d2601f54c34b15680be35edf43663dd3be4dc733a73e36dce50b8","packs/pf2e/feats/archetype/werecreature/antler-rush.json","Antler Rush: sprint; 1 visible contact (same-target); horn; ram; disarm-or-shove-option."
"KrF4qD1pvQthG3v8","Aphet Flash","action","1","4","class","symbolic","elementTarget","light","1","c959d40afe96b939216621d94f56a42ce5d3d40e67e3f19a7b945a89c72c3131","packs/pf2e/feats/archetype/swarmkeeper/aphet-flash.json","Flash centered on selected swarm position then warm residual glow; dazzled conditional."
"ghiZ4DhdmHlBAeU0","Apocalyptic Visions","action","2","18","class","symbolic","elementTarget","mind","1","7d341c3194ed47193a7068237532d73f78fe79252aa9e1339e5452eb8686e744","packs/pf2e/feats/archetype/avenging-runelord/level-18/apocalyptic-visions.json","Source mental projection casts nightmare accents across selected minds; no physical falling meteor attack."
"lGB1C4r2EtqDY9oy","Apparition Cloud","reaction","","12","class","themed","concealment","spirit","1","e70ca14dd0c736ead8ca1faa3dfc32f5dbe1af2cd074ffc1b21ca412fa0bfd95","packs/pf2e/feats/class/animist/level-12/apparition-cloud.json","Spiritual shards spread into concealment around source; finite cue, no familiar destruction."
"yxqNBGvFkwi3pLVD","Apparition's Enhancement","free","","4","class","themed","preparation","spirit","1","89817bf78501ed207f181bcbc899dbcfa0ca9e85f0f9de7536c239b984a56ba3","packs/pf2e/feats/class/animist/level-4/apparitions-enhancement.json","Spirit power closes onto source weapon/unarmed focus; no immediate target attack."
"yvEzj1dnBEggKuST","Apparition's Quickening","free","","10","class","themed","spellshape","spirit","1","1baa97f7f296eb57f7bfc5c444ba91c2418fd5c34d2e995305476567f710dc26","packs/pf2e/feats/class/animist/level-10/apparitions-quickening.json","Paired spirit focus gathers for the next spell; no premature spell launch."
"fMnF8K1o0ow217GP","Apparition's Reflection","action","1","8","class","themed","restoration","spirit","1","00d8c5034349a048a99138cac0a3550717595524499d5a63eb940fe75ef85a50","packs/pf2e/feats/class/animist/level-8/apparitions-reflection.json","Returning spirit reserve represents slot recovery; chosen immediately-cast spell has its own animation."
"qd4xHdVLLC55TxDT","Aquatic Pirouette","reaction","","4","class","symbolic","movement","water","1","5352869acdc08c3dafda3a48f49dc9b74864f0e1159f982ce1cf8ffd2d825f41","packs/pf2e/feats/archetype/marine-marauder/level-4/aquatic-pirouette.json","Water curl and restrained spinning echo represent evasive movement; documents stay intact."
"5fu0H5ZpBxSOwtCL","Arc of Destruction","reaction","","8","class","symbolic","ranged","weapon","1","ea1b031a4f9093fd868fbe34a0200b4bceee03a35f44104771a2bff138c1d726","packs/pf2e/feats/mythic/arc-of-destruction.json","Source deflection cue then return projectile toward selected attacker; counterattack remains conditional."
"YgytD4HGjWNFwiev","Arcane Propulsion","action","2","9","ancestry","themed","flight","arcane","1","c1f06bb91091f417c3ff68c5ec515249d73e76a2e676dcd7fb4a02ed75b93956","packs/pf2e/feats/ancestry/automaton/level-9/arcane-propulsion.json","Back/foot energy swells into gentle lift cue; no true token flight reposition."
"xfbPSP9tl1N95xDF","Arcane Slam","action","2","9","ancestry","themed","unarmed","arcane","1","d6713ce433f966dacc105878a5a47725595203341b5d115e58bfb6b7e891e109","packs/pf2e/feats/ancestry/automaton/level-9/arcane-slam.json","Arcane Slam: core charge; 1 visible contact (same-target); unarmed; descending; ground-shock."
"dmXd68ilbuGR6eUP","Archaeologist's Luck","free","","8","class","symbolic","fortune","luck","1","6f29b7f0d5f29bdd77be28f265ea64b0ddf7ea57e690b0e138cf5b3d8cf2784e","packs/pf2e/feats/archetype/archaeologist/level-8/archaeologists-luck.json","Compact fortune cycle around source after failed trap check."
"7O0PrMoXd5L8dRfg","Archaeologist's Warning","free","","6","class","symbolic","command","divination","1","75ed837d629197232fd7724c37c00f08cc8632bb82b3a10b1a014668fc741162","packs/pf2e/feats/archetype/pathfinder-agent/archaeologists-warning.json","Source warning glint reaches selected companions' attention cues."
"egmb8p3ZIYtx5aQN","Archer's Aim","action","2","8","class","themed","ranged","weapon","1","b8f1a728fca5690e8d73321b2154bb032196da722e9aeefe2a5ee0bed333ccd6","packs/pf2e/feats/archetype/archer/level-8/archers-aim.json","Archer's Aim: long aim; 1 visible contact (same-target); bow-or-crossbow; projectile; precision-glint."
"cg6iASOmkTadIYCd","Architect of Flame","action","3","12","class","themed","groundCreation","fire","1","0724c891558ee3a9bbb4df207d4b55c7127830386b10e36acb99e81518e70048","packs/pf2e/feats/class/kineticist/level-12/architect-of-flame.json","Fire foundation grows at selected location; wall shape remains an approximation."
"SqITElkyOMAvYVhh","Armor Break","action","2","12","class","themed","elementAura","metal","1","9d0cc86977257baf2fc1960064380d2c2d680482069550c62d952296b9878056","packs/pf2e/feats/class/guardian/level-12/armor-break.json","Armor Break: armor shatter; no Strike now; none; source burst; metal-shards."
"plEZoAyPwjAOdY4e","Armor in Earth","action","1","1","class","themed","form","earth","1","71d6501423711b4a33684c8ba1a9a1cc63852203ca233d86a331faf18a8bf860","packs/pf2e/feats/class/kineticist/level-1/armor-in-earth.json","Stone fragments gather and close around source into armor; no target damage."
"Vj7L46PhxciFNMpZ","Armored Counterattack","free","","12","class","themed","strike","weapon","1","20e2af47b3191eee85e102db9e57ca9985db1dac785fca3fd097967f8396ba27","packs/pf2e/feats/class/guardian/level-12/armored-counterattack.json","Armored Counterattack: armor brace; 1 visible contact (same-target); melee; counter thrust; taunt."
"eje2BkIpxCrf39E9","Armored Courage","action","1","4","class","themed","resolve","fear","1","adb1ab6e29e310dcd2d01d55ab6331a5e7bec08e34421ee4c10014f3554ce04c","packs/pf2e/feats/class/guardian/level-4/armored-courage.json","Armored Courage: armor fortify; no Strike now; none; source halo; courage, temporary-hp."
"jwcNyPDVw313KXZU","Armored Rebuff","reaction","","8","class","themed","shove","weapon","1","7e6ee7d1bccb37d12822fd40c61bf1a03b54a97992e487f7a7c96c4452e8f92a","packs/pf2e/feats/archetype/sentinel/armored-rebuff.json","Armored Rebuff: shield brace; 1 visible contact (same-target); shield; horizontal push; opening."
"0UhZ3UtSXx9qyoiZ","Army of One","action","3","18","class","themed","whirlwindStrike","spirit","1","5dc7ee2597ee0034151ecbe1776eef685ce8b965215aeab5780d8a50f750f227","packs/pf2e/feats/archetype/ascended-celestial/level-18/army-of-one.json","Army of One: armament launch; one contact per selected target; flying-melee; orbit; return-weapon."
"3T5lAucs1Aud0t80","Artist's Attendance","action","2","4","class","themed","movement","arcane","1","951c41d24585688458200f077c9c6f006862aa77e4fab8c314f1a85f9784788a","packs/pf2e/feats/class/runesmith/level-4/artists-attendance.json","Two movement echoes finish in a source tracing glint; optional fly speed does not force flight."
"iJrHJKNGxV4z4Qi7","Artokus's Fire","free","","6","class","themed","craft","fire","1","7ff160679d06c40aa67566225f586928116cae900df9162d5c75f5565a957088","packs/pf2e/feats/class/alchemist/level-6/artokuss-fire.json","Contained mixing flame at source; no bomb throw, later fire damage or persistent burn now."
"CrpntCPdBZMGhE9z","As a Thousand Soldiers","action","2","8","class","themed","form","poison","1","7bd6943ab1987988d17a7ff0e832d8a3817b02c507d36a7c6cd385a2d55a3ce4","packs/pf2e/feats/class/exemplar/level-8/as-a-thousand-soldiers.json","Swarm-like dispersal and return around source; optional passed enemies get no automatic sting outcomes."
"zIDG7JvwJNxybwyh","Ash Strider","action","2","6","class","themed","movement","fire","1","c988fb770ba0c8a18ecca002f8bf6eeace667823757cf9297fc34bdafa981dbc","packs/pf2e/feats/class/kineticist/level-6/ash-strider.json","Ash disperses into movement echo then settles around source; traversal damage remains conditional."
"gEj8aJmCThMzAjKY","Ashen Veil","action","3","7","skill","themed","concealment","earth","1","76d58a32d49b22f01cc7527df6a58120a7d289dba1712889b68ff34e5ef01a64","packs/pf2e/feats/archetype/knight-reclaimant/ashen-veil.json","Low earthy ash veil around source; no attacks or undead damage."
"Om6WLsTsIt6Ku3JQ","Ask the Bones","free","","1","ancestry","symbolic","focus","spirit","1","15852530c499bf4df89fabb9d95ba505b3ae6318877c14cddadeb94ae58fc08f","packs/pf2e/feats/ancestry/kholo/level-1/ask-the-bones.json","Small spiritual knowledge glint representing consulted ancestor bone."
"tan8sBy1tjCggnSu","Asp Stance","action","1","6","class","themed","stance","poison","1","214b68b7d79706eb20d599e552628195b0fb0899334bc031d3c53466acbac012","packs/pf2e/feats/class/monk/level-6/asp-stance.json","Low sinuous coil settles around source; later flurry and sickness aren't activation hits."
"iJxbrXAdxhLqdT5E","Assassinate","action","2","12","class","themed","strike","weapon","1","42e8355116e00403b83bef99333238da8d51b1c34927d69398035f269b4ec98e","packs/pf2e/feats/archetype/assassin/level-12/assassinate.json","Assassinate: hidden approach; 1 visible contact (same-target); melee; narrow thrust; precision."
"UiQbjeqBUFjUtgUR","Assisting Shot","action","1","2","class","themed","ranged","weapon","1","96755a332185b969acd81f5014bea0724365b51b0eb78ce26c6bf1797e6e67a8","packs/pf2e/feats/class/fighter/level-2/assisting-shot.json","Assisting Shot: quick aim; 1 visible contact (same-target); ranged; projectile; ally-opening."
"vV0nW9OIJ0VdeVjy","Assume Earth's Mantle","action","1","14","class","themed","stance","earth","1","01a6e1315a6925cc02ac027188be2f8471da215c398394d6465ad25f2bff6cb5","packs/pf2e/feats/class/kineticist/level-14/assume-earths-mantle.json","Broad rock mantle closes around source; no token size or reach document update."
"HEZeZcBWQR1QeWDo","Astonishing Explosion","free","","20","class","themed","preparation","weapon","1","a27da881eb6bd93cb6188497005841103931d203201623169db41acb42fbfc00","packs/pf2e/feats/class/alchemist/level-20/astonishing-explosion.json","Astonishing Explosion: bomb mix; no Strike now; none; source glint; future-bomb."
"v68xj9gPsXFsehQn","Astral Compound Invocation","action","1","12","class","symbolic","elementTarget","mind","1","b5f7120de46a5f5f32dc1df05ee6db12c28a2e534beaf813d9ce560b05fe0a91","packs/pf2e/feats/class/runesmith/level-12/astral-compound-invocation.json","Two rune accents converge then mental ripples affect selected foe; stupefaction conditional."
"sM3nmDi3PHWI64SH","Astral Tether","action","1","4","class","symbolic","targetSupport","mind","1","4791762f3d25f64273f43b124c9b6da369c9bc05323698af2ff8c2d1c0bbfcf3","packs/pf2e/feats/class/psychic/level-4/astral-tether.json","Source and ally receive matching psychic link accents; later amp benefit separate."
"ja2HDuEC42mpxMVP","Athlete's Ally","action","1","14","class","themed","preparation","weapon","1","95d1cdd7fbcdf25f00e1f6f15069bd1d7bd23a1e7e8bfa2c1b6b35d5816396e8","packs/pf2e/feats/archetype/warshard-warrior/athletes-ally.json","Power gathers onto source's weapon; no immediate Grapple/Shove/Trip."
"U1I87PGViGpGaP7D","Attunement Shift","free","","4","class","symbolic","preparation","plant","1","b38ff3264d96616c965014bb50784a0a6d3d0d330ea12004eb0968d31f98e080","packs/pf2e/feats/archetype/geomancer/attunement-shift.json","Source terrain rim changes; element choice remains configurable, no projectile."
"Y5ompgSd1JGSHt0C","Augment Senses","action","1","13","ancestry","symbolic","focus","transform","1","a8072ed4a3ad9f9b1dea49132a9f7064baeaf32aa9670522d71b0ed77b0e1082","packs/pf2e/feats/ancestry/fleshwarp/level-13/augment-senses.json","Source sensory facets unfold; no damage ray or actual larger mechanical search template."
"SCplu0Ewfkf0W3xZ","Aura Expertise","free","","16","class","symbolic","elementAura","arcane","1","e4607ab1eca3ee285468a469c2de0335821d56b04fb4915f2f31b7c23c57373e","packs/pf2e/feats/archetype/battle-harbinger/level-16/aura-expertise.json","Existing aura cue refreshes at source; no new attack or indefinite effect."
"SGgK4BoUooA0HhTj","Avalanche Strike","action","3","16","class","themed","whirlwindStrike","weapon","1","414b6fa5b43dd15275726ad3935416c159f01249f0e7cd48dc94ec38c82362bc","packs/pf2e/feats/archetype/mauler/avalanche-strike.json","Avalanche Strike: wide windup; one contact per selected target; two-handed-melee; wide sweep; contact."
"MivOI7Eo6x10rtsg","Avatar's Protection","reaction","","20","class","symbolic","form","spirit","1","ae799755f6e71d23f1566a4c2306b89c23ab8cfdf8c6a20ef5a2c4b9672c8a0c","packs/pf2e/feats/class/cleric/level-20/avatars-protection.json","Divine shell rises around source before settling defensively; actual avatar spell separate."
"LTcpBbnngfuYTdB0","Avenge Ally","action","1","13","ancestry","themed","strike","weapon","1","3be8697bf00e4f37106532727577c2d5fd48208c94f8053711d96290ef019ca8","packs/pf2e/feats/ancestry/elf/level-13/avenge-ally.json","Avenge Ally: resolve counter; 1 visible contact (same-target); melee; thrust; fortune."
"gKDRnsBPBdhJB0FI","Avenge in Glory","reaction","","1","ancestry","symbolic","resolve","spirit","1","62822731a0da9c15a86bdd5fb0aa1afd1515d032722b4a3c68f0051a145f0115","packs/pf2e/feats/ancestry/dwarf/level-1/avenge-in-glory.json","Honoring spiritual glint strengthens source; no revenge attack or ally resurrection."
"vLcxJsbNXlxcqi4B","Awake With a Roar","free","","14","class","themed","dread","sonic","1","1aca3d583c0f8241dc94c2f49cb6ece082bd84ca8b39f0ea72ac7361cfad1e1a","packs/pf2e/feats/archetype/world-rouser/level-14/awake-with-a-roar.json","Awake With a Roar: roar; no Strike now; none; source wave; fear, stun."
"Rp8h8cmFIsfDlw7q","Banish Falsehoods of Flesh","action","1","14","class","symbolic","targetSupport","dispel","1","468038cee0cbf1fc6c5320e4fbd4e2919eba778180dfb660fb1b035cd2a6261e","packs/pf2e/feats/class/animist/level-14/banish-falsehoods-of-flesh.json","Outer shimmer peels from chosen creature; reveal/cleansing is conditional on counteract."
"9L0iFYeSCMvrzme4","Banner Twirl","action","1","4","class","symbolic","concealment","weapon","1","9987cee187b90689a9afa6b316d8520815ec0fe666cda2e165db86023246d2ce","packs/pf2e/feats/class/commander/level-4/banner-twirl.json","Banner-like rotating glint and local veil shield source; no attacks."
"L2mQO4q8nPdUDVjO","Banner's Inspiration","action","1","4","class","themed","targetSupport","mind","1","a2c49cdb75db82543ff4ab800ab3b0195d099f4fa55a36774e391ab92199f3d0","packs/pf2e/feats/class/commander/level-4/banners-inspiration.json","Banner's Inspiration: banner wave; no Strike now; none; ally halos; fear-clear, mental-resave."
"to6s7QanfhHukW5r","Barreling Charge","action","2","4","class","themed","charge","weapon","1","7357d51cba1222f0d72eb37a6f1dfdc32920998cf129d72e3a71eddc41965a57","packs/pf2e/feats/class/shared-class-feats/level-4/barreling-charge.json","Barreling Charge: sprint through; 1 visible contact (same-target); melee; thrust."
"5FVTySSg0uYaLtMA","Barrier of Boreal Frost","action","3","14","class","themed","groundCreation","cold","1","f3f9e864dec52af0d8fbdf908137b2af4f150790749b69ce9dd72688650c534f","packs/pf2e/feats/class/kineticist/level-14/barrier-of-boreal-frost.json","Ice grows at selected location as a screen; no target-directed damage or hemisphere."
"A4sV0cRU9I8ztbHY","Bashing Charge","action","2","2","class","themed","movement","weapon","1","6e59cd77b27519d5fa343f918e30df57b5caa16f7fe7d238001d34fcdb147ba1","packs/pf2e/feats/class/barbarian/level-2/bashing-charge.json","Two movement echoes culminate in a low obstacle impact cue, not an enemy Strike."
"QA3wy9DCOvn6UU0i","Bat Around","action","2","16","class","themed","strike","weapon","1","942141bf8c34307a7a03db66034d4f11990dfcccb177330bd6a270168a3cd234","packs/pf2e/feats/archetype/beast-lord/level-16/bat-around.json","Bat Around: melee start; 1 visible contact (same-target); melee; horizontal; push, companion-follow-up."
"FOk8xTCHcHYyENu2","Bat Form","action","1","10","class","themed","form","shadow","1","0d0a8a54c773598206dc2f45f5be8692bc7319effcb05b9ea995aa767827b1e9","packs/pf2e/feats/archetype/vampire/bat-form.json","Dark wing-like shimmer contracts into a bat-sized cosmetic echo."
"B6jXVgfPuPWWLx2K","Battle Assessment","action","1","4","class","themed","focus","divination","1","15bd4d380c8da4c957203a46b95c92111977e8edfa5792e1f7b063a08bb8f78f","packs/pf2e/feats/class/rogue/level-4/battle-assessment.json","Layered target knowledge scan; concealed text is a requirement, not source invisibility."
"UZwIVbrXuaYSJ9FS","Battle Hymn to the Lost","action","2","8","class","themed","strike","spirit","1","731b17656d554242a1e55d4096e4fd3af136396cb1a2fdf4bd84eef9387bf826","packs/pf2e/feats/class/exemplar/level-8/battle-hymn-to-the-lost.json","Battle Hymn to the Lost: spirit call; 1 visible contact (same-target); melee-or-ranged; spirit sweep; area-spirit, dying-ally-heal."
"wYerMk6F1RZb0Fwt","Battle Medicine","action","1","1","skill","signature","medicine","healing","1","e638b42eb28da13ab331eca95fd8e8c533646d5838647873d7b3cc702fc20138","packs/pf2e/feats/skill/level-1/battle-medicine.json","Small wound dressing then restoration at chosen creature; no divine ray."
"nBlzWZnmYuFHrMyV","Battle Prayer","action","1","7","skill","themed","elementTarget","spirit","1","541c5b44f1ac2cd00bfccff3428dc2c9e9f3e68fb478d11a4e576dc053b70b6e","packs/pf2e/feats/skill/level-7/battle-prayer.json","Source prayer glint precedes sacred target pulse; harm depends on Religion result."
"UetL3DTdUa3JYSSU","Battlefield Agility","action","1","6","class","themed","strike","weapon","1","90f728225c176f4b9fd7501ede7bc32741bcf5358de2114d03ddb1844dc145d5","packs/pf2e/feats/archetype/blackjacket/battlefield-agility.json","Battlefield Agility: side step; 1 visible contact (same-target); melee; lateral slash."
"FtnFytJxa2ix1r5z","Battlefront Sabotage","action","2","10","class","symbolic","craft","weapon","1","88f7627b350f5580f00fd92eefde5b6da887ebebc2d0c66204d34c83869adb2d","packs/pf2e/feats/archetype/guerrilla/level-10/battlefront-sabotage.json","Small targeted tampering glint, no premature weapon launch or damage contact."
"WLtyRMV2phyW9Mu2","Be Right Back","action","3","14","class","symbolic","time","time","1","47d586bf2ad73b8dea267c8d4c388aefddca010514844127e9eaa33bce181727","packs/pf2e/feats/archetype/timewracked/be-right-back.json","Source echoes flicker and reconverge to represent alternate-timeline purchase."
"U3A0kqJ2HKBYiu7X","Bear Hug","action","1","6","class","themed","unarmed","weapon","1","7bc980453fa5629ec6be1b986dfc8e5430da1291544d3ca8ae83072d2acfbbb5","packs/pf2e/feats/archetype/ursine-avenger-hood/bear-hug.json","Bear Hug: close held; 1 visible contact (same-target); claw; claw rake; embrace-bind."
"eClTKWfhyv2lFrwC","Bear Hug (Werecreature)","action","2","6","class","themed","unarmed","weapon","1","8c7b0d25cb52b4636ca6cd3ccc7559586551605894de0102a16807927352085e","packs/pf2e/feats/archetype/werecreature/bear-hug-werecreature.json","Bear Hug (Werecreature): close held; 1 visible contact (same-target); claw; claw rake; embrace-bind."
"5kUQuIP8N57MXhuz","Beastmaster's Call","action","1","12","class","themed","groundCreation","summon","1","65f06d60d2a3f0950f1fb607ab9b1c428ac49b0d0c234155feeaa1e2f27daea4","packs/pf2e/feats/archetype/beastmaster/level-12/beastmasters-call.json","Primal projection cue at chosen empty square; no attack, actor creation or support resolution."
"ANOXSBs2lm11vsWO","Beasts of Slumbering Steel","action","3","18","class","themed","groundCreation","metal","1","01bba715a571dc7bcd44efd79632e127826faa9b2723d64fdb6f669e175b9a83","packs/pf2e/feats/class/kineticist/level-18/beasts-of-slumbering-steel.json","Metal foundation rises beneath chosen riders; no immediate attack or actual mounted document update."
"Jh3Tcm2X9YcT0TuS","Beckoning Dirge","free","","16","class","symbolic","preparation","void","1","23813263330738d6916270c8b7cfcbc2942540beeed8064a2c137384e3beb0be","packs/pf2e/feats/class/necromancer/level-16/beckoning-dirge.json","Dirge accent focuses on selected thrall origin; later spell and thrall destruction separate."
"XXHCdsptuHSwioYL","Become Destiny","free","","10","class","symbolic","resolve","dispel","1","5a86cc8b6fd7f9de0554036db49ae5bec3b98ed1c81ef2d1509b23d0619fe043","packs/pf2e/feats/mythic/become-destiny.json","Source bonds dissolve into resolve cue; rules decide removal and hazard escape."
"e1Dc8fxK8NoSvYdT","Begin Stampede","action","3","17","ancestry","themed","charge","weapon","1","da061bb045e850ba9b21d785902f9da9074364d44ca732bb1cf2993a6eebf9d2","packs/pf2e/feats/ancestry/minotaur/level-17/begin-stampede.json","Begin Stampede: sprint; 1 visible contact (same-target); horn; ram; ally-rally."
"fF6v94VJKyasWare","Beguiling Aura","action","1","12","class","themed","elementAura","mind","1","27a73f2d42314177beb8bb2d24c7e422db2885fc0d86e068ce9fd61bc9e271f2","packs/pf2e/feats/archetype/captivator/level-12/beguiling-aura.json","Subtle mental field expands around source; later failed-save Step not shown now."
"7FOxECsqayIulRAh","Belay That!","reaction","","4","class","themed","command","weapon","1","38a902c0e01bb3f7d2eb0e93ebaf1a5ecb10a84c89880f799f8dc2224f1ef78c","packs/pf2e/feats/archetype/blackjacket/belay-that.json","Belay That!: advise ally; no Strike now; none; ally focus; future-map."
"Wk1qjeuofFyLFdTQ","Belly Flop","action","1","10","class","themed","unarmed","weapon","1","05d79c91fab939fbd3a54ca81b1995d18bd325a849dfc1dad030190e0eeee4ad","packs/pf2e/feats/class/guardian/level-10/belly-flop.json","Belly Flop: body drop; 1 visible contact (same-target); fist-or-gauntlet; descending; pin-ring."
"v0kwHxBXfTihnNSq","Benefactor's Majesty","action","1","17","ancestry","symbolic","resolve","light","1","2b65b82759367044bdd45f53e49fc5e5f32de3b5e2e8e49cfb852334162c3697","packs/pf2e/feats/ancestry/kobold/level-17/benefactors-majesty.json","Grand source mantle rises and clears inward; recovery checks remain conditional."
"N6qQU07KWuxgo8Gy","Benefactor's Wings","action","1","8","class","themed","flight","wind","1","d1bb7747ebebced4026439e0413c438b6ac4da66bfc46eec1de20a27fa9a2536","packs/pf2e/feats/archetype/draconic-acolyte/benefactors-wings.json","Wing-like paired wisps support a gentle source lift cue."
"JoZRbbexF3epeREe","Benevolent Spirit Deck","action","2","6","class","themed","targetSupport","ward","1","043613de76d654884ab907274eaf51fbefefab4edbdb191420c0023e68c9e3d2","packs/pf2e/feats/archetype/harrower/benevolent-spirit-deck.json","Protective card-like accents orbit selected ally; no damage missile."
"tWBK7Zbt80JlPryC","Bespell Strikes","free","","4","class","themed","preparation","arcane","1","2c3db725c7883bbfb3a0d82ae51d28abdde8e5406e4f8939bf0da71311e1f6a7","packs/pf2e/feats/class/shared-class-feats/level-4/bespell-strikes.json","Spell energy closes onto source weapon, not an immediate Strike or target blast."
"nCmsylaV144Pr4TZ","Bestial Snarling","action","1","2","class","themed","dread","sonic","1","e2ac8b0f12d50bf135780ab8e2efc7f338581f0ffe6aef6610fb3f8933b08faa","packs/pf2e/feats/class/bard/level-2/bestial-snarling.json","Bestial Snarling: low growl; no Strike now; none; source wave; nearby-fear."
"cXuycCR29sFLBjbo","Betraying Shank","action","1","6","class","themed","drawStrike","weapon","1","9a9f96301e86a32d3915c82152a649503ce34f0f31c2f8a5e430e67163b41248","packs/pf2e/feats/archetype/twilight-speaker/betraying-shank.json","Betraying Shank: concealed draw; 1 visible contact (same-target); agile-melee; narrow thrust."
"PfnlKlLuqKOOhLyK","Big Debut","free","","10","class","symbolic","performance","mind","1","22678ca645ef55de489474689c6dfb2f768db657cee069f61806617655213f03","packs/pf2e/feats/archetype/gladiator/big-debut.json","Source spotlight and observer anticipation cue; no automatic stunned condition."
"AV6KZvUed7GdhHzc","Bizarre Transformation","action","1","14","class","themed","spellshape","transform","1","fdf9aabde08a0bde61ae58c1ae3aa0ccf9388952f94cec557dfee6bef40fd457","packs/pf2e/feats/class/druid/level-14/bizarre-transformation.json","Morphing source charge readies next Untamed Form; no current attack or chosen elemental damage."
"fX5FybM93HIQRRd1","Black Cat Curse","reaction","","13","ancestry","symbolic","fortune","curse","1","0b9c81b46175e88eb6d95246a9618e2013f7d143340decea017aa6237278dcbf","packs/pf2e/feats/ancestry/catfolk/level-13/black-cat-curse.json","Dark fortune loop folds around selected enemy's save attempt."
"YrRlbIzjsFlGGmVN","Black Powder Blaze","action","2","8","class","themed","charge","weapon","1","c5b987b28aefd538a507b6503b14d17d1a1239e6efe028f496a59d2c27120426","packs/pf2e/feats/archetype/bullet-dancer/black-powder-blaze.json","Black Powder Blaze: powder jump; 1 visible contact (same-target); attached-melee; descending; source-smoke."
"vPZxFpq7XkRmE3Uc","Black Powder Boost","action","1","4","class","themed","movement","weapon","1","d2ec8c79eab2c5cb89beb01130601c21b1d9bc41fce75b71760954845a372d02","packs/pf2e/feats/class/gunslinger/level-4/black-powder-boost.json","Black Powder Boost: powder boost; no Strike now; none; rising; source-muzzle-flash."
"pWbNhfBiskV4n58a","Black Powder Embodiment","action","2","18","class","themed","firearm","weapon","1","da86c85ce62b6778c40acfa98005f941cb8974c2a143da3b3cd5e2a0e13d0ff7","packs/pf2e/feats/archetype/spellshot/black-powder-embodiment.json","Black Powder Embodiment: ammunition merge; 1 visible contact (same-target); firearm-or-crossbow; projectile; arrival-shimmer."
"VsGdiAuVbYmDTR82","Black Powder Flash","action","2","10","class","symbolic","elementTarget","fire","1","52fb8e66a1323027e37ca357ece169e6b6bf28abe56ac6cc8bb566e7bd440d75","packs/pf2e/feats/archetype/martial-artist/black-powder-flash.json","Compact close-range flash at target face; no firearm projectile or guaranteed blindness."
"7BuL6JqHAqRQ0dQJ","Blade Brake","reaction","","2","class","symbolic","guard","weapon","1","41165d5a8e934e2e80fb15f3f5abe30f5aa0f350f396cf0f1084317b9a54fc63","packs/pf2e/feats/class/fighter/level-2/blade-brake.json","Low steel spark anchors source to ground/surface; no enemy attack."
"tBfalnbUZLkG9gs1","Blade of Law","action","2","12","class","themed","strike","spirit","1","a8df369cc782f57c083b8f3b6b403c04c2a66eae8eeb0b9ebfdf8aea96962ab5","packs/pf2e/feats/archetype/hellknight/level-10/blade-of-law.json","Blade of Law: law charge; 1 visible contact (same-target); melee-or-unarmed; single contact; spirit."
"WO23FvCo8IYVB5RF","Blade of the Crimson Oath","action","2","12","class","themed","strike","vitality","1","dc598c4a403b14e37d4e8950042c201959fef0c5abf4141a43f6387c609018c6","packs/pf2e/feats/archetype/knight-reclaimant/blade-of-the-crimson-oath.json","Blade of the Crimson Oath: vitality charge; 1 visible contact (same-target); melee-or-unarmed; single contact; vitality."
"GrKurXVdm5lJkE2q","Blade of the Heart","action","1","10","class","symbolic","rune","spirit","1","bdb5fc594ad904d70fdc34d289def55e8e3fe8231ab7c53a31b0389b28a6eaad","packs/pf2e/feats/archetype/starlit-sentinel/blade-of-the-heart.json","Harmless ally-heart glint leads to source weapon inscription; no bloody damage."
"wbKzD4D3VHbD6OiL","Blanket Defense","action","3","14","class","themed","targetSupport","ward","1","fcb8c7beec2d7724097f5ce9158d01b44cc53235f8dcf6f054d79fdbe9b6c270","packs/pf2e/feats/class/guardian/level-14/blanket-defense.json","Source shield cue extends to selected adjacent allies; no immediate Shield Block contact."
"XLoRtMn48f2KKvsu","Blast Lock","action","1","1","class","themed","firearm","weapon","1","085f090e33651e61297227ca5f39d0ca4ad8ae16ae58d617c3929303c46e5f19","packs/pf2e/feats/class/gunslinger/level-1/blast-lock.json","Blast Lock: lock aim; 1 visible contact (same-target); firearm; object projectile; lock-crack."
"r4ZVpDjX2X0yrmhw","Blast Tackle","action","2","14","class","themed","firearm","weapon","1","5cc028be6c942fdbf8ad898a9ce8205cc2372db420120c76a15f4f05410632db","packs/pf2e/feats/class/gunslinger/level-14/blast-tackle.json","Blast Tackle: grapple close; 1 visible contact (same-target); firearm-or-crossbow; point blank; bind."
"TtAvM02UvfNaXeXd","Blasting Beams","action","1","2","class","symbolic","ray","force","1","58143be0d18aa54c98c75d63de3c537705c2c8c923115487798b5ca00ec5b319","packs/pf2e/feats/miscellaneous/deviant/blasting-beams.json","Directed hand beam with target contact; heat/lightning option configurable, no weapon slash."
"nLidn7L2z61Ktjzk","Blaze of Revelation","free","","18","class","symbolic","elementAura","spirit","1","ec9862c62279534d9eeedb47882dd9a7adef5fa982c1c82f27951288ed8b3ffb","packs/pf2e/feats/class/oracle/level-18/blaze-of-revelation.json","Divine overflow rises around source; no automatic death or invented revelation spell."
"hkU92nqUYBQLQSMt","Blazing Aura","reaction","","17","ancestry","themed","elementAura","fire","1","88189c6c5ad72002df2f92bc1e20c39f6abfe44e526d7849d874df72c1311300","packs/pf2e/feats/ancestry/versatile-heritages/naari/blazing-aura.json","Source flame expands as emanation; ally quickened and enemy damage remain PF2e results."
"kRERboV7vHN6EiTt","Blazing Spirit","reaction","","6","class","themed","elementTarget","fire","1","852c7c85e4e7d38d316880deb217791b982a634281f8864122685efab563c4f2","packs/pf2e/feats/class/animist/level-6/blazing-spirit.json","Source defensive flame followed by close target fire pulse; no invented flying fire bolt."
"oltE3dIYZlM8s5BI","Blazing Streak","action","3","10","class","themed","charge","fire","1","5157670b2d6ad77544046a09c4c2705afc6e745ef34677312a2eaba7bb254428","packs/pf2e/feats/class/monk/level-10/blazing-streak.json","Blazing Streak: sprint; 4 visible contacts (different-targets); flaming-unarmed; flame path; fire-contact."
"XYaaj872JOO9CAws","Blazing Talon Surge","action","2","6","class","themed","bindStrike","fire","1","49bf61127170c007d3f971c7777173e296f21d96c403d84001730d5cb2e140f5","packs/pf2e/feats/class/monk/level-6/blazing-talon-surge.json","Source pursuit echo precedes one fiery melee contact, then conditional grasp accent."
"C5zKhps2Rv95A8yX","Blazing Wave","action","2","4","class","symbolic","elementCone","fire","1","1c8db5a805502740ae23761ae127979217733536f2b2c9bc99e2a1ad996715b7","packs/pf2e/feats/class/kineticist/level-4/blazing-wave.json","Source flame cascade then selected-target fan accents; knock prone conditional."
"5FbGtKWE8Qc14o0g","Bleak Humorist","reaction","","12","class","symbolic","taunt","mind","1","0c55dcfe947593863c5dcfb79b002d204665cd8d06fdc4c5ac95dd61d5893701","packs/pf2e/feats/archetype/kitharodian-actor/bleak-humorist.json","Low source speaking glint precedes foe laughter/distracted cue; no guaranteed fall."
"skPVYOSDj7oC6PSX","Bleed Out","action","1","2","class","themed","elementTarget","blood","1","f08e7f5482fa0e18e08baaed69ca95f4edc9168c2aec1ae1908af30a758cde02","packs/pf2e/feats/class/sorcerer/level-2/bleed-out.json","Source residual magic focuses a bloodletting target mark; no invented physical arrow."
"dxujgA0NgiEvA0H8","Bleeding Finisher","action","1","8","class","themed","strike","weapon","1","12801f7af8e81cbd3f7a96e25c4ecd65fd3069ec0e294c108d277238795bdf52","packs/pf2e/feats/class/swashbuckler/level-8/bleeding-finisher.json","Bleeding Finisher: committed thrust; 1 visible contact (same-target); slashing-or-piercing; narrow contact; bleed."
"n5T4ChWJqDUblYfR","Bless Shield","action","1","4","class","themed","rune","spirit","1","b6a76218cfe8fbae72977b7512bc2123126bd09944c4e1cbb3f28d352eb80b3d","packs/pf2e/feats/archetype/lastwall-sentry/bless-shield.json","Prayer script settles on source shield; its later Block remains separate."
"nSDXAFQKjMROlc2l","Blessed Counterstrike","action","1","12","class","themed","strike","spirit","1","90811c30e8f9a35c85f9a661321ad21070df6cb31cee02b43474018fa8425ea6","packs/pf2e/feats/class/champion/level-12/blessed-counterstrike.json","Blessed Counterstrike: divine counter; 1 visible contact (same-target); melee-or-unarmed; single contact; spirit."
"kKoqqXOTdRYROmVV","Blessed Denial","reaction","","12","class","symbolic","targetSupport","ward","1","685cc2d0ff44a38a64967758366fa1c78bf8ed48cfcd643d8ace181790f8172b","packs/pf2e/feats/archetype/blessed-one/blessed-denial.json","Peaceful selected-ally veil loosens; no damaging hit or guaranteed condition cure."
"K2oSXGmqTUrcQYar","Blessed Sentinel","action","2","6","class","themed","strike","spirit","1","def1d5ee1fadbec09e3be69cd8623bd51f2c38a95b9607276c32d6b5a41e0c2a","packs/pf2e/feats/archetype/wylderheart/blessed-sentinel.json","Blessed Sentinel: divine counter; 1 visible contact (same-target); melee-or-unarmed; single contact; spirit."
"V3nNlrdU2OxYJAjx","Blessed Spell","action","1","8","class","themed","spellshape","healing","1","5620b4359e7c9eaf026faa471514f2b18e8154a27fc3c088c91da1af4d0f15d5","packs/pf2e/feats/archetype/blessed-one/blessed-spell.json","Source mercy charge readies next spell; healing and counteract don't occur early."
"dHQovShiOg8CsuhJ","Blessed Thorn Strike","action","1","4","class","themed","strike","plant","1","4e0d1f61ed02023eac57b69a67b935da0c408e99db63002640617c4100afc108","packs/pf2e/feats/archetype/rose-warden/level-4/blessed-thorn-strike.json","Blessed Thorn Strike: thorn charge; 1 visible contact (same-target); melee; single contact; thorn-coils."
"cMkpLgadlLCzDOv0","Blessing of the Five","action","3","0","bonus","themed","healing","vitality","1","487a711b5198b33aa0de21b0b480670b46fd21a638a5ba2532fada646cf4a681","packs/pf2e/feats/archetype/hellknight/order-of-the-godclaw/blessing-of-the-five.json","Broad restoration at selected allies; resurrection alternative remains customization, no automatic revival."
"svBQNCS2ZCPlKm6f","Blood Calls Blood","reaction","","4","class","symbolic","resolve","blood","1","92e702369e9146937626d52d13a525c313a98d395e36232f22f124bb68904eb3","packs/pf2e/feats/archetype/bloodrager/blood-calls-blood.json","Blood resolve closes around source to represent refused disruption; no new spell blast."
"7spk6rZPiNk2S0yA","Blood in the Air","action","1","12","class","themed","ranged","weapon","1","26c6292dac0ab6736c901dc718126601b806904bb008487f6e64f6ac901a9948","packs/pf2e/feats/class/gunslinger/level-12/blood-in-the-air.json","Blood in the Air: track blood; 1 visible contact (same-target); ranged; projectile; blood-trace."
"4AVT6Ux0GDsxXLyJ","Blood Pool","reaction","","14","class","themed","groundCreation","blood","1","ab535d9bbb0e5c3710c79864d708b2f09d241df1ebd349a44c5625d7f96a74b1","packs/pf2e/feats/class/necromancer/level-14/blood-pool.json","Low blood pool grows near triggering creature; healing happens when ally later absorbs it."
"zrSOBBQZoeewqkUk","Blood Rising","reaction","","1","class","symbolic","preparation","blood","1","cbd3e6c8ee778ac5f60f7220265f81ef33c60d287cd7de32f2d31c58444e1764","packs/pf2e/feats/class/sorcerer/level-1/blood-rising.json","Bloodline surge at source; selected blood magic effect/recipient remains customizable."
"oTEidzP2UmYowhud","Blood Shield","action","1","4","class","themed","guard","blood","1","bf919a2e20bdbeb90cf6eafb7903d6f50da6316fe813fba916204d988f37883a","packs/pf2e/feats/archetype/sanguimancer/blood-shield.json","Blood curls into source barrier; no immediate Block destruction or enemy damage."
"AmfO4FHmfFr0oNi9","Bloodline Conduit","action","1","20","class","themed","spellshape","arcane","1","a1cc685f5e2edbfbe5c31ebe6b0f57e2c3ea02c1429706caa67ed605ce9555b3","packs/pf2e/feats/class/sorcerer/level-20/bloodline-conduit.json","Ambient energies contract at source for next spell's fuel; no early cast."
"8okUez3GQOdrE4Ov","Bloody Denial","action","2","14","class","themed","strike","weapon","1","0b50d03cb46e53974fe4134c052e1e0eb425421cec49ff4f14815ad885e6ddd9","packs/pf2e/feats/class/guardian/level-14/bloody-denial.json","Bloody Denial: committed thrust; 1 visible contact (same-target); melee; single contact; reaction-lock."
"bgchp6d8tRwo1Uj2","Bloom Cabaret Entrance","free","","10","class","symbolic","performance","mind","1","045fc40cc2326306a1dc00dca21eaf47c4771e3bc82c3771f2e0781252abc76c","packs/pf2e/feats/archetype/dandy/level-10/bloom-cabaret-entrance.json","Slow source entrance and selected-observer anticipation cue; no initiative changes."
"Fe5m807oeqJw3YUd","Bloom of Health","action","1","14","class","symbolic","command","healing","1","4f7428e033765fb98b68d3f1c3d08d9eb6d1598389cb7773cd08209a4741ffe6","packs/pf2e/feats/archetype/prophesied-monarch/bloom-of-health.json","Source shout fans restorative cues toward selected allies; fast healing remains rules-managed."
"UtUT6JngJbQRHySX","Boaster's Challenge","action","1","6","class","symbolic","taunt","mind","1","a1dc9278f042aa31392861553bca06e143ca903ed384b0405ca4d5b26d544913","packs/pf2e/feats/archetype/firebrand-braggart/boasters-challenge.json","Source declaration glint and focused target mental ring; weapon Strikes occur later."
"PETCAhnB7i7brO2j","Bodily Disintegration","action","2","9","ancestry","themed","form","arcane","1","91f4cedd1f4c574d3e7cccaef56bcabd6fe793682f0e23b27c72e83974b95b04","packs/pf2e/feats/ancestry/automaton/level-9/bodily-disintegration.json","Source fragments disperse into an echo then reform; no forced relocation or wall crossing."
"w32WGAkrgXw5N7yL","Body Barrier","reaction","","18","class","symbolic","targetSupport","weapon","1","f631fe051f3cbbd806c5a5a3a8bd7dd022d4d30743b9bea5a2c51d2d04dda2bd","packs/pf2e/feats/archetype/knight-vigilant/body-barrier.json","Source brace and selected allies' cover accents, not a magical damage beam."
"34mcF1rw3mvntv8Y","Body of Air","reaction","","14","class","themed","form","wind","1","896b9fe8ad50cb047cbfbf41ce315a565d97b9ed6c3a98d0438444f1b6d827b9","packs/pf2e/feats/class/kineticist/level-14/body-of-air.json","Source shell becomes vapor then settles; no counterattack or document transformation."
"XnFSS0nBcEMPA8oZ","Body Shield","reaction","","4","class","themed","guard","void","1","4575c1f5b96cc256fa3a381f81d75280f526d0214ab19a12cea85cbf5169653a","packs/pf2e/feats/class/necromancer/level-4/body-shield.json","Interposed shade shields source; no actual thrall deletion or attack on selected foe."
"oDFvdHVfrBzt16js","Bold Defiance","free","","5","ancestry","symbolic","resolve","transform","1","e85a993ceebbcc1bbb25b8eb9c8e6b284379237c400dacedb663c48ab1308cdd","packs/pf2e/feats/ancestry/yaoguai/level-5/bold-defiance.json","Source form rim hardens into resilience after shape change."
"cBYTVYqw1EFVEuzs","Bolera's Interrogation","action","3","6","class","symbolic","focus","mind","1","6d4b4f7226be4c8c46692a509dda47d51230c02ce02fd706c4d602ed760fa762","packs/pf2e/feats/archetype/edgewatch-detective/boleras-interrogation.json","Steady selected-target focus/truth ring, no fear attack or guaranteed confession."
"f0reqV8eqnCycDWk","Bolster Ally","reaction","","8","class","symbolic","command","sonic","1","3f6c906cd96c59b29602c9044ec60bad159bf3b7ab4029d391bfdf6e424912a3","packs/pf2e/feats/archetype/eagle-knight/bolster-ally.json","Source shout then chosen ally's reassuring pulse before save."
"F2VR4FPL2HdbzfXL","Bombing Run","action","2","14","class","themed","bombThrow","weapon","1","8c06a8ec309cfa6591fd0bfed576763a32f3e7b52865bd6f673a074b82f94690","packs/pf2e/feats/archetype/winged-warrior/bombing-run.json","Bombing Run: aerial approach; 1 visible contact (same-target); bomb; descending projectile; splash."
"0GF2j54roPFIDmXf","Bon Mot","action","1","1","skill","signature","taunt","mind","1","1228f630d41e6a5ae77d9ba985b2a6106fc064c943aeb0bd7d09408aa430fae4","packs/pf2e/feats/skill/level-1/bon-mot.json","Small speaking flourish precedes distracted target cue; mental outcome conditional."
"vhHKUooXX3PYqGaU","Bond Conservation","action","1","8","class","themed","preparation","arcane","1","1462ed3856fde3eef8fa6d4c060c489a36ecf28d9fe4dd642ab1b6bf2ebbf65b","packs/pf2e/feats/class/wizard/level-8/bond-conservation.json","retained bonded-item residue curls inward. Next spell remains separate."
"8cq6NO087Te3P9yw","Bonds of Death","free","","8","class","symbolic","preparation","shadow","1","e358d2e3cdfdea78772fa9ad3f798c20fc5ec297327f44329831612ebdb44037","packs/pf2e/feats/archetype/reanimator/bonds-of-death.json","two necromantic strands braid around source. No new summon or attack."
"zFPWGwYLC0wxqUDg","Bone Burst","reaction","","6","class","themed","elementTarget","weapon","1","c1c9ef97e07e4063f32bd96ca0748c7d2035ca265a58b44e1ee933bf07e7f3c9","packs/pf2e/feats/class/necromancer/level-6/bone-burst.json","thrall-origin fan of bone fragments. Origin is thrall, not caster; outcome conditional."
"cy9jqlHz75GTjg7l","Bone Spikes","action","1","2","class","themed","form","weapon","1","1bd538696add881c9845871eaa5758e971bffcfff3591f3fb4bb9418bd4cb69b","packs/pf2e/feats/miscellaneous/deviant/bone-spikes.json","spines emerge along body silhouette. No immediate Strike; awakening abilities separate."
"E4MS2wnRQJfyldrT","Bone Swarm","action","2","17","ancestry","themed","form","weapon","1","7183dae0157eac6ca3becd2999337b9c811a55ccc67cdf7ac00bed31439dc430","packs/pf2e/feats/ancestry/skeleton/level-17/bone-swarm.json","skeletal silhouette disperses into wide orbit. Later damaging activity separate."
"6dpBiQ9lhgrAQzCd","Born to the Trees","action","2","4","class","themed","targetSupport","plant","1","d3d368547885f53b01a374cc7806350b6ba4d2194da961f67d087124ee98b3eb","packs/pf2e/feats/class/kineticist/level-4/born-to-the-trees.json","leafy climbing limbs wrap ally. No automatic leap or relocation."
"6IrNSD0G5AAXPTJq","Borrow Time","free","","10","class","themed","time","weapon","1","28614f662e406014c5b6ed9948aa5cced1d47f8760303a94f2c11e2dc05ba7bc","packs/pf2e/feats/archetype/chronoskimmer/borrow-time.json","Borrow Time: quicken source; no Strike now; none; source echo; future-action."
"v4N0tTGjKGMwjqUG","Borrowed Ability","action","1","2","class","symbolic","absorb","mind","1","62e600385e39a20d1cf57c4f61d8d82f888e556bdaec85858ecf29d2d914d065","packs/pf2e/feats/miscellaneous/deviant/borrowed-ability.json","touch-link memories flow from target inward. Save conditional; no guaranteed skill transfer."
"ZZxePfQkBPuTHkt1","Boulder Roll","action","2","5","ancestry","themed","shove","ward","1","8d8f03259fcd8d7d00d5649e3dc93ab1e29c4c2cad1b56b293e301526c46a9c8","packs/pf2e/feats/ancestry/dwarf/level-5/boulder-roll.json","Boulder Roll: body roll; 1 visible contact (same-target); body; horizontal push; body-contact."
"MR4X38qgBj5tmkMw","Bounce Back","free","","13","ancestry","symbolic","restoration","healing","1","62542107d1f005b26a230ccf9ba32d910d15641069ce8187ae801700d5138439","packs/pf2e/feats/ancestry/human/level-13/bounce-back.json","low vitality ember rises after collapse. Does not restore additional HP."
"rR4uViPbbKRzf9TE","Bounce Boost","reaction","","1","ancestry","themed","targetSupport","wind","1","6f2e8006eed0be2862b4a92f5dc1d27da87d3f0ba2081ce0388fa28951e2e010","packs/pf2e/feats/ancestry/tripkee/level-1/bounce-boost.json","springy foot-level upward assist. Ally actual movement separate."
"zQeglKcmBXvqfABR","Brain Drain","action","2","8","class","symbolic","absorb","mind","1","8a1543b072e68df94094c16406fc558f2bc0b68c59ec21075dab4ce78354d2ff","packs/pf2e/feats/class/psychic/level-8/brain-drain.json","target mental halo siphons into source. Save conditional; no guaranteed focus or stupefy."
"Fpsd8Y8qJ3Tdbiyz","Brains!","free","","6","class","symbolic","focus","mind","1","7a2a2e4f0aaafd548eb328e25637916dcb5d473e8a45f832834d3ded07069d68","packs/pf2e/feats/archetype/zombie/brains.json","consumption sparks remembered synapses. No attack or additional eating action."
"BpFj45tQY8ExHIRm","Branding Spell","free","","16","class","themed","preparation","fire","1","08742dabddaf0e578ada494dcaa9831228f6b0f79bb1a4a402ec81c7dddc2a88","packs/pf2e/feats/archetype/hellknight/level-16/branding-spell.json","faint private brand forms in casting focus. Brand target only after later spell failure."
"nkYBSuqCWcIgqjj0","Brandish Authority","action","2","18","class","themed","dread","void","1","43b8700a1a9348ceab42b0253ab9b1d87cbe8eb042a0c21cfb837681b59994d7","packs/pf2e/feats/archetype/archfiend/level-18/brandish-authority.json","Brandish Authority: fiendish display; no Strike now; none; source crown; nearby-fear."
"E25gWBCsDm3DbJdO","Brandishing Draw","action","1","2","class","symbolic","drawStrike","weapon","1","279aaf0d362b15541df6318ff98c49cfd694c6a390174acea50e2e7edb037996","packs/pf2e/feats/class/swashbuckler/level-2/brandishing-draw.json","drawing crescent continues into single contact. Only weapon drawn; finisher choice not inferred."
"YTZhLWtrEnV9Pjf2","Bravo's Determination","reaction","","8","class","themed","resolve","weapon","1","fe0f0f3a46637f606be6cb8b8a157e71f67d6104f20b739795fed0f7be295416","packs/pf2e/feats/archetype/firebrand-braggart/bravos-determination.json","Bravo's Determination: refuse death; no Strike now; none; source barrier; survival."
"AV9NkSLNvv0UcdcP","Breath of Hungry Death","action","2","16","class","symbolic","elementCone","acid","1","41b96ea87f0fbe249cb99201f978588a7bb69136cea2e1dc8aef56b3f5cf3c9c","packs/pf2e/feats/archetype/ghoul/breath-of-hungry-death.json","sickly gas cone spreads in thick layers. No unconditional paralysis, death, inhalation."
"7y8DKd24c7eqzJGV","Breath of the Dragon (Dragonblood)","action","2","1","ancestry","symbolic","elementCone","arcane","1","00b8fb49e78b8024b281ed2b244aa2e22718efa607d436bd38385bf491de6075","packs/pf2e/feats/ancestry/versatile-heritages/dragonblood/breath-of-the-dragon-dragonblood.json","ancestral throat glow opens into breath fan. Element and cone/line depend on exemplar."
"8aRa9VHoDKl9B1Z1","Brightness Seeker","reaction","","9","ancestry","symbolic","focus","arcane","1","270f0efaf84df74b33cd6862e768d900a3d97e44c9e8ff9f2082351200c15587","packs/pf2e/feats/ancestry/elf/level-9/brightness-seeker.json","slow omen constellation gathers overhead. Augury result and later reaction separate."
"KX79TV93yznyhhMJ","Bring Into the Fold","action","2","16","class","themed","preparation","mind","1","5e9c5940a21f8b4723d570df04a1a49a35dede87a6bec6856452bf70e35b35b8","packs/pf2e/feats/archetype/broken-chain/bring-into-the-fold.json","earnest voice ribbons form inviting circle. Ultimatum and changed attitude later conditional."
"1gAehVvstGY885kJ","Bristle","action","1","5","ancestry","symbolic","guard","weapon","1","38f8cc1aa71ffd227c116ddc18f956cff3dca579757868b540fe738eb2e7ffef","packs/pf2e/feats/ancestry/shisk/level-5/bristle.json","compact curl splays defensive spines. No outgoing quill attack."
"OIrBqz2nIdyu5NKR","Brutal Crush","action","1","4","class","themed","unarmed","mind","1","b7600467762f48d9c7a9a956ba7f1767db3958f69f71ff72ae5e8be4fafa53d1","packs/pf2e/feats/class/shared-class-feats/level-4/brutal-crush.json","Brutal Crush: force pummel; 1 visible contact (same-target); unarmed-bludgeoning; single contact; mental-stagger."
"tGXJU6yx7bYuyLvd","Brutal Finish","action","1","12","class","themed","heavyStrike","weapon","1","ca249d6efa57599abb6f28a1c3215fb1e77f8142dc100227069f209b5d940241","packs/pf2e/feats/class/fighter/level-12/brutal-finish.json","Brutal Finish: terminal windup; 1 visible contact (same-target); two-handed-melee; wide cleave; terminal-contact."
"gt9pvIicabSOe6pB","Brutish Shove","action","1","2","class","themed","strike","weapon","1","60e98eee5725a0087e5e4b18f9855310b55e9d02c51788ed688c92c66bc69dcd","packs/pf2e/feats/class/fighter/level-2/brutish-shove.json","Brutish Shove: heavy swing; 1 visible contact (same-target); two-handed-melee; horizontal; push, off-guard."
"tDWc2LQNl0Op1Auq","Buckler Dance","action","1","10","class","themed","stance","ward","1","6e71d985f69f5bcc88fecfca490a09ca3edbb5e69b4dea6549534dc36534834c","packs/pf2e/feats/class/swashbuckler/level-10/buckler-dance.json","small shield arcs rotate through defensive angles. No attack or document shield update."
"Yzw1v2JLRO0G59bz","Build the First Walls","action","3","9","ancestry","symbolic","groundCreation","earth","1","bcddc5f6d41397845dc79c0ff842136f056efc56824be428cd3dbabf89c3f20f","packs/pf2e/feats/ancestry/jotunborn/level-9/build-the-first-walls.json","upright dirt segments rise along chosen line. Visual wall only; placement requires location."
"Id6C7qTQ3EX4ui2o","Bullet and a Broadside","action","1","2","class","themed","firearm","weapon","1","938af90b8cda4db951dc128600a5816c07bb589ce4748d2ce60214db4d1a3e6f","packs/pf2e/feats/class/gunslinger/level-2/bullet-and-a-broadside.json","Bullet and a Broadside: siege signal; 2 visible contacts (same-target); siege-and-firearm; projectile; reload-option."
"5ZX4btrw5yjBr8IM","Bullet Dancer Reload","action","1","10","class","themed","firearm","weapon","1","9ee8aa314e9dce5fb0b2c5cf0586b508d950eef62c068da39936c60c76a7390b","packs/pf2e/feats/archetype/bullet-dancer/bullet-dancer-reload.json","Bullet Dancer Reload: kata; 1 visible contact (same-target); firearm; projectile; reload."
"vNIimhmP636VOP01","Bullet Split","action","1","8","class","themed","firearm","weapon","1","febf213389b3280237cfe041c71b7356a7189bb1c8cbd43ef4f16c929819ffd7","packs/pf2e/feats/class/gunslinger/level-8/bullet-split.json","Bullet Split: blade split; 2 visible contacts (different-targets); firearm; fork; split-contact."
"0XGLdVbEIISOOuuO","Bullseye","action","1","8","class","themed","focus","weapon","1","1d189432f66d0aa74c922b89966557192ec9361cc6f0cb5779dae1c758256aec","packs/pf2e/feats/class/rogue/level-8/bullseye.json","Bullseye: aim thrown; no Strike now; none; source focus; future-thrown-shot."
"fPTwCnKYesk1PvuI","Burn Identity","action","2","18","class","themed","teleport","teleport","1","e8c55992e9d2b9819870c4cc56368d1dbfe132eb31b07fe19ec080094667254c","packs/pf2e/feats/archetype/twilight-talon/level-18/burn-identity.json","appearance echo burns away into portal haze. No token relocation or guaranteed memory erasure."
"89pgMAnwGYbrJlWt","Burning Demand","action","2","12","class","themed","command","fire","1","ce6081421080f4963277b3156ff076f31aef6b1709d01ad58b88b3b3689b01a2","packs/pf2e/feats/class/kineticist/level-12/burning-demand.json","small target sigil pulses with voiced command. Ignition delayed and conditional; no flying bolt."
"vS3GSv6ndGmh8FXz","Burning Jet","action","2","1","class","themed","movement","fire","1","98b75bb3bc4c4842b837cd7287ca9ab62967f65e572487523c220cc1106e4bbb","packs/pf2e/feats/class/kineticist/level-1/burning-jet.json","rear flame exhaust drives cosmetic forward lean. No token relocation or free attack."
"bVng7Mkrj4UnQzLo","Burning Spell","action","1","6","class","themed","preparation","fire","1","7a61a6d0c7635aeaf7f03a2bce2bae4072b239a57f0491d5543d4a4fb9f128f9","packs/pf2e/feats/archetype/elementalist/burning-spell.json","embers bind the next casting focus. Later spell damage separate."
"jJuRyhcqXGP0GJQe","Burning Surge","reaction","","14","class","themed","elementTarget","arcane","1","541502fac8fe5babfe27c32ecc3f60e5e4f6f9f7052aeb225f266282dfef8a88","packs/pf2e/feats/archetype/wildspell/burning-surge.json","spellcaster-centered unstable magical flare. Damage element depends on triggering spell."
"G6aNxXTIJYIGeicK","Burrowing Shot","action","1","10","class","symbolic","ranged","weapon","1","61b91a7f85bd4cd9b675223891a951fb0aa1ed0df4444737d54aa1b617b915de","packs/pf2e/feats/archetype/munitions-master/burrowing-shot.json","mortar launch followed by concentrated ground punch. Area blast not a personal aura; exact landing selected."
"iLFGrBeG2yas8cxm","By Your Name","action","1","16","class","themed","rune","arcane","1","e1c1502664d331b8cc01f93183e21c2516ed05185224b1a0cb3c502d27d4f61d","packs/pf2e/feats/class/runesmith/level-16/by-your-name.json","name-shaped diacritic assembles in focus. Rune invocation and damage later separate."
"a9zzu4kb7vstq0HQ","Cadence Call","action","1","6","class","themed","command","sonic","1","051fa6f00166b54c1ea9fff7e1b04e97b12289287ab7b5896c0e2bcfe736cdc5","packs/pf2e/feats/archetype/marshal/cadence-call.json","short marching beats ripple outward to allies. No forced allied movement or guaranteed slow now."
"Cf0CDTZvGaYDAXUN","Calaca's Showstopper","action","2","13","ancestry","symbolic","performance","sonic","1","497b4bdd61f9747a4160afb6ce527aa4a791151ca517a71e84133f51ae3f0fbc","packs/pf2e/feats/ancestry/versatile-heritages/duskwalker/calacas-showstopper.json","instrument-breaking discord expands into sound burst. Save outcome conditional; auditory not mental projectile."
"kh0uz44otsdQlpIk","Calcifying Sand","reaction","","4","class","themed","guard","earth","1","d781f4ef12d9eea9deb9215bff5c8c8007af3eac31d74f1b63c689afcbdb681b","packs/pf2e/feats/class/kineticist/level-4/calcifying-sand.json","body crumbles to coarse grains and rebounds outward. Petrification conditional, not a guaranteed stone statue."
"JOq4Xe49A04YycRz","Call and Response","action","1","8","class","themed","preparation","sonic","1","4c047c4bdff7b53678b8cc71046a5b869ce3185d7737927adec039ba3d38e269","packs/pf2e/feats/class/bard/level-8/call-and-response.json","paired answer-ready note rings interlace. Later composition and ally response separate."
"24giyNqSjqrEnhN9","Call From Death's Door","reaction","","10","class","themed","restoration","healing","1","8be0341d3fce6aca47f88301f57814621ede9663e60f1120c45ec7a470f6b20e","packs/pf2e/feats/mythic/call-from-deaths-door.json","fading ally light rekindles with broad life pulse. Observed ally target; no attack."
"bPMYOiiqhrb098s6","Call Implement","action","1","2","class","symbolic","produce","teleport","1","26ec06abe7081e827e884f811d3aee93636c9e5cbacc55b866a61c2ad8a85fba","packs/pf2e/feats/class/thaumaturge/level-2/call-implement.json","small ownership tether collapses into free hand. Only implement, not caster teleport; contested conditional."
"3uuP1MYBdLAXE7VL","Call the First Tools","action","3","5","ancestry","symbolic","craft","arcane","1","01962325556a28d0c1364bcc1b86ee05d906f1b074621c414b4e220205cc6b90","packs/pf2e/feats/ancestry/jotunborn/level-5/call-the-first-tools.json","silk strands weave hand-held tool glint. No tool object creation or attack."
"syIPNelJTQSkErvu","Call the Hunt","action","1","12","class","symbolic","command","weapon","1","a306d3095914f8584da3128d6eb5703c02a8c82a11090c4eb0101e6e76c1259c","packs/pf2e/feats/archetype/vindicator/call-the-hunt.json","source tactical lines frame existing prey. Not a new Hunt Prey mark or immediate Strike."
"YUHSK1ivdT1nLJk3","Call the Hurricane","action","2","8","class","symbolic","elementAura","water","1","62761bb09711a3fcd772ae6e1e19522a0b7c5e1258ff8e4d92916c1621bde2ee","packs/pf2e/feats/class/kineticist/level-8/call-the-hurricane.json","concentric waves spiral around still eye. Push conditional; native area scale."
"8azOq906HL0pFqTc","Call the Swarm","action","3","17","ancestry","themed","groundCreation","shadow","1","241c2c5336099833d13030f5c8b83faf9a5c634898dfdf6f9ae685bb9d19238d","packs/pf2e/feats/ancestry/ratfolk/level-17/call-the-swarm.json","ground-hugging scurrying swarm fills remote burst. No caster movement; finite swarm visual approximation."
"5yV41pARitDoPUen","Call to Battle","reaction","","5","ancestry","symbolic","movement","weapon","1","55c678cdc4bd179d29a7fbaf02cc601a3b82b74ebb44f8b86b89b5cce3871e7d","packs/pf2e/feats/ancestry/versatile-heritages/nephilim/call-to-battle.json","fallen spirit echo straightens into standing stance. Stand cosmetic only; no attack."
"9j90iE61ZToFR8cu","Call Wizardly Tools","action","1","4","class","themed","produce","teleport","1","2b0846a01cde5d5a8f26199fb70192a04a8223a5fd4e67e165b6cd44b21359b3","packs/pf2e/feats/class/wizard/level-4/call-wizardly-tools.json","book-sized teleport mote lands at hand or feet. Only item teleports, no actor motion."
"Gdr4Nn2JqPOrk50B","Call Worm Spirit","action","2","10","class","themed","groundCreation","spirit","1","f209c9e3a0912e033e15831b41d0cb43255fcef4207356ad0148ccfa46349303","packs/pf2e/feats/archetype/worm-caller/call-worm-spirit.json","Call Worm Spirit: spirit maw; no Strike now; none; target burst; ground-maw, bind."
"b7KZ7Fg5u5z2gqvt","Called Shot","action","2","10","class","themed","ranged","weapon","1","319fa7e42760fde60f526bca97c06d35fef81898cbb5f6c6275d0f8a53b8d992","packs/pf2e/feats/class/gunslinger/level-10/called-shot.json","Called Shot: anatomical aim; 1 visible contact (same-target); ranged; projectile; chosen-anatomy."
"XJfUj2o4HdL5waZL","Can't Fall Here","reaction","","13","ancestry","themed","restoration","arcane","1","85f4fed59129a29892a0ae629899a53c3585d41b0e34993cbaa7ba02289b950f","packs/pf2e/feats/ancestry/hobgoblin/level-13/cant-fall-here.json","Can't Fall Here: ally catch; no Strike now; none; ally barrier; survival, temporary-hp."
"lIzsj8XlcL0tqQcm","Cannibalize Magic","action","2","13","ancestry","symbolic","absorb","healing","1","11476ddc99dda275c54925e61f40331aec71931e909d44601acf239e2d82187b","packs/pf2e/feats/ancestry/shared-ancestry-feats/level-13/cannibalize-magic.json","equipment sparkle drains into restoring body halo. Counteract conditional; no equipment mutation."
"pBlmJIHlSyt4zpHv","Cannonball Fall","action","1","8","class","themed","elementTarget","earth","1","177451928d93c84d8845e9373208f93c7495ec75cddaac8b6926b5ed0d7e43c0","packs/pf2e/feats/class/shared-class-feats/level-8/cannonball-fall.json","Cannonball Fall: body descent; no Strike now; none; descending; ground-shock."
"56HvICglqH7uR3AY","Cantorian Rejuvenation","action","2","9","ancestry","symbolic","restoration","vitality","1","3da6e3781db4d5efeb37f34eb3ebab9127f8edc3102c407a31840d2f182b943e","packs/pf2e/feats/ancestry/hobgoblin/level-9/cantorian-rejuvenation.json","blood-born vitality wells up in two renewing pulses. Healing and temporary protection; no target attack."
"Qc9MH7wT182qasSV","Cantorian Restoration","reaction","","17","ancestry","themed","restoration","vitality","1","819accdf7c46e78e7bf0554aeb14f47e53f5bc7f5e7a24f8cdca322a8d30e4c9","packs/pf2e/feats/ancestry/hobgoblin/level-17/cantorian-restoration.json","dying ally rekindles from a single blood-bright spark. Invalid against death effects or absent remains."
"nlXyh7828TgZIewv","Capture Magic","reaction","","8","class","themed","absorb","arcane","1","235f3ed8db7710c9ae48a1522ea0a97d7f3eb6f5b27826eb6a1bd4af4e00c8e4","packs/pf2e/feats/class/magus/level-8/capture-magic.json","resisted spell residue folds into cascade stance. No spell attack replay; damage type source-dependent."
"5lqVFVTA98M6E80o","Caretaker's Restoration","free","","1","ancestry","themed","craft","ward","1","4169fc740b0fb2f8be17a92965df012a76be83db3b1ac0076a2372e501b00ada","packs/pf2e/feats/ancestry/jotunborn/level-1/caretakers-restoration.json","broken held equipment seams knit with stewarding light. Repairs item rather than heals actor."
"lmAuoHPxzQdaSUmN","Cartwheel Dodge","reaction","","12","class","themed","movement","wind","1","175668b5bd32053d288f2fe92dfef9282b4f447d66ba79604a48203fb5b2f138","packs/pf2e/feats/archetype/provocator/cartwheel-dodge.json","lateral rotating echo rolls away from danger. No relocation; reaction follows successful save."
"YOU5eCD5S4cS6Qeu","Cascade Bearer's Flexibility","free","","6","class","themed","preparation","arcane","1","54f00ed3f1b7e7e24cba98e58f5eab91e9a84f71abd78e4e2fa84081f09b146d","packs/pf2e/feats/archetype/magaambyan-attendant/cascade-bearers-flexibility.json","branching spell diagram swivels into new arrangement. No new spell cast or granted effect activated."
"oiauCibmdgJ91kNI","Cascading Ray","action","1","10","class","themed","ray","arcane","1","c6df49de2372147d13812c73190f2f04ad8182c0082edb312fecdadcc112a95f","packs/pf2e/feats/class/magus/level-10/cascading-ray.json","spillover ray leaps from previously struck foe to new foe. Origin previous target, not caster; element source-dependent."
"lGCFVYjL9Lp5m9Ex","Cast Down","action","1","6","class","themed","preparation","healing","1","54b7c1e686527fc23a3cc9f4d032265a0a4686236d987b910154284677de8cb3","packs/pf2e/feats/class/cleric/level-6/cast-down.json","downward faith weight gathers under casting focus. No premature prone or extra damage."
"dVzPTpZoGSi5NR6y","Cast Out","action","2","6","class","symbolic","counteract","shadow","1","2d406af9147719099ce946cac55aea74fd938f2a0137dbc7a9ffa67eb6e197ff","packs/pf2e/feats/archetype/exorcist/cast-out.json","possession shadow peels outward from affected host. Counteract conditional; no unconditional expulsion."
"7qBuzHY8kEG8SdEP","Cat's Luck","free","","1","ancestry","symbolic","fortune","wind","1","39487cecba0ba31d556b0567ca33b1ef647a4ee286f2e310f7f2eb9dec328ef8","packs/pf2e/feats/ancestry/catfolk/level-1/cats-luck.json","catlike sideways twist reopens a failed reflex path. Reroll only; no teleport or guaranteed success."
"Qvz6pGnwWfh4tZGC","Catch and Kill","reaction","","12","class","themed","strike","weapon","1","b4bb99d17e32ab018b459b7ff0c64dc8497bc4ec507b7b47e2d6e03e2c9ebb35","packs/pf2e/feats/archetype/venture-gossip/catch-and-kill.json","Catch and Kill: counter hook; 1 visible contact (same-target); melee; hook; bind, slow."
"ACXWB7a38ETc32Qj","Catchy Tune","action","1","5","ancestry","symbolic","performance","sonic","1","7335393512d159d5db625bcc485cfef50aca2313bad49cd3a3ae0281fd0f1c44","packs/pf2e/feats/ancestry/sprite/level-5/catchy-tune.json","catchy beat loops outward with alternating dancing accents. Degree-dependent; no forced document movement."
"nePEcAp7lTL35uyx","Caterwaul","reaction","","13","ancestry","symbolic","targetSupport","sonic","1","8318b1d7063f40a7fafe9cfc64e09bb1b78705212c86620fc9399bfb1f1ef419","packs/pf2e/feats/ancestry/catfolk/level-13/caterwaul.json","urgent yowl wave catches ally before fading. Remains at one HP; not broad healing."
"Iqv8qj7ym63YjexN","Catfolk Dance","action","1","1","ancestry","symbolic","movement","weapon","1","dcf39ffbb7e92a8254d8fb8c3d23748f9489c00e513a08b6b22778917057bc24","packs/pf2e/feats/ancestry/catfolk/level-1/catfolk-dance.json","blocking footwork weaves across adjacent foe focus. Check conditional; no attack contact."
"9p4oFIn791VAmzUn","Cauterize","action","1","6","class","themed","firearm","weapon","1","547d16e8277f98494df4abee7e150f394a0c39e31303b7cd20a3093983287f22","packs/pf2e/feats/class/gunslinger/level-6/cauterize.json","Cauterize: searing barrel; 1 visible contact (same-target); firearm; projectile; wound-care."
"2i6sEZ4rQm1Pd5nD","Cautious Word","free","","12","class","themed","guard","ward","1","ec24611735c710bbab0092276c1007f09a3236553999a8d549d1e0758e3ca705","packs/pf2e/feats/archetype/magaambyan-attendant/cautious-word.json","spoken syllable snaps into renewed shield plane. Defense source only; slow consequence separate."
"Vab3XIirjs3KQh3t","Cavalier's Charge","action","2","4","class","themed","charge","weapon","1","eb8697a0999a6c58b57759c0debceefc5ac2c5313291fb9cfebe250307ec1215","packs/pf2e/feats/archetype/cavalier/level-4/cavaliers-charge.json","Cavalier's Charge: mounted sprint; 1 visible contact (same-target); melee-or-ranged; forward; mounted-afterimage."
"zWbPmIQfv9VTYwwH","Celestial Cacophony","action","3","12","class","symbolic","elementCone","fire","1","a2ec9ef41eb1557bb43b0588fb9a7d8d67af23b375cd56ea5418fb5fa1162c9b","packs/pf2e/feats/class/inventor/level-12/celestial-cacophony.json","firework pellets sizzle across low cone with sound rings. Ground cone; unstable alternative separate."
"11mW5dOCpwROjyV9","Cellular Reconstruction","reaction","","12","class","symbolic","restoration","healing","1","b10240793c7ee56330f6da799dbe3afa670317053eb984e7b7fdf60e86bc7ac8","packs/pf2e/feats/archetype/ostilli-host/cellular-reconstruction.json","internal cellular lattice expands through three recovery beats. Later round healing not replayed immediately."
"oP7xcBm4BfctDMHW","Cenotaph Stance","action","1","20","class","themed","stance","ward","1","1497814551428d9f83c43aa5167e9d41490d86c2c5dd0a0bc5a0d6024a836f21","packs/pf2e/feats/archetype/lastwall-sentry/cenotaph-stance.json","immovable shield field plants at source feet. No automatic ally block; moving ends stance."
"VSINzKESKAw2zA20","Ceremony of Protection","action","1","1","ancestry","symbolic","guard","plant","1","ca5234eb52d2d819cbea38b9cfdf5c73f641d3d6f7051fff6e770b3e52f5d043","packs/pf2e/feats/ancestry/conrasu/level-1/ceremony-of-protection.json","overlapping shell plates close around silhouette. Physical exoskeleton, not spell cast."
"h5DzKmKDADGhvmF9","Certain Strike","action","1","10","class","themed","strike","weapon","1","62832fda82771b690361843f7ea2d81f1c7d29f1647b44403ea3e7338fdc46be","packs/pf2e/feats/class/fighter/level-10/certain-strike.json","Certain Strike: controlled follow through; 1 visible contact (same-target); melee; glancing; scrape."
"TubRPkKaPuqAlryS","Chain Infusion","action","1","10","class","symbolic","preparation","arcane","1","311a3a87fa64bbf6a8533b596e4b72e8427f71533e507404cfc79e48611c4e5b","packs/pf2e/feats/class/kineticist/level-10/chain-infusion.json","branch-ready elemental beads connect in casting focus. Actual hit-dependent chain belongs to next blast."
"AhrwKAPb1LyRxpG4","Chain of Words","action","2","10","class","symbolic","lineCue","force","1","29a5cec381133a3ff2bf8b9857e45e16a9fb32a5658d10c8e3065fa5652e447e","packs/pf2e/feats/class/runesmith/level-10/chain-of-words.json","glowing script links two rune endpoints. Rune-to-rune origin; no caster fan-out; immobilization conditional."
"nPwzElPvV29eM5as","Chain Reaction","action","3","12","class","themed","firearm","weapon","1","4deccc66cd15db73436b366514ca6997c16fb6bedb6bfdb346d5bc6fdd94b4e4","packs/pf2e/feats/archetype/unexpected-sharpshooter/chain-reaction.json","Chain Reaction: improbable shot; one contact per selected target; firearm; chain; environmental-chain."
"bvyCaOChX3lwKUn8","Challenge Insight","reaction","","8","class","symbolic","counteract","mind","1","3e9443f179f8377ebe38302852e6db132350759fcd17be8c3ce1b8625dcfef99","packs/pf2e/feats/archetype/palatine-detective/challenge-insight.json","spoken contradiction disrupts enemy casting halo. Counteract conditional; no guaranteed stupefy."
"uiNRrdnJe0GOzy6Q","Chance Death","reaction","","1","ancestry","symbolic","fortune","shadow","1","147a94fd78a4e7df193840b112e2ff5e20ea3edaafd45681df5fc86fb3985fe0","packs/pf2e/feats/ancestry/versatile-heritages/duskwalker/chance-death.json","failing life thread rewinds into second chance. Reroll may still fail; no resurrection promise."
"3MzFYTfhoSV6894n","Channel Divine Spark","action","1","14","class","themed","guard","spirit","1","928197cc4ebd8659463ffa48653684198bf3458407a921ad1b8338a2cd5fc44b","packs/pf2e/feats/archetype/ascended-celestial/level-14/channel-divine-spark.json","Channel Divine Spark: nimbus gather; no Strike now; none; source halo; divine-nimbus, future-actions."
"o5q9FBrPsAYqEl5w","Channel Smite","action","2","4","class","themed","smite","spirit","1","41e825dc0e365bee4426e09e9690cd34a921e73276edb056e38e05dd986d5307","packs/pf2e/feats/class/cleric/level-4/channel-smite.json","Channel Smite: divine channel; 1 visible contact (same-target); melee; single contact; chosen-vitality-or-void."
"DYFOlJlMoDuHjrZx","Channel the Godmind","action","2","17","ancestry","themed","focus","mind","1","e582f47f25e37e57bb66c4948d4210a23e4ac5fb888a6624c9d425d92db0dff6","packs/pf2e/feats/ancestry/versatile-heritages/nephilim/channel-the-godmind.json","ordered axiom lattice scans surrounding space. Sight enhancement, not stealth or invisibility."
"vgR68JyGFRCcTSew","Channeled Protection","action","1","4","class","themed","targetSupport","ward","1","e4ae27968592fe5f5fff4f467c159699ce25de5b6be09634481deceeabfa7af7","packs/pf2e/feats/class/animist/level-4/channeled-protection.json","apparition residue spreads to adjacent friendly shields. Source and adjacent allies, not enemies."
"oLE64eHT9sB82lTP","Channeler's Stance","action","1","1","class","themed","stance","arcane","1","a9f1b8392172a362e28ecdb8d5e5017e42374bdaea6fa8f033409c8fb7296aa7","packs/pf2e/feats/class/animist/level-1/channelers-stance.json","open spiritual channel streams steadily through body. Later healing and damage separate."
"5uny1fH9ybbO6ytR","Chaotic Spell","action","1","8","class","themed","preparation","arcane","1","cc362044603d470b6549661116a85d68351ff5d95881d59b779c562249ffccfa","packs/pf2e/feats/class/shared-class-feats/level-8/chaotic-spell.json","unsettled elemental fragments tumble around spell focus. Next spell random type; no preselected sonic attack."
"DkoxNw9tsFFXrfJY","Charmed Life","reaction","","2","class","symbolic","fortune","arcane","1","85e7c0484d45f40e1134d642b14fd796f038da5ab46b2182037b5fa9f58507d5","packs/pf2e/feats/class/swashbuckler/level-2/charmed-life.json","danger-facing lucky glint resolves before defensive roll. Bonus only; panache conditional."
"zsWIZQeVhIihNw6M","Charred Remains","free","","9","ancestry","themed","preparation","fire","1","8b581326d9312c6fe5e6e2a6810c1bf3ce14ceaf95bc2e8978622ee78d2efdb1","packs/pf2e/feats/ancestry/versatile-heritages/naari/charred-remains.json","casting focus sheds low ember trail. Future area spell leaves terrain; no immediate terrain."
"m8g005RYjH7BAoyT","Chastise","action","2","16","class","themed","dread","spirit","1","766e41a6fba4439f6fed832be58c179209802459c47f910d52284dbe4646c33d","packs/pf2e/feats/archetype/mortal-herald/chastise.json","Chastise: divine word; no Strike now; none; target curse; persistent-spirit."
"D2KSVHPRlBEibrV8","Cheat Death","reaction","","12","class","symbolic","resolve","shadow","1","88002567a679ac47ee5c0c5475074393c6ae99b06dadc9399e91a0077b7b1517","packs/pf2e/feats/class/swashbuckler/level-12/cheat-death.json","near-extinguished silhouette catches on thin life filament. No broad HP healing; doomed cost remains."
"qFR5OddDBmhZe6nl","Chemical Purification","free","","4","class","themed","craft","vitality","1","36a4d4c764e28fd9b97e0307457c77fba76ce610941f7a518bd04f279b9ca2b9","packs/pf2e/feats/class/alchemist/level-4/chemical-purification.json","reagent swirl consecrates newly mixed bomb. Preparation not flight despite incidental on-the-fly wording."
"RlFZ648UR0Q0YECL","Chromotherapy","action","2","2","skill","symbolic","targetSupport","healing","1","42d32440e9c89a72654a4e91df770670592b5b99963e2e506c45a9a91048dbbc","packs/pf2e/feats/skill/level-2/chromotherapy.json","colored lamp beam bathes ally in recovery light. Assisted recovery conditional; choose correct recovery color."
"M8jbV0il124Ve5oV","Circle of Spirits","action","1","1","class","symbolic","focus","shadow","1","4d7b0fab766ca16de09465230dcfa1a1aeeed45b4d673efa0d85a99f79be59b2","packs/pf2e/feats/class/animist/level-1/circle-of-spirits.json","one attendant spirit dims as another brightens. No summon or additional focus restoration."
"X7wFUWjYjYhzpejU","Clan's Edge","action","2","1","ancestry","themed","doubleStrike","ward","1","8f8c7058097fb454245958dcce3f72211f498b1d27f448980b7ff0477bc4208b","packs/pf2e/feats/ancestry/dwarf/level-1/clans-edge.json","Clan's Edge: dagger split; 2 visible contacts (different-targets); dagger; opposing pair; source-parry."
"xaYEUVetHiRgmVhd","Clang!","reaction","","16","class","themed","movement","weapon","1","5fdcffc5b6ec66021c4b699584149b5d414e87e20582a19e52da6d3185df0828","packs/pf2e/feats/class/guardian/level-16/clang.json","armor glint rebounds into aggressive advance echo. Alternative actions; do not automatically depict both."
"R2rDg7sYfinBDKxs","Clashing Compound Invocation","action","1","10","class","symbolic","rune","arcane","1","2731d0c0d0bdbda92d096abeaece46ebc3911562909869f2579ee79f4cc000c6","packs/pf2e/feats/class/runesmith/level-10/clashing-compound-invocation.json","opposed rune waves collide into disharmonic target pulse. Sickened degree conditional; no invented damage."
"EOLcbk2ennj55eAS","Claw and Talon Flow","action","1","12","class","themed","unarmed","weapon","1","279997952b8f9f6fa306dd9642bc0512200eb13dab770051fe4a2ec294a886fe","packs/pf2e/feats/archetype/clawdancer/claw-and-talon-flow.json","Claw and Talon Flow: stance change; 1 visible contact (same-target); claw; claw rake; talon-stance."
"H318YDsDaFomRrjn","Claw Snag","reaction","","4","class","themed","unarmed","weapon","1","d711eadb7f93f715e2ab07a79eebe7d058f6e5b93ee166f8ae99a04acd71634e","packs/pf2e/feats/archetype/clawdancer/claw-snag.json","Claw Snag: held counter; 1 visible contact (same-target); claw; hook; stance-shift."
"d26S1yVaOlNgayuX","Clean Take","reaction","","6","class","symbolic","fortune","sonic","1","0116d0c3b0fac585b772f5b2300f32fad4b807a6797e6280e708a00c4c4ebdb3","packs/pf2e/feats/archetype/kitharodian-actor/clean-take.json","performed mask dissolves and reforms for second take. Reroll only; no mental attack."
"gXAAJCnjfCDK7YV2","Cleansing Light","action","2","17","ancestry","symbolic","restoration","light","1","9340d80eaa9a0a33fd9faab1cad58e9374329e42b4b06804cbbe4840a66a6ca5","packs/pf2e/feats/ancestry/kashrishi/level-17/cleansing-light.json","horn light fans through allies and dazzles enemy-facing edge. Restoration and enemy dazzle; no damaging projectile."
"f5P6TYwCnf56iwX7","Cleansing Spell","action","1","16","class","themed","preparation","healing","1","698970ce69d5122eed6d493913c132bde3ec9756ade67b23153b01d111cb4dce","packs/pf2e/feats/archetype/ascended-celestial/level-16/cleansing-spell.json","celestial cleansing motes gather around healing focus. Target healing/counteract later."
"4DbkL74DuVbMcYuG","Clear as Air","action","2","6","class","themed","concealment","wind","1","f99fab000416b535340adbf986b97fde32d0caf2ab256ff6ca73cac62488b679","packs/pf2e/feats/class/kineticist/level-6/clear-as-air.json","compressed air layers refract source silhouette. No movement; repeated use only conceals."
"goFxIDlbWd8GN0kj","Clear the Way","action","2","6","class","themed","clearWay","weapon","1","f39187c159b0289f571966b080e4e1fe236ecca1d9e68289ae3faed5a7e999fa","packs/pf2e/feats/archetype/mauler/clear-the-way.json","Clear the Way: wide sweep; 5 visible contacts (different-targets); melee; wide sweep; push, movement-option."
"GE96a0UGPYM74qjI","Cleave","reaction","","6","class","themed","strike","weapon","1","00b1bf54639fe00e834b7c3ad268e3feb5363d26153c776f683b9233466fc3f5","packs/pf2e/feats/class/barbarian/level-6/cleave.json","Cleave: carry through; 1 visible contact (same-target); melee; wide cleave; new-target."
"D1o7GUraoFFzjaub","Clever Gambit","reaction","","2","class","themed","movement","wind","1","e2ef6ebe876910e079eb2ade9baa0a5fd47b753209eda024cc9f11c56d5d8765","packs/pf2e/feats/class/rogue/level-2/clever-gambit.json","informed lateral exit follows existing critical contact. No extra Strike; movement cosmetic."
"74PGpEAVNS5xUDA3","Clinch Strike","reaction","","6","class","themed","unarmed","weapon","1","4624eb1ac6f531b64cf0b5ada5ce66adfce7556668c05197155c30784dd02864","packs/pf2e/feats/archetype/wrestler/clinch-strike.json","Clinch Strike: grip break counter; 1 visible contact (same-target); unarmed; punch."
"SiedJ6hnDLEGeeBj","Cling","action","1","9","ancestry","symbolic","targetSupport","weapon","1","aecb63db16078e919a653c235461318734f77df7f21755cfcad00236a54ce299","packs/pf2e/feats/ancestry/goblin/level-9/cling.json","short hand-level tether grips adjacent foe. No repeat Strike; not allied support; target attachment conditional."
"vAGs7shxc8vhySpI","Clinging to Life","free","","13","ancestry","symbolic","resolve","shadow","1","fb22b5d206fcd0d348bd0563fd6a44af44b56816de4115fcc7ee3d8ef83d48b5","packs/pf2e/feats/miscellaneous/reincarnated/clinging-to-life.json","one life ember persists beneath lowered ghost silhouette. Still prone and unconscious; no standing triumph."
"fnMT0AsZXFW9Ppyp","Cloak of Poison","action","2","13","ancestry","themed","stance","poison","1","9eef8f44210bb662b995e43d3ab825c6717f1d5616435302c8b0f37ae566da7d","packs/pf2e/feats/ancestry/leshy/level-13/cloak-of-poison.json","toxic secretion coats outer body edge. Reactive contact damage later, not target attack now."
"nV9ykcwI4lSmD2PV","Clobber","action","2","16","class","themed","heavyStrike","weapon","1","dd0d97b0a8619d29ec5397d2a23936c185b27d749765c108b804c8739df1675d","packs/pf2e/feats/class/guardian/level-16/clobber.json","Clobber: weighty swing; 1 visible contact (same-target); melee; single contact; push, ground."
"dxUbA1dUEcVHnU5s","Clockwork Celerity","free","","6","class","themed","time","weapon","1","6dc673bc3349e76bd414140f0419f05446b22bf0caccc7d892af0e6408a44a37","packs/pf2e/feats/class/inventor/level-6/clockwork-celerity.json","Clockwork Celerity: quicken source; no Strike now; none; source echo; future-action."
"xCbvXyWZ7JyUtN2N","Close Contract","action","1","10","class","symbolic","resolve","arcane","1","f804c6ea7ad70856fc210130201d68fde817fc07d8185cb69a64b55aefd05d42","packs/pf2e/feats/archetype/blackjacket/close-contract.json","completed planning lines close into reassuring seal. Temporary HP only; no healing or attack."
"xQuNswWB3eg1UM28","Cobra Envenom","action","1","10","class","themed","unarmed","poison","1","13ee549cb0c2ddb39ae2351e9328a3792a770f91384cf2abaefd9ecc649a7886","packs/pf2e/feats/class/monk/level-10/cobra-envenom.json","Cobra Envenom: fang extension; 1 visible contact (same-target); fang; narrow thrust; poison."
"AkV4Jyllo6nlK2Sl","Cobra Stance","action","1","4","class","themed","stance","poison","1","638203ba33806864d8b4adf2b6069d85080d316d5f37cf74c54d534974c61b0e","packs/pf2e/feats/class/monk/level-4/cobra-stance.json","tight coiled defense frames fang-poised hands. No immediate fang Strike."
"VNVsyOQzsyfBnclH","Coerce the Current","action","2","9","ancestry","symbolic","lineCue","water","1","326206068387ccb1919daaaa444138e2e40cf11d0b33c0a35400e27a27d6603f","packs/pf2e/feats/ancestry/athamaru/level-9/coerce-the-current.json","underwater directional current sweeps along line. Save-dependent push or pull; no forced token movement."
"wPJFEUOXwf7y5jN3","Cognitive Loophole","reaction","","16","class","symbolic","resolve","mind","1","650c8f9d1ec81651edab5c26f269a849c8d0fd4a9cd3df2f7e2786855340cc6b","packs/pf2e/feats/class/rogue/level-16/cognitive-loophole.json","mental constraint ring opens through small deliberate gap. Suppresses one effect temporarily; not counteract cure."
"TtlbpGchHOoWc4HN","Collapse","reaction","","1","ancestry","themed","form","weapon","1","76031ae09745c09d550acf829be9fb3ac5b8f51e54a99af9a1fdad27e02dad23","packs/pf2e/feats/ancestry/skeleton/level-1/collapse.json","skeletal outline disassembles downward into bone heap. No automatic Stand or outgoing attack."
"DFusBl7CyNkuDTRa","Collapse Armor","action","1","2","class","symbolic","form","weapon","1","6adad84a8f569dd1c490d1785ff03a44751123b67e4e51b1ae0caeb5edb68c4a","packs/pf2e/feats/class/inventor/level-2/collapse-armor.json","articulated armor folds into compact belt-sized shape. Don/doff alternatives; no armor item mutation."
"wKFQreilUASJkKzV","Collapse Construct","action","1","2","class","symbolic","form","weapon","1","898cb4690396f9ff0198ae1625c3d6f03e99ed1d57b6b05d563f63b8584e3898","packs/pf2e/feats/class/inventor/level-2/collapse-construct.json","construct silhouette folds along mechanical joints. Target companion, not caster polymorph."
"n1t6foOyrN48OVPK","Collapse Wall","reaction","","12","class","themed","groundCreation","earth","1","924c40bf0b1d7b7e6e47a4ca1e7fdd35dfa8319fe534962abf1eea8743cdfce2","packs/pf2e/feats/archetype/demolitionist/collapse-wall.json","placed explosive flash releases falling wall rubble. Conditional structural break and save; no bomb flight."
"JBfJSrPlfH4Dwp6k","Collateral Reinforcement","action","1","6","class","themed","targetSupport","shadow","1","67f2a2fb536df24ceb14756e299f36af6c4e067ea655f6fbdda0e46124bb7896","packs/pf2e/feats/class/necromancer/level-6/collateral-reinforcement.json","bony layers and ghost phasing reinforce thrall edges. Thrall defense, not caster shield."
"5FyvwI24mnROzh61","Combat Assessment","action","1","1","class","themed","strike","weapon","1","cae2762ae3d627bfef9b81404075f9dca1f72271c6211a7125e91028d4af3402","packs/pf2e/feats/class/shared-class-feats/level-1/combat-assessment.json","Combat Assessment: telegraphed probe; 1 visible contact (same-target); melee; single contact; study."
"dF1HR6TqyMz03o6F","Combat Grab","action","1","2","class","signature","bindStrike","weapon","1","587d480cadb36e80792c6581842b68f637bb71f5be46107129e16ff2daf8c4f3","packs/pf2e/feats/class/fighter/level-2/combat-grab.json","Combat Grab: open hand; 1 visible contact (same-target); melee; single contact; grapple-bind."
"kqW6d3Dfk4nApd7y","Combat Reading","action","1","4","class","themed","focus","mind","1","7d9c4e52dcad97f80d3ff7f4d6394d2f2013912854f3f80592530d6cc0c01c08","packs/pf2e/feats/class/bard/level-4/combat-reading.json","cold-reading scan traces enemy aura strengths. Secret check may give false information; not stealth."
"rR8cnLpOqgSOgxLq","Combined Form","reaction","","13","ancestry","themed","form","transform","1","198eeb4b0070ae2b61832f0228283fc5c7b1ce5614b8f65e8b9eb9f1514ce10e","packs/pf2e/feats/ancestry/tanuki/level-13/combined-form.json","source echo converges into enlarged ally silhouette. No actual relocation or actor merge; source and ally linked."
"Z9gzWFk3qom2z904","Come and Get Me","action","1","10","class","symbolic","resolve","weapon","1","7ef519f74fa5b001b0f87acf0f01f693e8bb1650becb54e178e9dc0f5f0fbe2c","packs/pf2e/feats/class/barbarian/level-10/come-and-get-me.json","open-chested taunt widens aggressive source outline. Later counterhit/temporary HP conditional, not immediate."
"84gsfJtTe5tpJQKa","Come In From the Wilderness","action","2","10","class","symbolic","targetSupport","earth","1","b4f58c302688a97dfa23a351b7cb0bad44f0baab3d5cde91c5631cd1f8fe7889","packs/pf2e/feats/archetype/world-rouser/level-10/come-in-from-the-wilderness.json","earth cocoon swaddles ally and settles at ground. Healing emerges next turn; no immediate forced displacement."
"MMaUL7r99DY7nvds","Comforting Presence","reaction","","10","skill","themed","absorb","mind","1","8d21140032663c8376d8a59ef10b1f001870705566a6fcf0f3716b5f2bd7bb53","packs/pf2e/feats/skill/level-10/comforting-presence.json","Comforting Presence: ally calm; no Strike now; none; inward transfer; fear-clear, source-emotion."
"N0gJ4Q69nslbdXHg","Command Attention","action","1","10","class","themed","command","mind","1","45b39c4660453fea7d99fc719e186c2da22dd2e6ca7d56ce2e5221fa326bbdd9","packs/pf2e/feats/archetype/celebrity/command-attention.json","spotlight-like attention halo centers all gaze on source. Distraction, not caster stealth or target mind damage."
"7G773pjnePFgnYxw","Command Elemental","action","2","4","class","themed","command","arcane","1","d9d03caef4d37bab7b87c5145b7c5ce1d41f1953d77ccc22dd902dedfccbdb44","packs/pf2e/feats/class/kineticist/level-4/command-elemental.json","elemental animating filaments bend around command seal. Control or slow conditional; no actual control mutation."
"xYakFeP6olBsxpZN","Command Undead","action","1","4","class","themed","preparation","shadow","1","6554c6145c120dd6efa160503195213eb922b0ff1c3d70b20cdc705a84da2a76","packs/pf2e/feats/class/cleric/level-4/command-undead.json","necromantic command sigil prepares altered harm focus. Next Harm transforms effects; no immediate damage/control."
"TMwqXqqggiblvEGZ","Commitment to Equality","action","2","4","skill","themed","targetSupport","mind","1","b366bb4b36a988c5ef6c1df90c7502961435490c14becabb3dd255c46614f5d1","packs/pf2e/feats/archetype/eagle-knight/commitment-to-equality.json","Commitment to Equality: diplomatic appeal; no Strike now; none; ally halo; condition-clear."
"OMiIO6BzaXZTKjTt","Commitment to Justice","action","1","6","class","themed","strike","weapon","1","d9b3cd91f379c80aae12d4cabe40f181c60b67714cd7c0bc370234a21a2faec2","packs/pf2e/feats/archetype/eagle-knight/commitment-to-justice.json","Commitment to Justice: retributive counter; 1 visible contact (same-target); melee; counter thrust; resolve."
"97twoPOGsPa7pnWu","Commitment to Liberty","action","2","6","class","themed","strike","weapon","1","09811b8385c9beac5d5004c54b2d206e71145eb307daabb5d24d2d4998b8b857","packs/pf2e/feats/archetype/eagle-knight/commitment-to-liberty.json","Commitment to Liberty: free ally; 1 visible contact (same-target); melee; single contact; ally-bind-break."
"gCUJYnWPQ9VM8eXk","Commitment to Protection","action","1","6","skill","symbolic","targetSupport","ward","1","6750618b69ab5f802ce07200aa6c0062b57dcf79cf813d58ca1b32278762397d","packs/pf2e/feats/archetype/golden-legionnaire/level-6/commitment-to-protection.json","tactical danger vector becomes ally-facing guard angle. Check may impose penalty; no guaranteed protection."
"LuVFotZD7ifyUROq","Commitment to Valor","reaction","","8","class","themed","resolve","fear","1","e481e9a48b9fd2774ed75fa7f785ff28aa1a2b6e117e1ac4002c980d5a5ba815","packs/pf2e/feats/archetype/golden-legionnaire/level-8/commitment-to-valor.json","Commitment to Valor: calm source; no Strike now; none; source halo; fear-clear."
"hlujiz5xxb50jqeL","Commitment to Vigilance","action","1","14","class","themed","stance","weapon","1","4da1f7735db6d53f7ea17f34a513b182d4b740cb84263574304f48c9f94f1d88","packs/pf2e/feats/archetype/golden-legionnaire/level-14/commitment-to-vigilance.json","alert reach markers trace guarded perimeter. Difficult terrain cue only; no attack."
"a2wXdQHiIoj3lHoe","Communal Sustain","action","1","12","class","symbolic","targetSupport","arcane","1","8a96d8cdb6fdd54b0f9cbbe3b280ba26067a6f40f17428e8205b4908415410aa","packs/pf2e/feats/archetype/spellmaster/communal-sustain.json","source support filament stabilizes ally casting ring. Ally Sustain begins next turn; no extra cast."
"d8SK0BQmTZiJ0VT7","Community Knowledge","reaction","","1","ancestry","symbolic","focus","mind","1","05ef7e233d72481da2177c44d99a4f48227f45ecfb49b0f42613a5694a26cb49","packs/pf2e/feats/ancestry/kashrishi/level-1/community-knowledge.json","ancestral faces echo into focused skill point. Bonus to triggering check; no guaranteed knowledge."
"XUzuDFiQwYqL1dWc","Complete the Hero's Journey","action","1","14","class","themed","restoration","healing","1","376f57ba9dee9ae3df0b294befa1cb037dda2fc5460a731bfd3ccf4d00667ce9","packs/pf2e/feats/class/exemplar/level-14/complete-the-heros-journey.json","three ikon lights culminate in wide divine wave. Heal or Harm choice; do not automatically portray both."
"sIeuPW0j39fTZm08","Conceal Spell","action","1","2","class","themed","preparation","shadow","1","fa1171df10d9bb44791d92200accdee45bc90b1cf2d2f69441bf4e2ed412c286","packs/pf2e/feats/class/shared-class-feats/level-2/conceal-spell.json","casting marks contract into nearly invisible pinpoints. Subtle preparation; do not add conspicuous casting explosion."
"BmngPSf3ZrzcmXcW","Conductive Sphere","action","2","8","class","themed","groundCreation","electricity","1","6b015fac7d5375f977321ffe56e7e5027828471f748da766fda558e57824ebe5","packs/pf2e/feats/class/kineticist/level-8/conductive-sphere.json","small floating metal orb arcs around its perimeter. Initial fly or adjacent damage choice; no automatic attack."
"q2SlRECDwGBtlMl9","Conductor's Redirection","reaction","","5","ancestry","themed","elementBolt","electricity","1","bf96c644b5b5f5d078329ece744a4ad04a375186f0c9501f8d025f650d0cffa8","packs/pf2e/feats/ancestry/versatile-heritages/talos/conductors-redirection.json","electric charge passes through source into close target. Source still takes damage; target save conditional."
"iwBUJ08g0NJ2Emdl","Conduit of Void and Vitality","action","2","16","class","themed","restoration","healing","1","3a3ede1994925af6aa1a44aff42d083815e944c0cc49b89fb080339ebc4227d3","packs/pf2e/feats/class/oracle/level-16/conduit-of-void-and-vitality.json","unstable curse threads weave broad divine pulse. Heal/Harm choice with conditional extra target effect."
"ABPDBNWvhJRWB86m","Confusing Commands","action","2","16","class","symbolic","command","mind","1","6cce22f4a38743a2532f664fdece71238b644ae182438c8e6fa82a94e47996a7","packs/pf2e/feats/class/commander/level-16/confusing-commands.json","misleading authoritative voice waves overlap from banner. Enemy confusion save conditional."
"hEcKcvcrnL7olmsc","Conjure Hell","action","2","12","class","themed","groundCreation","fire","1","1cc6cc400e6e84cfc59900b65bbb42ab1545220894b8e1e3950d8db621fb2bbb","packs/pf2e/feats/archetype/hellknight/level-12/conjure-hell.json","remote infernal burst opens under fiery soul wisps. Remote burst, not flying bolt; spirit burn conditional."
"gwIgB6bMh0sruyX7","Connect the Dots","action","2","6","class","themed","focus","weapon","1","40e37a1bd7ba83fa71c705140018f86b9cd4ab033fa1ab1fcf94b77f89b60cf6","packs/pf2e/feats/class/investigator/level-6/connect-the-dots.json","Connect the Dots: study pair; no Strike now; none; ally focus; future-ally-shot."
"JQs2O2TTgKWXgJgZ","Consecrate Spell","action","1","10","class","themed","preparation","vitality","1","1ded8048c960c55b40138b1b2d7b2c377c216e700fe0a70b1f999903fefb9b66","packs/pf2e/feats/class/shared-class-feats/level-10/consecrate-spell.json","faith halo consecrates a focused spell charge. Next undead-targeted spell separate."
"qV6EuOI3UJYIL6xa","Consolidated Overlay Panopticon","action","1","4","class","symbolic","focus","arcane","1","554fdf7ce3fb55e55cd3cf4e160149e4f2923406ed6cbaf7118426537d64dc0a","packs/pf2e/feats/archetype/shieldmarshal/consolidated-overlay-panopticon.json","clockwork ocular grid sweeps environmental lines. Sight bonus, no attack or magic projectile."
"si8FGX2ZRxetdVHp","Constricting Hold","action","1","8","class","symbolic","bind","weapon","1","70584a03146a1214025d022b2d62b8f2db03a661fe15c10b3cd52565ee34a36e","packs/pf2e/feats/class/summoner/level-8/constricting-hold.json","existing eidolon grip tightens inward at victim. Eidolon origin; save conditional, not caster grapple."
"9Jbl71C5C6MnOqxV","Consume Energy","reaction","","2","class","themed","absorb","arcane","1","0e9d6305c236c156013dd3222319c890694b1372eafd977e0a3f87f400bbc0b0","packs/pf2e/feats/miscellaneous/deviant/consume-energy.json","hostile element curls into body reservoir. Counteract conditional; awakening later attacks separate."
"Q6UONcwTlZL4F8Fw","Consume Magic","reaction","","9","ancestry","themed","absorb","arcane","1","29f3966fa6f1fd7ee981d25ba3b6b3b3c8a78794e4a613873f236e319f733303","packs/pf2e/feats/ancestry/surki/level-9/consume-magic.json","incoming area magic sinks into source with unsettled residue. Counteract conditional; does not heal actor."
"2pJhI6FL9hvXhXUZ","Consume Power","reaction","","6","class","themed","absorb","metal","1","2cf86bc4b2ef675f6997d43a3ec6af6d86581758dd1cb699128bbce2154b6ae5","packs/pf2e/feats/class/kineticist/level-6/consume-power.json","metal gate catches incoming elemental sparks. Later metal impulse boost separate."
"ad5MsrMMu721NH59","Contagious Spell","action","1","18","class","themed","preparation","arcane","1","0f2435bb2439f4af1c0aa7a1321e0dcd1fe4dd82f3f26bf7874144be31f0c4bb","packs/pf2e/feats/archetype/apocalypse-rider/level-18/contagious-spell.json","one extra branching target bead grows from spell focus. Next spell selection, not immediate attack."
"Bs5vvCSFAU7n2xtC","Contingency Leap","reaction","","4","class","themed","teleport","teleport","1","368211dd2024038e96f70678e9ab6e56ef4a9d7cce41b4e89dd058a3579abf10","packs/pf2e/feats/archetype/veil-dancer/level-4/contingency-leap.json","falling echo snaps sideways toward high edge portal. No actual relocation; handhold check may fail."
"qZzRXAa9mNQPUXoW","Controlled Bullet","action","2","16","class","themed","firearm","weapon","1","0d5216bf3f7ae142ce232a9e7b461c875cac79f03974197810381faf837ddd02","packs/pf2e/feats/archetype/beast-gunner/level-16/controlled-bullet.json","Controlled Bullet: redirect shot; one contact per selected target; firearm; chain; redirected-ammunition."
"aoZYZm2PrTKEK0Ji","Converge","reaction","","16","class","themed","command","weapon","1","43ef214b03899a4b695cc801292f97ad192004d6e5ee90b6df1d15c200e4d6db","packs/pf2e/feats/archetype/overwatch/converge.json","Converge: ranged signal; no Strike now; none; ally focus; optional-ally-melee."
"bSXcyu7ExWq9qUzG","Convincing Illusion","reaction","","6","class","symbolic","focus","mind","1","3f9a9a1e97d99a0a0debdb29d4af3b2cc4d17734e75f0f160753eef56f60dfe7","packs/pf2e/feats/class/wizard/level-6/convincing-illusion.json","illusion edges sharpen around observer-facing focus. Deception conditional; no mind damage."
"Jfq7VKkSc6TY7MEl","Convocation of Earth and Moon","action","1","17","ancestry","themed","form","light","1","b078e7e742798fdcbd9b155d01aa4380bac3c6da9e2223872e9d05f0eb4948d1","packs/pf2e/feats/ancestry/sarangay/level-17/convocation-of-earth-and-moon.json","moon cocoon opens into broad stardust regalia silhouette. Form and flight cue; no automatic attack."
"KYF9e4oeSjHKgbwM","Coordinated Charge","action","2","12","class","themed","charge","weapon","1","b10294a4dc9834b5873e31bf853f4ff6c4f28dc48512d4a8372dfe3f061ce04e","packs/pf2e/feats/archetype/marshal/coordinated-charge.json","Coordinated Charge: sprint; 1 visible contact (same-target); melee; forward; ally-rally."
"XyQpqznuO5LGFvhz","Coordinated Distraction","action","1","12","class","themed","performance","weapon","1","b35955459ed66f12aa8862f6f03e9453fc5080c59aa5ef88ef9acd3bccbe4db0","packs/pf2e/feats/class/rogue/level-12/coordinated-distraction.json","Coordinated Distraction: whistle and wave; no Strike now; none; target distraction; future-ally-opening."
"6jSRLRk7XkKHJqy2","Coral Detoxification","action","2","9","ancestry","themed","resolve","poison","1","e33a8ae9f262bffe376ba8c7e1ed01ce9c50bd5b39295cbd1be3f7605fa1e97c","packs/pf2e/feats/ancestry/athamaru/level-9/coral-detoxification.json","coral filtration lattice catches toxic green particles. Poison save bonus, not bolt or guaranteed cure."
"KN6IxTO7H5WGYh3W","Coral Reserve","action","1","13","ancestry","symbolic","resolve","water","1","dc899f51fa7e7570ba4d5ea15ec9ce24547880dc3d05d8c4e04dc888a647274d","packs/pf2e/feats/ancestry/athamaru/level-13/coral-reserve.json","stored coral energy pulses into fatigued limbs. Temporary condition suppression; no permanent cure."
"zeyrLJr6b7hPdx4w","Core Cannon","action","2","17","ancestry","themed","form","metal","1","7c802a5890f8d0e1aa5b6e0b8cfa227c8e616fbf1f7e105d9e8a07053aebde69","packs/pf2e/feats/ancestry/automaton/level-17/core-cannon.json","automaton silhouette locks into charged cannon housing. Transformation only; energy Strikes later separate."
"uclbKFsrqCW6tQmB","Core Rejuvenation","free","","13","ancestry","themed","restoration","arcane","1","6b16ed96bf982f0df3d2daffd9c1c549c82e4419ed9a9f4fedd4b415ed045022","packs/pf2e/feats/ancestry/automaton/level-13/core-rejuvenation.json","Core Rejuvenation: core restart; no Strike now; none; source halo; heal, temporary-hp."
"PcayTyfEv6s9wRfN","Cornered Animal","action","2","8","class","symbolic","doubleStrike","weapon","1","1202f381632b1701dcb31b68c90cb03f197572ff2fc7649ecbeb1a3ed4a65ec2","packs/pf2e/feats/archetype/werecreature/cornered-animal.json","two opposing unarmed contacts break outward from flank. Two distinct flank targets, not same-target double slice."
"fzERYW7BJQoxlvoD","Corpse-Killer's Defiance","reaction","","10","class","themed","command","light","1","4336423039dc0565b2a5b068b35df6bdbcd4d43eff8cf16212be0087e67ef683","packs/pf2e/feats/class/shared-class-feats/level-10/corpse-killers-defiance.json","victory glint becomes allied anti-undead rally wave. No repeat attack or new corpse explosion."
"dmw79BbtUCJd300O","Correct the Story","reaction","","6","class","symbolic","fortune","mind","1","25b0e2462087a7f148cf16185179cf9a30e0a21826c8f53abd151b7063a8d7a6","packs/pf2e/feats/mythic/correct-the-story.json","enemy success trail rewinds through corrective script. Misfortune reroll only; outcome not guaranteed."
"Gc5HwASZDFAQpb9Q","Corrupted Ground","action","1","6","class","themed","stance","void","1","bdf2a9c94108133eda58c89bcafbcac88fb3778cb834b35e1ce7b3c051a45682","packs/pf2e/feats/class/necromancer/level-6/corrupted-ground.json","low void scars trace dark ground perimeter. Later enemy end-turn damage, no immediate movement."
"3xkFb2qlAdgLmdSf","Counter Curse","reaction","","8","class","symbolic","counteract","shadow","1","01aca2584880ac4ea422ba6c757e919cc9eeb1225a5cbd4bbba9806582afa031","packs/pf2e/feats/archetype/curse-maelstrom/counter-curse.json","gathered curse maelstrom collides with hostile curse knot. Counteract conditional; constant aura may return."
"6Jj9YWkGaNfzLheQ","Counter Element","reaction","","6","class","themed","counteract","arcane","1","f6803cc7ee75af2fd24021842b709a7d221172f0e2154f1396a59713117d9a60","packs/pf2e/feats/class/kineticist/level-6/counter-element.json","single element control ring interrupts incoming matching wave. Self unless critical counteract; redirection higher-level conditional."
"QKC9iiR4Epj1Lyc7","Counter Thought","reaction","","1","class","symbolic","counteract","mind","1","2f001553c643501094e70a8cc964ea0bd422fc6dc35322a3cd61c301ff18d588","packs/pf2e/feats/class/psychic/level-1/counter-thought.json","opposing mental ripple disrupts visible spell thought. Counteract conditional; no actual mental attack."
"r7srDh7Iz94vfwwN","Countercharm","reaction","","8","class","symbolic","command","shadow","1","cb70bf3d827a051ccf12aebf2b8dc82de912cdfbfcf9d8286c48fbf1d9117041","packs/pf2e/feats/archetype/captivator/level-8/countercharm.json","captivating illusion curls unmake enemy spell shimmer. Counteract conditional; slot expended."
"EpBG4CFMNSZQx7vI","Counterspell (Prepared)","reaction","","1","class","symbolic","counteract","arcane","1","5a311e38fdb8277f45b789e5276a48e716d8dd29da8e47b4cdfd1a58aed8b4a9","packs/pf2e/feats/class/shared-class-feats/level-1/counterspell-prepared.json","matching prepared spell lattice cancels enemy casting marks. Counteract conditional; not damaging spell replay."
"deoHKUzpzT7iwWhL","Counterspell (Spontaneous)","reaction","","1","class","symbolic","counteract","arcane","1","7606ebf62210206b8d336e05107ae978a9102fed3d07b84bd6407a7080bc090e","packs/pf2e/feats/class/sorcerer/level-1/counterspell-spontaneous.json","improvised matching magic wave meets enemy spell focus. Counteract conditional; visibly fluid rather than prepared lattice."
"sv3ywEHaab9oZ3Nj","Courageous Advance","action","1","4","class","themed","preparation","sonic","1","e4dd9afb9c0de59b8eefae21521af757c01da9d0e6b23db56efbe5d00305d720","packs/pf2e/feats/class/bard/level-4/courageous-advance.json","rousing forward-beat notes ready allied advance. Next anthem and ally reaction separate."
"Asb0UsQqeATsxqFJ","Courageous Assault","action","1","10","class","themed","preparation","sonic","1","de571a33c6709e63641bbdc7dc7020de12c7de901020006d83587dbe770259be","packs/pf2e/feats/class/bard/level-10/courageous-assault.json","sharp downbeat readies single allied attack cue. Next anthem and ally Strike separate."
"8C9qo5LL9J0UTNGc","Courageous Onslaught","action","1","16","class","themed","preparation","sonic","1","36fd77e049ace8369a38165905031409592bbcac52dbbefd8fc1fe1eb0256da2","packs/pf2e/feats/class/bard/level-16/courageous-onslaught.json","two-beat performance couples advance then contact cue. Next anthem and ally stride-strike separate."
"DwnnmTNOvpLbp7jJ","Courteous Comeback","free","","1","ancestry","symbolic","fortune","sonic","1","2b1f3287a54ea4676dca005041eaa98272f4d1dd081907cb5c512202fe8d563d","packs/pf2e/feats/ancestry/human/level-1/courteous-comeback.json","failed courteous phrase dissolves into revised flourish. Diplomacy reroll only."
"1GxDzMf32UTTro1d","Coven Spell","reaction","","12","class","themed","targetSupport","arcane","1","1f35cdf0c8ee0121d3b4f51675b97c7ce174f8cc9dcd093716161297f70bef15","packs/pf2e/feats/class/witch/level-12/coven-spell.json","paired incantation echoes link source to ally casting halo. Empowers existing spell; no extra projectile."
"IzkL60LlKzbKIhY1","Cover Fire","action","1","1","class","themed","firearm","ward","1","355174598a9809fe3e5fe1c2191fd8b1560b9b59b3a47c83fb120b43eb2d8d71","packs/pf2e/feats/class/gunslinger/level-1/cover-fire.json","Cover Fire: suppressive aim; 1 visible contact (same-target); firearm-or-crossbow; projectile; duck-option."
"sMKUJQ29CYYoB7b0","Covering Stance","action","1","2","class","themed","stance","ward","1","3bf080d7c7805f2648702200451600a1ac71d98d9b460efe02919a86589d742a","packs/pf2e/feats/class/guardian/level-2/covering-stance.json","body-sized defensive angle shelters adjacent ally edge. End-turn cover and later intercept movement separate."
"vYmun4LyWtWtoycP","Cracked Mountain","reaction","","12","class","themed","strike","weapon","1","87bcbfbcf80fd82ef67259c0312d8b108365e1637520f848066380aaaf9bf6fe","packs/pf2e/feats/archetype/stalwart-defender/cracked-mountain.json","Cracked Mountain: survival counter; 1 visible contact (same-target); melee; counter thrust; resolve."
"j8tukQK5FT1Vfx2G","Crafter's Instinct","reaction","","13","ancestry","themed","fortune","weapon","1","44ea6f4abe4dbcba758c62847aaf70f1be4d2b1a6aaad218eb6b983e65db9f6b","packs/pf2e/feats/ancestry/dwarf/level-13/crafters-instinct.json","barrel sight corrects a small aim flaw with glancing spark. No flight; failed Strike adjustment not second attack."
"S14S52HjszTgIy4l","Crane Flutter","reaction","","6","class","themed","unarmed","weapon","1","71fe5f1804faaa5e9c9cc4a94f456a84f11fbdc1eb57bc35f7558a8a1859d36f","packs/pf2e/feats/class/monk/level-6/crane-flutter.json","Crane Flutter: wing guard; 1 visible contact (same-target); unarmed; wing counter; guard."
"bf7NCeKqDClaqhTR","Crane Stance","action","1","1","class","themed","stance","wind","1","ef21ab89337688cf592d45a315c86da6dba3180fa789cd558e20405bb7c9ceb6","packs/pf2e/feats/class/monk/level-1/crane-stance.json","wing-like arm echoes flutter into poised high guard. No immediate wing Strike or leap."
"vCsprcXVTwgtUYAZ","Cranial Detonation","free","","18","class","themed","elementAura","mind","1","a30b3f716b38f782d592bcf7155ae4b66cccd4a17f08d4269c20c219dae20934","packs/pf2e/feats/class/psychic/level-18/cranial-detonation.json","fallen foe head focus bursts into expanding psychic shockwave. Target origin; subsequent detonations conditional."
"4PdWIMjSHRTPekAl","Cratering Drop","action","1","14","class","themed","movement","earth","1","cabb50faf6fb5f3a5f8b4e743a8920f4ed15229063dbd82f279b4e4c879bd91a","packs/pf2e/feats/archetype/winged-warrior/cratering-drop.json","linked descending silhouettes finish with crater ring. Ground contact and falling damage conditional; no relocation."
"rpBHUvBKodPCHaET","Crawling Fire","action","2","6","class","themed","groundCreation","fire","1","16a4161948f07e6fed4d8fef242ae600ce9d6a736b6a0c4e916190a39f57e5a9","packs/pf2e/feats/class/kineticist/level-6/crawling-fire.json","small beast-like flame silhouette forms at chosen ground spot. Summoning proxy only; later impulse or movement separate."
"E6fkmjX6b8Nz5B0y","Creature Comforts","reaction","","4","class","themed","resolve","fear","1","2a4d51b404fb3cc6ad7ab6df6af6b13e981c7691a1815bd8836b2fd676aba0ea","packs/pf2e/feats/class/shared-class-feats/level-4/creature-comforts.json","Creature Comforts: calm source; no Strike now; none; source halo; fear-clear."
"ZuslXMXlW2TzoOgU","Crimson Breath","action","2","12","class","symbolic","elementCone","fire","1","cd4bb9de7105102952319a5d41b4909722d05bb9ccd36495007a04431dc16776","packs/pf2e/feats/archetype/worm-caller/crimson-breath.json","deep crimson throat flare pours into broad wormlike fire cone. Fire cone, no projectile fan-out."
"M2V1vqAziOkWV30B","Crimson Shroud","action","1","6","class","symbolic","stance","blood","1","134404e80c57b4292e3d6bad2ef1a99f602711b8f783cf656685f141c145d3bc","packs/pf2e/feats/archetype/red-mantis-assassin/crimson-shroud.json","red mist veil settles around source with slow restorative motes. Later fast healing, AC interaction, death vanish separate."
"WoKiYMCXV27szBdy","Cringe","reaction","","1","ancestry","themed","resolve","mind","1","b63f58e29ee83835715fa8ead800f7c35c2e0eae6fa30a5b8c075772e371f6b1","packs/pf2e/feats/ancestry/kobold/level-1/cringe.json","pitiful shrinking echo makes incoming contact recoil. Attacker damage reduction, not target damage."
"8YSwzLNlmBLoEyUj","Cross the Final Horizon","action","3","20","class","themed","charge","electricity","1","f03aaee45b7813cbaabc82e85f7ab323ae09acb167639e5dd9c7bcebdcc37aa7","packs/pf2e/feats/archetype/jalmeri-heavenseeker/cross-the-final-horizon.json","storm-wrapped advance ends in three separate contact beats. Drain only on all-three hits; choose electricity/sonic."
"CpjN7v1QN8TQFcvI","Crossbow Ace","action","1","1","class","symbolic","preparation","weapon","1","9eb4b5dd0b130f782c42c7029c92478423b718620d0b814281515c7fc46f0802","packs/pf2e/feats/class/ranger/level-1/crossbow-ace.json","coverward lean precedes crisp crossbow loading glint. Diversion or cover choice; no fired bolt."
"Xhphe5Lsa4kuU4RG","Crossbow Terror","action","1","6","class","themed","dread","fear","1","c7a5828661aed0ed879dbbb6d8379047d50a1275cbcc042bca7ab5f333649e75","packs/pf2e/feats/archetype/archer/level-6/crossbow-terror.json","Crossbow Terror: reload threat; no Strike now; none; source to target; fear."
"sI4f0xdCVulyK9sn","Crosscurrent Counter","reaction","","8","class","themed","bind","water","1","964f73b202c0156196c81613c17dcc2dde527c101f51a93b5b0c244981654348","packs/pf2e/feats/class/magus/level-8/crosscurrent-counter.json","water tendril spirals from source limb into existing grabber. Grapple and pull conditional; no doc movement."
"8iHpUB0bYaHh86Kk","Crowned in Tempest's Fury","action","1","18","class","themed","stance","electricity","1","5c32ecaec140cea075b17ae0df158b942e5bbc5e5a74512dd2c5988c325ffd07","packs/pf2e/feats/class/kineticist/level-18/crowned-in-tempests-fury.json","brow crown crackles above lifting lower-body winds. Aura contact damage later, no arbitrary target strike."
"IxgBnW2L8MpJBUG2","Crusader's Masquerade","action","1","14","class","themed","concealment","shadow","1","575513761ccc1d8db859875b4ea7cf7c138cbee13132a74fbb06973a3480c008","packs/pf2e/feats/archetype/magaambyan-attendant/crusaders-masquerade.json","mask-shaped veil screens source from undead gaze. Not universal invisibility."
"Qf5aimp36VcZJiYh","Cry of Rebellion","action","3","16","class","themed","command","sonic","1","0ff2409452c7a18b6b1bfbed9a1c1e678472310d3b56836138309d805ce0e737","packs/pf2e/feats/archetype/broken-chain/cry-of-rebellion.json","large passionate yell carries allied rally beyond enemy shock ring. Distinct ally 60 and foe 30 areas; save conditional."
"6oObLoUn3MjmwbaW","Cryptic Spell","action","1","4","class","themed","preparation","plant","1","c4ff042599aaccf5f5c4eecf7d6f44b9f3894319d42cc6f83bc8a0f8d918a593","packs/pf2e/feats/class/druid/level-4/cryptic-spell.json","casting manifestations dissolve into natural leaf and wind cues. Subtle next spell, no transformation now."
"TLuFqQwvnlJNeEsv","Crystal Luminescence","action","1","1","ancestry","symbolic","stance","light","1","321b1fdb2353b6e84a4c3a792f7d6494b7128cac6b7b6d343a6a2ea9daa933db","packs/pf2e/feats/ancestry/kashrishi/level-1/crystal-luminescence.json","horn-sized crystal glow opens steady colored light radius. Light only; no attack or blind promise."
"AsOVi8AqE3v10ee0","Culvert's Collapse","action","1","6","class","themed","unarmed","water","1","7e6533638a46fbe572fa248661dddc637a3a3ea0ba01e09617be87d7eb2ac5cb","packs/pf2e/feats/class/monk/level-6/culverts-collapse.json","Culvert's Collapse: river flow; 1 visible contact (same-target); unarmed; single contact; bleed."
"ajesR7y0jWzqjAgc","Current Spell","action","1","6","class","themed","preparation","water","1","8be41557dd1bae765f473345b1581ef1a9527f39b3cb7db97b76e16a5436ba8e","packs/pf2e/feats/class/druid/level-6/current-spell.json","air-water casting currents form nascent guard arc. Next matching spell required; no immediate cast."
"UJcuACMlspc1raL1","Curse of the Saumen Kar","action","2","14","class","symbolic","bind","cold","1","0ffe49cdb184257e3c937db3cd08cc8c7e539407d15521c69b3e81c31a4f4af4","packs/pf2e/feats/archetype/pactbound-initiate/curse-of-the-saumen-kar.json","body rune flicker raises fitted icy prison dome. Save determines confinement; no forced token move."
"kPjBGlHMvBqFXNq2","Cursed Effigy","action","1","8","class","symbolic","rune","blood","1","882dd16602d0d3d7faf21af0ee9c03ba0ce86284a7089a246ad7eecc4fca3e85","packs/pf2e/feats/class/thaumaturge/level-8/cursed-effigy.json","taken body fragment threads into small sympathetic doll seal. No repeated Strike or immediate target damage."
"YXyoBZFpOj3WRX3l","Cushion Landing","reaction","","4","skill","themed","movement","wind","1","34fa293204de7c324f42c9ab35b9dfe8e3bf34d2e0cd34d297aa7eaeb880ab4c","packs/pf2e/feats/archetype/cavalier/level-4/cushion-landing.json","mount-shaped supporting echo catches low descending source. No doc mount or relocation; remaining fall damage possible."
"6xBu4BewIkOIt9M0","Cut From the Air","reaction","","10","class","symbolic","guard","weapon","1","bfde95ce71a9ceb379b88a86016f3bf203648d0c67b3f6d941a2ee7388605be7","packs/pf2e/feats/class/fighter/level-10/cut-from-the-air.json","short weapon intercept arc knocks incoming projectile aside. Only if attack misses; no outgoing Strike."
"r0twuF5nxXN5lkLk","Cut the Bonds","action","1","12","class","symbolic","targetSupport","weapon","1","d3b065d8a3ef7cd584b66b9ee9f5cd6235b2a053ee93725f7785e8d7939787b2","packs/pf2e/feats/archetype/bellflower-tiller/level-12/cut-the-bonds.json","precise blade arc cuts ally constraint tether. Counteract conditional; no ally damage."
"O8mfeWtUogB74J9E","Cut them Down, Burn them Out","action","1","18","class","themed","strike","vitality","1","3d42a9fecc0b5799ffe6956133b6e6b59bf144e37375de82c3c93ad51cbbc49e","packs/pf2e/feats/archetype/knight-reclaimant/cut-them-down-burn-them-out.json","Cut them Down, Burn them Out: undead counter; 1 visible contact (same-target); melee; single contact; affliction-weaken."
"mpuWLBCw1dUKivRO","Cutthroat Grapple","reaction","","16","class","themed","strike","weapon","1","481158b04046a3937743e08f9b67dc71548057dddb22ec18f8a0ffe0039121a9","packs/pf2e/feats/class/rogue/level-16/cutthroat-grapple.json","Cutthroat Grapple: held counter; 1 visible contact (same-target); slashing-melee; hook; bleed, escape-lock."
"rHOBdIFvsLWoZFbS","Cycle of Souls","free","","18","class","themed","movement","shadow","1","db86337271d13b8d30704a2d53e80231cb2f799619bfc16a340e6c18507aecd7","packs/pf2e/feats/class/animist/level-18/cycle-of-souls.json","spirit-guided step echo settles into stance ring. No attack or document relocation."
"u9ZuPuXj0xA4dHxr","Cyclonic Ascent","action","2","8","class","themed","flight","wind","1","58351d6bd0c2b72d8e488925e1c990a2342f84f8b5389da2653886a5ba229b39","packs/pf2e/feats/class/kineticist/level-8/cyclonic-ascent.json","lower-body cyclone builds into supported hover. Fly speed grant not automatic long movement."
"2jd9qqXPPXKDxBBZ","Dalang's Ally","action","1","13","ancestry","symbolic","concealment","shadow","1","8e38a6c36d27ab61ae39c989904f22b32b383c8d6c66204d791b51d61f9be1bb","packs/pf2e/feats/ancestry/wayang/level-13/dalangs-ally.json","source shadow puppets split toward foe flanks. Flanking cue only; no attack."
"YTT0ItN7JQE1gwda","Dance of Bloody Ink","action","3","14","class","themed","doubleStrike","weapon","1","37a0048a730a4fa7dcb7d6f585f406868ceb8c92660b962af16e7e4b3456faa2","packs/pf2e/feats/class/runesmith/level-14/dance-of-bloody-ink.json","Dance of Bloody Ink: rune step; 2 visible contacts (same-target); melee; lateral pair; rune-brand."
"epzeES7xJxvIXDdj","Dance of Intercession","action","3","20","class","themed","performance","healing","1","b114951863f6e7bd7e3878e64243c134c9864f996f8f578f3ccfce7b43559547","packs/pf2e/feats/class/cleric/level-20/dance-of-intercession.json","measured half-stride dance culminates in divine dragon-memory pulse. Degree-dependent Heal or Harm, no unconditional cast."
"ycmxU7gySnfsO1Se","Dance of the Jester","action","2","13","ancestry","themed","performance","shadow","1","ab36f096346e095d16bc73682b96736b81e7559dec3e19c935a3c9ec94ce11a7","packs/pf2e/feats/ancestry/wayang/level-13/dance-of-the-jester.json","source and target shadows synchronize alternating stage steps. Action count check-dependent; no actual forced movement."
"1sojLNzisrsw0dhW","Dance of the Mousedeer","action","1","1","ancestry","themed","concealment","shadow","1","b68aa14273004d872fbfd8e49a3ace6300d9f2501ea9c29374230d81883a8397","packs/pf2e/feats/ancestry/wayang/level-1/dance-of-the-mousedeer.json","small evasive dance raises imaginary foreground shadows. Observer-dependent cover; no universal vanish."
"3xKOqBaPApgsnRtB","Dance of the Tiger","action","1","9","ancestry","themed","rune","shadow","1","2fcf1cfb1c249b175513afbd062386450fb7d52abad4c8d018f2170b6f9a63db","packs/pf2e/feats/ancestry/wayang/level-9/dance-of-the-tiger.json","Dance of the Tiger: shadow pin; no Strike now; none; target tether; shadow-mark, fear."
"bSC18SbdaNXfBHu9","Dance of Thunder","action","3","14","class","themed","firearm","weapon","1","02e2b860dca8a26756f1be839b5b35120877ac6ddfe0748d498bd7569c7cb9c6","packs/pf2e/feats/class/gunslinger/level-14/dance-of-thunder.json","Dance of Thunder: step shot reload; 3 visible contacts (same-target); firearm; projectile; reload."
"ieFjiZSlT9J4boqP","Dangle (Vanara)","action","1","9","ancestry","themed","movement","weapon","1","58def987c8a9e7aaa203e8de63eb2243202c2dcf3e59517dc8b30f9961569a2e","packs/pf2e/feats/ancestry/vanara/level-9/dangle-vanara.json","tail anchor echo supports hanging silhouette. Not sonic inspiration or attack."
"PcLqS5h6stRtdioZ","Danse Macabre","action","2","12","class","symbolic","movement","shadow","1","d0db92e0a35b0cba2344919df3abfd86da6e22b7c6ced721d2a93e376a63c66d","packs/pf2e/feats/archetype/necrologist/level-12/danse-macabre.json","horde-shaped ground echo advances dragging contact ripples. Horde origin; save-dependent reposition cosmetic only."
"cny7ouhsoiNsWJ7X","Daring Act","action","2","6","class","themed","movement","wind","1","07f81f36bd090a462696f632d18346cf5a103630c3f6693bb8753b8fe1679193","packs/pf2e/feats/archetype/firebrand-braggart/daring-act.json","death-defying flourish sidesteps enemy focus. Check determines movement; no attack now."
"FEMXDBCf8gXBYdez","Dark Persona's Presence","free","","8","class","themed","dread","mind","1","c8469ad4012fa0e48789a8ff120eb08a86b6c570c6f3d672c8c47b9d74cd9410","packs/pf2e/feats/class/psychic/level-8/dark-personas-presence.json","Dark Persona's Presence: psyche unleash; no Strike now; none; source halo; nearby-fear."
"KwbteWlCzFT5veZO","Dart Between","action","2","8","class","symbolic","teleport","teleport","1","3acf7f1f7e65219e7354781fa4e23ffe20dab942586ac2d4411cc5e4b95060b5","packs/pf2e/feats/archetype/veil-dancer/level-8/dart-between.json","sharp blink closes source shimmer and reopens destination cue. No actual relocation; Part the Veil separate."
"azyp4nQgAPDI6nKv","Dash of Herbs","action","2","6","class","themed","restoration","plant","1","24532aade4f6861c5d281fb843446ea64fc7c14a9e683b9f488526c6f8eb1de4","packs/pf2e/feats/class/kineticist/level-6/dash-of-herbs.json","medicinal leaf cloud rains gently onto ally. Recovery save conditional; meal alternative separate."
"nV29YjbLgRfEPXMR","Dashing Pickup","action","1","6","skill","themed","movement","wind","1","9c757901594cf25d9129676935931ebca56d819305f0943f86ac9082689e7421","packs/pf2e/feats/archetype/cavalier/level-6/dashing-pickup.json","passing mount echo catches source at side. Mount movement type selectable; no guaranteed flight."
"g6P1NvbbHpJGgoXU","Dashing Pounce","action","2","4","class","themed","doubleStrike","weapon","1","b9a9dc43c015046582f88ac465e044501cc7446b3cefe5a3b5e1747bdbf9e4fa","packs/pf2e/feats/archetype/clawdancer/dashing-pounce.json","Dashing Pounce: leap; 2 visible contacts (same-target); claw; rapid pair; claw-rake."
"d1jQ0HyIOyUdCCaN","Dashing Strike","action","1","12","class","themed","charge","weapon","1","74f880c4d7c3debdff84be9725ed218483d59b141a63d473c00ca123b1e2a3ba","packs/pf2e/feats/class/fighter/level-12/dashing-strike.json","Dashing Strike: lateral exit; 1 visible contact (same-target); melee; lateral slash; different-foe."
"5My8JBXkQru8m2n1","Dastardly Dash","action","1","4","class","themed","trip","weapon","1","9b98ea49e31cfbbfb1761db90646ddbc0660e3c9062c2313d9348022f9f23955","packs/pf2e/feats/class/swashbuckler/level-4/dastardly-dash.json","Dastardly Dash: passing sprint; no Strike now; none; low sweep; trip-or-distract."
"2HoDwBAmPIAoKUVF","Dazing Blow","action","1","6","class","themed","heavyStrike","weapon","1","fb66a8131d2896ced32cfa004af83642834c493c456f279ad05a8dabcf40b3e7","packs/pf2e/feats/class/fighter/level-6/dazing-blow.json","Dazing Blow: held pummel; 1 visible contact (same-target); bludgeoning-melee; single contact; stun."
"9uvymmdphxsD3yEd","Dazzling Block","free","","10","class","symbolic","elementCone","light","1","5dd647840fafbad6e5ebb11391d24eda80c0ff825b90d0b9f7efd7b3dce931e3","packs/pf2e/feats/class/magus/level-10/dazzling-block.json","shield contact throws multicolored defensive flash fan. Save-dependent dazzle/blind, no damage."
"8x3wqCZgYzJiSyR1","Dazzling Bullet","action","1","6","class","themed","firearm","weapon","1","2dff6eec93af84dc0a4c079fb3f9475e66a0f1c4ee55b3d9bdfe7aa3a1770eb5","packs/pf2e/feats/archetype/pistol-phenom/dazzling-bullet.json","Dazzling Bullet: performative shot; 1 visible contact (same-target); firearm; projectile; dazzling-flash."
"lk80TBn933RECRD7","Dazzling Display","action","1","10","class","signature","display","fear","1","1be9c329c0007693c78d958e9cfcafa41875a2245f21e95a8cda2040112a8d4c","packs/pf2e/feats/class/shared-class-feats/level-10/dazzling-display.json","whirling weapon gleams culminate in unnerving show. Demoralize checks conditional; no Strike."
"zeXHH7xFOOFXH9gB","Dazzling Dragonet Disappearance","reaction","","17","ancestry","symbolic","concealment","light","1","6abb5038d53252acb0f974f3a49cf24f4d23d16a3bf889d2c11bc27a21e264b5","packs/pf2e/feats/ancestry/dragonet/level-17/dazzling-dragonet-disappearance.json","scale sheen flashes then silhouette disappears. No teleport relocation; invisibility and enemy dazzle."
"68Kc4UyhnP4l8mxq","Dead Reckoning","action","2","4","skill","symbolic","focus","arcane","1","ab45edb0a532ffd33ccf8b02f7ad256299df967392f6ae11331fd4fc94bb8d18","packs/pf2e/feats/archetype/pathfinder-agent/dead-reckoning.json","compass-like focus line settles northward. Knowledge cue only; no magic attack."
"NJyyxInJ743OotKf","Deadeye","action","1","12","class","themed","focus","wind","1","0ae8d59a896d116f1a7222e48c5e9db649e446255bc86a4284524c1289c29f31","packs/pf2e/feats/class/gunslinger/level-12/deadeye.json","air and ground tells reveal faint enemy silhouette. Reveals invisibility to source, not source stealth."
"enPAJ1oSDutts7ic","Deadly Aim","action","1","8","class","themed","ranged","weapon","1","479c2dffcd29082ad89cabed89ddadabad245863651d6772ccca75edda3dfafc","packs/pf2e/feats/class/ranger/level-8/deadly-aim.json","Deadly Aim: prey focus; 1 visible contact (same-target); ranged; projectile; weakpoint."
"BKdKyftmphU9n3Wq","Death Dive","action","3","12","class","themed","charge","weapon","1","20443a8cc05212a518e1195ddae34d1f5721918d6479b0417fe71439eee6c9bf","packs/pf2e/feats/archetype/drake-rider/death-dive.json","Death Dive: mount descent; 1 visible contact (same-target); mount-unarmed; descending; ground-shock."
"j8CLa6RoohfKCWoO","Death from Above","action","2","8","class","themed","charge","weapon","1","3e9214d295dad5ad75acf710e037f9c93f9bf51d9d125f2e5893d0d118f067da","packs/pf2e/feats/archetype/verduran-shadow/death-from-above.json","Death from Above: vertical descent; 1 visible contact (same-target); melee; descending; ground-contact."
"95dHFM31VrUjn3d3","Death from Above (Eternal Legend)","action","2","16","class","themed","charge","weapon","1","7430e19591b72d8eb6f80922b09276043ab7fe4c9e2e7599bf906a94fb395605","packs/pf2e/feats/archetype/eternal-legend/death-from-above-eternal-legend.json","Death from Above (Eternal Legend): vertical descent; 1 visible contact (same-target); melee; descending; ground-contact."
"E3kfs8Erq3iGSE78","Death Rattle","action","1","14","class","symbolic","absorb","void","1","625b471125c381906f8a093535d605126693e2a1adb5c5e18cd075e9749718dd","packs/pf2e/feats/archetype/necrologist/level-14/death-rattle.json","dismissed horde crumbles while nearby life wisps sink inward. Horde-origin save-dependent drain, no caster flight."
"6RDMR41SGsBBVqcA","Death Roll","action","1","6","class","themed","unarmed","weapon","1","4e6d7739f5f9d3eeb15b35de128c3dfb55dde29a4b03c8fe6388030b6d67a134","packs/pf2e/feats/archetype/werecreature/death-roll.json","Death Roll: corkscrew; 1 visible contact (same-target); jaws; rolling bite; ground."
"PSpwdvuddC9kXONz","Death's Door","reaction","","14","class","symbolic","resolve","ward","1","77f05362c0b1516b6b078e9aa8291dddc345c6d5cc407dc902b857e6bd3aceb4","packs/pf2e/feats/archetype/swordmaster/deaths-door.json","temporary last-stand shell catches fatal pressure. Temporary HP buffer, not guaranteed cure."
"Ks4CgusuaXn2aE1U","Deathblow","action","2","16","class","themed","ranged","poison","1","9a15f6d1d44929709fa63cabcc829b6f6dc62c89f5df1e7a0ac57f80bd857842","packs/pf2e/feats/archetype/guerrilla/level-16/deathblow.json","Deathblow: hidden aim; 1 visible contact (same-target); blowgun-or-sling; projectile; poison."
"iy9XKih5jIAdv67c","Debilitating Dichotomy","action","2","8","class","themed","elementTarget","mind","1","2022aa695848d1543c3745413757c25e38112a57bb6fc11f397707b7f91410f1","packs/pf2e/feats/class/oracle/level-8/debilitating-dichotomy.json","opposed divine mind rings strike both source and foe. Self damage also; stunned conditional."
"gSc4ZUXkesN5vKrm","Debilitating Shot","action","2","10","class","themed","ranged","weapon","1","12316bd9a0e9041fc04a0bbf662946c44019c14c692a97ce4b3b04e4748f1bc1","packs/pf2e/feats/class/fighter/level-10/debilitating-shot.json","Debilitating Shot: weakpoint aim; 1 visible contact (same-target); ranged; projectile; slow."
"aTDFdtAuzPBv2xbw","Deceptive Deduction","reaction","","8","class","symbolic","focus","mind","1","972f83d63eb1ae2dd77a57d3c45b3a304b452a14aaa661ae7e17feac27df834b","packs/pf2e/feats/archetype/twilight-talon/level-8/deceptive-deduction.json","observed skill pattern copies into improvised source diagram. Borrowed expertise for deception, no guaranteed knowledge."
"7P5aKtFoPVJJPPEV","Declare Anathema","action","2","16","class","symbolic","command","spirit","1","9999e92289a4945d36a3149593e88828a74c1b27ee8bf82f498985d5242ccd9c","packs/pf2e/feats/archetype/mortal-herald/declare-anathema.json","spoken taboo seal isolates target from friendly threads. Degree-dependent curse/weakness; no direct damage."
"2mxg4JxPE8k9jSkr","Decree of Execution","action","3","18","class","themed","command","spirit","1","c09953f093402ad7641e9df0c74a440075a652fb9c5f6291843499c2bd854d37","packs/pf2e/feats/archetype/prophesied-monarch/decree-of-execution.json","solemn royal decree focuses spirit pressure on foe. Level/save determine death; no automatic death visual."
"O31zB7jxaW2487Q8","Decree of Prosperity","action","1","14","class","symbolic","command","light","1","b8d8a1a8426f4555603e6dd3065baa041735aef7a3a6ab2bc49b99120ae2b09e","packs/pf2e/feats/archetype/prophesied-monarch/decree-of-prosperity.json","gentle decree unfolds welcoming golden confidence rays. Skill prosperity only; no attack."
"OaDjzK0oaKAoV6EQ","Decree of War","action","3","18","class","themed","command","weapon","1","3870253593b5cb6aea533af7ba39cc51db0b5e7c7acb4b88f146a93c33dd0921","packs/pf2e/feats/archetype/prophesied-monarch/decree-of-war.json","Decree of War: royal decree; no Strike now; none; ally rally; optional-knight-attacks."
"jNzjecRGyyAqkkrm","Deep Freeze","action","2","12","class","symbolic","elementBolt","cold","1","de7ad6bb57547465a8d9d721cc35bfd3a81b02e5d2a28dfb60ea3275df69dfb0","packs/pf2e/feats/class/inventor/level-12/deep-freeze.json","single supercooled fluid jet ends in target frost coating. Cone only unstable option, not default."
"sflJhnFzYfqZ2tDy","Defend Mount","reaction","","6","class","symbolic","guard","weapon","1","b963e6ac7470925f9428b26b009dfdd97581f39295f220b6bef3e8d384e7dddf","packs/pf2e/feats/archetype/cavalier/level-6/defend-mount.json","rider-shaped echo interposes between mount and incoming line. No outgoing attack; source takes substituted hit."
"JDF9LWZMReqiXIUi","Defend Our Union","reaction","","16","class","themed","charge","ward","1","3485a13ea062abee592dba2d6322ebd79e989f62d2f245c3078f6ea8ec962fd8","packs/pf2e/feats/archetype/beast-lord/level-16/defend-our-union.json","Defend Our Union: ally intercept; 1 visible contact (same-target); melee-or-ranged; forward; ally-guard."
"xlparPCGhkgjdhx2","Defend Summoner","action","1","4","class","symbolic","targetSupport","ward","1","c6936033ebe2908d3a9f8277782a54688cd9994411be1f20b53e3a6a9b32e6d5","packs/pf2e/feats/class/summoner/level-4/defend-summoner.json","eidolon-side guard plane covers summoner silhouette. Eidolon origin; no generic source cast."
"117d4Me9nAn1GMry","Defensive Advance","action","2","1","class","themed","charge","ward","1","4d2681e54ea5870b206c6308f74134dfee72516d3296040e9aca7ac351b4b3f0","packs/pf2e/feats/class/shared-class-feats/level-1/defensive-advance.json","Defensive Advance: shield approach; 1 visible contact (same-target); melee; single contact; shield."
"515N9nl9ChZwLWKR","Defensive Coordination","action","1","6","class","themed","preparation","sonic","1","e6cb1a1d299b394e55639bae0397014794bdeb8a706e6d408ed20f6f1de61e9e","packs/pf2e/feats/class/bard/level-6/defensive-coordination.json","paired rallying notes outline coordinated shield angles. Next anthem raises shields; no immediate block."
"aJyNVKbTdpWFoM5z","Defensive Dismissal","reaction","","12","class","themed","form","transform","1","52f3ecf2a67a42a1c20228b73ff5b069a954892c7675a4c237b4014c2c2e2cba","packs/pf2e/feats/class/druid/level-12/defensive-dismissal.json","large form echo contracts back into original silhouette. Reduction critical to normal hit, no heal."
"pGjSh6qk9kQLznKn","Defensive Growth","reaction","","6","class","themed","guard","plant","1","e6f79895bb9dd8e390fdabd69da7f88baea5ba54811a4c83895c88aaa1734915","packs/pf2e/feats/miscellaneous/deviant/defensive-growth.json","flowers and branches weave shield across incoming side. Awakened retaliatory explosion only on later destruction."
"RxA1PdgGbijkieJD","Defensive Instincts","action","1","9","ancestry","themed","movement","weapon","1","01c614e0ecd12068a9d3999f51b4bd6c597e9891eb7899b7d9496ed2d8b70a43","packs/pf2e/feats/ancestry/goloma/level-9/defensive-instincts.json","tense guard outline precedes short careful step echo. No attack or real relocation."
"d1ktdX1Fk37dG5ms","Defensive Recovery","action","1","12","class","themed","preparation","healing","1","a2c81867c84e08f8de66f7c8c9dfe47388693802fc82fdf321ce7ce214131e33","packs/pf2e/feats/class/cleric/level-12/defensive-recovery.json","healing focus gains outer protective rim. Next single-target healing required."
"aPt0WfFoeLTzyQRA","Defensive Roll","free","","14","class","themed","movement","weapon","1","16cc6413fdfb2926ac322b7dae8e2701734e3881fe3213f0d86a1a7e7f07c023","packs/pf2e/feats/class/rogue/level-14/defensive-roll.json","low rolling echo disperses impact into floorward arcs. No target attack or teleport."
"l3YdGb3S9f4dVdUz","Defensive Swap","reaction","","2","class","themed","targetSupport","ward","1","7fecdca32bdeeba5719dd27df9d357845d70a51cf72127c7a0f111b8249934ad","packs/pf2e/feats/class/commander/level-2/defensive-swap.json","paired source-ally echoes cross behind guard planes. Actual positions unchanged by visual preview."
"eAEq2FVnneuvOYUD","Defiant Banner","action","1","8","class","themed","command","ward","1","556756af3f66f3a0da96533bc6a686a07c57514c499bf7cb18de8d714999a594","packs/pf2e/feats/class/commander/level-8/defiant-banner.json","banner-like sweep expands sturdy allied perimeter. Resistance support; no actual enemy attack."
"0lHhrYVe4VXbdSkh","Define “Report”","free","","10","class","symbolic","fortune","mind","1","75a0a82ceea67155774f5a8469981e80d470da4c2574eaaf8fa54832e0c022ca","packs/pf2e/feats/archetype/venture-gossip/define-report.json","sheepish speech curl revises into diplomatic flourish. Diplomacy reroll conditional; no guaranteed forgiveness."
"BDP3asvoFQihPaG9","Define the Canvas","action","2","14","class","symbolic","groundCreation","earth","1","d1e5923034a7510e5ed085a7849ade3cc7740559bb016529e862e6d761f7dc38","packs/pf2e/feats/class/runesmith/level-14/define-the-canvas.json","rune stones orbit then mark ground canvas perimeter. Later ground runes separate; no automatic target effect."
"sgaqlDFTVC7Ryurt","Deflect Projectile","reaction","","4","class","symbolic","guard","weapon","1","4afc852f5605044ad30cb433fe4320248facf980394977d77f82559d8d443239","packs/pf2e/feats/class/monk/level-4/deflect-projectile.json","free-hand intercept flick diverts small incoming spark. Only if attack misses; excludes massive projectiles."
"VYdZmTifZRkRF7ey","Deflecting Cloud","reaction","","16","class","themed","concealment","water","1","d611556b770f583a4d84d5d8fbd463a67d6adc7d4414868185198efe62da350a","packs/pf2e/feats/archetype/dragon-disciple/deflecting-cloud.json","wingbeat opens billowing obscuring mist wall. Not flight movement despite active wings requirement."
"e7nTmdVOcaVkn2Q9","Deflecting Jewel","reaction","","5","ancestry","themed","guard","light","1","bf993dc3a5e748567b121e11da55fd606cf18d5e57eb6c7b38e08a2b665a438f","packs/pf2e/feats/ancestry/sarangay/level-5/deflecting-jewel.json","head gem draws half-moon dividing ward line. Defense only, no projectile."
"ToZw6ZjB0JhWwMeR","Deflecting Shot","reaction","","10","class","symbolic","ranged","weapon","1","8d36c242c2f57b23d29e8a7d84c9769e0a30e40d29e7d73d031a8f83d315fc0e","packs/pf2e/feats/class/gunslinger/level-10/deflecting-shot.json","quick intercept shot cuts incoming threat beside ally. No direct ally damage; foe distraction/defense."
"ie64VAbWnOGg9uad","Deflecting Wave","reaction","","1","class","signature","waveGuard","water","1","dd07e07202acd659d7fd4c78e17f672da8c6678ea19eb9e434a588d95c510fbd","packs/pf2e/feats/class/kineticist/level-1/deflecting-wave.json","compact water cascade disperses incoming edge. Defensive localized wave, not water attack."
"rLAaQBIgnv6zeNvP","Defy Hell","action","1","10","class","themed","stance","light","1","c0193ffaedc15e1b86a82051b8eaf2b49185aa8535fd56830cdd88fc928120a1","packs/pf2e/feats/archetype/hellbreaker/level-10/defy-hell.json","devotional stance flares steady anti-infernal resolve. Hellbreaker Strikes later separate."
"L9i3zTvw9htpyK6r","Defy Sorrow","reaction","","10","class","themed","resolve","wind","1","5283f1df85d08b995c2fd12a30c509f4a9ac5aa0995c5fef9b744fc1fa4a4f59","packs/pf2e/feats/archetype/rivethun-invoker/defy-sorrow.json","Defy Sorrow: pain to purpose; no Strike now; none; source halo; future-movement."
"CjafX7d1XktxeyTa","Deific Font","action","1","18","class","symbolic","preparation","healing","1","53976b124781b49aae1b77c717d60bb5beca8a3ade8a438de19127496be5ae8c","packs/pf2e/feats/archetype/mortal-herald/deific-font.json","life spark drains into divine spell reservoir. Costs drained; next spell separate."
"UFVw57jWNC4UCfyN","Deimatic Display","action","1","8","class","themed","dread","fear","1","734c0b1a458ccd6e7ac95a9c7b5af6a812b7324f9aeb8eaa03b8a0b7e3f590b3","packs/pf2e/feats/class/druid/level-8/deimatic-display.json","Deimatic Display: enlarge display; no Strike now; none; source scale; nearby-fear."
"Ar6W97iun6yYI8Df","Delay Trap","reaction","","8","class","symbolic","craft","weapon","1","5ee0c1267b8891bb4b368c1c045bec321a041bd406a023b6fca5aa523c58585a","packs/pf2e/feats/class/rogue/level-8/delay-trap.json","small mechanical jam flash interrupts trap linkage. Check conditional; no trap explosion now."
"30e9SdbmI3t5OJQE","Deliberate Death","reaction","","1","ancestry","themed","strike","weapon","1","222366794fb9e02305834df8dac059344166b7a6e02a136f6f1e800e1028db3c","packs/pf2e/feats/ancestry/versatile-heritages/duskwalker/deliberate-death.json","Deliberate Death: survival counter; 1 visible contact (same-target); melee; counter thrust; resolve."
"XmjvHxW5f7vKFIv7","Demand Surrender","action","2","18","class","symbolic","command","mind","1","3ca152bd8a6b483fc729d17b7e8341d9bf1cdbe58ea82b0fd2caf1518b17f4e2","packs/pf2e/feats/class/commander/level-18/demand-surrender.json","strong command wave meets single foe attention seal. Save-dependent surrender/fleeing; no enforced animation death."
"ogsVovr4LxFVi42V","Demolish Defenses","action","2","18","class","themed","heavyStrike","weapon","1","36cfe04d89433f31b37a090ccde7e33044d21c2c5c7b92a50d187a901411e279","packs/pf2e/feats/class/guardian/level-18/demolish-defenses.json","Demolish Defenses: heavy windup; 1 visible contact (same-target); melee; single contact; armor-crack."
"X5SZIwtYpx0r9MPx","Demolishing Knockback","action","1","14","class","themed","heavyStrike","weapon","1","5cce7333c894cdc74619a99c684e2466732dd4dc01bae982fb5fa0fdd9d5d0c2","packs/pf2e/feats/archetype/eternal-legend/demolishing-knockback.json","Demolishing Knockback: mythic windup; 1 visible contact (same-target); melee; horizontal; push, debris."
"OLa87RacjBfMIVEQ","Demon Slayer","action","1","17","ancestry","themed","strike","light","1","7ec61137ba8d81fcf57755dc310d89c115ab3f3fd1e1cc6c29f03f138ae3fced","packs/pf2e/feats/ancestry/elf/level-17/demon-slayer.json","holy melee contact gathers restrained target light burst. Large holy explosion only if demon slain."
"ehPnY1PuPK7EXkYc","Demonblood Frenzy","reaction","","5","ancestry","themed","preparation","weapon","1","2769011370abea41376ff234fb408421128e0ccf55dbc41ae3153446c163c578","packs/pf2e/feats/ancestry/orc/level-5/demonblood-frenzy.json","Demonblood Frenzy: blood rush; no Strike now; none; source halo; future-tusks-strike."
"siegOEdEpevAJNFw","Denier of Destruction","reaction","","20","class","themed","targetSupport","healing","1","1aad9bf76f8061f8fc724b60633976f5c6352cba54f9bf2aa0bea93cd9c5d820","packs/pf2e/feats/class/cleric/level-20/denier-of-destruction.json","life-sustaining orb shield absorbs incoming damage at ally. Prevention rather than actual HP healing."
"ISjnymvdFOPED9um","Denounce Tyranny","action","2","6","class","symbolic","command","mind","1","5fb4439b8d1f15bad54675efda55cfe6f2080ea3c358ad8927efe4c126f76533","packs/pf2e/feats/archetype/steel-falcon/level-6/denounce-tyranny.json","spoken denunciation splits enemy alliance threads. Social checks conditional, no mental damage."
"ti6rPcSBsCuyEHqy","Desert Wind","action","1","6","class","themed","stance","earth","1","78756e6c5cc5e3732579a2e93d7ea193eb52083ed5a28aa2deedaa7c9dac3597","packs/pf2e/feats/class/kineticist/level-6/desert-wind.json","sand-dust vortex creates porous concealment perimeter. Later air damage enhancement separate."
"MrBHGo9nmzcVii3k","Desiccating Inhalation","action","2","12","class","symbolic","absorb","void","1","8c08bb9b73a95291b71f6f8b148758d35a8f25f9cb6a7e84ae806744c4142112","packs/pf2e/feats/archetype/mummy/desiccating-inhalation.json","cone moisture ribbons pull inward then life spark rekindles. Healing only if a target damaged; no outward fire cone."
"nvPxCUOCMaYdhLp1","Desperate Finisher","reaction","","14","class","symbolic","preparation","weapon","1","14665de7891204b6e13e9eba108072f7c8ba46c9c59d1dbc98f113babc0ecd37","packs/pf2e/feats/class/fighter/level-14/desperate-finisher.json","reckless last-press emphasis tightens weapon focus. Selected press unspecified; do not invent fixed Strike."
"WYaKRREZUSH0jel5","Desperate Prayer","free","","1","class","symbolic","focus","light","1","f4a539d90d94fa27a28bdf47697ce1929fafb4e89672e86057047f184e810d8b","packs/pf2e/feats/class/champion/level-1/desperate-prayer.json","upward plea receives one devotion spark. Focus gain, not healing or automatic devotion spell."
"ZO37MZEQVNNtg46b","Desperate Resuscitation","action","3","14","class","symbolic","restoration","healing","1","145a25e51d52b12602c0bf0dd1a82657ed94427610893c939d6f269c3b645a3a","packs/pf2e/feats/class/commander/level-14/desperate-resuscitation.json","medical handwork pulses life into intact fallen ally. Medicine success required; no guaranteed resurrection."
"u2gev0bUzDKwtpmI","Desperate Revival","reaction","","16","class","themed","absorb","void","1","dd7f6c962f6d341fa88feb934ddcbd1e23a80554bd4f6f70da2e8e4a14a2ada9","packs/pf2e/feats/class/necromancer/level-16/desperate-revival.json","wide outward life threads reverse into dying source. Save-dependent area drain and capped healing."
"0yibAj2jEqErIRQO","Desperate Surge","action","1","10","class","themed","bind","shadow","1","718f6473219374caa99cacb5cfd7033390fe7ffcabd797a5cf3bee28563058d4","packs/pf2e/feats/class/necromancer/level-10/desperate-surge.json","temporary spectral muscle channels a selected maneuver. Grapple/reposition/shove/trip choice; no bonus recharge Strike."
"EWeso1zDkCLGlnsW","Desperate Wrath","free","","16","class","symbolic","resolve","blood","1","db14834af66f9fa20b5af7d672168092003c522de5d2b23600008dcbde6e5dc9","packs/pf2e/feats/class/barbarian/level-16/desperate-wrath.json","wounded body rage swells into exposed aggressive outline. Attack bonus and defense cost, no immediate Strike."
"wdkbfWKEjAFXAxto","Determination","action","1","14","class","symbolic","resolve","mind","1","175a89408bbd4e0c929453ec801858a9f065576e551dd39034048d11922b8f60","packs/pf2e/feats/class/fighter/level-14/determination.json","stubborn mental pulse breaks one enclosing constraint ring. Spell counteract conditional; no healing."
"vgsMKjAbRDNxT5TK","Determined Dash","action","2","10","class","themed","movement","wind","1","6ab52c3c05c9590dbdadd70a15e7e878753f73ddaedfb5dc163789b6ee407faf","packs/pf2e/feats/class/barbarian/level-10/determined-dash.json","two long determined movement echoes cut rough ground traces. Three-stride alternative separate; no attack."
"K5ZONljq5XzS8MQc","Detonating Spell","action","1","6","class","themed","preparation","arcane","1","fe5d185a20f81159bb231f37bd046ffe37a89abedb490e84f568d85753dd1052","packs/pf2e/feats/class/shared-class-feats/level-6/detonating-spell.json","volatile spell focus grows small outward splash buds. Next successful damaging spell explodes, not now."
"7vL4rTAHrANk8w99","Devastating Duelist","action","1","18","class","themed","strike","fear","1","b321bc6d0f1cbbdeb75bbccb816072559fa7fe43bf60d2615f8c0e4691c7c40c","packs/pf2e/feats/archetype/aldori-duelist/level-18/devastating-duelist.json","Devastating Duelist: verbal threat; 1 visible contact (same-target); sword; thrust; fear."
"ThPpl4QIjKAKFEC4","Devastating Manifestation","action","2","14","class","themed","doubleStrike","ward","1","790635a401b0757a59f2b9c0d85baacf6e3c92438578c9eeb865d4e55a32a3ac","packs/pf2e/feats/archetype/soulforger/level-14/devastating-manifestation.json","Devastating Manifestation: armament manifest; 2 visible contacts (different-targets); soulforged-melee; opposing pair; armor-or-shield-option."
"amPQHO9O86G6AC4P","Devastating Spellstrike","action","2","4","class","themed","spellstrike","arcane","1","c664a4806d53d81b7997c46f38f8817d63a66f1133302310bc73fa8434248b0a","packs/pf2e/feats/class/magus/level-4/devastating-spellstrike.json","wide spell-melee sweep adds small neighboring shock ring. Spellstrike plus target-centered splash, not generic target burst."
"Cs0hRKBfWn2gOYzK","Devastating Weaponry","action","3","18","class","themed","whirlwindStrike","weapon","1","653b45c91aa10e42842ca311082f7e2bc9b007929ba1e065a3c45c2f0e061a30","packs/pf2e/feats/class/inventor/level-18/devastating-weaponry.json","Devastating Weaponry: weapon launch; one contact per selected target; ranged-or-flying-melee; fan; return-weapon."
"j3dTFgfzmW8AmRxB","Devil in Plain Sight","action","2","5","ancestry","themed","form","shadow","1","f989bb01c398ad4a8cfd1edcffd8e76833c2ca85d51bc8c731ee8730acaa952c","packs/pf2e/feats/ancestry/versatile-heritages/nephilim/devil-in-plain-sight.json","fiendish features fold inward into disguised familiar silhouette. Disguise not invisibility or attack."
"YwVdaszwpDJd6kf9","Devoted Guardian","action","1","2","class","themed","targetSupport","ward","1","30b87431a3fa07e297434c2ae975724da33c330e5e357e9676895580035d23dc","packs/pf2e/feats/class/shared-class-feats/level-2/devoted-guardian.json","wide source shield angle extends over adjacent ward. Adjacent ally protection; no outgoing attack."
"OqqytsF2RIjB0EPR","Devrin's Cunning Stance","action","1","4","class","themed","stance","mind","1","5203cebea1785c6157aa59a5272d27d4a70775ea202d8baab270bb03473915df","packs/pf2e/feats/archetype/marshal/devrins-cunning-stance.json","sly tactical aura arranges deceptive flanking angles. Check-dependent stance; later reaction denial separate."
"WxL8NMW9JQ5igu0C","Diabolic Certitude","free","","4","skill","symbolic","focus","shadow","1","30a4de235fb544f373eaddfa066aafdf11731752f3008aac8262cdbd29a8a377","packs/pf2e/feats/archetype/hellknight/level-4/diabolic-certitude.json","hell-trained recognition lines inspect observed devil. Knowledge only; not attack."
"7s0I9i0eyo8Gkapa","Diacritic Fluency","free","","6","class","symbolic","preparation","arcane","1","880effd739fe172bbc1e2c723465ddc534e6f3fbc5ddea89aacbba147e12ed43","packs/pf2e/feats/class/runesmith/level-6/diacritic-fluency.json","rapid diacritic accent attaches to incomplete rune focus. Next Trace separate."
"PsLne80WUsD4IFa6","Dig Quickly","action","2","1","ancestry","symbolic","groundCreation","earth","1","2ac6138a1908eecc44c4fdb7b11b65b5d7461f8e6ae8b2dfd8fecffdf8b32458","packs/pf2e/feats/ancestry/shoony/level-1/dig-quickly.json","hands excavate low pit and kick outward grit fan. Extinguishes flames; no fire breath despite fire keyword."
"g3J3kSfnlYjq34Md","Dimensional Pilfer","action","2","4","class","symbolic","produce","teleport","1","9ae42c1a306ab8eca9d03042d82f98a2a050ffd4c2996becce3ae381786ba6f6","packs/pf2e/feats/archetype/veil-dancer/level-4/dimensional-pilfer.json","small stolen-object shimmer blinks from owner to source hand. Thievery conditional; caster does not teleport."
"IlygXZqCaeB9X30e","Dire Growth","action","2","10","class","themed","form","transform","1","fbe55ca9b979b5d55834d2583f3737157e7057e4d9b302793ac6426318480ffa","packs/pf2e/feats/archetype/werecreature/dire-growth.json","primal animal outline broadens in muscular growth wave. No immediate attack or forced movement."
"5eNKs6738aykAhK2","Dirty Trick","action","1","1","skill","symbolic","feint","weapon","1","d20c885767355a767fa3eb40444fa7cb4d37bfc49ec8936d9f687e41e3a34b06","packs/pf2e/feats/skill/level-1/dirty-trick.json","hand-level snag tugs boot or hat focus askew. Check conditional; not magical damage."
"nL82Dzh0QwkNkJDA","Disarming Assault","action","1","8","class","themed","strike","weapon","1","0a7f16babee3e55a27d47e2884487079f25c73aacd68a08b3157ae59db2e9da0","packs/pf2e/feats/class/barbarian/level-8/disarming-assault.json","Disarming Assault: blade contact; 1 visible contact (same-target); melee; single contact; disarm."
"dSSwRyuhKTq1VubX","Disarming Block","free","","4","class","themed","guard","weapon","1","75fcdea09c5e2c152cd28be7baaf6e8784e898b0e9a1dc8c2d5416b9bb09f15a","packs/pf2e/feats/archetype/bastion/level-6/disarming-block.json","angled shield block twists held weapon line sideways. Disarm conditional; no additional Strike."
"HoDs90589eYQwcre","Disarming Intercept","free","","6","class","symbolic","guard","weapon","1","c56aabfa59afbff6e777e0391ada87905c28f096d2a6454f2e4ed210d72dccab","packs/pf2e/feats/class/guardian/level-6/disarming-intercept.json","armor-caught weapon line wrenches away in short body twist. Disarm conditional; no direct damage."
"ZGgFrQAQWk0keaFW","Disarming Smile","reaction","","6","class","symbolic","command","mind","1","5e6fb80b5ef949f2a654b526e30c010e822660e18a61cd29c393a424294ac778","packs/pf2e/feats/archetype/twilight-speaker/disarming-smile.json","warm facial glint opens a hesitant pause ring at attacker. Diplomacy conditional; does not magically disarm weapon."
"1p5ErCp33nGOzEsk","Disarming Stance","action","1","6","class","themed","stance","weapon","1","44e7602e76de155f273ce39fcc75aa03de1e661731b33adb01bf9feb5c1aeba5","packs/pf2e/feats/class/fighter/level-6/disarming-stance.json","single fencing blade settles into controlling guard angle. Future Disarm checks separate."
"4VbfFPuFpbGLMMKF","Disarming Twist","action","1","10","class","themed","strike","weapon","1","88bb7d4cc0700c54826659a03150e425cc309d02ae7681607456da337136dd64","packs/pf2e/feats/class/fighter/level-10/disarming-twist.json","Disarming Twist: blade twist; 1 visible contact (same-target); one-handed-melee; twisting contact; disarm, off-guard."
"OjvE7gaQgWiBqOhY","Discerning Strike","action","1","6","class","themed","strike","weapon","1","529d871b2624ab2a3d4ff5f1d06ab8ef8bce9431dfa4e7c045b0153c45dedde1","packs/pf2e/feats/archetype/pathfinder-agent/discerning-strike.json","Discerning Strike: study; 1 visible contact (same-target); melee-or-ranged; precise contact; weakpoint."
"cHOALlKY1XsCj3Fe","Disciple's Breath","action","2","16","class","themed","elementCone","arcane","1","eb3aeb1d2d002a75cd546cadde8296bfc36efbc3522b4e3dbd93c497c93ed1a9","packs/pf2e/feats/archetype/dragon-disciple/disciples-breath.json","focus-free draconic exhalation unfolds ancestral energy fan. Dragon Breath element/shape chosen from character."
"W7IfFi6MkTDfO2hb","Disengaging Twist","reaction","","4","class","symbolic","movement","weapon","1","1a26a5b2d7544df4973b016a3c6e17d2ce51399c2292dfd930673dfc5062265f","packs/pf2e/feats/archetype/wrestler/disengaging-twist.json","tight escape rotation slips out of grip outline. Escape check conditional; no damage."
"uaUbQsdBIqCvJc2G","Dismal Harvest","free","","8","class","symbolic","absorb","shadow","1","4e126b49187319edde510da3cb144a1f1d52f2bca3d368d6356669eedea41371","packs/pf2e/feats/archetype/necrologist/level-8/dismal-harvest.json","expiring breath wisps collect into necromantic buffer. No extra Mobbing Assault; temporary HP only."
"zv1J1SlorWZc4P8U","Dismounting Strike","action","1","8","class","themed","charge","weapon","1","a6a8d64446ca322772352009841cf86e01f73d058dab5edddd72c5242ad6bc4d","packs/pf2e/feats/archetype/nidalese-horselord/level-8/dismounting-strike.json","Dismounting Strike: dismount; 1 visible contact (same-target); melee; descending; mount-afterimage."
"6AXAJuMEMpxU27PJ","Dispelling Slice","action","2","16","class","themed","strike","arcane","1","64e153847cc522e152fb4a36adb7943a0d061fc74c70fd4e26f41eafb32f83e2","packs/pf2e/feats/class/rogue/level-16/dispelling-slice.json","Dispelling Slice: magic sever; 1 visible contact (same-target); melee; single contact; spell-break."
"Ndxu9YVGgenYmZSb","Dispelling Spellstrike","action","3","16","class","symbolic","spellstrike","arcane","1","62c8dcd23123350c78ea8c72c46657c159e67202567901b87ae7a1b28eac0d78","packs/pf2e/feats/class/magus/level-16/dispelling-spellstrike.json","spell-melee contact unthreads one active magic ring. On-hit counteract conditional; not generic utility."
"qav9ec9cR4lFcz3C","Disrupt Prey","reaction","","4","class","themed","strike","weapon","1","62f51c92c0f733fc093b5bc3dc0a8b8ae1a593c6c7d7d478ee4c0456ce73ea7b","packs/pf2e/feats/class/ranger/level-4/disrupt-prey.json","Disrupt Prey: prey counter; 1 visible contact (same-target); melee; counter thrust; prey-mark."
"P13ZhZcR67Ev0vrS","Disrupt Qi","action","2","12","class","themed","unarmed","void","1","ea0d8057f18fabd5be891d8e4531a97cf6d94dd048548040e3261c0f92b03383","packs/pf2e/feats/class/monk/level-12/disrupt-qi.json","Disrupt Qi: pressure point; 1 visible contact (same-target); unarmed; narrow jab; void-drain."
"Nm8n3urzpDqXni1i","Disrupting Strikes","action","1","6","class","symbolic","preparation","vitality","1","6c246e6fe928d9ab4c8294ce66ca8adbef9b106e8419077350301b08f516e614","packs/pf2e/feats/archetype/ghost-eater/disrupting-strikes.json","weapon edge gains anti-undead vitality sheath. Weapon enhancement only; no immediate Strike."
"OEGhbRgW6wRbccns","Disruptive Stance","action","1","10","class","themed","stance","weapon","1","8860105b81e24eb6aa81442d84d90c80a70e277961ad581f952f27522d428f84","packs/pf2e/feats/class/fighter/level-10/disruptive-stance.json","ready intercept blade hangs beside alert source outline. Future Reactive Strike separate."
"d3J74jmGOrPBWUm9","Disruptive Stare","reaction","","13","ancestry","symbolic","gaze","mind","1","a5db6c7784831e43b1326c3782808855da4d0510a53043806d17d02898f44c8e","packs/pf2e/feats/ancestry/nagaji/level-13/disruptive-stare.json","narrow frigid gaze arrests enemy casting focus. Mental disruption not cold damage; save conditional."
"foMds7Wn9iavRuHx","Dissolution's Clarity","free","","5","ancestry","symbolic","absorb","shadow","1","64672feaa34ad90fefed6dd514894a1a9e614bc00ce039ab49f41302ec390933","packs/pf2e/feats/ancestry/wayang/level-5/dissolutions-clarity.json","nearby darkness gathers into one focused inner spark. Focus regain only; no stealth or attack."
"wiV1CBh1OBhQCfbp","Dissolution's Sight","action","1","9","ancestry","symbolic","focus","shadow","1","875307fa14089ddcf6ed3c36bbbe6166c31b7eeed1c8dceb7bb1b88fd62649f5","packs/pf2e/feats/ancestry/wayang/level-9/dissolutions-sight.json","dark ocular halo reveals edges in surrounding blackness. Darkvision only; no vanish."
"YFPmD8BHv0XaF55G","Distant Wandering","action","1","10","class","themed","form","spirit","1","07ad5333bc533a10cee9e4d3588a254c2e9b01afd01ebf4dd47ffe60a5f094a8","packs/pf2e/feats/miscellaneous/deviant/distant-wandering.json","motionless body echo releases inaudible scouting spirit. Body unconscious; spirit cannot attack or touch."
"3HaftIWhhxIGWzE7","Distant Waterbird's Poise","reaction","","4","class","themed","movement","water","1","0c48b382689de83cbee6474fca477b4b49501f59ef75a310056988eec7bb599a","packs/pf2e/feats/class/magus/level-4/distant-waterbirds-poise.json","light water-skimming leap echo exits existing contact. No second Spellstrike; no real relocation."
"XPTSCUoA8c4o9RgQ","Distracting Explosion","reaction","","10","class","themed","strike","weapon","1","ff1141e9dc1ce809124afd057af8b4e4f1541defbe9c7bafbf9c62155efcf226","packs/pf2e/feats/class/inventor/level-10/distracting-explosion.json","Distracting Explosion: boosted counter; 1 visible contact (same-target); melee-or-unarmed; single contact; small-explosion."
"jzflcD1XnBp2bSZI","Distracting Flattery","reaction","","4","skill","themed","command","mind","1","7fe7653655dd14c21cc6fadbc034e965741994e5e3a1e97affc93a4be9168126","packs/pf2e/feats/archetype/dandy/level-4/distracting-flattery.json","polished flattering speech curls around social misstep. Check-dependent attitude prevention; not movement."
"4UXyMtXLaOxuH6Js","Distracting Performance","action","1","2","skill","symbolic","performance","sonic","1","6a5bda53bb598062e9c02fb7df2384a8048a2a7160b06d25550ac2b38b3dc48a","packs/pf2e/feats/skill/level-2/distracting-performance.json","stage flourish draws attention as ally edge fades. Create Diversion conditional; no automatic ally movement."
"tIeVe9jOmxW7NgCK","Distracting Spellstrike","action","2","4","class","symbolic","feintStrike","arcane","1","0ab4192975b6f0f4a5b80d977dfd7f6cd2507c4128cd5dfb04c5c89253a56bdf","packs/pf2e/feats/class/magus/level-4/distracting-spellstrike.json","free-hand distracting glimmer precedes one spell-melee contact. Feint then one Strike, not two Strikes."
"lGuoGim7J8Z97kor","Distracting Toss","action","2","8","class","themed","ranged","weapon","1","4e68d952f1c8718adb9a6da18061039a302a1f05c9f0355b14790e032dbd68ea","packs/pf2e/feats/class/swashbuckler/level-8/distracting-toss.json","Upward distraction, one thrown-weapon Strike, then a symbolic catch cue. The airborne glint marks the first weapon; the dagger flight represents the second configurable thrown weapon. Feint and catching outcomes stay with PF2e."
"hkSuxXOc9qBleJbd","Disturbing Knowledge","action","2","7","skill","themed","dread","mind","1","7dd4ef6ab5a415aa018b181dd61828dfde2b9c1e509cda78da4fb74c7b503728","packs/pf2e/feats/skill/level-7/disturbing-knowledge.json","Disturbing Knowledge: dread names; no Strike now; none; target runes; confusion."
"Y5fO1ooNuCFPCB0s","Dive of the Divine","action","2","16","class","themed","movement","spirit","1","9e7af165cb5e74ce5f297c121fe8c6d6d357d3521763f9a38645666a1210ae97","packs/pf2e/feats/archetype/mortal-herald/dive-of-the-divine.json","vertical divine descent lands in broad sanctified shock ring. Area damage and push conditional; no doc movement."
"yoeMOIgH8Snw1JCQ","Diverse Recognition","free","","8","skill","symbolic","focus","arcane","1","053889c5ca1a4a9053f1cbab5fb18b0a19c488c223d03dc0b6a36a8658f053bf","packs/pf2e/feats/archetype/pathfinder-agent/diverse-recognition.json","second distinct enemy outline receives informed scan. Knowledge only, no target damage."
"rljiwL00XW1RcnyL","Divert Destiny","free","","6","class","symbolic","restoration","vitality","1","ac865a0f76fb737ab8318350bf3179baabeb54d2fd414e8cc5495f6f35762f37","packs/pf2e/feats/mythic/divert-destiny.json","mythic life reservoir erupts through extinguishing fate veil. Survival cue; no actual state edits."
"yFc0tN9HviAJnG1r","Divert Streamflow","reaction","","4","class","themed","movement","water","1","56ce3ccadece53061ae2c799e52b06fa0cd73fcc5fcdce56cfba873d60d8fd22","packs/pf2e/feats/class/monk/level-4/divert-streamflow.json","flowing hand gesture redirects adjacent foe line then step echo. Reposition and subsequent Step conditional."
"PqZZSo06BH5N7x7C","Diverting Vortex","action","1","6","class","symbolic","guard","wind","1","e5122deb8f9e0fdbd55b249a09a12486ee02e926eb20fe603189ab303f57f01f","packs/pf2e/feats/class/sorcerer/level-6/diverting-vortex.json","spent spell residue spins into defensive air vortex. No outgoing weapon attack."
"C10L7NG6dgsCqKG8","Divide and Conquer","action","2","16","class","themed","doubleStrike","weapon","1","926e4a9e01abd8c90c6dc21515ddfe1106c87da5d2af6a51beeafad786b00ce6","packs/pf2e/feats/archetype/warshard-warrior/divide-and-conquer.json","Divide and Conquer: side step; 2 visible contacts (different-targets); warshard-melee; wide pair; type-chosen-finish."
"xoIxiRtBVHV27Rvd","Divine Aegis","reaction","","2","class","symbolic","guard","light","1","eb286ad6a3bc42a19a17b7ee2ed3cbd34aeec6967edcfd75266489bee90fdcad","packs/pf2e/feats/class/oracle/level-2/divine-aegis.json","split divine barrier shields mundane magic-facing edge. Not universal invulnerability."
"fUR72e3t7p2IcqqG","Divine Disharmony","action","1","1","class","symbolic","command","spirit","1","47ad1ceef55d13c7a0fad0bc342371eb90bc0ba161810fa8164d923acc78f19f","packs/pf2e/feats/class/thaumaturge/level-1/divine-disharmony.json","opposing holy symbols clash into distracting dissonant pulses. Skill check conditional; no damage."
"tJduF6N83l5khRow","Divine Grace","reaction","","2","class","symbolic","targetSupport","light","1","3f5230243c142c1aa7570f7d870c4eeed3252aafc50ebb4b05f3348864a8e75b","packs/pf2e/feats/class/champion/level-2/divine-grace.json","brief grace ray gathers into focused save halo. Save bonus only; no heal."
"JcXzKwrdMkNszrJQ","Divine Infusion","action","1","4","class","themed","preparation","healing","1","234d4bde0106624bc03da43343873979b65161e5000d8a6072065cb42a1be377","packs/pf2e/feats/class/cleric/level-4/divine-infusion.json","healing focus gains bright weapon-empowering strands. Next heal/harm then enhancement; no immediate attack."
"frPdltbxoYtAHpPX","Divine Invulnerability","action","1","14","class","themed","guard","light","1","1f8d735ca57b0006fe51e0977c2ea6ce12ef13c55203e9016f785d40064dc93a","packs/pf2e/feats/archetype/godling/divine-invulnerability.json","smoldering divine aura thickens around body. Resistance rather than absolute immunity."
"2uYigDgvlfCZVg9e","Divine Presence","action","1","18","class","themed","stance","spirit","1","bfcb7934c9e643e092c9d401b97ecbbda4443733c6c13435167abb3d06b4f930","packs/pf2e/feats/archetype/mortal-herald/divine-presence.json","godlike source silhouette echoes across small emanation. No document teleport or immediate Strike."
"iLFK11lcw5hViTBS","Divine Rebuttal","reaction","","6","class","symbolic","strike","spirit","1","1ff11f48659d32a192afe3837926445a22db86fb5f68a1e08d4906398d2bc944","packs/pf2e/feats/class/cleric/level-6/divine-rebuttal.json","favored-weapon contact releases allied saving resolve motes. On-hit allied save support conditional."
"Trj5azJlaOk5jgBi","Divine Weapon","free","","6","class","themed","preparation","spirit","1","24c9ae3fc0134531eeb91beb423a7f5e8380f0fab69c2677f2fd2c89762b83ee","packs/pf2e/feats/class/cleric/level-6/divine-weapon.json","residual divine spell wisps settle along held weapon edge. Weapon enhancement, no new spell or immediate hit."
"vtCrMziYxNyj8kP7","Divine Wings","action","2","9","ancestry","themed","flight","light","1","43726a409d2b4cbeceece3bb046b82ce65a617bda6b5dcefc3e09955344fe76e","packs/pf2e/feats/ancestry/versatile-heritages/nephilim/divine-wings.json","feathered or batlike back echoes open into magical wings. Flight grant, no attack or automatic long movement."
"VVPPPT8kJRmeJ4sR","Dizzying Spell","action","1","14","class","themed","preparation","mind","1","50d93e7a56e454b2d8d689f122792f5d4136ed574e2efc8ace8c5bc2b79caa89","packs/pf2e/feats/class/wizard/level-14/dizzying-spell.json","next-spell focus gains slowly offset concentration rings. Future failed save required; no target stupefy now."
"rDrEZhs59LUxzjJu","Dizzying Spin Dance","action","3","10","class","themed","charge","weapon","1","acaf0ea0d13370d1962246779b16e801139f237b1cd9a9e270751c4b592d8644","packs/pf2e/feats/archetype/fan-dancer/dizzying-spin-dance.json","Dizzying Spin Dance: tumble spin; 3 visible contacts (different-targets); fan; rotating pair; off-guard."
"1Z4ps6u7RtA57ksK","Do You Know Who I Am?","action","2","12","class","themed","dread","mind","1","7463b099820fa999fc6bfb2c1ba1f5b7471ca58ce19273e63a4fcce2da1ba9b2","packs/pf2e/feats/archetype/dandy/level-12/do-you-know-who-i-am.json","Do You Know Who I Am?: reputation tirade; no Strike now; none; source wave; mental-contact, fear."
"1fBHZpM3Z3MQtzvi","Doctor's Visitation","action","1","4","class","themed","movement","healing","1","8bf09b858ead1a8333f2c58ebf9ab146e7c63cd6b6d9304747310eee4e045ea0","packs/pf2e/feats/archetype/medic/doctors-visitation.json","careful approach echo ends in hand-sized medical pulse. Medicine/poison/first aid option, not attack."
"0qGLCpggCcOVkbtT","Dodge Away","reaction","","6","class","themed","guard","weapon","1","b5057c41a42f52a06347fbed8d765b780c49b1950795d0d4c0a59404f8e9e2c5","packs/pf2e/feats/archetype/acrobat/level-6/dodge-away.json","Dodge Away: side dodge; no Strike now; none; source afterimage; step-option."
"nBWoZ311FXFJC8Zl","Dodging Roll","reaction","","12","class","themed","movement","weapon","1","87ee47bbfb5e434d12bca02cfc57ce27ef17e261de017c510d899524b1cdbfd8","packs/pf2e/feats/class/monk/level-12/dodging-roll.json","late low dodge echo rolls across incoming area edge. Resistance depends on leaving area; no real move."
"HX12ulixkeYeWZUU","Dominion Aura","action","2","17","ancestry","themed","elementAura","force","1","be9539c8f3d0d55de00cd653bef45d7e9232831b216a3f361b6493351d8d8217","packs/pf2e/feats/ancestry/versatile-heritages/nephilim/dominion-aura.json","Dominion Aura: force expand; no Strike now; none; source burst; ground-pressure."
"Z8r7U99OSmlxmV1b","Domino Effect","reaction","","14","class","themed","bind","arcane","1","4b1b4f314cddb3ada4a9bda97fed5ab5e634c9cbb176cd81db5327d17c8d0333","packs/pf2e/feats/archetype/snarecrafter/level-14/domino-effect.json","triggered snare line hops once into nearby second target. Target-to-target propagation, not caster stealth."
"hbDHgTwKsXiGFT1Z","Don Thy Fervor","action","1","14","class","symbolic","resolve","shadow","1","464de7b2ee27c02abb5553ece5c8fa8a22ed00b7b945b9ebed0c860096f5122b","packs/pf2e/feats/archetype/archfiend/level-14/don-thy-fervor.json","fiendish eye embers sharpen confident posture. Skill and counteract bonus, no attack."
"gnwKHXKxMbJ2RoJ2","Doom of Sailors","action","2","17","ancestry","themed","dread","sonic","1","9b78c19977df1a3fab6942a1a2641fb8c4f10b3c27d57a8aa2210ceb098bec2d","packs/pf2e/feats/ancestry/merfolk/level-17/doom-of-sailors.json","Doom of Sailors: doom song; no Strike now; none; target wave; fear, misfortune."
"PwcmmJOLY8C9JHau","Double Shot","action","2","4","class","themed","ranged","weapon","1","a7280944f1cfc160b29d5ba7bd1592faba45ac2a2133e9a263e681183b6a0f6b","packs/pf2e/feats/class/fighter/level-4/double-shot.json","Double Shot: quick aim; 2 visible contacts (different-targets); bow; projectile; two-arrivals."
"onde0SxLoxLBTnvm","Double Slice","action","2","1","class","signature","doubleStrike","weapon","1","b6edfca8dcd35019d266fe40be52f5d036c2c1512d2c7f20f94d1882f91cc421","packs/pf2e/feats/class/fighter/level-1/double-slice.json","Double Slice: balanced dual; 2 visible contacts (same-target); two-melee; crossed pair; one-combined-finish."
"nroOy0PBeEUGdUXD","Dousing Spell","action","1","4","class","themed","preparation","water","1","0c51de93e74da0418f723eb3cae4efef886b229b433fbc69c230fc42d55f4665","packs/pf2e/feats/archetype/elementalist/dousing-spell.json","watery droplets coat next casting focus. Next target soak/recovery separate."
"fMIHi9AuwZF7DufT","Draconic Fury","action","2","4","class","symbolic","elementCone","weapon","1","0d8ccbe8a997339729a4a764e169443856f7c52e87a5daa02afff8c41d799708","packs/pf2e/feats/archetype/draconic-acolyte/draconic-fury.json","spectral claws rake outward in short cone flurry. Dragon proxy origin selectable; no dragon breath projectile."
"5shHvm7YP0B5diqB","Draconic Resilience","action","1","4","class","themed","guard","transform","1","cb5b97b7a48b587fbffb2b13d0996e61c534bb5856c1f3734fdaf9a44dcbf269","packs/pf2e/feats/archetype/draconic-acolyte/draconic-resilience.json","overlapping spectral dragon scales shimmer defensively. May target ally at spectral dragon; no immediate attack."
"0Iv3VbR1DMPbZIjD","Drag Down","action","2","5","ancestry","themed","bind","water","1","89c4af71b540b6980a9f18f01cfb56e7c923b93cda8e3f7163d8fb47b0d37002","packs/pf2e/feats/ancestry/azarketi/level-5/drag-down.json","adjacent grip pulls a submerged outline downward. Grapple success required; no real forced movement."
"yAgFDUU8HfVK4KTy","Dragging Strike","action","1","2","class","themed","strike","weapon","1","1645f0a53f42d959b3a35a40c58e12ca2f7993ce4b3133cfb81fa500cc3e5665","packs/pf2e/feats/class/fighter/level-2/dragging-strike.json","Dragging Strike: snag pull; 1 visible contact (same-target); melee; hook; inward-pull, off-guard."
"SELSj1vvVLx5cP72","Dragon Roar","action","1","6","class","themed","dread","sonic","1","97383a1699f2b6ef3a350a2a4a3904b8db39785639ee79f771efdbd2ca33f881","packs/pf2e/feats/class/monk/level-6/dragon-roar.json","Dragon Roar: dragon roar; no Strike now; none; source wave; nearby-fear."
"8sy3sHwOHS4ImwvJ","Dragon Stance","action","1","1","class","themed","stance","weapon","1","055976ec8abfcf1ce703ddd3bcce5b1f97ce05beb434ca94fe3342d4f910d4e4","packs/pf2e/feats/class/monk/level-1/dragon-stance.json","low dragon-tail leg echo settles into broad stance. Later powerful leg Strikes separate."
"lgEihn7deZwHczGE","Dragon Transformation","action","1","16","class","themed","form","transform","1","5a4c3a438fcbe4a70e322a1ea341dab000f38a5663f7df55dc5a451a8f97fe30","packs/pf2e/feats/class/barbarian/level-16/dragon-transformation.json","rage-lit silhouette expands into large dragon outline. No immediate breath or Strike."
"zQgdTW7CPYw8km5F","Dragon's Flight","action","1","5","ancestry","themed","flight","wind","1","c0c6670ae7dd6b7751b0f20a4c48344d4e8d57adb992a41f19a15f22ff697553","packs/pf2e/feats/ancestry/versatile-heritages/dragonblood/dragons-flight.json","small draconic wingbeats lift a short forward echo. Actual Fly movement visual only; fall possible."
"WRtf8xhjGM5Dy2RQ","Dragon's Journey","action","1","14","class","themed","movement","wind","1","1441849a2342b74166835bab8df1878bc675a0e2523702e295b472f46bbc7942","packs/pf2e/feats/archetype/fan-dancer/dragons-journey.json","paired fan cuts create serpentine low-resistance trail. Allied reaction movement optional; not defensive shield cast."
"3uavnVbCsqTvzpgt","Dragon's Rage Breath","action","2","6","class","symbolic","elementCone","arcane","1","af214630f03b5869a9c02d45b3511ee64d5983b8094c414c2ca0fc03aea346ac","packs/pf2e/feats/class/barbarian/level-6/dragons-rage-breath.json","deep raging inhale pours instinct energy into broad cone. Element from chosen dragon, not weapon slash."
"bqZkAFS6eq9TKXMO","Dragon's Rage Wings","action","1","12","class","themed","flight","transform","1","da52eebdf0a76160f104c3528f271797228e73932e026522a1d462192fae8eb4","packs/pf2e/feats/class/barbarian/level-12/dragons-rage-wings.json","rage-colored back wings unfold with muscular flare. Flight grant only; no breath attack."
"RaqjaXp2miOq4Bis","Dragonet Breath","action","2","1","ancestry","symbolic","elementCone","arcane","1","aa22ffee7cd6336f2f3bb0a0d66a16e2ad6f01d00de171851e289aa16aa0bf64","packs/pf2e/feats/ancestry/dragonet/level-1/dragonet-breath.json","small heritage-specific gas or spittle exhalation. Choose heritage cone/line and element; no universal fire breath."
"ZvrzK8NM390k139E","Drain Emotion","action","2","9","ancestry","themed","absorb","mind","1","04031ee57b36b4ee183e0e7bc78338cb03bb3a9891e02fab348c3256b01da8f5","packs/pf2e/feats/ancestry/shared-ancestry-feats/level-9/drain-emotion.json","Drain Emotion: adjacent touch; no Strike now; none; inward transfer; emotion-clear, source-temporary-hp."
"bJc477EbUYW2TlBx","Drain Vitality","action","1","10","class","symbolic","absorb","healing","1","3893bb53a3d6f49653a0ca03ec75eca7cc1209e1190f644791bb01d028139dd7","packs/pf2e/feats/archetype/beast-gunner/level-10/drain-vitality.json","beast-gun essence spirals into temporary life sheath. No gunshot; temporary HP and recovery checks."
"7dRLt7NO4AxziQ8T","Draining Strike","action","1","2","class","themed","strike","spirit","1","3aa60db09fa46d6b6d3778fb1cb11eec9657bc267502ec50002f6d81cf729fb0","packs/pf2e/feats/class/necromancer/level-2/draining-strike.json","Draining Strike: thrall conduit; 1 visible contact (same-target); melee-or-ranged; single contact; spirit-drain, source-heal."
"fFVqsMseN4zA9R24","Draining Touch","action","1","2","class","themed","unarmed","cold","1","66cad619b7973c401d248021d504e0ce7e3f2f0310f592095274767c2bde67b2","packs/pf2e/feats/miscellaneous/deviant/draining-touch.json","Draining Touch: hungry reach; 1 visible contact (same-target); unarmed-touch; narrow contact; inward-drain."
"HlqAdfxmcd9gdgHa","Draw From the Land","action","1","10","class","symbolic","absorb","earth","1","0da49e17239088aee657cbfe396e517045b4c2205bdff5148955d0c2e1d1564c","packs/pf2e/feats/archetype/geomancer/draw-from-the-land.json","matching ground energy rises into body buffer. Temporary HP, not actual healing."
"2XezSBe1jVsfYoDc","Drawn In Vital Ink","free","","8","class","symbolic","rune","blood","1","af5f908525ef4581ff60b2a4c335db72e048882652bdb51285794749d556b201","packs/pf2e/feats/class/runesmith/level-8/drawn-in-vital-ink.json","brush-sized blood trail becomes distant rune tether. No repeated Strike or immediate rune damage."
"R7c4PyTNkZb0yvoT","Dread Marshal Stance","action","1","4","class","themed","stance","fear","1","9adbfaccab099d8fc9f867a1b163e6424a98b6ac011483f0a98fcdc7c21a8222","packs/pf2e/feats/archetype/marshal/dread-marshal-stance.json","grim marshal posture projects vicious allied edge halo. Entry check and later critical-hit fear conditional."
"JxZobgFhLBNcFCwE","Dream Guise","action","1","10","class","themed","form","mind","1","2e6b8c3c8d84f2bd80501e80a7392f19c69e790f129a14c5a3db09fc052957fd","packs/pf2e/feats/class/psychic/level-10/dream-guise.json","two source-ally appearances blend into shared third mask. No physical merge or actual token relocation."
"FNO2hfGmxqJngD4A","Drifter's Juke","action","2","6","class","themed","mixedStrike","weapon","1","de86c7fc5339fbaa6c083f610fb8911d8c7ecddd223b21ae94477eb1ba8a42da","packs/pf2e/feats/class/gunslinger/level-6/drifters-juke.json","Drifter's Juke: side step alternating; 2 visible contacts (same-target); firearm-and-melee; mixed pair; side-step."
"7W5oubPLcxHJdcHX","Drifting Pollen","action","1","8","class","themed","stance","plant","1","8c72348ae03d590221b73f269e97f2e552182b53d8f009e9e47379994186d8cd","packs/pf2e/feats/class/kineticist/level-8/drifting-pollen.json","slow pollen haze fills kinetic aura perimeter. Sickened/dazzle save conditional; not healing."
"X6nwiA2uJ2UQIOKB","Drive Back","reaction","","8","class","themed","shove","ward","1","1d384796f8172587a4f7e435a04916f18407a3bdc532fc1819e7c23dd78b9e37","packs/pf2e/feats/archetype/bastion/level-8/drive-back.json","Drive Back: shield brace; 1 visible contact (same-target); shield; horizontal push; opening."
"Eg7YZBmeNJeY9wkD","Drive-By Attack","action","1","12","class","symbolic","charge","weapon","1","e36dccbd484e0c9fafe87a6d458aa4b5182344cf201a81c0bcbd4999e29818f4","packs/pf2e/feats/archetype/trick-driver/drive-by-attack.json","vehicle-side passing echo carries one timed contact. Vehicle origin, not automatic personal dash."
"itn27nKYb8FRsdl3","Driving Rain","action","3","6","class","themed","groundCreation","water","1","62e8574bbd4435214b407223771b965c433f53bb38eb380e067fb7ae8915029f","packs/pf2e/feats/class/kineticist/level-6/driving-rain.json","remote heavy rain burst impacts downward behind mist. Damaging rain burst, not caster stealth."
"tMIz6B143mLMsTSI","Drowning Mist","action","2","12","class","themed","stance","water","1","4ba19309a5b400aea12521bc8f60db8fcf43910146637cfdbaca6b42e62fe47c","packs/pf2e/feats/class/kineticist/level-12/drowning-mist.json","thick low mist rolls slowly from elemental gate. Later breath actions/save effects separate."
"PP1gfRCc1YwnQGxp","Dual Finisher","action","1","8","class","themed","doubleStrike","weapon","1","2dd6b76441a007e02bdf99e6af6492769b5bd176d1aa6d9bb799f94f16945e07","packs/pf2e/feats/class/swashbuckler/level-8/dual-finisher.json","Dual Finisher: split finisher; 2 visible contacts (different-targets); two-melee; opposing pair; terminal-contact."
"HHAGiBYVv8nyUEsd","Dual-Handed Assault","action","1","4","class","themed","heavyStrike","weapon","1","5ff7e545608d9f2e7aa4af4d62874203be40bc1d9497b5b1ccff7c85bae5943d","packs/pf2e/feats/class/fighter/level-4/dual-handed-assault.json","Dual-Handed Assault: snap grip; 1 visible contact (same-target); one-handed-melee; single contact; two-handed-momentum."
"04Smj4ZsEBD8WIXv","Dual-Weapon Blitz","action","2","10","class","themed","doubleStrike","weapon","1","8b1d81874e0955d14fcfed11d57ef6d0fe0d965dcfef65e8e9ca1c6381934d24","packs/pf2e/feats/archetype/dual-weapon-warrior/dual-weapon-blitz.json","Dual-Weapon Blitz: weaving sprint; 2 visible contacts (same-target); two-melee; lateral pair; movement-trail."
"9EqUTnbV8WHE2aKm","Dualistic Synergy","action","1","8","class","themed","preparation","arcane","1","7f44db1a7921db3778f0b513232400f8de7e288a91e8420352aacb7c8498337d","packs/pf2e/feats/archetype/halcyon-speaker/dualistic-synergy.json","arcane and primal rings align into dual casting focus. Next spell-dependent knowledge/buffer, not current attack."
"FYz5eQeTox9IDkSd","Dueling Dance (Fighter)","action","1","12","class","themed","stance","weapon","1","07f8509d64a6117b002f5b98ba0385017a7c416773e09921b7a7db587122b6b3","packs/pf2e/feats/class/fighter/level-12/dueling-dance-fighter.json","free-hand balanced defensive blade circles compactly. No immediate attack; fighter parry style."
"9VGmE7X4aK2W8YWj","Dueling Dance (Swashbuckler)","action","1","10","class","themed","stance","weapon","1","c99327882410f8125a2678dc5b1aa4a8cd97029545b6ccced661dd76dd2c1026","packs/pf2e/feats/class/swashbuckler/level-10/dueling-dance-swashbuckler.json","extravagant free-hand flourish opens wider parry fan. No immediate attack; distinct expansive style."
"n7nQQR940OvFbw7T","Dueling Parry","action","1","2","class","themed","guard","weapon","1","a45cfa1d60236eb4fd27d84e6856d97735798aedfd1f187852de9f09f09aa8c8","packs/pf2e/feats/class/fighter/level-2/dueling-parry.json","one-handed blade cuts a concise defensive diagonal. Source defense only."
"mf2cdCRV8uowOMOm","Dueling Riposte","reaction","","8","class","themed","strike","weapon","1","12598abe44cc145f66de5f968210928e57f7c25679a197a2954207f595c3acad","packs/pf2e/feats/class/fighter/level-8/dueling-riposte.json","Dueling Riposte: parry counter; 1 visible contact (same-target); sword; counter thrust; disarm-option."
"5op3m0gwZjL4udit","Duelist's Challenge","action","1","4","class","themed","command","weapon","1","b05bf4064c4a3a27febecced4c271ed0730b150e73780f66db4eba8fd72b4f5d","packs/pf2e/feats/archetype/duelist/duelists-challenge.json","spoken duel line connects poised blade to chosen opponent. Marks opponent without immediate damage."
"Bk07joho2dUG3lVw","Duelist's Edge","free","","4","class","symbolic","preparation","weapon","1","a341be73ab8dc2f939e0a8b0489c5e829558ee9248059537a968dd20bbdf2509","packs/pf2e/feats/archetype/aldori-duelist/level-4/duelists-edge.json","initiative focus flashes as dueling blade is drawn. Weapon draw not Strike."
"MXn2g1OrOOr2qqpJ","Duelist's Form","action","1","16","class","themed","stance","weapon","1","e15deeca5e29765680d9656e8f3d5fb3b095d027c0cd1e2260ff53e54932bdfe","packs/pf2e/feats/archetype/aldori-duelist/level-16/duelists-form.json","single-hand blade focus quickens poised step-ready outline. Later extra actions separate; fatigue cost persists."
"wOb5YGq1EcRn3lwl","Duo Dragon Kick","action","2","4","class","themed","doubleStrike","weapon","1","9bcf4e961aca22109119918a3a5d41d13d50f8b8abd6a7c0609cca25c36ec586","packs/pf2e/feats/class/inventor/level-4/duo-dragon-kick.json","Duo Dragon Kick: tandem spin leap; 2 visible contacts (same-target); source-and-construct-unarmed; aerial pair; combined-finish."
"pu8Mg2FIrhBYTNnB","Duo's Aim","action","2","8","class","themed","firearm","weapon","1","65b4d7d1f27f86a0e23971078a4b518fc7e9fee05b430413fa64333f270e96eb","packs/pf2e/feats/archetype/sniping-duo/duos-aim.json","Duo's Aim: spotter focus; 1 visible contact (same-target); firearm-or-crossbow; projectile; precision-glint."
"9ABMm2PE3eFSzhTY","Dust Cloud","action","1","8","class","themed","concealment","earth","1","4335d43abe0c133518f45a894904a80958d08d53c881a55648d174a97a231383","packs/pf2e/feats/archetype/world-rouser/level-8/dust-cloud.json","dust and pollen thicken established waking-world area. Dazzle/blind later save-dependent, no attack."
"5WMoaM7cH9aw3iAc","Earth to Heavens Strike","action","2","14","class","themed","doubleStrike","weapon","1","3bd53684cc24fc1673888769f0dadac785b68a1a0816e95ef475437412bc575e","packs/pf2e/feats/archetype/eternal-legend/earth-to-heavens-strike.json","Earth to Heavens Strike: low to high; 2 visible contacts (same-target); melee-or-unarmed; rising pair; low-clumsy, high-stupefy."
"bDVx7hVyxjwRAxxG","Ease the Burden","action","2","20","class","themed","restoration","healing","1","0a4e900c40100a3213fcf7d9608d2fa9850aac547ca1066feb676051fc94e869","packs/pf2e/feats/archetype/mortal-herald/ease-the-burden.json","Ease the Burden: adjacent touch; no Strike now; none; ally halo; heal, condition-clear."
"rFmJVDdB313EibTs","Eat Fortune","reaction","","5","ancestry","symbolic","absorb","arcane","1","90a07b819035d1694e737642758c4bbc678cea21d22d7a8a20b56fcc68607b9c","packs/pf2e/feats/ancestry/tengu/level-5/eat-fortune.json","twisting fate ribbon is swallowed into a closing beaklike curl. Disrupts fortune/misfortune; no damage or heal."
"xSJaOcdhqDF1CBs3","Ebb and Flow","action","1","14","class","themed","preparation","healing","1","baa23acc7f108d6757ad1712ad401a8c992f3fcfcd70e96bca2b575c57ad1535","packs/pf2e/feats/class/cleric/level-14/ebb-and-flow.json","bright and dark casting streams separate into two ready branches. Future dual-target Heal/Harm, not immediate result."
"nKkbEKbE9vfKWKdd","Echoes in Stone","action","1","9","ancestry","symbolic","focus","earth","1","9c4499fe6e5147d15c981761a3087b8c14385e510ed7f312fcfcac3112197bc4","packs/pf2e/feats/ancestry/dwarf/level-9/echoes-in-stone.json","subtle ground vibration rings return to source feet. Tremorsense only, no earth damage."
"T4Xm8vYtnGMOM0Cw","Echoing Channel","action","1","18","class","themed","preparation","healing","1","6c42be4165912d8a1a63769052c2656b771ce9e45e4ef3aa6fd2d45e42e8bf89","packs/pf2e/feats/class/shared-class-feats/level-18/echoing-channel.json","main divine focus creates smaller nearby energy pocket. Future additional one-action Heal/Harm separate."
"NvEYf0jIETEu2LtP","Echoing Spell","action","1","18","class","themed","preparation","arcane","1","e25128077ffe481b8f937dcd50bf0fbaf78b48291b65a71878742de3e4d68e91","packs/pf2e/feats/class/sorcerer/level-18/echoing-spell.json","precise casting components form trailing resonance copy. Second cast later optional; no double playback now."
"DaW1Ugz0a24jhWLY","Echoing Violence","free","","18","class","themed","elementTarget","weapon","1","7b662ad2c9ebec7d8844ed762730a31b465fbd1df115d2e6c76e094f02f3b223","packs/pf2e/feats/archetype/martial-artist/echoing-violence.json","existing unarmed contact reverberates internally in spaced pulses. Death only critical save failure; no additional Strike."
"0ihK3qYItmi8eVZs","Eclectic Obsession","action","1","5","ancestry","symbolic","focus","mind","1","1258db056bf11be6d902209a4b84a69b9db70839262ac2e5b27b0fd368c9b68f","packs/pf2e/feats/ancestry/gnome/level-5/eclectic-obsession.json","assorted recalled craft fragments settle into one lore sign. Temporary training, no guaranteed information."
"DNZlWe2V28KoajoN","Eclectic Sword Mastery","action","2","13","ancestry","symbolic","preparation","weapon","1","0419c9980bd8f54d61ccd3b51869a572afa02145fb6e3073dd8a657045c8188a","packs/pf2e/feats/ancestry/tengu/level-13/eclectic-sword-mastery.json","few practice blade arcs resolve into learned sword alignment. Practice not enemy Strike."
"uBBQtYDIsVxnUJsZ","Ectoplasmic Aura","action","1","18","class","symbolic","stance","spirit","1","8ff804eec12a42e5c0d254efd63415b52e288ecca7fccb70847d40044baee0e3","packs/pf2e/feats/class/necromancer/level-18/ectoplasmic-aura.json","thick translucent ectoplasm fills friendly defensive perimeter. Later enemy end-turn reaction denial save-dependent."
"pYYSLNUWGMYxYNkG","Edict of Mortality","action","2","8","class","themed","dread","mind","1","5ad56b9c66c3cd860100ae40cdd6ddf51977574bc6a1d51436e1181d4dbdcf1f","packs/pf2e/feats/archetype/pure-legion-enforcer/level-8/edict-of-mortality.json","Edict of Mortality: mortality recital; no Strike now; none; source wave; divine-lock."
"SCIczsxMTcwD5I4e","Edifying Trace","action","1","8","class","symbolic","rune","arcane","1","bceaa8582a9444baf17ebf450432eec4fb696c4b1c3e70939cbe1c7275e2f81e","packs/pf2e/feats/class/runesmith/level-8/edifying-trace.json","adjacent rune trace becomes revealing inspection lines. Knowledge success required for later saving penalty."
"9cHQua33V35JPE3U","Educate Allies","reaction","","6","class","symbolic","targetSupport","sonic","1","a89a8f63ef3344cd560b42c396f84652784d78147c10fcf70ec941516e150a76","packs/pf2e/feats/class/bard/level-6/educate-allies.json","composition notes carry defensive lesson to allied edges. Buff existing composition, no new hostile spell."
"jPWF8Xe0UqVvbeyv","Eerie Flicker","reaction","","2","class","themed","concealment","fear","1","dc21f8bf359f5f148024a67ce4ed6735add372544750d3562de83e9ce942274f","packs/pf2e/feats/miscellaneous/deviant/eerie-flicker.json","Eerie Flicker: ethereal flicker; no Strike now; none; source afterimage; conditional-fear."
"Ob4w36tsd1WKSxZo","Eerie Proclamation","action","2","10","class","themed","groundCreation","shadow","1","4cac088c338b86f6319e4e85f20ea0c70b589538a89d92158733b100905f8fd3","packs/pf2e/feats/class/shared-class-feats/level-10/eerie-proclamation.json","ominous small square marking darkens ground corners. Future entrant curse conditional; no damage now."
"lZA7SYBmSPFlKNr2","Effortless Captivation","free","","14","class","symbolic","focus","mind","1","833a0c080fd8fdee007b7cedd2850eca3e074dc0fcb2058563b88d386e97310c","packs/pf2e/feats/archetype/captivator/level-14/effortless-captivation.json","subtle charming orbit receives effortless maintenance pulse. Sustain only; no new target charm."
"rgs6OZJYCgi5At8J","Effortless Concentration","free","","16","class","symbolic","focus","arcane","1","b347c330d5fd9fead435e712841a5bb746827061107c275141fd5b8467151ff9","packs/pf2e/feats/class/shared-class-feats/level-16/effortless-concentration.json","one existing spell ring renews through quiet inward attention. Sustain only, no extra casting."
"YpRd68IAAKz64Lwt","Effortless Impulse","free","","12","class","symbolic","focus","arcane","1","c0805a5ed579847a38b01778b62c5bc930ab5f3a05c718451dc479cf49d3656f","packs/pf2e/feats/class/kineticist/level-12/effortless-impulse.json","steady kinetic-gate ripple refreshes existing elemental orbit. Sustain only, no new impulse burst."
"JwosaDYoqfPiFMYa","Eidetic Memorization","action","3","10","class","symbolic","focus","mind","1","17183a895166dcb04288169efbd0d544493edd9b1f00921b9df0b78811f04c30","packs/pf2e/feats/archetype/pathfinder-agent/eidetic-memorization.json","page-like inscription lines imprint into memory focus. Writing recreation later, no magic damage."
"588O3jurogttvqgm","Eidolon's Retort","reaction","","6","class","symbolic","strike","weapon","1","f9122adc423c2212592bcea26d5ef333ba7e0012f20b8aa07ce984d123e7d8d2","packs/pf2e/feats/class/summoner/level-6/eidolons-retort.json","eidolon-side intercept contact meets triggering foe. Eidolon origin, disruption only critical manipulate trigger."
"7GGxxoYNA4YrtML9","Eidolon's Trample","action","3","16","class","themed","trample","weapon","1","f81da32127a9ff21b8b9ffa74376026966ebf0da9d84c1a00c65ca6cb10b3b27","packs/pf2e/feats/class/summoner/level-16/eidolons-trample.json","eidolon ground trail leaves staggered trampling contact rings. Eidolon origin; save-dependent damage, no source burst."
"pCVegyXxNibF4ulp","Elaborate Flourish","action","1","4","class","themed","preparation","arcane","1","071f598800a5dc8fac0ddd37b582df6e646f70798f494b89a0fbfa83d9871a34","packs/pf2e/feats/class/sorcerer/level-4/elaborate-flourish.json","entrancing casting flourish layers ornate misleading marks. Next cast obfuscation, no immediate attack."
"hENWnoZNljeJnZBR","Elbow Breaker","action","1","4","class","themed","unarmed","weapon","1","37f4d11d03c378f2e33bab9b27b9677caf31e436864c2b7615f4cb5c055e5191","packs/pf2e/feats/archetype/wrestler/elbow-breaker.json","Elbow Breaker: held twist; 1 visible contact (same-target); unarmed; twisting contact; disarm."
"kp2brlFZEbVCeWWh","Eldritch Reload","free","","10","class","symbolic","preparation","arcane","1","279180725588942ee0e71d6216d97c92ff8cb568e21b875fe7d990cdd1fdf38b","packs/pf2e/feats/archetype/eldritch-archer/eldritch-reload.json","spent magic mote seats ammunition with quick loading glint. Reload only, no shot."
"zfnZki2CxmZXdNBO","Electric Counter","reaction","","16","class","themed","guard","electricity","1","e2d8f4f2e8c9e58007204b382aa984e28992a30e9fe0a979ded2b268f46afbb4","packs/pf2e/feats/class/monk/level-16/electric-counter.json","electric defense briefly sparks into melee attacker-facing edge. Retaliation only if trigger melee; not universal target bolt."
"LvmYfUGX3uDCpIHY","Electrify Armor","action","1","10","class","themed","stance","electricity","1","8761e1b8fb65ddcd9f5a2fadb1809af266c83f3e1f61164eac8c5f068f154786","packs/pf2e/feats/class/inventor/level-10/electrify-armor.json","armor seams carry dancing electric sparks. Future contact damage, not immediate foe attack."
"20JPwspLZ0r28Jnf","Electrogenesis","action","2","6","class","themed","unarmed","electricity","1","e542b2f69267493f8a835b8403906f9296482cea8c3c09805a484aacda90724a","packs/pf2e/feats/archetype/wild-mimic/electrogenesis.json","Electrogenesis: electric touch; 1 visible contact (same-target); unarmed; single contact; electric-jolt."
"E7j1e8R9FXaFUq0V","Elemental Artillery","action","3","6","class","themed","ranged","metal","1","651ce6cff7e0bb3de6c11d60eb2fe0170fd5aa25366f63f5ee55eb74576801c3","packs/pf2e/feats/class/kineticist/level-6/elemental-artillery.json","wood-metal ballista forms then fires jagged elemental bolt. Proxy ballista origin; selected target contact, reload later."
"OKSsFlHY5UKc4dKu","Elemental Assault","action","1","1","ancestry","themed","preparation","arcane","1","eca65f8e1129717ffc63803029f0084d287e964b930a53dd32b90c4a68c2486a","packs/pf2e/feats/ancestry/versatile-heritages/suli/elemental-assault.json","chosen elemental sheath wraps arms and held weapons. Enhancement only; no bolt or immediate Strike."
"IUVzB39pRVyBFOEx","Elemental Bulwark","reaction","","5","ancestry","themed","guard","arcane","1","f751db85f01c67965f60ef07129d38c404794fa43214fbe4e501a6b2640627ad","packs/pf2e/feats/ancestry/versatile-heritages/suli/elemental-bulwark.json","matching suli element meets incoming threat in short barrier. Choose triggering element, not arbitrary universal ward."
"JWsX6ro1OTGDz4p3","Elemental Defense","action","1","2","class","themed","preparation","arcane","1","a74b35f577aa3041ed8f7440c5d69ba98f3aacbcaaf22f47a3dea1624a510ec7","packs/pf2e/feats/class/wizard/level-2/elemental-defense.json","element-ready casting orbit folds protective rim inward. Next elemental spell creates protection, no attack now."
"uHYQ0F7FzeMDNrAD","Elemental Explosion","action","2","6","class","themed","elementAura","arcane","1","0e3295d8e475de82b23a108d0f4eb78a6d13cf1a40bbbe17a7ba55f744f9b1c8","packs/pf2e/feats/class/barbarian/level-6/elemental-explosion.json","roiling rage energy breaks outward in short emanation. Source-centered not target burst; chosen rage element."
"7NQM5dJfOJ7J7pVA","Elemental Revision","action","1","8","class","symbolic","rune","arcane","1","16e2e83bf26779ccfaa2437dc48feb98bab9e589aa19c7a174596d11227d602b","packs/pf2e/feats/class/runesmith/level-8/elemental-revision.json","rune strokes scratch away and rewrite elemental color. Touch willing item; no damaging invocation."
"KwYtlupIsQyx7n8Z","Elemental Transformation","action","1","10","class","symbolic","form","arcane","1","700b67ba9c379f31c64f9aecf01d8f0dd4d298c13215b965507c5f73a24540ad","packs/pf2e/feats/class/kineticist/level-10/elemental-transformation.json","kinetic gate opens directly into matching elemental body outline. Form only; no aura attack."
"aIm2qi4JZerthZmF","Elf Step","action","1","9","ancestry","themed","movement","wind","1","5abe3fcdf9c3781c7be30ce9274e742db0f38cbcf6f6c6cb56b55520c13bb67d","packs/pf2e/feats/ancestry/elf/level-9/elf-step.json","two graceful short dance-step echoes. No attack or actual relocation."
"04dRwEQh2ToqEm8u","Elucidation","free","","13","ancestry","symbolic","focus","mind","1","92e59b89741008892ffb7265aed1dfa1cc786b7825b356b99137f9cb46373c83","packs/pf2e/feats/ancestry/yaoguai/level-13/elucidation.json","clear illusion-cutting pulse opens allied perception edges. Allies later disbelief checks; no attack."
"5qVCl5MwPcx0sS7T","Elude Trouble","reaction","","17","ancestry","themed","movement","wind","1","a597e832aba6b816aa146326d683b90a681dc414c84cc0bac6744648a4e1c2f6","packs/pf2e/feats/ancestry/catfolk/level-17/elude-trouble.json","catlike long escape echo slips beyond missed melee line. No counterattack."
"y1Jp8e5zmO1InHMe","Elven Persistence","free","","5","ancestry","symbolic","resolve","mind","1","1f5f08b6d3e4d805497991ba992d9b2690137209121deeec7e100a8af9f0f650","packs/pf2e/feats/ancestry/elf/level-5/elven-persistence.json","steady pursuit line overrides wavering skill focus. Fixed check result, not ordinary fortune reroll."
"j20djiiuVwUf8MqL","Embrace the Pain","reaction","","12","class","themed","bind","blood","1","6e9498c9e8af325c7fd6f725f73a2da9c3924c12ef026830ed1fe2a460f215fe","packs/pf2e/feats/class/barbarian/level-12/embrace-the-pain.json","wounded source grip catches attacking limb or weapon. Grapple or Disarm conditional, not outgoing Strike."
"9AZjpeeS824VsYv8","Emergency Medical Assistance","action","2","12","skill","symbolic","targetSupport","healing","1","066ec0f632c397ea42b271b52577e7c234fb62ce6df4a808321d8628da5d3341","packs/pf2e/feats/archetype/swordmaster/emergency-medical-assistance.json","medical handwork brushes harmful residue off adjacent ally. Recovery checks, no guaranteed HP healing."
"wlBDcATuqTwjOIY2","Emergency Regeneration","reaction","","16","class","symbolic","restoration","vitality","1","fba8602bf43efcf698f31cb488e25f1d7f0fb614849c57d0676c262169aef5c5","packs/pf2e/feats/archetype/wild-mimic/emergency-regeneration.json","last-moment regenerative lattice rebuilds life around source. No target attack; acid/fire restriction."
"uY03kVQBA81gbTj9","Emergency Targe","reaction","","4","class","themed","guard","ward","1","e7c43b3040c2d9275c1314df24665edd44473e25ee29b8ef90a4f1093d96cff0","packs/pf2e/feats/class/magus/level-4/emergency-targe.json","urgent shield plane rises across already incoming attack. Defense only, no automatic Shield Block."
"SGBLDcT4wI5VUDCZ","Emissary of Peace","action","3","10","class","symbolic","command","mind","1","b71e1f01bcb169e41112c5d1f38527d06cd8a083dfde8b56aca85d05c733ad82","packs/pf2e/feats/archetype/knight-vigilant/emissary-of-peace.json","gentle invitation wave reaches wounded foe without contact. Social request may fail; no forced submission."
"dpwUwH1xX48ufXVy","Emit Defensive Odor","action","1","1","ancestry","themed","elementTarget","poison","1","7df2c1a32d9f097798b054f478840b487d2ecc835f7247e622c84c0d46e06c34","packs/pf2e/feats/ancestry/athamaru/level-1/emit-defensive-odor.json","thick close-range pheromone spray hits adjacent foe. Actual poison spray, not source-only shield."
"WLFvgbP8aQRhNHgZ","Emotional Push","reaction","","2","class","symbolic","focus","mind","1","b9f63bff9cac3f357390286a75f30f98f6ad58cd91df6257ba438ad1648c5283","packs/pf2e/feats/class/bard/level-2/emotional-push.json","existing emotion ripple sharpens target opening mark. No extra emotion spell or attack; next attack setup."
"d8DI7wLxtUy99g9K","Emotional Surge","action","1","10","class","symbolic","resolve","mind","1","6f44167ba5f1c891b610726dace59bd5a29a731239dbdd431e716a8a623f38ec","packs/pf2e/feats/class/psychic/level-10/emotional-surge.json","heart-level surge expands confident psychic outline. Temporary attack/skill bonus, no immediate contact."
"MS53Ds75BT379ZFm","Empathetic Plea","reaction","","1","ancestry","themed","command","mind","1","8cd62cad6cb9da20d2e5863893fe14a0096eb3484f2c226c3ed95e6b0d136329","packs/pf2e/feats/ancestry/gnome/level-1/empathetic-plea.json","small pleading source pose reaches hesitant attacker. Diplomacy conditional; no damaging psychic burst."
"BV9k3nmVrWDLv8z6","Emphatic Emissary","reaction","","10","class","symbolic","focus","mind","1","bc7584a83d702c835edfbbbc47c56519b9556668aec1e76e75753e486283727e","packs/pf2e/feats/archetype/twilight-speaker/emphatic-emissary.json","initiative awareness spreads restrained calming attention fan. Disarming Smile optional first-turn ability separate."
"4evo0jTAKBhowyDG","Empowered Onslaught","reaction","","12","class","symbolic","stance","arcane","1","e5fc855c704873412084da93ab42fb55ed639729c05f7ddc2f6bf93a5ce1fc8a","packs/pf2e/feats/archetype/battle-harbinger/level-12/empowered-onslaught.json","one existing battle aura gains layered synchronized focus. No repeated critical hit or new aura cast."
"m8iP2OCzit9WUrMD","Enchanting Shot","action","2","8","class","themed","ranged","mind","1","dc6027a04dc07e79d06e2a049247f357d2ba12f5b8bc37919d6553447ec3cd4d","packs/pf2e/feats/archetype/eldritch-archer/enchanting-shot.json","Enchanting Shot: whisper ammunition; 1 visible contact (same-target); bow-or-crossbow; projectile; mental-contact."
"dUnT3HWMFD3d2eBJ","Encouraging Words","action","1","2","skill","themed","targetSupport","sonic","1","fe2ff1126fd9a135b357d4d61ef1f004c7789b7cc89213716e8f825fc523df03","packs/pf2e/feats/skill/level-2/encouraging-words.json","brief spoken pep-talk ribbon lifts ally stamina glow. Stamina recovery check-dependent; not HP heal or mind attack."
"RzfWrOqHL2GcK0rr","Enduring Debilitation","free","","20","class","symbolic","focus","shadow","1","fb9e982c6450146f64442fdb20de7323158389ce8169ef6fd3de36e6496838c1","packs/pf2e/feats/class/rogue/level-20/enduring-debilitation.json","existing debilitation marker lengthens into steady target band. Extends applied effect, no new hit."
"yUpZcrQHrz4mflKQ","Energetic Resonance","reaction","","6","class","themed","guard","arcane","1","b953a536f7316550a3f8594d1d949d9802a5de983fb3d93e65ce24c20e96468a","packs/pf2e/feats/class/sorcerer/level-6/energetic-resonance.json","blood resonance catches matching harmful spell frequency. Damage-type resistance, not generic all-magic ward."
"3Xc0jsbXBsF4FSui","Energize Bite","free","","9","ancestry","themed","preparation","arcane","1","14d4b6280381e51713ceb033e6b420e06a02eb4e9abea04f23ec1562a825fd25","packs/pf2e/feats/ancestry/versatile-heritages/dragonblood/energize-bite.json","leftover breath energy coats jaw outline. Bite enhancement only; no immediate jaws contact."
"NBDwiz1NDioc2eMP","Energized Font","action","1","5","ancestry","symbolic","focus","arcane","1","328ba572ddffcfcc965fc30c52d8e8464a38f8dd8ec10e18ddde3bc394da43e5","packs/pf2e/feats/ancestry/gnome/level-5/energized-font.json","inner magic condenses quickly into focused reserve spark. Focus regain only, no spell."
"iS4Vc2zv7vgL5mnX","Energy Ablation","action","1","2","class","themed","preparation","arcane","1","4a351258679663d0119ec550fa9b46f7e8518802fbd6d1c63d2a2b2494355cfa","packs/pf2e/feats/class/wizard/level-2/energy-ablation.json","destructive casting focus splits off protective barrier crescent. Next energy spell creates resistance."
"MgqRwyL8PWyYvoZs","Energy Fusion","action","1","10","class","themed","preparation","arcane","1","d92af6e4b4fda524d14828a830a12a61c89f4f97c6feb3780c1741394da0ada6","packs/pf2e/feats/class/sorcerer/level-10/energy-fusion.json","two distinct energy channels fuse inside casting focus. Next spell combined damage, no double attack now."
"lG4dYrnkE42IgnGG","Energy Ward","free","","6","class","themed","guard","arcane","1","64455461a0d283db420d71f119eb631d443adce19068419d8b9001d7d5fec8c3","packs/pf2e/feats/class/sorcerer/level-6/energy-ward.json","last-spell residue contracts into matching energy ward. One energy resistance, no spell replay."
"VAxtUenSWEBWYBRt","Enervating Wail","action","2","6","class","themed","elementAura","void","1","7fb0a86493d4c322d8bb1cbbb6e7ca9866049f14343dabe147b1604cf07d6c50","packs/pf2e/feats/miscellaneous/deviant/enervating-wail.json","terrible wail expands low spectral pressure through emanation. Awakened silent mental variant separate."
"g0C3tqGjgShoDyif","Enforce Oath","action","1","12","class","symbolic","focus","light","1","2c1b6b1c4534352c8135de09d24e7973e6d3cf1fc0c403fc2d8816299b7baebf","packs/pf2e/feats/class/champion/level-12/enforce-oath.json","oath line narrows source attention toward sworn enemy. Focused bonuses and other-target cost, no attack."
"GLHh9MWlcINLC6Q0","Engine of Destruction","action","3","18","class","symbolic","charge","weapon","1","4ba1398e8151ee0fb4424f20475f4d6b9eaebce56080858badd9fe64146a9806","packs/pf2e/feats/class/inventor/level-18/engine-of-destruction.json","construct deployment opens armaments then distributes enemy contacts. Construct origin; one Strike per foe, not source aura damage."
"eiEmU5Hy4sEYllJh","Engraving Maneuver","action","1","6","class","themed","rune","weapon","1","632f805542fd8cee6ececc3f4711223ac359e0c5c5b139e7df352566b9011b9b","packs/pf2e/feats/class/runesmith/level-6/engraving-maneuver.json","Engraving Maneuver: weapon engrave; no Strike now; none; target runes; chosen-maneuver, rune-brand."
"lTBARjqQZc1duLIX","Engraving Strike","action","1","1","class","themed","strike","arcane","1","e327e5efd6afde1a2005d722c7c96166bddd4a64ea64a596940dfab43b9dbb5d","packs/pf2e/feats/class/runesmith/level-1/engraving-strike.json","Engraving Strike: weapon engrave; 1 visible contact (same-target); melee; single contact; rune-brand."
"XbJyPlNflVVKGPa1","Enhance Spell","action","1","8","class","symbolic","targetSupport","arcane","1","c635a1f646559b6760391e3ee778fc613f26d02164ddab0b04ff75ee049b1fbd","packs/pf2e/feats/archetype/spellshifter/level-8/enhance-spell.json","source frequency tuner aligns chosen ally spell focus. Next-turn spellshape, no current ally spell cast."
"c3PN2NvV4ailHRKm","Ensnaring Disarm","free","","6","class","themed","produce","weapon","1","5fb64ac7c5df1b7849f12d6d9523b4b93df9012b71d0eaaa09c1dd0a438d0df7","packs/pf2e/feats/archetype/iridian-choirmaster/level-6/ensnaring-disarm.json","disarmed item arc curves toward nearby student hand. Item flies; actor does not fly or repeat Strike."
"muyEI60L0FmCHuWb","Ensnaring Wrappings","reaction","","10","class","themed","bind","weapon","1","5a35bd0b81a67418092e81b72cf832c830d007d93a6e5fbf070dfe3f6eb99bc6","packs/pf2e/feats/archetype/mummy/ensnaring-wrappings.json","loose arm wrappings unfurl around recently damaged foe. Grapple conditional; no extra Strike."
"IY86Kvopp4ACuQsw","Envenom Fangs","action","1","5","ancestry","themed","preparation","poison","1","3f9f2d5d72d6c309f1e5ac94766e195958469aece84b9691ea83df8c1741a756","packs/pf2e/feats/ancestry/lizardfolk/level-5/envenom-fangs.json","thin venom film gathers on fang outline. Next damaging fang Strike required."
"Fzb20MxhHMmKHVtn","Epiphany at the Crossroads","free","","12","class","symbolic","restoration","light","1","b38346be1e1408b4e660b4b49dc80dfc67fb661f3c1b7891d070958e76b2111b","packs/pf2e/feats/class/oracle/level-12/epiphany-at-the-crossroads.json","near-death omen resolves into upward life spark and standing echo. Augury result symbolic; Stand optional."
"60o2Pf4IunqP6J0Z","Equitable Defense","reaction","","8","class","themed","guard","ward","1","49fd8b760b5db852a2e43b80110feb97c54289924ae9ed152e96c5d27a50c2cc","packs/pf2e/feats/archetype/shieldmarshal/equitable-defense.json","Equitable Defense: resist impact; no Strike now; none; source barrier; future-counter."
"INqBWbbDHF4DIg8i","Escape Timeline","free","","12","class","themed","time","arcane","1","43dc83c8222f9fe54d502495137e667b71e9c7981837f068d38f1b381f13f9ec","packs/pf2e/feats/archetype/chronoskimmer/escape-timeline.json","physical outline slips out between slow clock-ring ticks. Same-location return, no distance dash or actual time mutation."
"J7b0h6t09kS5e0R4","Essence Overflow","action","2","6","class","themed","elementAura","arcane","1","41cad4e7679375fc62533266c3ccefce6402e7e55b179222b902b53a780a231c","packs/pf2e/feats/archetype/draconic-acolyte/essence-overflow.json","spectral dragon center ruptures into short energy emanation. Dragon origin; source excluded; benefactor element."
"14dFcInubWcPnFzR","Eternal Memories","action","1","13","ancestry","symbolic","focus","plant","1","404b5fa7bee8ecd6fd4c0ea0730a01394b8d2a7bcfe67c9d1b9fce42134ac8ba","packs/pf2e/feats/ancestry/ghoran/level-13/eternal-memories.json","successive leafy incarnation echoes unfold into memory focus. Skill choices only, no attack."
"MRT8BGiIiVYfVcXh","Eternal Torch","action","1","1","class","themed","produce","fire","1","4e30a094a94829589be5622f6f4f75b4994fa7e0bd82a7bb0d1d9c642201a29b","packs/pf2e/feats/class/kineticist/level-1/eternal-torch.json","small torch flame lights and orbits willing target. Light creation, not target fire damage."
"ryRpqixE7cN8svwB","Evanescent Wings","action","1","1","ancestry","themed","flight","wind","1","03e289f1641a617a389b02129e6bebd869fade73327aeb75a32ddff75a2d358f","packs/pf2e/feats/ancestry/sprite/level-1/evanescent-wings.json","brief tiny wing flutter carries low lifting echo. Fly action movement cosmetic; fall possible."
"YgbcLfAEdi4xxvX5","Evangelize","action","1","7","skill","symbolic","command","mind","1","9457be8abad50d25e49906b7b23fe90006f63a0560153ea75543f29096469089","packs/pf2e/feats/skill/level-7/evangelize.json","faith argument circles listener attention focus. Diplomacy conditional; no automatic mental damage."
"5HDBvVbfoaXljbch","Even the Odds","free","","4","class","symbolic","resolve","weapon","1","613cf02bbd25c435bcd131c8739ad087db9c354bd9c100c1ca01ccab358f1271","packs/pf2e/feats/class/swashbuckler/level-4/even-the-odds.json","confident source smile flares against opposing flank lines. Panache only; no attack."
"ccLpjnWjl62Ehegc","Even the Odds (Eagle Knight)","free","","14","class","symbolic","preparation","light","1","24abc0389de254919baace4b31ec5e5afee98f1214c0554aa6140d324ae5f74f","packs/pf2e/feats/archetype/eagle-knight/even-the-odds-eagle-knight.json","hopeful equalizing focus splits into two possible check paths. Next Commitment to Equality and buffer conditional."
"EP8kaXNmrMfxOFAf","Everdistant Defense","reaction","","20","class","symbolic","guard","teleport","1","5e83809937a6be335c72a6a0bb341a0d185e15122602c12c8a5eeabb9afc0200","packs/pf2e/feats/class/champion/level-20/everdistant-defense.json","spatial barrier stretches incoming aura path into layered distance. No token teleport; attack-range consequence conditional."
"6GN1zh3RcnZhrzxP","Everstand Stance","action","1","1","class","themed","stance","ward","1","c4bbdf75c82f5b3ff082df58940da320562475208e416e421338a27868baf63a","packs/pf2e/feats/class/shared-class-feats/level-1/everstand-stance.json","two-hand shield brace plants thick grounded guard plane. No immediate shield Strike."
"3y459uK2qfWtS9q4","Everstand Strike","action","1","4","class","themed","strike","weapon","1","13397a8389ccaf79809cb368cd22373715aee564f02f66579a8646c5eeb146da","packs/pf2e/feats/class/shared-class-feats/level-4/everstand-strike.json","Everstand Strike: shield two handed; 1 visible contact (same-target); shield; single contact; raise-shield."
"amf2zZuW299eiHAZ","Everyone Duck!","reaction","","10","class","themed","command","ward","1","0de20aa0c244692bc6e0b004e158fbd5f84bfa152813fc627aac67080dd5697f","packs/pf2e/feats/archetype/pathfinder-agent/everyone-duck.json","warning pulse lowers allied defensive echoes before trap flare. Trap intentionally activates; no generic invulnerability."
"8tS5NzytLmgbq5hF","Exacting Strike","action","1","1","class","themed","strike","weapon","1","353dc8637683daf765971a3db807963ff0eb8ea4107d2742ce6f2367f65bf3fe","packs/pf2e/feats/class/fighter/level-1/exacting-strike.json","Exacting Strike: controlled follow up; 1 visible contact (same-target); melee; precise contact; momentum."
"IySKTSfPO0Lzfm8r","Exaltation Overwhelming","action","3","18","class","themed","dread","spirit","1","67625370ff1e4da73bfa6adf15a8882edb41b75f2727a3fe30fa5d928bc63dda","packs/pf2e/feats/archetype/eternal-legend/exaltation-overwhelming.json","Exaltation Overwhelming: radiant display; no Strike now; none; source halo; ally-action-option, nearby-fear."
"0xh9ISHFUFHqngK0","Execution","action","2","14","class","themed","strike","weapon","1","6f19ad88ffb72fef6295e890fead659bd6a5db6c99a228ca3c424cbfe36d80d4","packs/pf2e/feats/archetype/gray-gardener/execution.json","Execution: condemned focus; 1 visible contact (same-target); melee; wide cleave; precision."
"H7Ocx80td7Sx7Cqn","Expand Aura","action","1","6","class","symbolic","stance","light","1","2eb626088621180084bcb307e01923611f07cc80dd121553eb71921a1ab3af2e","packs/pf2e/feats/class/champion/level-6/expand-aura.json","existing champion aura widens from inner to outer ring. Expansion only, no damage."
"REkmAk9D1JREM6nj","Exploding Bullet","action","1","4","class","symbolic","preparation","arcane","1","38957ce93e04ce4ca0f728f69f38f4dd0e86ce8607ed25f1af564d91442b927b","packs/pf2e/feats/class/magus/level-4/exploding-bullet.json","small arcane shell seats volatile energy into firearm chamber. Reload preparation; no shot or impact yet."
"tFrGaa0qI2JvnHsD","Exploit Blunder","reaction","","2","class","themed","movement","weapon","1","a28cb31d8c72aea828d47cc876d32280ef0ace31cde2e6cfc72c7c2aa5dc4d6c","packs/pf2e/feats/class/investigator/level-2/exploit-blunder.json","short informed step echo exploits missed enemy angle. No second Strike."
"FGdKV40UiS6jvBmI","Exploit Opening","reaction","","6","class","themed","firearm","weapon","1","c4bd56dd577d73cc9a6f646b22bba496ccbc197e477567d123280435bd1faffb","packs/pf2e/feats/archetype/sniping-duo/exploit-opening.json","Exploit Opening: spotter counter; 1 visible contact (same-target); firearm-or-crossbow; projectile; weakpoint."
"y9lH4EqTGTHvqbNr","Explosive Arrival","free","","6","class","themed","preparation","fire","1","5256ebd87b0be822d29d455da1c6d5c86ccf166a550f79c522f1313cdb1cadbe","packs/pf2e/feats/class/wizard/level-6/explosive-arrival.json","summon-ready rune focus gains contained detonation sparks. Future summon-origin explosion, not caster burst now."
"OEwNLolzBarx8icm","Explosive Death Drop","action","1","14","class","themed","bind","fire","1","9be4191e466e5ea3d499890dfd0f2871d6cd89a74026728d0c68724de87c303d","packs/pf2e/feats/class/monk/level-14/explosive-death-drop.json","gripped foe echo rises then drops into fiery landing ring. Check determines fire drop; no flying bolt or relocation."
"UVsMJwHpQHjVZLTK","Explosive Leap","action","1","1","class","symbolic","movement","fire","1","dbcadc696e05f3d724af86b37ffcc973a0dd17d086a7775b461695310be60764","packs/pf2e/feats/class/inventor/level-1/explosive-leap.json","downward innovation blast launches rising source echo. Minion origin possible; no target damage."
"NDbNNMouxnnwBqwm","Explosive Maneuver","action","1","14","class","themed","bind","weapon","1","20e3edc5a80ca8f8d39d1ac47259ca13e4ceecadfe21d66e09e847647f3d4dbe","packs/pf2e/feats/class/inventor/level-14/explosive-maneuver.json","weapon mechanisms snap open into leverage hooks. Maneuver chosen; not literal fire explosion or extra Strike."
"IK6xmiKfmotl8Hm9","Explosive Metamorphosis","action","1","12","class","themed","preparation","arcane","1","ad2a11f1d06e5319495ebdce83dd5a9608f79d4b0c133dadb3637ff974f07c4f","packs/pf2e/feats/class/druid/level-12/explosive-metamorphosis.json","transform-ready focus gains narrow elemental burst rim. Next morph/polymorph required; no transformation now."
"d7qKSoYixczsD5nL","Exsanguinate","action","1","6","class","symbolic","absorb","blood","1","e62eeb7b464ee06fcebb0caaa2f74144c1371e2e66f5509867c78883c8f5c6e2","packs/pf2e/feats/archetype/sanguimancer/exsanguinate.json","foe blood spray curls toward source life reservoir. After prior attack; no repeat Strike."
"nksxAtBmwDUmrTcS","Extend Surge","action","1","14","class","symbolic","stance","arcane","1","e3812e584cc272eb088c03a289542a7b6d3383e28b412209c23c5dc7d10919cf","packs/pf2e/feats/archetype/wildspell/extend-surge.json","existing spell vortex unfolds wider outer spiral. Aura expansion only, no new attack."
"SBhzem6n3buoxlG5","Extinguish Light","action","2","5","ancestry","symbolic","concealment","shadow","1","e316acfa3e3c22e40c730704b2a8aff02aa5dfdd6509cdb50a396c4414063a07","packs/pf2e/feats/ancestry/fetchling/level-5/extinguish-light.json","small unattended light is wrapped in contracting shadow. Object light, not creature damage; magical counteract conditional."
"6YXQT1a2C03u75zW","Extract Vow of Nonviolence","action","2","12","class","themed","guard","ward","1","dafee2f6bb39d92c815104a9f73f0c6f1ba0f2311c422a8eb778e5b3fe64ce1b","packs/pf2e/feats/class/exemplar/level-12/extract-vow-of-nonviolence.json","Extract Vow of Nonviolence: address weapon; no Strike now; none; target runes; weapon-vow."
"Ewk7h9aQpKvy1RJo","Extraplanar Haze","action","2","5","ancestry","themed","concealment","shadow","1","30e09eb5e2c22715ad37b76db6f46eb0210ee9d613ac777055fa525895071d57","packs/pf2e/feats/ancestry/versatile-heritages/nephilim/extraplanar-haze.json","skin-close crystalline or smoky motes form obvious haze. Concealed but cannot Hide/Sneak; no full invisibility."
"WcY7H7mRiK2VDquV","Extravagant Parry","action","1","1","class","themed","guard","weapon","1","5b58c6f020a2116b2d0e4e61e9a24d4272a3ff2dfa982d0d0af7a0e37ee02067","packs/pf2e/feats/class/swashbuckler/level-1/extravagant-parry.json","stylish one-hand flourish opens decorative defensive arc. Panache later missed attack; no Strike."
"9LvJo3K2AjKcVvTc","Exude Demonic Corruption","action","1","8","class","themed","preparation","poison","1","1b9109e5bcb2c64e9590be61e94aa311bb926ad6d453a98c40f59301309ff566","packs/pf2e/feats/archetype/living-vessel/exude-demonic-corruption.json","toxic sludge coats body and weapon edge. Later melee/contact damage separate."
"7k8ZR72NzcTdpmz6","Exult in Violence","action","1","10","class","themed","elementTarget","light","1","3b5ea623f233501168856b478c8dc29c4e97f87dff5d36b0bc79d32026d447fc","packs/pf2e/feats/class/exemplar/level-10/exult-in-violence.json","war cry calls vertical judgment pillar on different foe. Different random foe within struck target range; no repeat critical Strike."
"0N8TtGSk5enoLBZ8","Eye for Numbers","action","1","1","skill","symbolic","focus","mind","1","6ed6cf30a019e2fd7fded3865d6095c783acdcce6b45a1ea4111ae57055bb4ce","packs/pf2e/feats/skill/level-1/eye-for-numbers.json","countable objects receive brief grouped ocular tally marks. Approximate number, no magic attack."
"OtV7esAwza1U6Kwr","Eye of the Arclords","action","1","2","skill","themed","focus","light","1","0ca6b3eccd1ed6f477897c91e9870c677f77768b884fca0b17b799003be56f04","packs/pf2e/feats/skill/level-2/eye-of-the-arclords.json","incandescent forehead eye opens into scanning halo. Sight/detection, not stealth; later dazzled cost."
"vJupczSgvEfQKA2L","Eyes That See Eternity","action","1","10","class","symbolic","focus","light","1","d54feb4e260fcb9de79e56ccf8216a6b9f31aa237fb4ebfbd99d1473d4fafa5f","packs/pf2e/feats/mythic/eyes-that-see-eternity.json","mythic ocular aperture opens concentric reality layers. Truesight only, no damage."
"p2McwseYbPZrL5G3","Fabricate Truth","action","1","4","class","symbolic","command","mind","1","c28691598dd94dd30c33280945be379e9491e5d1b2845621c83ad7fc3c9e03d9","packs/pf2e/feats/archetype/field-propagandist/level-4/fabricate-truth.json","rapid false argument threads tangle listener focus. Deception conditional; no mind bolt damage."
"tFoInIrUkGlWeNFF","Face Your Fears","action","1","4","class","themed","resolve","mind","1","143a3da66735860a9b373fb9b09d869fc18888cb248d25fd8602ff258e54191d","packs/pf2e/feats/archetype/nidalese-horselord/level-4/face-your-fears.json","Face Your Fears: calm source; no Strike now; none; source halo; fear-clear."
"orTWiRwIQEc9FGJQ","Fading","reaction","","10","class","symbolic","concealment","blood","1","452c4946097d334d27bbcf4c2f4899f4272fa37ba86c8b4c17616ae864c9361c","packs/pf2e/feats/archetype/red-mantis-assassin/fading.json","crimson source image phases briefly and reforms. Same location; flat-check defense, no teleport distance."
"45L17b1vwUuE8mMc","Faithful Stride","action","2","8","class","themed","movement","light","1","755500a902975a30e5ada6fe302403cb3aac4b9f9a5a89d11f9455318d4fad87","packs/pf2e/feats/class/champion/level-8/faithful-stride.json","mounted double-stride echo skims unsupported liquid path. Mount movement only; may fall if ends unsupported."
"Stydu9VtrhQZFZxt","Fake Out","reaction","","2","class","symbolic","command","weapon","1","5420dbff566a197a907086abdb952362c84fce63a77120fa4e9bab483f754fca","packs/pf2e/feats/class/gunslinger/level-2/fake-out.json","weapon flourish draws enemy attention without shot contact. Aid attack roll, not additional fired attack."
"DUpcEx0yMHGSU6o5","Falcon Swoop","action","2","10","class","themed","charge","weapon","1","4d2175c4db6376efc90793dcd642caca41c456a34b1aa85d7cf0758f0d612148","packs/pf2e/feats/archetype/winged-warrior/falcon-swoop.json","Falcon Swoop: aerial swoop; 1 visible contact (same-target); melee-or-ranged; descending; aerial-afterimage."
"IYt6pMqiTocTrixA","Familiar Conduit","action","1","4","class","themed","preparation","arcane","1","680f708ca94f13590067bbe57d98380ad9cb1ccbb603482781fd45990d05c85f","packs/pf2e/feats/archetype/familiar-master/familiar-conduit.json","casting focus routes a single small conduit toward familiar. Next spell origin shift; not new cast."
"Q4puGx4kBMXy45fa","Familiar's Eyes","action","1","12","class","symbolic","focus","mind","1","399ba57e662065920a785598c310e353057d7c2ffb9a5e5c92d979affb9caa8c","packs/pf2e/feats/class/witch/level-12/familiars-eyes.json","sensory thread leaves source eye and enters familiar focus. No familiar attack; source senses lost."
"BQ50m0Jb9qyoPchi","Familiar's Resolve","action","1","6","class","themed","preparation","ward","1","13d41a2a684687aae9515e3c13fa7d0eecee5c843d8d795631db1037b26b2bb6","packs/pf2e/feats/archetype/familiar-sage/familiars-resolve.json","familiar-traced symbols dispel doubt around casting focus. Protection against fear, not inflicting fear."
"9SdFlVQW4vM8ggh8","Fane's Escape","action","2","4","skill","symbolic","concealment","weapon","1","997d75305d1471a3d4e52a3737404c537ab4925369555d6a21c42d7b7a230544","packs/pf2e/feats/skill/level-4/fanes-escape.json","fluttering card fan obscures source before short sneak echo. Cards not magic energy burst; no guaranteed invisible teleport."
"80CEAB05TP5ki9iW","Fane's Fourberie","action","1","2","class","themed","stance","weapon","1","33ca75607e17c9fd356f5b0245cb26b63c1815d30216911b9acb3cff1766b3fe","packs/pf2e/feats/class/shared-class-feats/level-2/fanes-fourberie.json","deck-like card glints align into dagger or dart ready fan. Stance only, no card throw now."
"qI5ZyuNVME95iXhJ","Fantastic Leap","action","2","12","class","themed","charge","weapon","1","a42f40236eceee6c7730d87512c1209ab134dfa317028588c95cca4d65caedb7","packs/pf2e/feats/class/rogue/level-12/fantastic-leap.json","Fantastic Leap: jump; 1 visible contact (same-target); unarmed; descending; settled-landing."
"PH5b61x3iJSKP3Xi","Farabellus Flip","reaction","","4","class","themed","movement","wind","1","fe1aecfa0c040fc2ca962b07f4624efd2b6d704731d08c982753847d1fbb3ec1","packs/pf2e/feats/class/shared-class-feats/level-4/farabellus-flip.json","armored twisting somersault echo turns contact into momentum. Step only if attack still hits; defense first."
"6iOLxitjqHujH1Tj","Fatal Shot","action","3","18","class","themed","ranged","weapon","1","665c0b7863f206b36f4fe1fac8e24aaa400a975c5dc9af02717f1c917adff48b","packs/pf2e/feats/archetype/eldritch-archer/fatal-shot.json","Fatal Shot: modified arrow; 1 visible contact (same-target); bow-or-crossbow; projectile; precision."
"iv80P6HbOpoNCoNj","Fated Duel","action","1","18","class","themed","focus","fear","1","8b7f15a2486239377f2c08d7426e306ffdf4869df5d7b51e6290fa7b22af3728","packs/pf2e/feats/archetype/prophesied-monarch/fated-duel.json","Fated Duel: duel challenge; no Strike now; none; paired focus; duel-bond, refusal-fear-option."
"LZsVmDfGPGjWIoSS","Faultless Defense","reaction","","14","class","themed","strike","ward","1","f07e9d14ef1d5154bcd63cbeed92c144f2decd47f54b09dab3b7bcacce38f1aa","packs/pf2e/feats/archetype/eternal-legend/faultless-defense.json","Faultless Defense: resist counter; 1 visible contact (same-target); melee-or-ranged; counter thrust; slow."
"OK8Fm7EG8wjoYZBX","Favorable Winds","action","1","5","ancestry","themed","preparation","wind","1","2517d0d9919ffab1607faf5d0b07c7926fd7b3459c46d1d5ac5556b7d38d9179","packs/pf2e/feats/ancestry/versatile-heritages/changeling/favorable-winds.json","Favorable Winds: wrap weapon wind; no Strike now; none; source halo; future-ranged-shot."
"AxjjAoU1IZaNUGGS","Fear No Law, Fear No One","action","1","0","bonus","themed","strike","mind","1","5f1df2225c655fa6a69ddafbac051944acccab79c4e46635dbfb1fef9424b6b9","packs/pf2e/feats/archetype/hellknight/order-of-the-scourge/fear-no-law-fear-no-one.json","Fear No Law, Fear No One: courage attack; 1 visible contact (same-target); melee-or-ranged; single contact; ally-fear-clear."
"twx7XDGabYJz92mD","Fear No Pain!","reaction","","6","class","themed","targetSupport","fear","1","a5e5820943ce54b3395ff45b18cea070703d342aca39b21f9d88e67f9761d18b","packs/pf2e/feats/archetype/nidalese-horselord/level-6/fear-no-pain.json","Fear No Pain!: encouragement; no Strike now; none; ally halos; fear-clear, resave."
"9OVRsU45zCOvRQ9q","Fear of God","free","","14","skill","themed","dread","spirit","1","44c4f88f0cde71e0a1ce2908d276ea1f277dcb1808f6daf356eddf3e2646b03d","packs/pf2e/feats/archetype/mortal-herald/fear-of-god.json","Fear of God: embed divine fear; no Strike now; none; target curse; longer-fear."
"a57EppvkRS1x3OFs","Fearful Symmetry","action","1","6","class","themed","display","mind","1","ed1b3791fa09704b1a8dee25995e92f1e6694f556cec26970b2946f2c3474bbf","packs/pf2e/feats/archetype/werecreature/fearful-symmetry.json","Fearful Symmetry: feline flourish; no Strike now; none; target burst; fear, fascination."
"PkQo8tb0Yby1pFU0","Fearsome Familiar","action","3","6","class","themed","groundCreation","arcane","1","e4961b87c7ebdc07b543e59ce7f2162c89f53b39cccca5ea6cf142246a20c4e9","packs/pf2e/feats/class/kineticist/level-6/fearsome-familiar.json","familiar silhouette trades into elemental summon aura. Summon transition, no target damage; second daily use consequence separate."
"Tln47zk8F8nswrEI","Feast","action","2","4","class","themed","absorb","blood","1","9abd2e8c2d7869c3364624e3cac9789d5a7252b22c66c69f556e36950e5cc0e9","packs/pf2e/feats/archetype/zombie/feast.json","adjacent jaws contact draws short life thread inward. Only live target takes damage; temporary HP, no broad spell burst."
"fxkByzNBsYOcyYp8","Feathered Flechettes","action","2","6","class","themed","elementAura","weapon","1","748ddb110dc90d911e6ae8454649905a27912dfaf5cd9495b5540e9919647f7e","packs/pf2e/feats/archetype/winged-warrior/feathered-flechettes.json","snapped wings scatter radial cutting feather streaks. Radial attack not flight movement."
"48crF8lpg78fRdhJ","Feed on Pain","reaction","","5","ancestry","symbolic","absorb","mind","1","e695f824a9e553d08867cf2c3068c47bf45ff829c344340e4801d37034d41122","packs/pf2e/feats/ancestry/versatile-heritages/dhampir/feed-on-pain.json","psychic pain feedback condenses into false-life shell. Temporary HP only, no extra mental damage."
"F8rtjsojGLaRuU5l","Feed the Void","action","2","10","class","symbolic","absorb","spirit","1","ebb41a9dddc6e142dec1804d60fd154d454de1f5d48d953bdfa66cfe13181665","packs/pf2e/feats/miscellaneous/deviant/feed-the-void.json","heart black hole pulls screaming cone winds inward. Spirit damage only square contact; no automatic forced doc movement."
"7SwpVfxSkPMPMazJ","Feeling Your Oats","action","1","6","class","symbolic","resolve","mind","1","d4842df85f934689e06b283cc0ade08d0ff4693c78379fae975659dc2ec88a75","packs/pf2e/feats/archetype/dandy/level-6/feeling-your-oats.json","self-assured pose sets a polished mental confidence ring. Prepared Will substitution, no attack."
"UhyoBNQbGP6lKjwE","Feign Innocence","action","1","12","class","symbolic","command","mind","1","2f1dfac88cf5088f5315290a542b3be3a4fd1df789e4fb2cc366d02246e809a8","packs/pf2e/feats/archetype/twilight-talon/level-12/feign-innocence.json","friendly speech ribbon masks hostile source attention. Deception-dependent temporary alliance, no domination damage."
"7gYTO86pkFmm6zBn","Feline Dance","reaction","","8","class","symbolic","fortune","wind","1","b55950119b73457a66c6b040b579749d008bfad45380c80fd3a342d9e6d876c8","packs/pf2e/feats/archetype/clawdancer/feline-dance.json","fluid dodge transitions between claw and talon stance echoes. Double-roll save, not target attack."
"Ij6BBPzZvOFZ3prs","Felling Shot","action","2","12","class","themed","ranged","weapon","1","d0ef6eb6a56fac94078cb39c957eb42b34ff78987c023efb608f56811ecf97fd","packs/pf2e/feats/class/rogue/level-12/felling-shot.json","Felling Shot: aerial target aim; 1 visible contact (same-target); ranged; projectile; grounding."
"Ad0XBuETAkMD6doj","Felling Strike","action","2","8","class","signature","heavyStrike","weapon","1","db6591cbaa71328af88c5e2d3a9ab38889bfffdba08ae8971501aeb76e9c594b","packs/pf2e/feats/class/fighter/level-8/felling-strike.json","Felling Strike: aerial target; 1 visible contact (same-target); melee-or-ranged; descending contact; grounding."
"Rzr6VIRaPEomi9E4","Feral Lunge","action","1","10","class","themed","charge","weapon","1","56676daaa6b6f88e299486b5bbee3df651d5d281434ff301a9f3011b2dc6326f","packs/pf2e/feats/archetype/werecreature/feral-lunge.json","Feral Lunge: hidden pounce; 1 visible contact (same-target); jaws; bite; pounce-afterimage."
"oHRCNciSjIBz4xqe","Feral Mending","action","1","8","class","themed","restoration","transform","1","f4d0645170685bc3d2e2ae8bd47d39308864bdfeed130a8ac33e19109535a627","packs/pf2e/feats/archetype/werecreature/feral-mending.json","recently reshaped flesh settles under restorative primal motes. Post Change Shape healing, no repeat transformation."
"UXuwSoU09MUB7rNV","Feral Scramble","action","2","10","class","themed","charge","weapon","1","c8ec567b35e026d318530e75ef9dec131d124cdf883432183a70825a9b94b511","packs/pf2e/feats/archetype/werecreature/feral-scramble.json","Feral Scramble: climbing surge; 1 visible contact (same-target); claw; claw rake; climb-afterimage."
"nwHYTpyreUgvxh1z","Feral Toss","action","2","10","class","themed","unarmed","weapon","1","accbb34c43fb4f1faa44e52f63128856b31ec46a9a5d759d76bc4d5e993d5158","packs/pf2e/feats/archetype/werecreature/feral-toss.json","Head shake, one horn/antler/tusk Strike, then a confirmed-hit push cue. Native piercing footage approximates the natural weapon. Preview shows the 5-foot success branch; critical distance and eligible creature size require the resolved native result."
"vEpM7qYZmBiwBiNT","Fermenting Liquors","action","1","4","class","symbolic","restoration","healing","1","21533bca3063e318a97b9a05caf2780d9795482244f95adb5f339473396336f6","packs/pf2e/feats/class/alchemist/level-4/fermenting-liquors.json","small poured liquor glint warms adjacent ally center. Willing adjacent creature; no potion projectile."
"Sav50NxWdLnbaDWQ","Ferocious Gust","action","2","9","ancestry","symbolic","lineCue","wind","1","c5763aa69919292d3a1155d006af0754a0bc96b4852a67ae4e234eefe5b59841","packs/pf2e/feats/ancestry/strix/level-9/ferocious-gust.json","heavy wingbeats drive furious directed air line. Gust of Wind effect, not source utility sparkle."
"rdvwYaVN1Cnlm52A","Ferocious Will","reaction","","9","ancestry","symbolic","elementTarget","mind","1","606106224f9568f598ad162aa2708bf0affc96e2c1a320197178a1f29a95158c","packs/pf2e/feats/ancestry/dragonet/level-9/ferocious-will.json","resisted mental effect rebounds as psychic feedback blast. Targets source of effect; slow conditional."
"P10KdjTbRcgXG0JM","Ferocity Mimicry","reaction","","4","class","symbolic","resolve","blood","1","792e2516f88ccc640283f278f1f2a1bffbfc96dbe86b32bb87293caf2d2be41c","packs/pf2e/feats/archetype/wild-mimic/ferocity-mimicry.json","faltering combat outline catches on stubborn single life ember. One HP survival with wounded cost, not heal wave."
"b4YmWetKmNww6r9j","Ferry Through Waves","action","2","13","ancestry","themed","movement","water","1","2701f18cc0731b04fa9d3c139e665ea804fd0c80cd860b063a217ab33e3edc3e","packs/pf2e/feats/ancestry/lizardfolk/level-13/ferry-through-waves.json","linked source-ally swim echoes ride one shared wave. No token movement; two-swim option separate."
"c5SfaSn6OEHkHxII","Feverish Enzymes","action","2","6","class","themed","unarmed","void","1","719024b2e24c91538467c91d631973d6eb4aeb6f3007818dc8d7401863e689af","packs/pf2e/feats/archetype/ghoul/feverish-enzymes.json","Feverish Enzymes: infectious contact; 1 visible contact (same-target); claw-or-jaws; claw rake; healing-inhibition."
"XY2uS7pMKRLVNQKG","Fey's Trickery","action","2","8","class","symbolic","concealment","shadow","1","bb9eff6f1423d74e8f76a6e9305ab3bdf7bd1c07ceeb9e939535073e9e7dcf12","packs/pf2e/feats/archetype/living-vessel/feys-trickery.json","playful fey shimmer folds source outline out of sight. Invisibility rather than movement or attack."
"DoaqSxIFx5CSgBBE","Fiend Slayer","action","1","16","class","themed","elementTarget","void","1","6255215b11fcb86d3af40f86bbc3367448d8ea6b7452797650c8932d12dabd74","packs/pf2e/feats/archetype/wylderheart/fiend-slayer.json","previous fiend wound releases a short tearing void pulse. No new Strike; stun critical save conditional."
"VAIr1TpHZdxWovqG","Fiendish Brand","action","2","6","class","themed","strike","void","1","9bdfac87bb9dfc71fda6e52b1727d1ecb85c27a6cb7beb2c192979441306755d","packs/pf2e/feats/archetype/sister-of-the-golden-erinys/level-6/fiendish-brand.json","Fiendish Brand: carve; 1 visible contact (same-target); slashing-or-piercing; narrow contact; bleeding-runes."
"SEtFRKVV9bt4MJEn","Fierce Competitor","action","2","9","ancestry","symbolic","command","weapon","1","ed1f12320fe952b1c51a2a6ef41ba4270882f830b9cd9f0813700d43ed399205","packs/pf2e/feats/ancestry/centaur/level-9/fierce-competitor.json","paired athletic challenge marks frame source and ally. Specific skill challenge, no immediate maneuver."
"2phzdvmFJaUUGDmY","Fierce Grasp","action","1","5","ancestry","symbolic","bind","weapon","1","3d7ab807c308aabb3c2094fd059399ac1098c4e3054c1c1b609e733350e22c29","packs/pf2e/feats/ancestry/awakened-animal/level-5/fierce-grasp.json","existing grip bands tighten with braced source silhouette. Escape penalty and AC bonus, no additional damage."
"lNIHXCQ0Zc2gY5OH","Fiery Rebirth","free","","4","class","themed","restoration","fire","1","9df38f0b6083267826260b3192f13276e2cec3d703e5b8f2d015655ab94ba970","packs/pf2e/feats/mythic/fiery-rebirth.json","recovering life ember rises into adjacent retributive flame ring. Adjacent foes only; push conditional, no bolts."
"6biVVoaqqUdQmQ37","Fiery Retort","reaction","","8","class","themed","elementTarget","fire","1","60e9df19337ff39e9e56e61d0b03f1ed3a45f3355a233842588f887dc5fb15f5","packs/pf2e/feats/class/druid/level-8/fiery-retort.json","pain-facing close flame wave sears adjacent attacker. No caster-to-distant-target projectile."
"SVcaYXIj8rmvg096","Fight or Flight","reaction","","6","class","themed","strike","fear","1","f87c74d54889c416ec3114faf35b212dfa9fbab0361912abbb897c15cd10193c","packs/pf2e/feats/class/shared-class-feats/level-6/fight-or-flight.json","Fight or Flight: adrenaline counter; 1 visible contact (same-target); melee; counter thrust; retreat-option."
"NIwocFnVpyzjeNUC","Final Form","action","3","17","ancestry","symbolic","form","shadow","1","533b6c0eaaad4341d9b9a15e65601474acfdc9cb9132adf1d8540c2ac006df2b","packs/pf2e/feats/ancestry/versatile-heritages/nephilim/final-form.json","fiendish lineage silhouette emerges as reality twists around body. Later innate spells separate; no auto Fireball/Lightning Bolt."
"K9hM3AdWGbU3VE8L","Final Shot","action","3","18","class","themed","firearm","weapon","1","77fc1d4a07673b5898f24e164a19e6b6d3baf5237c7e8e56af6e0bc44effa8bb","packs/pf2e/feats/class/gunslinger/level-18/final-shot.json","Final Shot: triple powder load; 1 visible contact (same-target); firearm; projectile; heavy-recoil."
"BndS11cLoHSIZc49","Final Shot Knows the Way","action","2","18","class","themed","ranged","weapon","1","d7a5b9660764e3c590b1622352b3bedd26bf5c4b8e43599bde19eab0ce79c382","packs/pf2e/feats/archetype/warshard-warrior/final-shot-knows-the-way.json","Final Shot Knows the Way: sprint aim; 1 visible contact (same-target); ranged; homing projectile; off-guard."
"DlzqFgcu2APSli5K","Final Spite","free","","8","class","themed","elementTarget","poison","1","f8894e26328b58ca42f9b4c2e937df337f03a07d82cb8eaf12475374932106ad","packs/pf2e/feats/class/necromancer/level-8/final-spite.json","near-death venom spite coils onto triggering foe. Target save conditional; no auto source poison aura."
"PAsFP9jcVcHkBoRd","Finish Their Story!","action","2","20","class","themed","heavyStrike","weapon","1","c1979f32139a8a845d7cc616ed8b3c02e315243e4e56b908049056604c1365ea","packs/pf2e/feats/archetype/eternal-legend/finish-their-story.json","Finish Their Story!: mythic commit; 1 visible contact (same-target); melee-or-ranged; single contact; precision."
"NagTqSLK8bAlo2nY","Firebrand Braggart Dedication","action","1","4","class","themed","performance","fear","1","9aa1fb079667f19ea1233ee3a9e88e4eb3bc38838025ed666ced06f2321e122a","packs/pf2e/feats/archetype/firebrand-braggart/firebrand-braggart-dedication.json","Firebrand Braggart Dedication: boast; no Strike now; none; source wave; future-skill."
"tv0TX0DiDg2lDMOl","Fish From the Falls' Edge","reaction","","10","class","themed","restoration","vitality","1","1933424c5a9710e88b839662c381cf7d0c6feed08fbbdf62d319327214f6a5d1","packs/pf2e/feats/class/exemplar/level-10/fish-from-the-falls-edge.json","ikon spark flies briefly into falling ally life halo. Actual prevention/healing; source ikon paused, no attack."
"aWGwGoodVZjcXkvE","Five Breaths, One Death","action","3","18","class","themed","multiStrike","weapon","1","7426235eb4e55cdaec4dfc14381165c5f68176ae195d2063168bde8e7859a71b","packs/pf2e/feats/archetype/five-breath-vanguard/five-breaths-one-death.json","Five Breaths, One Death: element cycle; 5 visible contacts (same-target); elemental-unarmed; five contact; element-cycle."
"gq1gGsJDLQuQDrhW","Five-Gods Ram","action","3","12","class","themed","doubleStrike","weapon","1","bcea135c237c68c28c319e62f507fec1ad9f2cf2a2637a2579b1ba3c92282693","packs/pf2e/feats/class/monk/level-12/five-gods-ram.json","Five-Gods Ram: ram chase; 2 visible contacts (same-target); horn; forward pair; push, ground."
"dyjYNaE6Nc6zpsUM","Flair Rider Stance","action","1","6","class","themed","stance","wind","1","32ff4a840fd4679783f25068a3f07d449e94f5f40d52cccc88636824ccadbc40","packs/pf2e/feats/archetype/drake-rider/flair-rider-stance.json","unpredictable rider flip echoes weave around mount-side cover. No target attack or dragon breath."
"TdwC9rTGgtF4CQ25","Flamboyant Leap","action","2","14","class","themed","charge","weapon","1","308dea0b0fa75ace2fd67b06501493d4f722095b731c80cbab49dd588e6090d2","packs/pf2e/feats/class/swashbuckler/level-14/flamboyant-leap.json","stylish rising leap echo delivers one finisher then settles. One finisher, not movement-only; no real relocation."
"v6d1N3yygUccisQL","Flash of Omnipotence","free","","20","class","themed","preparation","light","1","f838920f3e9161acdb649577735077bc33a0204ec26f8bfd554f48ee29a6a0fa","packs/pf2e/feats/archetype/mortal-herald/flash-of-omnipotence.json","brief godlike source radiance sharpens future damage focus. Damage enhancement not protective invulnerability."
"N9kJPSRz1Ax9eFdD","Flash of Omnipresence","action","1","14","class","themed","teleport","light","1","aaeda0e859bc17e5aedab6169e4c44d94d2865a6c0c6a11623a3a0bf18abb5f6","packs/pf2e/feats/archetype/mortal-herald/flash-of-omnipresence.json","divine blink places source echo beside friendly outline. Mythic arrival stun optional; no actual teleport."
"VnpI3sPgwLlcCJy3","Flash of Omniscience","free","","18","class","symbolic","focus","light","1","4066cc255774372c17adbeb68c9a8d53b94f87c67be1f367191ca7d3c9cb00d9","packs/pf2e/feats/archetype/mortal-herald/flash-of-omniscience.json","deific eye scan reveals layered enemy defense glyphs. Information only; no target damage."
"qbFRPTHP96Q9kGpk","Flash Your Badge","action","2","10","class","themed","dread","fear","1","f983ea0c22cfaf0414b0a3cc4ba76df648ee6c1fa293534e0f2fbfbc9c0863c5","packs/pf2e/feats/archetype/alkenstar-agent/level-10/flash-your-badge.json","Flash Your Badge: authority display; no Strike now; none; source cone; fear."
"S3NFO9meH9b08oiN","Flashforge","action","2","1","class","themed","produce","metal","1","feebab58a377375eb980d120b68c7de8cae53053f301c4e4d2f167163f98fd06","packs/pf2e/feats/class/kineticist/level-1/flashforge.json","small metal particles assemble into hand-sized tool. Creation not metal attack; no actual inventory item."
"1NS6AM2oVNKb4LhX","Flashing Shield","free","","8","class","themed","elementTarget","vitality","1","4857fa1f2c162855b03536b930fd57b10e265e3633ded9503c7f1eda43a002d7","packs/pf2e/feats/archetype/lastwall-sentry/flashing-shield.json","blocked shield flare sears adjacent undead edge. Requires undead Shield Block, no new weapon Strike."
"TnYHtN9gQASqOnii","Flashy Dodge","reaction","","1","class","symbolic","movement","weapon","1","8830b2be66c7b3d101f76d6413e6171d005657489764e8bad701bcb18c104518","packs/pf2e/feats/class/swashbuckler/level-1/flashy-dodge.json","deft stylish side dodge leaves one confident source glint. Defense only; panache conditional."
"UuVz1QY7QXD5cnLu","Fledgling Flight","action","1","1","ancestry","themed","flight","wind","1","c841ad47bbff7c875c5f2f53454224f09493907f0a28112d39affcf5daa56921","packs/pf2e/feats/ancestry/strix/level-1/fledgling-flight.json","fledgling wing lift beats carry short air echo. Fly action not arcane spell; landing/fall conditional."
"oOicdaf3WvT1i5ft","Fleeing Shriek","action","2","9","ancestry","themed","elementAura","sonic","1","c9c3357d68a25c6e05b2ec5a680971878514ea6ec80c7f6888bf20d5c10d4e97","packs/pf2e/feats/ancestry/kobold/level-9/fleeing-shriek.json","close ear-piercing sound ring precedes departing source echo. Damage then Stride, not just sonic movement."
"SVdYJW5JsOMhAYd0","Fleet Tempo","action","2","4","class","symbolic","command","sonic","1","8100e0980583ef11a57d7639ccac60538b89f515b9a371eb07a6d43cd911f1b4","packs/pf2e/feats/archetype/nantambu-chime-ringer/fleet-tempo.json","sprightly tempo beats quicken friendly foot-level accents. Speed grant; no forced movement."
"hE6fchGuHuPIeKlO","Fleeting Shadow","action","2","6","class","themed","concealment","shadow","1","e3cb3c93a276245ac270592116a018d0774f527782a84cc72f3ab4072d4bf23e","packs/pf2e/feats/archetype/scout/fleeting-shadow.json","hidden outline leaves two successive low sneak echoes. Stealth success conditional, no magic invisibility."
"F6VlPyZZpqV6d2CS","Flensing Slice","action","1","8","class","themed","elementTarget","blood","1","0c84c85b9a6b180ecc60bfba652aef4c6fd937561782bd7f99ecec868e8b8836","packs/pf2e/feats/archetype/dual-weapon-warrior/flensing-slice.json","two prior blade wounds reopen as lingering bleed ribbons. Post Double Slice effect, no repeat paired attack."
"Xdf00Kmv5C3qqrtK","Flesh Wound","action","1","12","class","themed","ranged","weapon","1","c36f7b37604e290c0b07f10bbcaf2a044672e9165607ad90f775cb8574df75de","packs/pf2e/feats/class/gunslinger/level-12/flesh-wound.json","Flesh Wound: glancing aim; 1 visible contact (same-target); ranged; projectile; scrape."
"SyxXnSk2R0AM9HSn","Flickering Twirl","action","1","12","class","themed","concealment","shadow","1","cf3ffecc2f70bb2adf81c64ba24a72d4fd309a42ca0c1e8b895133f590a8d330","packs/pf2e/feats/archetype/lion-blade/flickering-twirl.json","twirling disguise silhouettes alternate into obvious blur. Cannot Hide from obvious concealment."
"lmo55Y5NS5iZa56o","Fling Head","action","1","6","class","themed","dread","sonic","1","d6e4c7d0b9339a0dd59fcc93a1d3f19d5b2ac87b66bc3e115acded6037b6be63","packs/pf2e/feats/archetype/ghost/fling-head.json","Fling Head: head throw return; no Strike now; none; projectile return; sonic-wail, fear."
"uL6q4wtwvuP8I4po","Flinging Blow","action","2","16","class","themed","unarmed","weapon","1","696c4b9f85d1dad581b7fe22c1424fb059f5115d52b807a096c02eb1a6d0eddd","packs/pf2e/feats/class/monk/level-16/flinging-blow.json","Flinging Blow: centered force; 1 visible contact (same-target); unarmed; single contact; push, ground."
"7UwXNTmPXIXps2sM","Flinging Charge","action","2","10","class","themed","ranged","weapon","1","c303caac70275519a7a9cf677a9a6a1bab6a0f5a62fc02f0ec450aedb31b3f83","packs/pf2e/feats/class/fighter/level-10/flinging-charge.json","Flinging Charge: sprint throw; 1 visible contact (same-target); thrown; projectile; future-melee-opening."
"RKh9lvo0PdE2Yto4","Flinging Updraft","action","2","6","class","themed","targetSupport","wind","1","e55a2f83743be45a1c240696caf92d9478e9d66db29a8c995545a38360174363","packs/pf2e/feats/class/kineticist/level-6/flinging-updraft.json","target-local updraft lifts then deposits short landing echo. Unwilling save conditional; no caster flight or doc relocation."
"zfNLF9S8drNKkljN","Float Free","action","1","6","class","themed","movement","water","1","5c040d377c274dd47e898bb0fe704fca5f18cfaab5c8e01512bb55f59be7629c","packs/pf2e/feats/archetype/undersea-privateer/level-6/float-free.json","gentle vertical underwater drift echo. No air flight or attack."
"lqStZou2d2WMLJxz","Flood Stance","action","1","1","class","themed","stance","water","1","991a6e0b2701b97e7fb7ec6a01b59e0ce7939d697a2467cd0e6a89bfdc45daa6","packs/pf2e/feats/class/monk/level-1/flood-stance.json","held breath circulates through torso into torrent-ready fist halo. Stance only; no immediate punch."
"ffLzfZIq7LoNXqWO","Floral Restoration","action","1","8","class","symbolic","restoration","plant","1","daadedf865163f4768a1dc28c739b2b740865d82fd036570d73224fbd5e97a0b","packs/pf2e/feats/class/druid/level-8/floral-restoration.json","nearby healthy flora send soft vitality motes inward. Plants unharmed; HP and focus, no attack."
"isdTXU8bV7ZVOAuQ","Flourishing Finish","action","1","12","class","themed","display","mind","1","bab5d31f6e0f554b11774bb5b2850bcc483f7c3472a069879d1a46c7764bd5d9","packs/pf2e/feats/archetype/provocator/flourishing-finish.json","Flourishing Finish: victory flourish; no Strike now; none; source wave; nearby-fear."
"yqspSW7eEQVvuYrC","Flow of War","free","","6","class","themed","preparation","spirit","1","03bbe4078fc76d41cf6faa1463195febcdab4383429fe8c722aab62be9ccc6b0","packs/pf2e/feats/class/exemplar/level-6/flow-of-war.json","divine battle instinct quickens source weapon-and-step outline. Extra action grant, no automatic Strike/Stride."
"rgmX9TTthBYo508T","Flower Street Infamy","action","1","11","skill","symbolic","command","mind","1","a9b0c1131d09a51a43d1b675ad9bbf2574d8904c5386a304af6c39256a00c4a7","packs/pf2e/feats/archetype/dandy/level-11/flower-street-infamy.json","lascivious remembered tale tangles target attention ribbons. Deception-dependent stupefy; no actual damage."
"V6b42u8dNn7K6FwJ","Flowering Path","action","2","9","ancestry","themed","stance","plant","1","072ad2f17295ea16b326421970c4eddf44e0812229a0101a67429c56245a02a6","packs/pf2e/feats/ancestry/versatile-heritages/ardande/flowering-path.json","life energy roots at source feet with blooming trailing flowers. Later Step/Stride creates terrain, not forced movement now."
"hOImeMiRPIRKPPXY","Fluttering Distraction","reaction","","10","class","symbolic","fortune","weapon","1","2d72556ef7031befb7a415e3d94dbe8ae2e27267d41be132071edeb780b0c0f6","packs/pf2e/feats/archetype/fan-dancer/fluttering-distraction.json","two fans snap alternating distracting arcs across enemy focus. Enemy double-roll lower, no attack contact."
"ekPCBxVAOugxpvUY","Fly on Shadowed Wings","action","2","10","class","themed","flight","shadow","1","79eb25bbfef9a6d5e4698eb7346e3e48487c969ae8c2ee869ee10398c37265ea","packs/pf2e/feats/class/animist/level-10/fly-on-shadowed-wings.json","apparition shadow folds into pair of protective wings. Apparition temporarily dispersed; no outgoing damage."
"1SbwsBbuCkkpgeYN","Flying Flame","action","2","1","class","symbolic","flamePath","fire","1","1dc0a3f9838a0a22bdbfbd462f1c5d98b3f1cc197aa6f482d8401fe0647368c5","packs/pf2e/feats/class/kineticist/level-1/flying-flame.json","tiny chosen flame travels routed path through successive targets. Route source then previous targets; one save each."
"wB1ONG2uO7RnD1iC","Flying Kick","action","2","4","class","themed","charge","weapon","1","91c706e7915a0e7404aa4171b1ccf7e087bbe557c0b29c611b342c53fee8bbc1","packs/pf2e/feats/class/monk/level-4/flying-kick.json","Flying Kick: jump; 1 visible contact (same-target); unarmed; descending; settled-landing."
"zEvU1ZlqSsXNPghw","Flying Tackle","action","2","4","class","themed","trip","weapon","1","30d6aedffc4a5c662e00abdcbce1ad45b99b4bec29d4b2fa1592a86d32337c3e","packs/pf2e/feats/class/guardian/level-4/flying-tackle.json","Flying Tackle: jump; no Strike now; none; descending; ground."
"zodscjgydZRUSOLO","Focus Ally","reaction","","16","class","symbolic","fortune","mind","1","c2cf17eeb4df6d6b3aaf95386dfd047a2076caeb08a1eada499ff073d579ea47","packs/pf2e/feats/archetype/swordmaster/focus-ally.json","adjacent ally attention ring recenters for second save attempt. Reroll may still fail; not heal."
"t4022d8ndt8YJPSe","Focused Fire","action","1","4","class","themed","ranged","weapon","1","435b3e8da21efdde0803e9ed6c4292f218b02ea4c6dc18419405225db365e020","packs/pf2e/feats/archetype/munitions-master/focused-fire.json","mortar shot lands in sharply confined single-square blast. Not broad aura or elemental magic burst."
"lYVAGuHU47Ixyuxy","Focused Juggler","free","","4","class","symbolic","performance","weapon","1","871673da8c292c2f4dda1b8abfebc7c2ae8ea4e4a11659037cbdc6ce8e88fedd","packs/pf2e/feats/archetype/juggler/focused-juggler.json","juggled-item orbit smoothly gains one additional bead. Continue juggling, no attack."
"d7DQhCJKYcLxpHen","Focused Shot","action","1","12","class","themed","ranged","weapon","1","c27b5e8706f0b608f0e032e7d213f140991052f2b1afa4c71bb585b0ddab34c7","packs/pf2e/feats/class/monk/level-12/focused-shot.json","Focused Shot: calm aim; 1 visible contact (same-target); bow; projectile; focus."
"9Q0tPGtOawPTU2TU","Follow-Up Assault","action","1","8","class","themed","strike","weapon","1","0827d37bfc77b31c5b62419ecdd92f5a0b66bf63d978405dbfe4380411865a0c","packs/pf2e/feats/class/barbarian/level-8/follow-up-assault.json","Follow-Up Assault: backswing; 1 visible contact (same-target); melee; reverse arc; force."
"m0ot9Qydb9SYWHis","Follow-Up Strike","action","1","6","class","themed","unarmed","weapon","1","82d3d5f4ea9b98fa029118f570095542a6befa83784b8c1bb630294613f229c5","packs/pf2e/feats/archetype/martial-artist/follow-up-strike.json","Follow-Up Strike: body follow up; 1 visible contact (same-target); unarmed; alternate contact."
"uyZ3gY7gtKCLiywR","Following Smite","action","1","16","class","themed","elementTarget","spirit","1","fb170ccd3d1f6efdb4dacfb5c00ffa8ab0106a5729f057946b4191b940de6028","packs/pf2e/feats/archetype/mortal-herald/following-smite.json","Following Smite: deity call; no Strike now; none; target burst; spirit, ground."
"pKAjzKWH6ZH10wpb","For the Fallen!","action","1","4","class","themed","charge","weapon","1","6f5b331f27c42d617a5396f74743502cf3f8bb7d5abbce4385e417cc5ce6af97","packs/pf2e/feats/archetype/starstone-aspirant/level-4/for-the-fallen.json","For the Fallen!: side step; 1 visible contact (same-target); melee-or-ranged; single contact; memory-echo."
"0qL4a3CarG1e0pfB","Forceful Shot","action","1","14","class","themed","ranged","weapon","1","dbe76997f498489a1043bf2eea3b7c87ac9c905be461fa33bd2e383333868f6f","packs/pf2e/feats/archetype/swordmaster/forceful-shot.json","Forceful Shot: driving aim; 1 visible contact (same-target); ranged; projectile; push."
"UJafwv306v75Syy7","Forcible Energy","action","1","12","class","themed","preparation","arcane","1","1d0b29b3b1595b2fb96396a8969546d3fae5ad650739af0e2cd52685df3d887f","packs/pf2e/feats/class/wizard/level-12/forcible-energy.json","complex energy manipulation leaves weakness-ready casting notch. Next damaged target weakness, not defense."
"pVDgiaqu1RbCOhuv","Foresee Danger","reaction","","12","class","themed","focus","mind","1","40c41048c9418a0af443423a23b9b84c4058adcf5b1d5524ba55dfdc944ae324","packs/pf2e/feats/class/investigator/level-12/foresee-danger.json","several projected attack paths fade around evasive source focus. Perception defense, not target weapon damage."
"PmhprI0vr3zTOkok","Foreseen Failure","free","","12","class","symbolic","fortune","mind","1","897b3e43ee3934b5076eef2c7fbcc39b27b3566d9b4d00b4f9aed081112df1e5","packs/pf2e/feats/class/psychic/level-12/foreseen-failure.json","failed spell echo rewinds into alternate casting-ready vision. Different replacement spell choice separate; no repeated same spell."
"zgriBCYR4TmBoDqO","Forest Stealth","action","1","5","ancestry","themed","concealment","plant","1","c093d6a906c5f31b4a5d3be335cf374ce7b25f183f9726c7da337af55c0f7ef9","packs/pf2e/feats/ancestry/elf/level-5/forest-stealth.json","underbrush foreground closes around crouched source echo. Requires cover; no shadow teleport."
"2LjTxYTlRL7RwhOS","Forest's Heart","action","1","16","class","themed","stance","plant","1","6e37cadaec1bdd39b67a444412a698ae84d1db155f294032bafc6ffe792b2d62","packs/pf2e/feats/class/animist/level-16/forests-heart.json","apparition energy roots through ground into ready vine limbs. Future unarmed vine attacks separate."
"NNeRv9Gcua1kMp4s","Forestall Curse","action","1","14","class","symbolic","preparation","ward","1","00674ad20b92c050a5fbd4d5b6a110d1d7bdbc86fb4b80bc0e139335fe3aa275","packs/pf2e/feats/class/oracle/level-14/forestall-curse.json","restraining focus holds curse coil below next casting threshold. Next cursebound ability, no immediate counteract."
"CuVvDrBaVP9nYJlt","Foretell Harm","free","","1","class","themed","focus","shadow","1","681dac43ef7b816c494a96cfc395d24b6f4a3114b351b4b57fb0ab996f7b7d11","packs/pf2e/feats/class/oracle/level-1/foretell-harm.json","ominous future injury mark hangs over prior spell target. Damage happens next turn; not immediate fire bolt."
"vPA0EGXBaNzGxlxM","Forewarn","reaction","","12","class","themed","targetSupport","mind","1","69c75586ea0e103b13cad55f308d358b8be66cc30384067f18cd043980560674","packs/pf2e/feats/archetype/overwatch/forewarn.json","planned danger lines redirect friendly defensive focus. Perception DC substitution, no target damage."
"9cq4j15EbVyrHKFX","Forge-Blessed Shot","free","","17","ancestry","themed","preparation","spirit","1","ecd7af9325c8f2822d4905007bd3728976e8eb779d89d132974d58ccce5085d0","packs/pf2e/feats/ancestry/dwarf/level-17/forge-blessed-shot.json","Forge-Blessed Shot: dwarven prayer; no Strike now; none; source runes; future-ranged-shot."
"VaxsPPPsgXzNxQVI","Form a Flock","action","3","13","ancestry","symbolic","stance","transform","1","cbbb7065fca750a417537c773baa1553453b13e54078c2dc23012cb9aeed8604","packs/pf2e/feats/ancestry/dragonet/level-13/form-a-flock.json","small dragonet-like orbit gathers around source perimeter. Flock aura, later Acrid Barrage separate."
"RsluSLtSWq1vN8Hc","Form Control","action","1","4","class","themed","preparation","transform","1","636648736edfa8528fb60d3a4118526410ae6b404dc16e1da11f37a3f4128e22","packs/pf2e/feats/class/druid/level-4/form-control.json","carefully stabilized form diagram settles around casting focus. Next Untamed Form only."
"0EY2WQC3Hb6Mitgz","Form Lock","action","1","14","class","symbolic","bind","transform","1","c130d0f6f222c23dc68f6b76f45fbdab1c81a6311c3e31fb06375d881ea4386e","packs/pf2e/feats/archetype/wrestler/form-lock.json","existing grip unthreads foe alternate-form outline. Counteract conditional; no guaranteed transformation."
"H965m1koFvY4FQkF","Form of the Bat","action","1","13","ancestry","themed","form","shadow","1","ee5d8c0a7d90e00741b501aa5010794962273df175c6311775714cf184e2b18f","packs/pf2e/feats/ancestry/versatile-heritages/dhampir/form-of-the-bat.json","large silhouette contracts into small harmless bat echo. No attack or harmful swarm."
"UpnXrLhJZ06HTaJh","Form Up!","action","2","10","class","themed","command","weapon","1","df090add74d37dc4ac5e1ee1e0a15508413974cabcef86e68e1cd9258144c71c","packs/pf2e/feats/archetype/marshal/form-up.json","formation markers open into selectable line wedge or cluster. Allied reaction movement optional; no doc move."
"DidzozerKLZ2UYLx","Fortify Shield","action","1","5","ancestry","themed","guard","earth","1","41152342a040bdb720d108cb7454f5ecf785cd500affc2e3922070fc0cac48aa","packs/pf2e/feats/ancestry/versatile-heritages/oread/fortify-shield.json","rock and metal outgrowth thickens raised shield edge. Later block enhancement, no Strike."
"ybMeVTC8TG3rcgoU","Fortifying Knock","action","1","2","class","themed","rune","ward","1","9f7a3f52c28d1a0b1d866d86640efd01bd1328909ffeb4d2e4eb86effd4537a6","packs/pf2e/feats/class/runesmith/level-2/fortifying-knock.json","raising shield stroke traces fresh rune over guard plane. Single combined preparation, no invocation attack."
"HNeKm6BCu795585p","Fortune's Favor","free","","6","class","symbolic","fortune","arcane","1","40ca51edbfbe3c4ab5416474dbb7f037a667fac50700a174d99757d9bced6c8f","packs/pf2e/feats/archetype/prophet-of-kalistrade/fortunes-favor.json","lucky investment spark brightens already reopening roll path. Bonus to pending fortune reroll, not new reroll."
"ix1fhe9ttnvFLgmi","Forward Gaze Into Life","action","2","8","class","themed","elementCone","vitality","1","b970af4fd5e156b38a0d4fc70f3b1379fed0ef81364db5d3b9208adcbf5b2c41","packs/pf2e/feats/class/exemplar/level-8/forward-gaze-into-life.json","forward bright cone opposes backward dark cone. Two opposed vitality/void cones; not one target burst."
"MzdoJWpqyMmMDI1F","Fountain of Secrets","free","","17","ancestry","symbolic","focus","mind","1","f8a35c79ab006945c7a8e48d9bb81c1e4147034d248064f9504acb4bdcb31f7c","packs/pf2e/feats/ancestry/shisk/level-17/fountain-of-secrets.json","remembered details spring into layered contextual scan. Knowledge check conditional."
"iySa8O4NaTdLPKQl","Four Winds","action","2","1","class","signature","windMove","wind","1","9e623b62dde7bcb86fe08cf2fc25cc5fea8d40b7b02710bb4794afe48e365f7c","packs/pf2e/feats/class/kineticist/level-1/four-winds.json","four friendly wind lanes extend outward from source. Willing targets choose Stride/Fly; no damage."
"10bkE3TZsr7kvdn4","Four-Armed Aspect","action","1","9","ancestry","themed","form","transform","1","03e46de9b5098884aa590fe18c8fc59133133297109081931b1465dafc5d3809","packs/pf2e/feats/ancestry/yaksha/level-9/four-armed-aspect.json","extra arm-pair echoes grow from burden-bearing torso. No immediate Grapple/Disarm/Shove/Trip."
"g9AOSz4QDAlUee9M","Fox Trick","free","","9","ancestry","themed","concealment","shadow","1","a2e65d96e7f8f929b641999294443c0b0359cde8b5fa709c79442f59190ed143","packs/pf2e/feats/ancestry/kitsune/level-9/fox-trick.json","playful foxlike distraction curl masks source or small object. Diversion/conceal/hide choice, no damaging magic."
"LhpE0NsfNwYP6MOz","Freeze It!","action","1","9","ancestry","symbolic","bind","cold","1","d831f24ca25207b26dab8e229ba47d396ef2c3aa21031cd0dc7ab354a01b03f9","packs/pf2e/feats/ancestry/goblin/level-9/freeze-it.json","close body frost clamps around adjacent foe limbs. Check-dependent clumsy, no damage."
"IcAEMf94XoTvtzAO","Fresh Produce","action","1","1","class","symbolic","produce","plant","1","18ee811e048e77d45c4f525fa6e2e98daf613400df253d5007aca8204b190706","packs/pf2e/feats/class/kineticist/level-1/fresh-produce.json","nourishing small fruit grows in open hand or at feet. Healing only when later consumed."
"YN0QYUCb8Q3PtUJy","Friendly Fling","action","2","9","ancestry","themed","command","weapon","1","3421509d1b805a4049c78679e96e7ee01d0dfdc04ceb01703880e4de4d5ed394","packs/pf2e/feats/ancestry/minotaur/level-9/friendly-fling.json","Horn scoop, small piercing contact, then a low 20-foot ally toss and upright landing. The selected first recipient must be a smaller willing adjacent ally. The ally's optional reaction Strike is separate."
"8PmPjoqqbOzvUmO2","Friendly Nudge","action","1","1","ancestry","themed","targetSupport","weapon","1","78e9c7fe57f63046626ce80a231023649f1172d4f0ae31bc7cf1fb946fee0757","packs/pf2e/feats/ancestry/minotaur/level-1/friendly-nudge.json","Friendly Nudge: ally nudge; no Strike now; none; ally push; willing-ally."
"V9kShXu84NlORfcg","Friendly Toss","action","2","8","class","themed","command","weapon","1","9218e69f9fe98ea4344e6a2952531d2da0b21b27ea13b616e14bfbba1f72ebe3","packs/pf2e/feats/class/barbarian/level-8/friendly-toss.json","Backward wind-up and forward heave, then a high 30-foot ally arc with an upright landing. The selected first recipient must be a willing adjacent ally of eligible size. No horn contact or automatic ally Strike."
"RCjMbLyRnG70R7cO","Frighten Undead","action","1","6","class","themed","dread","spirit","1","ff16bcf8a10532858a6907772094782e2458a325e8b928c50667aedee16a96e0","packs/pf2e/feats/archetype/undead-slayer/frighten-undead.json","Frighten Undead: religious verses; no Strike now; none; target runes; undead-fear."
"FVUdPhbBOvirUNbN","Frightening Indignation","action","1","16","class","themed","dread","mind","1","1f21dda1c6adc78ced1b8135f5f56b717e5dde21a19ea47d92e4e5f47e23502b","packs/pf2e/feats/archetype/steel-falcon/level-16/frightening-indignation.json","Frightening Indignation: anger wave; no Strike now; none; source halo; nearby-fear."
"mAoykPgP5OALqeq3","Frightening Power","action","1","12","class","themed","dread","mind","1","4c3fbe07739b2d0d618973a4aea4119a24f7f69e2f40bd1d997345a246b36647","packs/pf2e/feats/archetype/draconic-acolyte/frightening-power.json","Frightening Power: draconic coruscation; no Strike now; none; source halo; nearby-fear."
"SUNLm99CgsS5M3Eq","Frightful Condemnation","free","","6","class","themed","dread","mind","1","8c61a93eaf075a6194c43eb1e5f5ad9ad45a13c0030f096bf0641c46bf2ec029","packs/pf2e/feats/archetype/gray-gardener/frightful-condemnation.json","Frightful Condemnation: judgment aftermath; no Strike now; none; target curse; fear."
"xUaEpnfd1FMGNG1z","Frightful Moan","action","2","4","class","themed","dread","sonic","1","21745e8303354006bbc4f4029e8b8a459e5d0f3180b9a283cd0971bc7ca9189c","packs/pf2e/feats/archetype/ghost/frightful-moan.json","Frightful Moan: lament; no Strike now; none; source wave; nearby-fear."
"efx6ZCDilI1ixyAM","Frog Geyser","action","2","5","ancestry","symbolic","lineCue","water","1","e5dae467740f4ab32659ebbda14313fdd4c850532dc686f46648c5648fc52afa","packs/pf2e/feats/ancestry/tripkee/level-5/frog-geyser.json","mouth-water jet sweeps low straight line. Push/save dependent; not arcane beam damage."
"o3J79hnr00ztcwtT","Fulminating Shot","action","1","6","class","themed","preparation","arcane","1","15363c0269b7a3f699771c1f533a5dc878c81dd9b854f4c563f198d5e3debd1d","packs/pf2e/feats/archetype/spellshot/fulminating-shot.json","chosen elemental charge gathers around ready shot chamber. No projectile until next attack."
"5gnBhockV7O32jTR","Furious Finish","action","1","2","class","themed","heavyStrike","weapon","1","44a6d3ef3596ec1f004a523fd2bd1820be40e753f72744a0cf87a5e88a0e6d33","packs/pf2e/feats/class/barbarian/level-2/furious-finish.json","Furious Finish: rage final; 1 visible contact (same-target); melee-or-ranged; single contact; rage-fade."
"7HPXQvPH3ovwtVae","Furious Grab","action","1","12","class","themed","bind","weapon","1","ebbb40a5e35de13681e95efc4b8997589284826f76b033dd265150ee06cb3ba1","packs/pf2e/feats/class/barbarian/level-12/furious-grab.json","rage-powered hand clamps previously struck foe outline. Existing contact follow-up, no repeat Strike."
"p2I4o9Cc6UrXvjhO","Furious Sprint","action","2","10","class","themed","movement","wind","1","936d21590fee7bd469d7c41de69bdd580cff405fa9c50d28635cbce820a13333","packs/pf2e/feats/class/barbarian/level-10/furious-sprint.json","long straight rush leaves five spaced advancing echoes. No attack; eight-stride variant separate."
"Oyml3OGNy468z3XI","Furious Vengeance","reaction","","16","class","themed","strike","weapon","1","1e5c4d3d970b33b46c67ef888471d4faecf0e38326dc325e37d49e41999977ed","packs/pf2e/feats/class/barbarian/level-16/furious-vengeance.json","Furious Vengeance: rage counter; 1 visible contact (same-target); melee; counter thrust."
"6vHkvQv0j56nZuR3","Furnace Form","action","2","12","class","themed","form","fire","1","a49b48909e0613e59b283f5017a4422273a215bf29309cb9077ec14bdf10a72b","packs/pf2e/feats/class/kineticist/level-12/furnace-form.json","body silhouette is consumed into living furnace flame. Transformation not immediate Fly; no Ignition granted."
"AP3k96JtJHsDk0G4","Galvanize Spell","free","","18","class","themed","preparation","arcane","1","c27b1d64f96406d94ae95abc24d48d6beb9547dc6be82658dec7bdb468c91b66","packs/pf2e/feats/archetype/wildspell/galvanize-spell.json","existing spellsurge spirals inward into powerful reduced-action focus. Next spell separate; aura ends."
"GZrvQo5FcoP5qocX","Gaping Flesh","reaction","","5","ancestry","symbolic","resolve","blood","1","db42e8eb2d927790476af88f127280d5844b49277e83ca97fcb0b8a94dda895e","packs/pf2e/feats/ancestry/fleshwarp/level-5/gaping-flesh.json","fresh wound visibly opens toward horrified attacker focus. Sickened save conditional; no additional damage."
"gTg3D9Dv9L4NEVhV","Gardener's Resolve","reaction","","8","class","themed","resolve","mind","1","99711a08a77621e3e6db1c955605f6e28d23b57818d1913c1bbdcbce7bba3076","packs/pf2e/feats/archetype/gray-gardener/gardeners-resolve.json","nerves-of-steel focus steadies while mental pain ring contracts. Fear defense, not mental attack; source takes mental damage."
"qUoAthRX9cNVHT9s","Garland Spell","action","1","12","class","themed","preparation","plant","1","b6c7efd2ca44e53da2f3949fe90c058b34d80af8d06a4b6ce18c28ed2c87e4eb","packs/pf2e/feats/class/druid/level-12/garland-spell.json","thorn-or-vine garland loops around plant casting focus. Future spell creates remote hazardous burst, not immediate poison."
"yg02rHaDPpGSgkrk","Gathering Moss","free","","10","class","symbolic","restoration","plant","1","5fe016a6b520d758c619388fc5eb76ed73784d3213a3d7dd03d995f78a07f530","packs/pf2e/feats/archetype/stalwart-defender/gathering-moss.json","rooted source gathers slow moss-colored recovery light. Fast healing tied to existing stance, no movement."
"HX67CcR59JO2RJXI","General's Gambit","action","3","12","class","themed","movement","weapon","1","b339d584dcab86ba0635841302bac7afceeff3c6d39bc75acab8966f98c9f647","packs/pf2e/feats/archetype/marshal/generals-gambit.json","strategic forward echo draws enemy gaze into diversion marker. Create Diversion conditional; no Strike."
"WcvscJpQhbTiefwn","Geobukseon Retaliation","reaction","","10","class","themed","guard","metal","1","839f72b932549f81c9d266dc7616bcb7f2e9b59d07855f1807f3828b0aac2501","packs/pf2e/feats/class/inventor/level-10/geobukseon-retaliation.json","turtle-shell plates unfold then short fiery spike chains erupt. Defense plus adjacent retaliatory emanation, not just shield."
"YRanyv890fLiyaOY","Geologic Attunement","action","1","1","class","themed","stance","earth","1","1447265b2f60839cb0d7c9c52da5d73db821242435f53110376ab1a47bc46b2a","packs/pf2e/feats/class/kineticist/level-1/geologic-attunement.json","stone-touching stance sends sensing ripples through ground. Tremorsense, not attack."
"PFKUr11TUN5NfOYF","Germination of Resolve","free","","13","ancestry","symbolic","resolve","vitality","1","f99c8d7d78d85886967a4d6ec4218a5ec380567d2899de532a54334cc3384bec","packs/pf2e/feats/ancestry/yaksha/level-13/germination-of-resolve.json","soul vitality sprouts through fatigue constraint lines. Counteract conditional; no HP healing promise."
"IaJ91ilthFr6PA9q","Get Used to Disappointment","free","","12","class","themed","dread","fear","1","5f37f6764bb9f38a9d1c8a676bbb9fab509ca4d2a9b2d5b564e98215861b607e","packs/pf2e/feats/class/swashbuckler/level-12/get-used-to-disappointment.json","Get Used to Disappointment: smug menace; no Strike now; none; target distraction; fear."
"tor4lzY0wpNcJd2U","Ghost Blade","action","1","4","class","symbolic","preparation","spirit","1","8ed45119af0204c48ec007c49512270c7bca5c9b2ab81ad1446aad74b9f70f34","packs/pf2e/feats/archetype/mind-smith/ghost-blade.json","mind-weapon edge phases into translucent ghost-touch outline. Weapon enhancement only, no Strike."
"zJXsGF61lH0WHw5v","Ghost Flight","action","2","8","class","themed","flight","spirit","1","29f4968053073ab5900c7a96b01296088a4622c2139dd0df5b9af20481d68b2f","packs/pf2e/feats/archetype/ghost/ghost-flight.json","ground tether loosens beneath hovering ghost silhouette. Removes flight restriction; no shield or attack."
"pM0g4ColXTiQ3gTa","Ghost Strike","action","2","6","class","symbolic","preparation","spirit","1","56d08d2b0e816767f81c45c7e133789a03b941991b1d03031d83b4f9d5a32c8c","packs/pf2e/feats/archetype/ghost-hunter/ghost-strike.json","carried weapon receives lingering ghost-touch sheath. No immediate Strike despite name."
"00OnDt8UEMwfoYWH","Ghost Wrangler","action","1","4","class","symbolic","preparation","spirit","1","edb2454b3fe48bd6f433bbcde143e7c0fa083f960e8efd273e86683d228378bb","packs/pf2e/feats/class/barbarian/level-4/ghost-wrangler.json","ambient spirits coalesce tightly upon source fists. Enables later spirit maneuvers; no current grapple."
"NYY7zWZWZ3XlzQgs","Ghostly Condemnation","action","2","12","class","themed","dread","spirit","1","78cedb8d8a4454da716e89b8979c11f43566a35534dea801a483aabaa0c84604","packs/pf2e/feats/archetype/ghost/ghostly-condemnation.json","Ghostly Condemnation: death sentence; no Strike now; none; target vision; mental-contact, fear."
"C3ukUk4Js10o5IBA","Ghostly Grasp (Deviant)","action","1","2","class","themed","bind","spirit","1","89f41052b5c736218f961a2f4c82f01c7cff778cf122d464ea68dd0472c2abfc","packs/pf2e/feats/miscellaneous/deviant/ghostly-grasp-deviant.json","Ghostly Grasp (Deviant): ghost arm; no Strike now; none; target tether; object-manipulation, grapple-or-push-option."
"3caMKLpJqHHTu8Se","Ghostly Stride","action","1","4","class","themed","movement","spirit","1","393d6841c20b9435deb15a8da20bbcb8fdf964c8c1e3fb7d8819780c016ae3e8","packs/pf2e/feats/class/necromancer/level-4/ghostly-stride.json","slightly incorporeal stride echo passes through foe outlines. Fly optional if speed exists; no guaranteed flight."
"ABL4daQ7c65d0tEM","Ghosts in the Storm","action","1","12","class","themed","stance","wind","1","532ddf582b289d2ef18b63331aedc9780c61f7b826315b0bf074fb3a217d1f71","packs/pf2e/feats/class/kineticist/level-12/ghosts-in-the-storm.json","petlike gray clouds encircle source and friendly silhouettes. Later move grants concealment/shock separately."
"MFqFvuiYDAoADcft","Giant's Lunge","action","1","14","class","symbolic","preparation","weapon","1","2c186fb374cf119ba3d4bd128d37095fe8478f6103f95f9d7b9994e5a622c5ea","packs/pf2e/feats/class/barbarian/level-14/giants-lunge.json","body and weapon ready outline extend reach forward. Reach preparation, no immediate lunge attack."
"W21jKAcG0GtEtBiK","Giant's Stature","action","1","6","class","symbolic","form","transform","1","36180768da5aa40c8cea11505544f1b59401744377abbc9ef5b8a7e7a36b2a9f","packs/pf2e/feats/class/barbarian/level-6/giants-stature.json","body and equipment silhouettes swell into broad giant shape. Large transformation with clumsy cost, no attack."
"QfyCxRwvOZfstbj7","Glacial Prison","action","2","12","class","symbolic","bind","cold","1","1be983117b80aeaea2615c0856db8b2f60d67772e328b030886a2d2deef63f05","packs/pf2e/feats/class/kineticist/level-12/glacial-prison.json","tight frost rings gather and harden around observed foe. Save-dependent freeze; not perception scan or cold damage."
"YK7PLPoLGYGBivEt","Gladiator's Roar","action","2","12","class","symbolic","elementCone","sonic","1","7ca85eb2ef9e3fca720540a132acd05dd65d312f5eda4735601e42c6f10135fd","packs/pf2e/feats/archetype/gladiator/gladiators-roar.json","high screech expands in short damage cone with fear edge. Sonic damage primary; fear/stun conditional."
"VF5XFpzBlqUFd8Mw","Glass Skin","reaction","","10","class","symbolic","guard","earth","1","cde3d69dcc3b85a2505a76d375c5d7f8a8df2536bda40a5ac2389eab008ab3b3","packs/pf2e/feats/miscellaneous/aftermath/glass-skin.json","flickering skin patches settle into glossy obsidian layer. Later Shatter Glass separate; not stone impact."
"MJW4VP7PjVAX131C","Glean Lore","action","1","1","class","symbolic","focus","light","1","84a22f6563d4f78ecc0a13aae72187a5e8607e903affea2a5db0486ccad8c421","packs/pf2e/feats/class/oracle/level-1/glean-lore.json","divine lore fragments sift through questioning focus. Information may be erroneous; no certainty icon."
"Bj0GvPgyPiC2kDH1","Glider Form","action","1","1","class","themed","flight","wind","1","18a6425265ae84e4f20da7d02ab996f515a426388561a4f82ae077b7d627227b","packs/pf2e/feats/class/summoner/level-1/glider-form.json","eidolon buoyant wing echo glides forward while descending slowly. Eidolon origin; no upward Fly or source transformation."
"rLP6gkn74KxjqUz6","Glorious Gamtu","action","1","5","ancestry","symbolic","produce","shadow","1","6d0939c87921a7276eb4df3716bca117247433cae1e55aa1a9d958b9d0654fe5","packs/pf2e/feats/ancestry/goblin/level-5/glorious-gamtu.json","small magical hat-shaped shimmer settles into source hands. Creation only, no actor form or attack."
"2GrlSP1xhKIz4G8B","Glory and Valor!","action","1","9","ancestry","symbolic","preparation","healing","1","79281ba3f89434b10b79ce2ea0ed74612ff7c768fd2638e6a791676c9186806e","packs/pf2e/feats/ancestry/versatile-heritages/nephilim/glory-and-valor.json","mighty ascendant cry ignites minute-long vitality-ready halo. Healing only on later qualifying successful Strike."
"mgbCNt7MgEVbMlJ7","Glory on High","action","2","18","class","themed","flight","light","1","1252e267edc7a17442a0f77c7b7fc897a39cc0e5bc070698c5abf507a1e878b6","packs/pf2e/feats/archetype/mortal-herald/glory-on-high.json","upward source echo displays holy-symbol radiance through enemy emanation. Save-dependent enemy dazzle/blind/mental damage, not just flight."
"LNyTKhIZlM17026W","Gnaw","action","3","5","ancestry","themed","strike","weapon","1","6fdec73ad31c798e35e3d233aedf59ebf799c8a7d7f74c590c747f16e3a48f70","packs/pf2e/feats/ancestry/ratfolk/level-5/gnaw.json","determined jaws chew repeatedly at object-level contact. Object damage only, not enemy spell."
"u96anl3ACNhBqnbT","Go with the Flow","reaction","","7","skill","symbolic","concealment","mind","1","a059d0d58d18b7ce44d27e92112656974995321fa3162e358454f6efbc2de71d","packs/pf2e/feats/skill/level-7/go-with-the-flow.json","disguise focus transfers mistaken attention to nearby other outline. Occultism conditional; no actual teleport."
"Oh2GaKh4Qc77xSoO","Goblin Club","action","1","9","ancestry","symbolic","produce","spirit","1","9d1b8303875d7646760a6d82b14ffba1b994aa66bbe78e92c11bdd4bbcf5639e","packs/pf2e/feats/ancestry/goblin/level-9/goblin-club.json","spectral club glint condenses in hand. Weapon conjuration, not immediate smack."
"UwH0sGIthv8kiPUt","Goblin Scuttle","reaction","","1","ancestry","themed","movement","weapon","1","3f8b263789ba2eccb10a315178351045ff205865ff4a9a331b27b661077fd77a","packs/pf2e/feats/ancestry/goblin/level-1/goblin-scuttle.json","quick low side-step echo follows arriving friendly edge. One Step only, no attack."
"QZb0Utg0WFPf2Qg0","Goblin Song","action","1","1","ancestry","themed","performance","sonic","1","a04dbe7f22ef2319ba57c4f94c1b84f128f0443353c8048a6bed67129b2bced3","packs/pf2e/feats/ancestry/goblin/level-1/goblin-song.json","silly repetitive note loop annoys selected foe attention. Debuff check-dependent, no allied inspiration."
"07TYbc4cOQi5tduT","Godbreaker","action","3","20","class","themed","multiStrike","weapon","1","e5112c057f3eddfd71e24a1c39fa483341507341d8ff80206fb3f5339b36daec","packs/pf2e/feats/class/monk/level-20/godbreaker.json","Godbreaker: rising grapple; 3 visible contacts (same-target); unarmed; rising three; final-ground-slam."
"ZuKEEP4S4b4fbgAt","Gods' Palm","action","1","8","class","themed","unarmed","spirit","1","c582bc76f0e8ac5f1ed0a1f3e86819e447d0922abd897492b29b66b87430b214","packs/pf2e/feats/archetype/spirit-warrior/gods-palm.json","Gods' Palm: spirit center; 1 visible contact (same-target); fist; palm; spirit-or-source-guard."
"Mw4owPxaU6i2Dpgl","Godspeed","action","1","4","class","themed","preparation","light","1","709948a255e0be9c6f03a3a3e047163bb223f2be25ebfaa5ef972899a76781ae","packs/pf2e/feats/mythic/godspeed.json","mythic speed aura frames three movement-ready echoes. Grants speed/quickened, no actual movement now."
"HvbVV8wjJmVmkYt7","Golden Dragon's Bounty","action","1","8","class","themed","preparation","metal","1","f827d764a3b162148d051f56e3792ba86ce953c836e1114865c4cdff57e5e9e7","packs/pf2e/feats/archetype/familiar-sage/golden-dragons-bounty.json","familiar-tuned metal sheen changes next spell material. Next physical spell; chosen cold iron/silver/steel/adamantine."
"BE5YNJooh0jfVVfM","Golden Erinys Stance","action","1","4","class","themed","stance","weapon","1","106b74c0945d6353d861b57e923c915da325ac92470cc0361c49ff43809cd21d","packs/pf2e/feats/archetype/sister-of-the-golden-erinys/level-4/golden-erinys-stance.json","vengeful fang-ready hand outline settles into precise stance. Later critical piercing sickness, no immediate attack."
"nRjyyDulHnP5OewA","Gorilla Pound","action","1","6","class","themed","unarmed","mind","1","8842109b2605320abc46c768bbb67d138fa4acbb4351a5831014a441443129b8","packs/pf2e/feats/class/monk/level-6/gorilla-pound.json","Gorilla Pound: chest pound threat; 1 visible contact (same-target); unarmed-slam; descending; fear-first."
"DqD7htz8Sd1dh3BT","Gorilla Stance","action","1","1","class","themed","stance","weapon","1","2525cc378fd74745d2186d433a6d550289b83fe1e7a0364b52061de8e3307612","packs/pf2e/feats/class/monk/level-1/gorilla-stance.json","low imposing knuckle-walking outline plants broad fists. Stance only; no gorilla slam."
"gx9QawjDOZSfSBlN","Goring Charge","action","2","9","ancestry","themed","charge","weapon","1","61002499f76c6d54e6d78dfa3770795e7b53cbcc7beba20a74341f183ff4bf86","packs/pf2e/feats/ancestry/minotaur/level-9/goring-charge.json","Goring Charge: sprint; 1 visible contact (same-target); horn; ram; bleed."
"JoFHG7NjJ6iUNnAY","Gossamer Blade","action","1","4","class","symbolic","elementTarget","force","1","35ee3ffb0032b89c8f54985564b292d9e322e4308db2c27c3b1069b10cac3c89","packs/pf2e/feats/archetype/veil-dancer/level-4/gossamer-blade.json","translucent weapon echo resonates through existing wound. After previous Strike, no new physical contact."
"rFaUJtB46scuAidY","Graceful Poise","action","1","16","class","themed","stance","weapon","1","29af62074c0421873b0a3c817e7c08ac32f03e4803576fd65ad3579a61994743","packs/pf2e/feats/class/fighter/level-16/graceful-poise.json","off-hand stinger angle balances paired weapon readiness. Improves later Double Slice; no immediate double Strike."
"gYcmow7HM8J3giwL","Grand Dance","action","2","8","class","themed","movement","wind","1","df2d19db6ab321402316e173f29f6ccb8db57a451b2d9e67b97e41f37a420ef3","packs/pf2e/feats/class/shared-class-feats/level-8/grand-dance.json","graceful air-walking dance echo follows sloping path. No attacks; must end supported."
"weYZzyMmlCIC2TZt","Grasping Reach","action","1","1","ancestry","themed","preparation","plant","1","e11c355f503a44f87f468211b18ab87465b1da890139a1efdc0a6f4c1d85c71d","packs/pf2e/feats/ancestry/leshy/level-1/grasping-reach.json","supporting vine tendrils extend two-handed weapon grip. Grip change only, no movement or attack."
"qcILhNRHqIbW3xRN","Grasping Spirits Spell","action","1","2","class","themed","preparation","spirit","1","b9c21e0c66c69baecaf101c8c1da9766f0ff9f8e9838b3e92421a87f6bcf3d12","packs/pf2e/feats/class/animist/level-2/grasping-spirits-spell.json","semi-physical apparition strands ready extended spell reach. Next spell then save-dependent pull, no grapple now."
"RPN5wXkXpP8ky3jo","Grave Threat","action","1","16","class","themed","strike","weapon","1","8b4393382598a20e892a5187bacf6e61c2e82b543d9a22c3121642cd8f89bb0e","packs/pf2e/feats/archetype/knight-reclaimant/grave-threat.json","Grave Threat: imposing approach; 1 visible contact (same-target); melee; single contact; undead-opening."
"KMbNfO3Ljg1vY3fH","Green Dash","action","1","9","ancestry","themed","movement","plant","1","d7aeb9e48a8bb1b345629ebd14b3fa8cd1600bc282d9d69f12a96731a3b5c2ae","packs/pf2e/feats/ancestry/leshy/level-9/green-dash.json","vegetation spirit burst pushes source stride echo. Movement type optional; not default flight."
"9EmJElnNVmXQ7Rzn","Greenwatch Veteran","free","","8","class","themed","focus","weapon","1","62f16f8946b0ada19dbd443753d77075e92d1c3e38cc8c5a8424163f980d28b2","packs/pf2e/feats/class/shared-class-feats/level-8/greenwatch-veteran.json","tracked enemy scan becomes brief allied hand-sign information lines. Recall Knowledge check, not shield."
"S6X3zFOCLVgRY2gd","Grief's Fury","reaction","","10","class","themed","resolve","blood","1","6629e87f53494cfe7670a41818a61e03125b8cda8c82ef38f6485c25dc03ffbb","packs/pf2e/feats/archetype/warrior-of-legend/griefs-fury.json","bonded-partner grief ignites aggressive source wellspring. Attack bonus/doomed cost; later temporary HP conditional."
"C3zKTQecexSbezhT","Grievous Blow","action","2","8","class","themed","unarmed","ward","1","c90f533dbcc9eeee0cfbebbd16e7884ec102c7f66a9367f38fd33e9a2e789823","packs/pf2e/feats/archetype/martial-artist/grievous-blow.json","Grievous Blow: focused force; 1 visible contact (same-target); unarmed; single contact; resistance-break."
"94PGauGdzrVARMLc","Grit and Tenacity","reaction","","8","class","symbolic","fortune","weapon","1","3b0105e4d95aa887aaeb42e37311d648bde7602a915337baf76badb887aebaaa","packs/pf2e/feats/class/gunslinger/level-8/grit-and-tenacity.json","stubborn bodily and mental brace reopens failed save circle. Reroll may fail; no healing or attack."
"gS9FYlD0Vt8yyZkP","Grovel","action","1","5","ancestry","symbolic","feint","mind","1","ede6b14b6d145d55fccdbca2bed5faef513693fbb799eea4b37fdf2ed648d2b6","packs/pf2e/feats/ancestry/kobold/level-5/grovel.json","low pleading source gesture misdirects distant foe attention. Ranged Feint, no direct damage."
"Rf8md5eIOxV2m4nJ","Grow Tool","action","3","9","ancestry","symbolic","produce","plant","1","366d3fa2fe896409ef683d9f3576ed7bc2db9cecf38369abf4fd3a464bc165a9","packs/pf2e/feats/ancestry/shared-ancestry-feats/level-9/grow-tool.json","flowers vines and wood sprout into hand-sized tool shape. Cannot create weapon; no attack."
"hRRxmIhRvg59RMqO","Growth Spell","action","1","10","class","themed","preparation","plant","1","36238377f43f910dc854dc5fe69e46f53fb35da79001bcb0b474158b967eccad","packs/pf2e/feats/archetype/elementalist/growth-spell.json","wooden growth tendrils extend next area-casting boundary. Next spell area only, no terrain now."
"ii7aCMN4WPQo3N3l","Grudge Strike","action","2","6","class","themed","strike","void","1","3c7f474e33006f66836ed7d2692677de432c2870447039bbdb1740b2ef6e5d8e","packs/pf2e/feats/class/animist/level-6/grudge-strike.json","Grudge Strike: grudge charge; 1 visible contact (same-target); melee; single contact; void-or-vitality."
"AHchBBO8lXCCuVxT","Grudging Compliment","reaction","","7","skill","symbolic","command","sonic","1","a9cfd30741db284c145dc6d652334dac0ade1d725fd345598faba3ce32158ceb","packs/pf2e/feats/archetype/celebrity/grudging-compliment.json","unexpected praise ribbon pulls foe gaze off surroundings. Diplomacy conditional, no damaging sonic effect."
"PEszRpnrcB7VPS9G","Gruesome Strike","action","1","12","class","themed","strike","weapon","1","fce52bc239a692e16916d8de1574441fb556491d4ccc0c9b32b147fb9cf078ad","packs/pf2e/feats/class/champion/level-12/gruesome-strike.json","Gruesome Strike: reaction follow up; 1 visible contact (same-target); melee-or-ranged; single contact; drain."
"etaixAdHNlHnLH0i","Guarded Advance","action","1","6","class","themed","movement","ward","1","c5be5f3533d1509a521fb89a442f76cf3679fd682f98b4788b3b4fc5aadf2ee3","packs/pf2e/feats/class/guardian/level-6/guarded-advance.json","raised shield covers two slow cautious step echoes. Any order; no attack or actual relocation."
"Nb8MUoTpyX9u8di4","Guarded Advance (Knight Vigilant)","action","1","12","class","themed","movement","ward","1","8447b3006d060026bfd6252bcde22a876eff6f7a7a7c7eb7550d951f994d9b41","packs/pf2e/feats/archetype/knight-vigilant/guarded-advance-knight-vigilant.json","one cautious step echo tucks behind raised shield plane. Single Step unlike Guardian two-step version."
"bbBUbigCqgxiIT4E","Guarded Mind","free","","6","class","symbolic","fortune","mind","1","b1bd3dc3a37f52d77b5de3ed3a990485704eeab645ba5f80bdf5cc8e819ce1a8","packs/pf2e/feats/archetype/ulfen-guard/guarded-mind.json","anathema-backed mental barrier opens second save path. Mental defense reroll, may still fail."
"31ozQ8lwNtiQi2N0","Guardian Ghosts","reaction","","8","class","themed","targetSupport","spirit","1","c6a669cf8882b21758939b1c747526f5d5d8daa2c4ae60b2d07cd56bb361d5cd","packs/pf2e/feats/archetype/undead-master/guardian-ghosts.json","incoming harm ribbon diverts from source to adjacent undead. Damage transfer, not outgoing attack or companion healing."
"cgHpgpUeZdMXyCY4","Guardian Lion Roar","action","2","8","class","symbolic","lineCue","sonic","1","0a419b2f7c5b0cd6a6e5976c858f7d5595be38eba6709d8a5f80bcab9cdd72a9","packs/pf2e/feats/class/inventor/level-8/guardian-lion-roar.json","innovation lion-maw focus emits compact sonic line. Innovation origin; unstable longer line optional."
"JdCRxwgtdQkJ1Ha6","Guardian's Deflection (Fighter)","reaction","","6","class","symbolic","targetSupport","weapon","1","83d6445cb530f03541f934a30316fa4bef1b4fc72dae76baad5b34071ae48896","packs/pf2e/feats/class/fighter/level-6/guardians-deflection-fighter.json","precise single-blade diagonal turns incoming ally attack aside. Ally defense, no enemy Strike."
"YJIzE2RhGRGfbt9j","Guardian's Deflection (Swashbuckler)","reaction","","4","class","symbolic","targetSupport","weapon","1","b080e5bec9085591062276eaa356fb672ae34d91221d138a11185462f18e2f66","packs/pf2e/feats/class/swashbuckler/level-4/guardians-deflection-swashbuckler.json","stylish wide blade flourish deflects ally threat into panache glint. Ally defense, distinct flourish; no outgoing hit."
"fJxIdcg7kWPwlULY","Guardian's Embrace","action","1","8","class","themed","guard","spirit","1","5263b0418a15eb176c5248c7d1896a07a34e61fefc2afecdd4080d7073f19f4f","packs/pf2e/feats/archetype/scions-of-domora/guardians-embrace.json","spirit-guide silhouette dissolves into close protective shroud. Later resistance reaction ends bonus; no actual guide destruction."
"Ek1CoyGKxsozDsaD","Guide the Timeline","action","1","6","class","symbolic","fortune","arcane","1","1fd14aa06321e7e667275319de3f7e154c45c503acc823f3b621121ead620949","packs/pf2e/feats/archetype/chronoskimmer/guide-the-timeline.json","subtle two-branch timeline favors ally or burdens foe. Enemy save conditional; no direct weapon damage."
"s1swBWSqtfrXTJHK","Guided by the Stars","free","","5","ancestry","symbolic","fortune","light","1","b94a987f27d17a2ee811c4dd27abbb3702b8c718ac6a6692efcfc2c53703702b","packs/pf2e/feats/ancestry/lizardfolk/level-5/guided-by-the-stars.json","star constellation opens two favorable skill paths. Double-roll only, no guaranteed success."
"DXf3HFtO4EfXBq1A","Guided Hover","reaction","","14","class","themed","flight","wind","1","756a5fbf4fbd949859d54aa5f61e7bc4ab23f5713de38431fe7dbfcd310bd09c","packs/pf2e/feats/archetype/drake-rider/guided-hover.json","mount wing underside fills with steady thermals. Mount hover only; no forward Fly."
"x7EGJYZQuxHbP50X","Guided Skill","action","1","6","class","themed","focus","spirit","1","977abc57b7b514d2a1ff8f702f078d694f9899d6054519d8e9a0912bce3cb188","packs/pf2e/feats/archetype/scions-of-domora/guided-skill.json","spirit-guide thread steadies four skill-ready focus marks. Skill support, not invisibility."
"9t6Kfk8Yw8WJYY8Z","Guiding Finish","action","1","14","class","themed","strike","weapon","1","fcf45832b30531ee0c7ac36f83453e89e8a517ebaf334a1d4ee82abf5b9da141","packs/pf2e/feats/class/fighter/level-14/guiding-finish.json","Guiding Finish: weapon lever; 1 visible contact (same-target); one-handed-melee; hook; reposition."
"3OHdjgDGn4yzMD9b","Guiding Shot","action","1","2","class","themed","ranged","weapon","1","555215e8f897a548c14621e85040236f500ec3aff5d822743338eeedc288b92e","packs/pf2e/feats/class/commander/level-2/guiding-shot.json","Guiding Shot: ally guide aim; 1 visible contact (same-target); ranged; projectile; ally-weakpoint."
"LmsjuqB3rrZTqqa6","Guiding Words","action","1","18","class","symbolic","targetSupport","light","1","c3eb019dcdea7256ca61573007eae6b32c650ccdcc22c69034abe82845cc7e5c","packs/pf2e/feats/archetype/mortal-herald/guiding-words.json","spoken divine guidance aligns ally weapon-ready attention. Future attack double-roll on skill success; no fired arrow."
"jwjtxZL6XpkO5lv9","Guillotine Blade","action","1","18","class","symbolic","preparation","shadow","1","cebea8626fdb73d76c3fc809e7559cf38baddc053066ae62d2bf7e8b32ebe546","packs/pf2e/feats/archetype/splinter-of-finality/guillotine-blade.json","spectral dagger edge deepens with finality resonance. Vorpal enhancement only; no beheading now."
"FbzbZc4LGUTcz9tA","Gunpowder Gauntlet","action","1","4","class","symbolic","performance","weapon","1","ab8773799f08a725d036c46f48819ec396af3851f3e9e3536bcdf996fcaa868b","packs/pf2e/feats/archetype/pistol-phenom/gunpowder-gauntlet.json","performative firearm brandish narrows foe attention tunnel. Performance aggro penalty, no gunshot."
"riQ8sn3Gpbr3LdtR","Gusting Spell","action","1","4","class","themed","preparation","wind","1","ae7a53e3fdec7ed9088ae56e192f12c74ff29ee8a23e6ceeabc17b245d3f2119","packs/pf2e/feats/archetype/winged-warrior/gusting-spell.json","air-current spell focus supports wing-ready glide marks. Next air/electricity spell then Fly, no current movement."
"Csvjt2GiDhzBwhkb","Haft Beatdown","action","3","10","class","themed","multiStrike","weapon","1","c68f24803b34c26ae8cd62f04b3ce550d057f43ceb3dd012c9e6495019591cab","packs/pf2e/feats/class/shared-class-feats/level-10/haft-beatdown.json","Haft Beatdown: rhythmic beatdown; 4 visible contacts (same-target); weapon-and-haft; alternating four; continuous-finish."
"pKNnFOuHBkJEvmS1","Haft Striker Stance","action","1","4","class","themed","stance","weapon","1","c7cf0a7b0884a61dba509565dd5a44fcba44db3bbf22b8ac12334bc6bc36c659","packs/pf2e/feats/class/shared-class-feats/level-4/haft-striker-stance.json","two-handed weapon rotates to present shorter haft-ready angle. Stance only; no immediate staff contact."
"IaV9Ao4twLNblaSq","Hail of Splinters","action","2","1","class","symbolic","splinterCone","plant","1","9901d027de6cab1a1ae49b33576c0be8c3d38cbba4d248781799c15519744488","packs/pf2e/feats/class/kineticist/level-1/hail-of-splinters.json","jagged wooden fusillade scatters through broad cone. Piercing/bleed cone, no stretched vines."
"ZbRVqf14RTJJIZXG","Halfling Luck","free","","1","ancestry","symbolic","fortune","light","1","392a4ed72ed44d4a536d86ef3eccc7833aeff01c552a320e6e6ea223d5c5cf42","packs/pf2e/feats/ancestry/halfling/level-1/halfling-luck.json","cheerful lucky shimmer reopens failed check path. Reroll may worse, no guarantee."
"IvedXsxIyl0odI8U","Hallowed Earth","action","1","6","class","themed","stance","vitality","1","72d9304a7cd355bf4398c5d8e1330d519e797a61015af11c63045340957a4a2e","packs/pf2e/feats/class/necromancer/level-6/hallowed-earth.json","sanctified ground glow forms quiet death-rest perimeter. Later enemy end-turn damage, no immediate target burst."
"SlwgsFXscR49tRio","Halyard Strike","action","2","10","class","themed","charge","weapon","1","60c634dfbdd3b41719a26441a79c5aff544b84fbd73317d02f6d7e8d1bd84abf","packs/pf2e/feats/class/shared-class-feats/level-10/halyard-strike.json","rope-supported swing arc carries one weapon contact. One Strike; no bolt despite grappling weapon possibility."
"CR9NcAIPTT4oWSEy","Hammer Quake","action","3","14","class","themed","heavyStrike","weapon","1","4f6261f9d04a4296c1bffb3679090150fa899a306c76c1de3779875a3ea745e1","packs/pf2e/feats/archetype/mauler/hammer-quake.json","Hammer Quake: ground windup; 1 visible contact (same-target); two-handed-melee; descending; area-trip, ground-shock."
"UKXaMhb9qlPYw1HD","Hampering Stance","action","1","2","class","themed","stance","weapon","1","37e2e773d995ea548501619349a73d6e45ec42b31a9cbabbb5aeb91285eb3eb1","packs/pf2e/feats/class/guardian/level-2/hampering-stance.json","close braced footwork blocks narrow enemy passage perimeter. No attack or magic damage."
"s2GbcUIXG1ZBurSd","Hamstringing Strike","action","1","8","class","themed","strike","weapon","1","d48b2007799f40888dec9b31b0eb121195ccc4ce353b1132c056ec5d77685bda","packs/pf2e/feats/class/ranger/level-8/hamstringing-strike.json","Hamstringing Strike: prey low aim; 1 visible contact (same-target); melee-or-ranged; low contact; bleed, slow."
"zxaE7C1NCGqZR8aU","Haphazard Repair","action","1","1","class","symbolic","craft","weapon","1","49678feb0a93706c86d794b5d110ee52fba8dad77ac6bfd28fedbd7dfdd067c4","packs/pf2e/feats/class/inventor/level-1/haphazard-repair.json","quick unstable tool sparks close innovation seams. Repair, not attack; no automatic success."
"KRfZcToCc5nvcQRa","Harbinger's Caw","reaction","","13","ancestry","symbolic","fortune","shadow","1","1ecc0c3f76487fd824ada0f9878cb8bae2ce2615bb9b691e3e2114562a1ea21f","packs/pf2e/feats/ancestry/tengu/level-13/harbingers-caw.json","ominous caw overlaps two unfavorable target roll paths. Enemy double-roll lower; no damage."
"REgTwIVgI3j1FQiJ","Harden Flesh","action","1","10","class","themed","guard","earth","1","c50e7b6773126b416a76f587abb09c949543a6e4cea35840d47eda660616cc21","packs/pf2e/feats/class/druid/level-10/harden-flesh.json","mineral grains rise from ground into skin defense layer. Physical resistance, not all damage immunity."
"cZa6br5C3Iyzqqi9","Hardwood Armor","action","1","1","class","themed","guard","plant","1","4e4e0486c8334059415cd63046d0174ec86b571982558f983df88e64f748e55f","packs/pf2e/feats/class/kineticist/level-1/hardwood-armor.json","bark plates grow around body and optional hand shield. Creation/armor only; no damage."
"21YWBdoXGmj60vdI","Harmonize","action","1","6","class","themed","preparation","sonic","1","dad739adacfa87cc15697688277d979eb88ea78e6a0e3688ac5d6746c35411aa","packs/pf2e/feats/class/bard/level-6/harmonize.json","two voice-like note tracks harmonize around next composition focus. Next composition coexistence, no immediate cast."
"GhzryNTSlTBW808n","Harness Natural Magic","free","","6","class","symbolic","absorb","arcane","1","c4bcbeb0de71e928099335737de141646a783297ad843a52dee04adaf160717a","packs/pf2e/feats/archetype/living-nexus/level-6/harness-natural-magic.json","faint ambient magic streams naturally into internal nexus. Overflow state, not perception or attack."
"ATsP9JCBnzkwVQbl","Harrow Casting","action","1","4","class","themed","preparation","arcane","1","b9471f6bd6bf94a4b5056048cc59e9a9721726753467ef86e15eb4b391f761f7","packs/pf2e/feats/archetype/harrower/harrow-casting.json","drawn harrow card opens one suit-specific casting motif. Suit chooses effect; future cast separate, not automatic healing."
"fCsIyglmpb7NYwiy","Harrying Strike","action","1","10","class","themed","strike","weapon","1","ab7e1522450de4b7337ddbab2c52977410776fcfbaaa81deb149c2b2fda7a2ae","packs/pf2e/feats/archetype/swordmaster/harrying-strike.json","Harrying Strike: pursuit block; 1 visible contact (same-target); melee; single contact; slow."
"37uOb0iaWCfTCvBZ","Harsh Judgement","action","1","4","class","themed","focus","fear","1","66b0e8ffab4be202d64e5be030a1a4b8a2e6ba6cf8b23a51a427be9955ffe962","packs/pf2e/feats/archetype/gray-gardener/harsh-judgement.json","Harsh Judgement: death verdict; no Strike now; none; target mark; condemned-focus."
"Rb3ndqSyDUa6KvOL","Hasty Celebration","reaction","","5","ancestry","themed","performance","sonic","1","f9d3b6ffe8e973be58159b259395246e49cd5c78afb9e9a2235e593434b594a7","packs/pf2e/feats/ancestry/tanuki/level-5/hasty-celebration.json","hasty singing-dancing celebration sends allied victory beats. Allied bonus/source off-guard; no repeated attack."
"OYrcbyaV3v8ycksj","Head of the Night Parade","action","3","20","class","themed","groundCreation","shadow","1","24cbfd0374d85d9ede435dbe2dbd97bbb678162c5aa1a84e63768d7a3c67650a","packs/pf2e/feats/class/bard/level-20/head-of-the-night-parade.json","three riotous apparition swarms gather as dancing parade. Three summon areas, not simple inspiration buff."
"agfosPInBLQXNQfa","Head Stomp","action","1","4","class","themed","unarmed","weapon","1","6eb35ae627466e03b956427c5999fdcf44ac3b47a49a3b621a770b34b5681126","packs/pf2e/feats/class/rogue/level-4/head-stomp.json","Head Stomp: high step; 1 visible contact (same-target); unarmed; descending; mental-stagger."
"Q4NiHmThMtk8razS","Headshot","action","2","14","class","themed","firearm","weapon","1","78c6282296b3605ec3c2712600db996547087072842661030e92e9aae1a05780","packs/pf2e/feats/class/gunslinger/level-14/headshot.json","Headshot: weakpoint aim; 1 visible contact (same-target); firearm-or-crossbow; projectile; precision."
"Ofk2WfHbj3nWRhJy","Healer's Halo","reaction","","5","ancestry","symbolic","restoration","healing","1","21039068e12e076616c6ae19a3a17a59411ad5b2031d87ed48c409b16203b178","packs/pf2e/feats/ancestry/versatile-heritages/nephilim/healers-halo.json","existing source halo amplifies recovering ally vitality flash. Additional healing only on original eligible recipients."
"LiBVd5hhn6GyoI5X","Healing Nexus","action","1","8","class","themed","restoration","healing","1","604382b0aaa0e4404a2a3ebeb3d8f9abdb72e90db4e4145bdd344622d0942d3f","packs/pf2e/feats/archetype/living-nexus/level-8/healing-nexus.json","absorbed nexus magic stitches small wound seams outward. Source healing, overflowing ends."
"85V3vdew0gykEtmu","Healing Transformation","action","1","10","class","themed","preparation","healing","1","71bc7b0c731b528bcda98b1764331514f8176098da92d8d81ad0603ef705ab25","packs/pf2e/feats/class/druid/level-10/healing-transformation.json","form-ready focus weaves restorative flesh threads. Next single-target polymorph only."
"bKc8MMFEOpOJJihb","Heat Wave","reaction","","5","ancestry","symbolic","concealment","fire","1","091795471142b705bbf44c551e623531ab630d32638d83687aee9f9d774037c9","packs/pf2e/feats/ancestry/versatile-heritages/naari/heat-wave.json","incoming fire reshapes into close heat-smoke screen. Defense concealment, no outgoing flame attack."
"4fbGUm8j4zzljOo6","Heaven's Step Offense","reaction","","4","class","themed","movement","weapon","1","db5600676351b710ef51e7426cad4ec095cf951874868c14f334cb9ed6f9059e","packs/pf2e/feats/archetype/kitharodian-actor/heavens-step-offense.json","mercy flourish precedes straight advance toward next enemy. Prior Strike becomes nonlethal; no additional attack now."
"qJdbK8vgIqeHU7bu","Heaven's Thunder","action","1","6","class","themed","preparation","electricity","1","0ae1b9ed8867a528246d84b00a8dfb00e1f24746d0fae072394f81d7952bc964","packs/pf2e/feats/archetype/jalmeri-heavenseeker/heavens-thunder.json","paired electric and sonic sheaths charge fists and monk weapons. Future strikes/grapples/ki blast, no current bind."
"m2Gz9y8VhGi0EpFC","Hedge Maze","action","3","12","class","themed","groundCreation","plant","1","ff5a2c59797f0b1a151f418a1fa84fc70e46e0d4f622e53074864ee6896ea4fd","packs/pf2e/feats/class/kineticist/level-12/hedge-maze.json","multiple hedge wall segments rise into remote maze perimeter. No caster movement; visual terrain only."
"BBvmmULFPLlHCeIK","Heightened Captivation","action","1","6","class","themed","preparation","mind","1","4db68b1ab8f638fbd0b91bee7500b3ecbd5f3440256e01d3f46d231fd1e2aaf9","packs/pf2e/feats/archetype/captivator/level-6/heightened-captivation.json","charm focus layers deepen around next illusion-ready ring. Next spell heightening, no target attack."
"mGGnDgk4wWpCMon8","Hell of 1,000,000 Needles","action","3","18","class","themed","groundCreation","metal","1","8fbd76afa5a6dbf6007079e29afe395b9f4351b005c36c5145e57e91860884bb","packs/pf2e/feats/class/kineticist/level-18/hell-of-1-000-000-needles.json","remote cube bristles with immense metal needle lattice. Later Sustain lightning separate; impalement save-dependent."
"jAQRg40crmZgPkDr","Hell-Lancer Shot","action","2","10","class","themed","firearm","weapon","1","46af1ebb3a373564d76587abacb793ad76b2404963c1ff54c7cabe86f2c821cb","packs/pf2e/feats/archetype/golden-legionnaire/level-10/hell-lancer-shot.json","Hell-Lancer Shot: fiend focus; 1 visible contact (same-target); firearm; projectile; heavy-contact."
"24LBBYT1op52Pm4J","Hellbreaker's Resolve","action","1","4","class","symbolic","resolve","light","1","de161d78ae07dd32a35a9b9697f4b4fc60e4c6522d6ad27c6f939ceace4e1213","packs/pf2e/feats/archetype/hellbreaker/level-4/hellbreakers-resolve.json","steadfast body-and-mind halo braces against infernal danger. Temporary HP/save bonus, not heal."
"qUSWPWxYF8gfhfHM","Helpful Tinkering","action","1","10","class","themed","craft","weapon","1","d7d411df099ae5a75e6a3f957ce6a1b31f77bbe16deaa006552081507342a4e6","packs/pf2e/feats/class/inventor/level-10/helpful-tinkering.json","fine tool sparks tune adjacent ally weapon edge. Success enhancement; critical failure harm not automatically shown."
"9tXGk4h9Bw3Wcnra","Helt's Spelldance","action","3","8","class","themed","performance","arcane","1","ab6e2a050359dd1019ca36614bad7fa79511e83da33087bf448a17726963f3e5","packs/pf2e/feats/class/shared-class-feats/level-8/helts-spelldance.json","ostentatious one-or-two stride dance conceals casting-ready focus. Selected spell optional/unknown; no fixed attack."
"AY3XRv2j0cZvHaks","Hematocritical","free","","10","class","themed","preparation","blood","1","ca010ee536ed9f4282fc5f27c7bba18997805fe6f2036fa83d963db705092c05","packs/pf2e/feats/archetype/bloodrager/hematocritical.json","enemy blood essence becomes fortune-ready casting sheen. Future spell fortune/misfortune; no repeat critical Strike."
"QpLRaBnuAiVRJOXG","Henge Gate","action","2","14","class","symbolic","groundCreation","earth","1","c1c1d813961013bc4948044c879a1529a931a99648abe5f776c164eea1f3dda0","packs/pf2e/feats/class/runesmith/level-14/henge-gate.json","two upright rune stones rise with overhead blazing gate script. Later physical ammunition traces rune; no immediate shot."
"P07YFQCp3hT3OgJE","Herald's Strike","action","2","20","class","themed","strike","spirit","1","8c4efb5f321496250489bb4add41a5190e87ded73244c6b6d8afadb15f335cbb","packs/pf2e/feats/archetype/mortal-herald/heralds-strike.json","Herald's Strike: herald transform; 1 visible contact (same-target); melee-or-unarmed; single contact; spirit-flash."
"5ELeiNtEDgXfBcwt","Herald's Weapon","action","1","14","class","themed","preparation","spirit","1","4dd9e3b8eb1d00b0d24c0bb86fb2e736607c3f96c2f9736b428c88dd001a4d59","packs/pf2e/feats/archetype/mortal-herald/heralds-weapon.json","pure spiritual energy wreaths held weapon silhouette. Weapon enhancement, no immediate target contact."
"5uzu5u5UFSfRRBSs","Heraldic Proclamation","action","1","16","class","themed","preparation","light","1","477b04858e8beac85ac4a18949ff05a09efa13bf5f8fb1afb5b46086f6a27f61","packs/pf2e/feats/archetype/mortal-herald/heraldic-proclamation.json","god-backed proclamation charges wide allied-and-foe casting rim. Next spell ally heal/enemy spirit damage, not now."
"81jVmGF9Uo9dp2dI","Heroic Defiance","reaction","","4","class","symbolic","resolve","light","1","1c472b0ed1b3c3c29f865f1494154cb778baf29ce3c30e8602967e73ca0a146a","packs/pf2e/feats/archetype/warrior-of-legend/heroic-defiance.json","doom shadows recoil from implacable inner spirit surge. Temporary HP/saves, no resurrection."
"iVwsLYjOJbfvL0Pe","Heroic Presence","action","1","17","ancestry","themed","command","mind","1","3810f9a7eb84f12dbab8379619bd1295dd4a94da0747fc21dd92465260f1a5f5","packs/pf2e/feats/ancestry/human/level-17/heroic-presence.json","heroic source bearing ignites willing ally resolve rings. Willing allies, not control/damage."
"KR78kinMmAZQHeoa","Heroic Recovery","action","1","10","class","themed","preparation","healing","1","bd1436390627a49166ec452218503d7cd72e0de9120cadbe82688afe4e77e6ca","packs/pf2e/feats/class/cleric/level-10/heroic-recovery.json","restorative focus adds movement-and-weapon invigorating spokes. Next healing spell and optional Stand separate."
"rVgEkpTLfbeOdzzw","Hey! Over Here!","reaction","","6","class","symbolic","targetSupport","sonic","1","09ff2fbbab422e0dc217843d658b10948a97b3a353535bda06386ce0f89e5ac9","packs/pf2e/feats/archetype/venture-gossip/hey-over-here.json","urgent distracting gossip ribbon overrides bad auditory focus. Improves saving degree; no sonic damage."
"Kl1O0WK37KMTumv1","Hidden Paragon","reaction","","20","class","themed","concealment","shadow","1","d474f1b61488edfd3ecb196c9ecbebaa9b031a2653e5b69ec547a12508e8aff5","packs/pf2e/feats/class/rogue/level-20/hidden-paragon.json","already hidden source outline dissolves into deep undetectable veil. Seek still possible; no teleport."
"Ilh66megcbP7ahMN","High Alert","action","1","6","class","symbolic","targetSupport","ward","1","ec27b908003c62872885a16acbabeca3152614f30e2037ced17d77abbb299b8f","packs/pf2e/feats/archetype/hellbreaker/level-6/high-alert.json","visual or spoken warning marks ally danger-facing edge. Conditional enemy type protection, no all-purpose heal."
"xDTjr415ZZM8x2WW","High-Speed Regeneration","free","","6","class","themed","restoration","healing","1","af6e877494aa4cb1aab5f3461c118a843b5b3ef987ff4396a9b2d9f12ae1dd83","packs/pf2e/feats/miscellaneous/deviant/high-speed-regeneration.json","wound seams knit through decisive bodily renewal pulse. Secret damage/material suppressor; no target hit."
"RGkuVy1EmCbKjLPj","Hindquarter Kick","action","1","6","class","themed","doubleStrike","arcane","1","2e41e10f0cf0a8d644894346a7e287eed43980e23790c6e7314408a60b846edb","packs/pf2e/feats/archetype/clawdancer/hindquarter-kick.json","Hindquarter Kick: stance turn; 2 visible contacts (same-target); talon; rotating pair; release-bind."
"T0LazeBYiLnUzQXC","History of Violence","action","2","14","class","themed","strike","void","1","a17be4075a72eefc458bcddc40dd39d9f0f9062f6397d963562fea4d698202c0","packs/pf2e/feats/archetype/apocalypse-rider/level-14/history-of-violence.json","History of Violence: victim echoes; 1 visible contact (same-target); melee-or-ranged; single contact; area-void, persistent."
"47ZB8mYBtBt1C7zh","Histrionic Injury","reaction","","5","ancestry","symbolic","performance","mind","1","9636267891e0c873f73f5ccd941c4963905908ca62443e62ca42ae27d583acde","packs/pf2e/feats/ancestry/poppet/level-5/histrionic-injury.json","startled theatrical source echo flails toward attacker attention. Attacker save-dependent stupefy, no mental damage."
"ug1uJSKxYmpJ1KNz","Hit and Run","action","2","6","class","themed","charge","weapon","1","33e6d88649426cca8563be8e1c2f682dfb784fdea5b9655132d09af98624f506","packs/pf2e/feats/archetype/guerrilla/level-6/hit-and-run.json","Hit and Run: hidden approach; 1 visible contact (same-target); melee-or-ranged; single contact; retreat-shadow."
"6LFBPpPPJjDq07fg","Hit the Dirt!","reaction","","1","class","themed","movement","weapon","1","83e1a7e8bf5c7588b903f9becf1ad13a7f05acea787288c3fb642525aae074d1","packs/pf2e/feats/class/gunslinger/level-1/hit-the-dirt.json","low evasive leap echo ends in groundward prone silhouette. Always lands prone; no upright recovery now."
"xmf6oUYarFJGajtr","Holy Light","action","2","10","class","symbolic","stance","light","1","3ebe1dca7bbb95b7ec783379e4b6bf84fef8f8b6aa58335c589720883e9c76fc","packs/pf2e/feats/class/shared-class-feats/level-10/holy-light.json","raised-arm prayer grows tall beacon cylinder around source. Light/dazzle save effect, no damage."
"roItUHUbBqhHfwJr","Homing Shot","action","1","14","class","themed","ranged","weapon","1","ab8fb10dd42c1ca1ce7d4e45b6769c64ccc7cc81b620e5282f03c331f9072e4e","packs/pf2e/feats/archetype/eldritch-archer/homing-shot.json","Homing Shot: impossible aim; 1 visible contact (same-target); bow-or-crossbow; homing projectile; curved-flight."
"GU3EQVOMjD9S2YWj","Hone Claws","action","1","9","ancestry","themed","preparation","weapon","1","5426f1b953299da74726e04fb4b608e36527404b1882ffe913629952d902ecff","packs/pf2e/feats/ancestry/lizardfolk/level-9/hone-claws.json","gnawing or grinding glints sharpen claw outline. Next successful claw Strike bleed, not immediate contact."
"7ntWAreQp3x4wPxT","Hop Up","free","","13","ancestry","symbolic","movement","wind","1","4cf14644212dbbfba3150f21f891ca1e367b8ba914bba8ab64f7e4de4bb9defb","packs/pf2e/feats/ancestry/tripkee/level-13/hop-up.json","frog-legged recovery echo springs from low to upright. Stand only, no attack."
"RkEvEqwc8pCBcusz","Hopping Stride","action","1","5","ancestry","themed","movement","shadow","1","860d414f51d00c659cf3f3ad2188fbb1ba263200c9fa9bfb5e908c643194ec00","packs/pf2e/feats/ancestry/versatile-heritages/dhampir/hopping-stride.json","low vampiric hopping echoes alternate along ground path. No jumping over creatures or real token move."
"dtPXuS8MiWrz5UNK","Hot Foot","action","1","8","class","symbolic","ranged","weapon","1","8ca2cec5467ad737f5230da1d0c7a287d43e8f8372e3030e50619a8458fed7f4","packs/pf2e/feats/archetype/pistol-phenom/hot-foot.json","careful firearm shot sparks ground beside foe feet. Reflex-directed debuff, no direct foe bullet damage."
"rb0GCneYEzBi2LGr","Howling Aspect","action","1","1","ancestry","themed","form","fire","1","9552d7d208c2b0338e5e8e5fb825b8a7ebc76e13be13c0408321760e47476ff8","packs/pf2e/feats/ancestry/yaksha/level-1/howling-aspect.json","vowed ire flares hair and ragged fang silhouette. Grants future attacks, no immediate fire bolt."
"j4PinERsGdcAnIET","Humble Spell","action","1","6","class","themed","preparation","shadow","1","5100549ed8d0b155097f6a5418ea0a7708ab60207708a77c41c7186841f806a0","packs/pf2e/feats/archetype/hedge-mage/level-6/humble-spell.json","minimal gestures keep casting focus dim and compact. Subtle next spell, no conspicuous explosion."
"6nB5ycSo4zshj22k","Hungry Blade","action","1","12","class","symbolic","preparation","spirit","1","970a9edab574fe43a054dc92ebc09d4f8aa7c402eed60a0236c177d5d282a365","packs/pf2e/feats/archetype/splinter-of-finality/hungry-blade.json","spectral dagger edge hums with tasted-soul resonance. Keen enhancement against prior target only."
"c3b7DhnDBC7YEgRG","Hunted Shot","action","1","1","class","themed","ranged","weapon","1","fbc052425fd16dc5b6877f022f60cd932c3bc1bae62e92960d9636bb73b224f5","packs/pf2e/feats/class/ranger/level-1/hunted-shot.json","Hunted Shot: prey focus; 2 visible contacts (same-target); ranged; rapid projectile pair; combined-finish."
"GFtNQvpzuqtsdOTG","Hunter's Aim","action","2","2","class","themed","ranged","weapon","1","73e1e717bd6c469d600bc34d772fddeaa262675d1c6e034a15ef84a79cc8a4a6","packs/pf2e/feats/class/ranger/level-2/hunters-aim.json","Hunter's Aim: prey focus; 1 visible contact (same-target); ranged; projectile; precision-glint."
"KYTSvAEqK7KAyVwi","Hunter's Defense","reaction","","1","ancestry","themed","focus","plant","1","133c10702b1f21ecd2f0df838a6659010c44a96ac430619e8b70eab39e3ed675","packs/pf2e/feats/ancestry/tripkee/level-1/hunters-defense.json","natural-creature knowledge projects evasive threat vectors. Nature DC defense, not weapon attack."
"Nf9awfRtyjzLaeXW","Hunting Snag","reaction","","10","class","themed","unarmed","weapon","1","79f888b6849771f001b59f30bd1c1874a66f674fef7731dffb28c4b3e6df68fe","packs/pf2e/feats/archetype/clawdancer/hunting-snag.json","Hunting Snag: predator counter; 1 visible contact (same-target); claw-or-talon; hook; stop-motion."
"9KvsO72JJ3pfkG4U","Hurling Charge","action","2","4","class","themed","ranged","weapon","1","2a42da5224a7a7f8d98493eb548202614a0300aeae3cf3f5bee9f4cad10f0d96","packs/pf2e/feats/archetype/viking/hurling-charge.json","Hurling Charge: throw then sprint; 1 visible contact (same-target); thrown; projectile; draw-next-weapon."
"iJrjzLnLJkvQgrbS","Hurricane Swing","reaction","","17","ancestry","symbolic","lineCue","wind","1","49b301c28b15654dd76e18f9b828429bb4944c81494b7faf2d0faa7400b2ba5f","packs/pf2e/feats/ancestry/tengu/level-17/hurricane-swing.json","previous slashing arc releases chosen wind or lightning line. Chosen innate spell required, no replay Strike."
"E17bF9oLgZ4Z3L8G","Hush","action","2","14","class","themed","strike","shadow","1","e05aee16ff90eb0b17ebd581296eaa3d4ecffb78bb63f2d9a6fcfdb4be317c48","packs/pf2e/feats/archetype/veil-dancer/level-14/hush.json","Hush: veiled teleport; 1 visible contact (same-target); melee-or-ranged; single contact; silence."
"kqRFoXfErUFEndIs","Hydraulic Deflection","action","1","1","ancestry","symbolic","guard","water","1","adfa378db3ee1fac226c0cff560e778e25ed2b9c8dc92ec0ae348eb441d3e69f","packs/pf2e/feats/ancestry/azarketi/level-1/hydraulic-deflection.json","small hovering water disc catches attack-facing edge. Defense only, no watery projectile."
"0jJ5FG72lydY3HHR","Hydraulic Maneuvers","action","1","13","ancestry","themed","preparation","water","1","8c610e932038242e1229f13942d9107a1c7a123bd5cc251e1a41edd3d5bba1bf","packs/pf2e/feats/ancestry/azarketi/level-13/hydraulic-maneuvers.json","Hydraulic Maneuvers: water gather; no Strike now; none; source wave; future-maneuver."
"BaSl8PmfQwESIiY6","Hypnotic Lure","action","2","5","ancestry","symbolic","gaze","mind","1","db6c7f9ff36f487fca0b0be13728ec281f51f080b7417a8daadc1df969b9dfd7","packs/pf2e/feats/ancestry/nagaji/level-5/hypnotic-lure.json","unblinking ocular focus draws slow attention ribbons inward. Target approaches next turn on failed save, no immediate pull."
"aVzkG1UhNjQr22pE","I Meant to do That","action","1","10","class","themed","shove","weapon","1","9e8848083792070620332efabdc71f996bae86bd2627429a5f45ead3c27ac1d3","packs/pf2e/feats/archetype/unexpected-sharpshooter/i-meant-to-do-that.json","I Meant to do That: stray shot aftermath; no Strike now; none; target ricochet; chosen-maneuver."
"PLix02TPp7VaClka","Idol Threat","action","1","13","ancestry","themed","dread","fear","1","c1b42a079a453ced26ba9daa5fefd95f6a1a996f6c67d35d8e11a524777e8f66","packs/pf2e/feats/ancestry/versatile-heritages/nephilim/idol-threat.json","Idol Threat: precious object threat; no Strike now; none; source display; fear, mental-stagger."
"zXsJuf8RjBlJ6nJv","Igneogenesis","action","2","4","class","themed","groundCreation","earth","1","877d38141f0ae3285f6c9350839ef804316ae8e065cd34c398dc1673e9d17515","packs/pf2e/feats/class/kineticist/level-4/igneogenesis.json","adjacent kinetic stone mass rises into simple sculpted block. No damage or unwilling underfoot creation."
"uKeUPPqV1cNnIy0h","Ignite the Sun","action","2","18","class","themed","groundCreation","fire","1","9a2a783f7ca25b1dd69f3f88f034fa85430fb5b5fb4c034401b5d37143d1125d","packs/pf2e/feats/class/kineticist/level-18/ignite-the-sun.json","small remote solar core blooms with bright steady corona. Later Sustain movement/growth separate; not flying fire bolt."
"lu9ehnCfjYMIi1pV","Iivlar's Deflection","reaction","","9","ancestry","symbolic","guard","ward","1","10483fd5542bcf8d8875663c9a9c6ad2ae89a88d44492c5f30772daa2dde566f","packs/pf2e/feats/ancestry/jotunborn/level-9/iivlars-deflection.json","skin-woven silk threads brace against grievous contact. Flat-check conditional critical reduction, no heal."
"EAoMrpAEH9VBcDHK","Ill Tide","reaction","","9","ancestry","symbolic","fortune","water","1","69ba5a875739b5e0e89ce6d45ede5415e661a856f5fe7cb28e6d1b7282ef232b","packs/pf2e/feats/ancestry/merfolk/level-9/ill-tide.json","unlucky tide ripple keeps target's failed fate circling. Future roll twice lower, no actual water damage."
"a5jZJPZO8RPQjqE7","Illimitable Finisher","action","1","20","class","themed","charge","weapon","1","64200c9c472907722693568fd24218b37108de635f166d4e6fd82a01bd07e5e9","packs/pf2e/feats/class/swashbuckler/level-20/illimitable-finisher.json","Illimitable Finisher: side step; 1 visible contact (same-target); melee-or-ranged; single contact; optional-second-finisher."
"hcwSO3qeYLQtRLBa","Imbue Spell","free","","16","class","symbolic","targetSupport","arcane","1","438bccc0f658eec8d1d801855e8a401e6bb9f79ceedba7dc319c6b236e3c5f8b","packs/pf2e/feats/archetype/wildspell/imbue-spell.json","completed spell energy folds into allied held reservoir. Ally releases later; no normal spell effects now."
"R8MaoG7CzHZmQYtM","Immovable Object","action","1","14","class","themed","stance","earth","1","1fcc8705be9ba7c896e880b535a524c7083467a84d319d97a33be31d9dce2899","packs/pf2e/feats/archetype/eternal-legend/immovable-object.json","wide planted feet anchor grounded resistance lines. Forced movement immunity, no wind dash."
"Qfn7lmOeXfBtpG4O","Impaling Finisher","action","1","4","class","themed","strike","weapon","1","5233a2993b667399d06755895d62b699f0b6b867974c054d2883f14621e8781d","packs/pf2e/feats/class/swashbuckler/level-4/impaling-finisher.json","Impaling Finisher: linear thrust; 2 visible contacts (aligned-targets); piercing-or-bludgeoning; line; one-through-contact."
"guSjEQS3WuXJqQxf","Impaling Thrust","action","2","14","class","themed","bindStrike","weapon","1","754ad6c47d14e0cd42d34cdb94ef7959799ae4c7d99fc38edc74e579e9e04cbf","packs/pf2e/feats/class/barbarian/level-14/impaling-thrust.json","Impaling Thrust: impale; 1 visible contact (same-target); piercing-melee; thrust; grapple-bind, bleed."
"YeyOqNFKaeuOTiJr","Impassable Wall Stance","action","1","8","class","themed","stance","weapon","1","42df9e20b4d28a895438ab44bfc0d5fe579a5614f8334395f588734cc9430252","packs/pf2e/feats/class/shared-class-feats/level-8/impassable-wall-stance.json","blocking guard silhouette closes narrow passage angles. Future critical Reactive Strike move disruption separate."
"KdKkLGcUYOpI0deP","Impenetrable Fog","action","3","8","class","themed","concealment","water","1","f167de726bca31acac717a5203dc6d49f6c03c850b4d31242cfd709ad51e8a63","packs/pf2e/feats/class/kineticist/level-8/impenetrable-fog.json","Impenetrable Fog: fog condense; no Strike now; none; target burst; dense-fog."
"iHGhQK8A4xsfaV8t","Imperious Aura","free","","16","class","symbolic","stance","arcane","1","1eaebba72f1daf1ad8ef309d9bdab5d10afb92cc0a04d76d790c934971515d12","packs/pf2e/feats/class/kineticist/level-16/imperious-aura.json","majestic kinetic glow prepares chosen aura stance. Specific stance choice unknown; no immediate damage."
"fLrwddS607eRFfHA","Implausible Infiltration","action","2","18","class","themed","movement","shadow","1","0a40d76deaba6cad589e33ce89bc0dffec91ad50f17fc65c217746eed8cd2ccd","packs/pf2e/feats/class/rogue/level-18/implausible-infiltration.json","source outline narrows through tiny wall-seam echo. Surface/material limits; no universal teleport."
"72qOqbwShnT2Apaw","Implement's Assault","action","3","18","class","themed","whirlwindStrike","weapon","1","1dccd0322091cb7649ab70458b704137de71d0ad3ab10380ea5d513b78419ebc","packs/pf2e/feats/class/thaumaturge/level-18/implements-assault.json","Implement's Assault: implement charge; one contact per selected target; ranged-or-flying-melee; fan; return-weapon."
"DIjpbE2dh5MRGiYO","Impose Order","reaction","","13","ancestry","symbolic","fortune","arcane","1","0edd8b634a98ecf304c3637aa640b691630f02397bb4b161e4d414928e12ac5c","packs/pf2e/feats/ancestry/versatile-heritages/nephilim/impose-order.json","ordered reality grid straightens chaotic failed check path. Fixed skill result or cancels misfortune, not reroll."
"VC8qdcCxtzCmG98M","Impose Order (Psychic)","action","1","10","class","themed","resolve","mind","1","642f1d8156acc42b677f3dfd0934117f6e06a67cb7e212196d5502c12ec1edd8","packs/pf2e/feats/class/psychic/level-10/impose-order-psychic.json","disciplined psychic rings align into evenly measured damage focus. Averages future damage dice, no sonic inspiration."
"OqHfUQQorVBkx34j","Impossible Flurry","action","3","18","class","symbolic","multiStrike","weapon","1","ddc470f911a861ac97956654104d0d0d1146e04387f1ba51dda809b5511b64bd","packs/pf2e/feats/class/ranger/level-18/impossible-flurry.json","paired weapon arcs alternate through six discernible contact beats. Six Strikes, not generic two-hit utility."
"srWsvDDdz77yieY1","Impossible Technique","reaction","","20","class","symbolic","fortune","wind","1","9d5cac5fe1a4608c1e8a321b6f956f50fced352cb6a3c2206e5265dad9652936","packs/pf2e/feats/class/monk/level-20/impossible-technique.json","impossible defensive echo splits enemy hit from failed-save path. Attack lower reroll or save higher reroll, no guaranteed evade."
"NY2AkQscVIHEC8hQ","Impossible Volley","action","3","18","class","themed","ranged","weapon","1","407f0d1ce1039daa0e4f917cf0ff3af58679c77227677c58cfecc94139f81e6e","packs/pf2e/feats/class/shared-class-feats/level-18/impossible-volley.json","Impossible Volley: volley aim; one contact per selected target; ranged; fan; area-arrivals."
"QO8l5Dao8HnaFQE4","Impressive Landing","reaction","","10","class","themed","elementAura","earth","1","bfd9dd04d1cfcf8678e70de41ff5864a10c7c8bc30b6b74a0a2a9cd0bafa62fa","packs/pf2e/feats/class/barbarian/level-10/impressive-landing.json","downward landing echo shatters small ground ring outward. Ground debris damage and terrain, not target magic burst."
"GPIKvj8K2yk2eVOC","Imprison Foe","action","1","18","class","themed","bind","teleport","1","52112fb795825e6febd5f8347bfe60583e4af47efaf9d40d16ec2fdf41230aa8","packs/pf2e/feats/archetype/archfiend/level-18/imprison-foe.json","prior damaged foe is framed by closing extradimensional cell. Save-dependent prison; no caster teleport or actual actor removal."
"H6SL2F11nlMfqCQC","Improvise Admixture","action","1","2","class","themed","craft","arcane","1","138b74b5b0ec63d55cc142a54e638ba1b17aef330bd85e9c6928ecd95565de19","packs/pf2e/feats/class/alchemist/level-2/improvise-admixture.json","scrounged reagent motes mix into small vial-ready swirls. Crafting outcome, not flight from on-the-fly wording."
"XbMfMJq2sCQHdo1w","Improvise Strategy","action","1","7","skill","symbolic","command","mind","1","07b1ef1b4825b17c5926705f741c11af98fc9d3c5f5034ead9d26faf690891b0","packs/pf2e/feats/skill/level-7/improvise-strategy.json","unpredictable tactical lines distract enemy attention. Check/condition selection; no mind damage."
"xT593tHyPkumPuzz","Improvised Repair","action","3","3","general","themed","craft","weapon","1","0cc0bc2f019b4d329319e0c289f56938913f30a977e8ad5207b6adaa4d4a9329","packs/pf2e/feats/general/level-3/improvised-repair.json","rough improvised seams patch broken equipment outline. Restores no HP; not healing magic."
"1RQLf09kpOO6ljmb","In Lightning, Life","action","1","4","class","themed","targetSupport","electricity","1","971441f6291c49e4cfd6397efb62416ca31e5c18d4e063a962672a837ddafbd2","packs/pf2e/feats/archetype/lepidstadt-surgeon/in-lightning-life.json","small toolkit-coil arc gently jolts adjacent ally vitality edge. Temporary HP, not damage or caster ward."
"E7dvSRTr9s2q8TKe","In the Horde's Grip","action","1","14","class","themed","bind","shadow","1","26971db6bec0827529e554f2f8b2f438d8b7caa3a44713f36b36d74b86cc1dff","packs/pf2e/feats/archetype/necrologist/level-14/in-the-hordes-grip.json","horde claws mob target then clutch surrounding grip bands. Horde origin; grab/restrain save-dependent, not inspiration."
"6FCWkhOo9NqfLKqV","In Tune","action","1","4","class","themed","preparation","sonic","1","3cdd1e47aae06c5c5c5a6c0c848dc139bea091cf12837ecb33cded2623657a63","packs/pf2e/feats/class/bard/level-4/in-tune.json","composition focus routes rhythmic area center toward willing ally. Next composition origin change only."
"LRSTjjBNNlD0XZX8","Incorporeal Shot","action","1","16","class","themed","ranged","spirit","1","04ed9c1cb261eafc266bfbc8396338899d5d4b80f251c611ae7e217b9bd8b805","packs/pf2e/feats/archetype/eldritch-archer/incorporeal-shot.json","Incorporeal Shot: phase aim; 1 visible contact (same-target); bow-or-crossbow; ghost projectile; phase-shimmer."
"DGO6kyjw2bQG7dbY","Incredible Aim","action","2","8","class","themed","ranged","weapon","1","1b6533229fdb39c071d2f34148d517122212e9f69bfe6dcd1111361dd807ff9f","packs/pf2e/feats/class/fighter/level-8/incredible-aim.json","Incredible Aim: steady aim; 1 visible contact (same-target); ranged; projectile; precision-glint."
"lHcDb9oXUdFupRdi","Incredible Improvisation","free","","9","ancestry","symbolic","focus","mind","1","88b982baba497817647f802d1588506ac97c3e6f74c6d4e0664d040a2e1176fe","packs/pf2e/feats/ancestry/human/level-9/incredible-improvisation.json","sudden brilliant skill glint resolves unfamiliar diagram. Skill bonus, no mastery promise."
"2l15VfVHMw3ttgJ3","Incredible Recollection","action","1","14","class","symbolic","focus","mind","1","859988036a5e905beb4014a6dd1ae99e7219ffb51503a34a157b11496ce955ea","packs/pf2e/feats/archetype/eldritch-researcher/incredible-recollection.json","five rapid but readable memory scan panels unfold. Knowledge checks, no attacks."
"fCDC53WOOYrsyVIR","Incredible Ricochet","action","1","12","class","themed","ranged","weapon","1","1b0e6d12573a2d8dc30f04ffd7e46edecb3b9f00d2182bc7e46764f1f765c674","packs/pf2e/feats/class/fighter/level-12/incredible-ricochet.json","Incredible Ricochet: follow up aim; 1 visible contact (same-target); ranged; ricochet; obstacle-bounce."
"lEtQVtPtoJtHVgGx","Incredible Sprint","action","2","13","ancestry","themed","movement","wind","1","f1f37831fad67b0a912af6518c303fe9c047cd6e0a042cb694c59320c2698ceb","packs/pf2e/feats/ancestry/centaur/level-13/incredible-sprint.json","Incredible Sprint: triple sprint; no Strike now; none; source afterimage; speed."
"pBm5vej9divuL6dG","Incriminating Spell","action","1","4","class","themed","preparation","mind","1","412a4c6e727dbc78e2de281130abba0696863bc914af5c8924c069df6c2ecf3f","packs/pf2e/feats/class/wizard/level-4/incriminating-spell.json","mental casting signature bends toward framed other source. Next spell false attribution, no current mind attack."
"XrvIHz2bkgdpJ8rI","Indomitable Shot","action","2","16","class","symbolic","throughShot","weapon","1","648116dbc61974cf2fbd71f99e4e3882916c460317569c98b252a26bb86c02ac","packs/pf2e/feats/archetype/warshard-warrior/indomitable-shot.json","single physical warshard shot penetrates sequential aligned foes. One continuous physical line, not caster fan-out."
"v84501yLBubHlGPz","Indomitable Spirit","action","1","17","ancestry","themed","targetSupport","spirit","1","86d08b52f0d20327241be7a2cd0c1966f3cc77ad192f20e549449972dfdb820c","packs/pf2e/feats/miscellaneous/reincarnated/indomitable-spirit.json","accumulated soul quintessence envelops adjacent friendly outlines. AC/quickened support, no immediate Stride/Strike."
"ZPWYsJgSPbGkCICA","Induce Imbalance","action","2","14","class","themed","unarmed","weapon","1","a0f2be04ce2f41cec36551424ca82bf2b234edf0c4b27e6ed63bfc2015c328eb","packs/pf2e/feats/archetype/five-breath-vanguard/induce-imbalance.json","Induce Imbalance: elemental pressure point; 1 visible contact (same-target); elemental-unarmed; narrow jab; imbalance."
"dbqpcMp7RwYzT4Ec","Infernal Interference","action","2","16","class","themed","doubleStrike","weapon","1","201390ddefbe10a786197cfcf4af76a4cc7332fae3c79cf70b1ad66c18181f98","packs/pf2e/feats/archetype/hellknight/level-16/infernal-interference.json","Infernal Interference: infernal charge; 2 visible contacts (same-target); favored-melee; opposing pair; hell-vision, reaction-lock."
"8GJOPesRzytyouAU","Infiltration Assassination","action","2","10","class","themed","mixedStrike","weapon","1","dc69292643e3290d5f0797bdbe4fd0d1bdcbc8edc2904557561e8ce3d12af7c1","packs/pf2e/feats/archetype/crossbow-infiltrator/level-10/infiltration-assassination.json","Infiltration Assassination: gauntlet grapple; 2 visible contacts (same-target); gauntlet-and-bow; mixed pair; bind, poison-option."
"HRg8cnxy0uiJ1pqE","Infiltrator's Blitz","action","3","16","class","themed","charge","weapon","1","bceed8ac9b953e0d73261b11bad6fc38e05559141c6d888317729ef5a6d3297c","packs/pf2e/feats/archetype/crossbow-infiltrator/level-6/infiltrators-blitz.json","Infiltrator's Blitz: escape sprint; 3 visible contacts (same-or-different-targets); familiar-weapon; running three; reload."
"2RwRguv3J0CbzjNg","Infiltrator's Reload","action","1","6","class","themed","preparation","weapon","1","b42a1b0d37c9e4c2641e82de701223809a9c0dd77a5c028a8dfb4046096e6f97","packs/pf2e/feats/archetype/crossbow-infiltrator/level-6/infiltrators-reload.json","quiet loading glint precedes coverward fading silhouette. Hide/Sneak/Cover choice; no shot."
"fklx5lSy6ZEI3sID","Infinite Expanse of Bluest Heaven","action","3","18","class","themed","groundCreation","mind","1","a3877b0a933d0dfc5352be521336622dc65f04de30ae1d18f8aa08b7da7c339b","packs/pf2e/feats/class/kineticist/level-18/infinite-expanse-of-bluest-heaven.json","remote sky-blue illusion opens bottomless falling depth. Illusory disorientation, no wind damage or actual falling."
"nUKEfj7fI91JwO3o","Infuse Void","action","1","8","class","themed","preparation","void","1","78140c3b278c894d2fa3540002e6d64541b2c9bec249f99c7184fd5370792397","packs/pf2e/feats/class/necromancer/level-8/infuse-void.json","dark grave energy threads into next casting focus. Future damage/focus conditional, no immediate void hit."
"DaRfJsWAivah3a07","Infused with Belkzen's Might","action","1","6","class","themed","preparation","spirit","1","f717b6492dbfa7daa7db567411d084aa508019a03463a25ae2c48dfb73d7021f","packs/pf2e/feats/archetype/tattooed-historian/infused-with-belkzens-might.json","orc-conquest tattoo echo channels spiritual weapon sheath. Enhancement only, no current target contact."
"FrHsGqUvq6GrugC4","Inhale, Exhale!","action","1","5","ancestry","symbolic","preparation","wind","1","2689115fac505fcd8b59395beb93a6860610d7c3d7cab7b45f8293a5ff971e75","packs/pf2e/feats/ancestry/dragonet/level-5/inhale-exhale.json","especially deep chest inhale expands breath-ready outline. Next Dragonet Breath cone/line, not actual breath now."
"m2A7S4BjZg94WPyr","Inked Panoply","reaction","","4","class","themed","guard","spirit","1","e4e18df09776682df0167a2726581fff2b768ade79f29dbfd057a747786e2d72","packs/pf2e/feats/archetype/tattooed-historian/inked-panoply.json","tattoo lines animate into spectral shield-bearer silhouette. Defense only, not summon actor."
"OY1Ewg0dbCp52Hl5","Inner Strength","action","1","6","class","symbolic","resolve","blood","1","27c56e044525db71d2a093e1d813bfd9b916ae049a26f4a167929bd08a08843d","packs/pf2e/feats/class/barbarian/level-6/inner-strength.json","gathered rage tightens muscles against enfeebling constraint. Reduce enfeebled only, no HP heal or attack."
"2NWPxJ23ncTmqP6A","Inscribed Blast","reaction","","5","ancestry","themed","elementTarget","force","1","62dc95ede72f0e49e1aa5e70d67da55aba3ae76f826cf63ada753b974e14304b","packs/pf2e/feats/ancestry/automaton/level-5/inscribed-blast.json","body-inscribed rune fades while adjacent offender receives force flash. Adjacent triggering target; no ranged missile."
"bvOsJNeI0ewvQsFa","Inspiring Marshal Stance","action","1","4","class","themed","stance","light","1","f53fe6541455b9bd963a9cf0830c054176e81bd4b1397fe9c89d25b3639d72ff","packs/pf2e/feats/archetype/marshal/inspiring-marshal-stance.json","poised dedication halo opens steady allied resolve perimeter. Entry check conditional; not attack."
"c2UuV5n5leFx9vlU","Inspiring Recitation","action","1","4","class","themed","resolve","mind","1","5055345da6f20d2e945c00afad342086c3b3d4e0c961d22e73e2289c77b07451","packs/pf2e/feats/archetype/lion-blade/inspiring-recitation.json","quiet coded phrase lines settle into single mission focus. Self skill boost, not universal allied inspiration."
"AbsqV1P8OAhChcRl","Inspiring Resilience","reaction","","4","class","themed","command","ward","1","72f202de1a5c02b5b8a7795afeb25d12569f3c6e7f7cf335d617e6451557f37a","packs/pf2e/feats/class/shared-class-feats/level-4/inspiring-resilience.json","source defiance ripple bolsters allied mental defenses. Fear/mental save defense, not inflicting fear."
"5iHB5ZFJ25XrZHye","Inspirit Hazard","reaction","","13","ancestry","symbolic","rune","spirit","1","2ceb4c6f42dfd00fda904b90c0552e56220460bf88cdbee16b16c097dbfc3dac","packs/pf2e/feats/ancestry/catfolk/level-13/inspirit-hazard.json","disabled hazard mechanism receives small creation-spirit glow. Later rearm reaction separate; no trap attack now."
"FWAiNuqFQiCgJrWj","Instant Army","action","1","20","class","symbolic","groundCreation","shadow","1","b6ae7dbe6816239ac64d02fec1db4fae0c12164f67194e4f691d165df1c9da86","packs/pf2e/feats/class/necromancer/level-20/instant-army.json","many small necromantic spawn glints distribute across selected spaces. Creation only; no immediate thrall attacks."
"dC14a0DZqDBA9B8g","Instant Backup","reaction","","4","class","symbolic","preparation","weapon","1","506a169265727b347d3d1a56cb1ebe2cf31c744e715a0606ea76985956affb99","packs/pf2e/feats/class/gunslinger/level-4/instant-backup.json","misfired weapon echo drops while alternate weapon glint rises. Weapon swap, no second shot."
"9zH7IOsmhRBEqXAV","Instant Opening","action","1","14","class","symbolic","feint","mind","1","2bc7406175dab6f4a0c8f25cc7de43004fc8ac0b0a1577f12a54b4192c332f47","packs/pf2e/feats/class/rogue/level-14/instant-opening.json","rude gesture or choice words expose single foe opening angle. Off-guard only, no damage."
"mDczSj3GolIbkhGJ","Instant Return","reaction","","16","class","themed","firearm","weapon","1","a2eff729047aa3cf8184cb6d797d98d2168957f3d8759aa7e9b82e2f137b2a45","packs/pf2e/feats/class/gunslinger/level-16/instant-return.json","Instant Return: catch reload; 1 visible contact (same-target); firearm-or-crossbow; return projectile; caught-ammunition."
"rm8NgrdZNjqpGlC1","Instigate Psychic Duel","action","3","12","class","symbolic","bind","mind","1","d0cace3fa97e82ffeac0a7f01a9b32e8efe9b806f89510f788c4ac9ed966365a","packs/pf2e/feats/archetype/psychic-duelist/instigate-psychic-duel.json","paired source-target psychic centers open shared illusory duel frame. Save-dependent duel, no immediate mind blast."
"jatfexNkXaTs9s5Q","Instinctive Obfuscation","reaction","","13","ancestry","symbolic","concealment","mind","1","d3506ae670eeb0c308a1119b8b1291e3403711159839c801b3ef32df2aa1fd28","packs/pf2e/feats/ancestry/gnome/level-13/instinctive-obfuscation.json","one illusory double briefly overlaps source silhouette. Double may intercept, no teleport or attack."
"buRSqam06r9jFAbB","Instinctive Support","free","","6","class","symbolic","command","plant","1","c51af8279e24d29c175eba86d3b141eaa110142f4db20847bd82a015a8a8aa48","packs/pf2e/feats/class/druid/level-6/instinctive-support.json","post-spell companion bond sends supporting attention loop. Actions/support grant, no extra companion Strike."
"EEPefggvOCFHApGD","Instinctual Creation","free","","14","class","symbolic","groundCreation","shadow","1","521670261dee4e76dc4191d96f2fc5d420f7e6b54ac8e80b27d04af200e5777f","packs/pf2e/feats/class/necromancer/level-14/instinctual-creation.json","two adjacent necromantic outlines appear on initiative beat. Creation only, not magical attacks."
"6TlBZSPr18Y8WiNk","Instructive Strike","action","1","4","class","themed","strike","weapon","1","8af901c69e87bf4554431395bc4c86da44c82bb4c45d23952dcdcb6fb2abb204","packs/pf2e/feats/class/thaumaturge/level-4/instructive-strike.json","Instructive Strike: study contact; 1 visible contact (same-target); melee-or-ranged; single contact; knowledge."
"qOGD3K8VlQAAjsWy","Intensified Element Stance","action","1","6","class","themed","stance","arcane","1","40eb98331edbe8f73b8723a7f668bf04cb841ce6e48ad9ea696450710e9e095a","packs/pf2e/feats/class/shared-class-feats/level-6/intensified-element-stance.json","consumed elemental medicine brightens matching offense-ready body glow. Element chosen from medicine; future conditional damage."
"uJgATfMW3kumS6Y0","Intensify Investiture","free","","12","class","symbolic","preparation","arcane","1","75c037fad0fa215cb98e8c74dfc06c9627f4738ae4c58f06d495b50db625fc2e","packs/pf2e/feats/class/thaumaturge/level-12/intensify-investiture.json","invested item bond receives stronger focused inner filament. Next item activation only."
"aWHOcGLA7AhX4xpm","Interfering Surge","reaction","","12","class","symbolic","counteract","arcane","1","5bb296803b6fa5484729c5a65d3c76c3b8a7f851d7bf707157e366dca6e35c05","packs/pf2e/feats/archetype/wellspring-mage/interfering-surge.json","overcharging magic strains enemy casting focus into unstable knot. Counteract conditional; surge origin depends result."
"VB1UK3KA5uZcxC05","Internal Dialogue","reaction","","14","class","symbolic","fortune","mind","1","48f2c976797cfda669cf8ba3baae4ca523597019dd518083b3c42344e44394e0","packs/pf2e/feats/archetype/heroic-scion/internal-dialogue.json","past-self whispers reopen failed skill diagram. Incarnation Lore substitution, no reroll guaranteed success."
"wnV0H8GB0FlpdCGo","Interpose","action","2","4","class","themed","charge","weapon","1","f638fce94221b9a08dc37d48b719125ccb7cb2b847031fc0de01dfa38b793d7f","packs/pf2e/feats/archetype/eagle-knight/interpose.json","Interpose: ally intercept; 1 visible contact (same-target); melee; counter thrust; ally-guard."
"uFxUj8OgX04w5MXp","Interrogate","action","1","6","class","symbolic","command","mind","1","ca784e28e4b24642629f8a5374c4a700eca38f8442552326f56ee7f9feb9a5e5","packs/pf2e/feats/archetype/vindicator/interrogate.json","sharp question line pins conversing foe attention. Intimidation conditional; answers may be false."
"MjPqgBQU9W4kelfz","Interrupt Charge","reaction","","8","class","symbolic","bind","weapon","1","4516dc779463d8cdb18686d1e51e649971285af7ef8126e60c5297d8ffc3fea7","packs/pf2e/feats/archetype/knight-vigilant/interrupt-charge.json","free-hand snag catches departing foe motion line. Movement disruption/slow check-dependent; no Strike."
"tgSDzfcsNly0EYRl","Interstitial Escape","reaction","","10","class","themed","teleport","teleport","1","62a13c5487688b161df1cdb3427bb41ccb3994f00e7293381967188bb5201ece","packs/pf2e/feats/archetype/veil-dancer/level-10/interstitial-escape.json","defensive blink slips between incoming contact lines. No actual token move; resistance, not universal miss."
"bjNeSAldeTzRcEaQ","Interweave Dispel","action","1","14","class","themed","preparation","arcane","1","6c4df668b099236e7b87bf058adc17e1bc0d9bdb63af3fcea1529d554ef8e983","packs/pf2e/feats/class/sorcerer/level-14/interweave-dispel.json","dispelling thread weaves into next single-target casting focus. Future on-hit/fail Dispel Magic optional; no damage now."
"SQM1Rrqihn1IoJJD","Intimidating Spell","action","1","6","class","themed","preparation","fear","1","14aba2d160a2edc793fbecacfcbe4d5b52445476dd936a66c1bfa41a9645dce9","packs/pf2e/feats/archetype/war-mage/intimidating-spell.json","large-scale casting focus gathers threatening jagged rim. Next area damage spell adds fear conditionally."
"lkcM4V3VDAtjlR9P","Intimidating Strike","action","2","2","class","signature","fearStrike","fear","1","fe00cfe10ebfaaf947a2dfe3929d2e3cbbbba31bdb697b0016923c926dc1d9e1","packs/pf2e/feats/class/shared-class-feats/level-2/intimidating-strike.json","Intimidating Strike: confidence break; 1 visible contact (same-target); melee; single contact; fear."
"QcyaUiea6fp8c17U","Into the Fray","action","2","8","class","themed","doubleStrike","ward","1","ff01eda2eed47477ee9fce65439a395dce06c953fcd39cf7e3cd384ea9e65894","packs/pf2e/feats/archetype/viking/into-the-fray.json","Into the Fray: shield charge; 2 visible contacts (different-targets); weapon-and-shield; mixed pair; shield."
"wuMa6iJyZ83LYJXH","Into the Future","action","1","10","class","themed","preparation","arcane","1","81f523d466aec2f6c5a4a16fc5f7fb5455b03292dbe8302d7f17c64a6e9a2616","packs/pf2e/feats/archetype/time-mage/into-the-future.json","ready spell focus suspends between offset time rings. Next spell delayed one round; no immediate attack."
"MwjnRpVn3br88Caj","Intuitive Illusions","free","","5","ancestry","symbolic","focus","mind","1","eebe579244dd4fa2ebf00cb18acad2bfa19af003662e314674af24b02a659df6","packs/pf2e/feats/ancestry/gnome/level-5/intuitive-illusions.json","existing illusory shimmer receives effortless sustain beat. Sustain only; no new illusion."
"0bFXHrLuMKcuz9DD","Invented Vulnerability","action","1","6","class","symbolic","command","mind","1","fa0dafbe06cae598675e5f25db395b9a65a6ee71b05edcc9c4364b704262be33","packs/pf2e/feats/archetype/field-propagandist/level-6/invented-vulnerability.json","confident weak-point story sketches target physical fracture marks. Deception-dependent weakness, no damage."
"SrSYEHqOLXWuj65e","Inventive Offensive","action","3","1","ancestry","themed","craft","weapon","1","3c7a79e0a5bf6ee8fcf58a28550920051f6b5ac9277286d05f29b694c33850a5","packs/pf2e/feats/ancestry/gnome/level-1/inventive-offensive.json","Inventive Offensive: weapon jury rig; no Strike now; none; source glint; future-weapon-trait."
"23QgyEYjoslBvkra","Invigorating Breath","action","1","10","class","themed","restoration","arcane","1","f2b28a27bc6545f18118d2c8c5fd2bbafc8301dbb9a264fb960c53b857409a2a","packs/pf2e/feats/archetype/scions-of-domora/invigorating-breath.json","Invigorating Breath: spirit breath; no Strike now; none; source wave; temporary-hp."
"mMboqxWsQmwUTQ6m","Invigorating Surge","action","1","14","class","themed","targetSupport","arcane","1","f61126861670c2457c59c6cd36aea0925c9d25b30fb5bb3a9bfce055327eb67d","packs/pf2e/feats/archetype/wildspell/invigorating-surge.json","existing spellsurge energy forms ally buffer shell. Temporary HP, not healing or source-only shield."
"2zxF682cNhgLMu26","Invincible Army","action","1","6","class","themed","targetSupport","mind","1","7391a567157a01cc7616a32d161db681454f05f2fa5f3c7712221b56f4ddf114","packs/pf2e/feats/archetype/field-propagandist/level-6/invincible-army.json","convincing victory tale layers defensive ally story halo. Check-dependent resistance, not absolute invincibility."
"iBdvNOWazhiXeUUa","Invoke Defense","action","1","8","class","themed","form","spirit","1","e71dba79b31955146707979a71bd7a4cca3fa73d06a66aa95a53d2266dc2f9b3","packs/pf2e/feats/archetype/rivethun-invoker/invoke-defense.json","spirit hide or bark quality thickens body edge. One damage resistance; no attack."
"7ZYw4SiBLBbbICNs","Invoke Movement","action","1","12","class","themed","form","spirit","1","407d1541928832596d341370dfcabd34fc57a282d7b2914aa4e20a3d85b9d37b","packs/pf2e/feats/archetype/rivethun-invoker/invoke-movement.json","chosen spirit locomotion feature appears along body outline. Burrow/climb/fly/swim choice, no default flight."
"EEtezGRTZSHayQDR","Invoke Offense","action","1","4","class","themed","form","spirit","1","4bcc3ebb0d5c42579271e2dee845610959b34c5a3eb27669b5075ca48aab636a","packs/pf2e/feats/archetype/rivethun-invoker/invoke-offense.json","spirit claw or vine feature grows into unarmed-ready outline. Grants attack, does not make one now."
"4Jwtl2FvxskruHQv","Invoke the Elements","action","2","9","ancestry","themed","stance","arcane","1","02ac74c5c1e549e6669c27a7abc10fb0fed9aed26e142ac8d584d4b7ebd02bfe","packs/pf2e/feats/ancestry/versatile-heritages/changeling/invoke-the-elements.json","heritage-specific heat snow wave or storm veil surrounds source. Later adjacent end-turn damage; choose heritage element."
"RmAl2BfBkFj8RC1S","Iomedae's Valor","reaction","","6","class","symbolic","resolve","light","1","973764931bf05521f3ce15ef7b2609d205a175089f667569c6563df73e686544","packs/pf2e/feats/archetype/starstone-aspirant/level-6/iomedaes-valor.json","mortal bravery keeps last life ember behind short guard rim. One HP survival/buffer, no resurrection."
"x9cYkB8DrUBBwqJd","Ironblood Stance","action","1","8","class","themed","stance","metal","1","e5e4905d3d04e6252f3ed96951b0c6528738f8906dede82b0f335690da19aadd","packs/pf2e/feats/class/monk/level-8/ironblood-stance.json","impenetrable iron body silhouette settles into grounded guard. Later sweep attacks separate."
"IqDbNiwHQH1xApo9","Ironblood Surge","action","1","14","class","themed","guard","metal","1","950d57ad847c9cdabec36bf346372c4e4512aa9fc0dc76a9e2f3ea1cfadbe1fe","packs/pf2e/feats/class/monk/level-14/ironblood-surge.json","steel-like muscle brace hardens existing stance outline. Defense surge, no iron sweep attack."
"79GUhBznFfYqdwgO","Irradiate","action","2","6","class","themed","stance","poison","1","5e6dbeee3fe6f9f21aa30d4d5b449fd21a8fd8ecb7363d0a222f1e8a7e5b9ccb","packs/pf2e/feats/miscellaneous/deviant/irradiate.json","radiation shimmer expands from source through sickly emanation. Save-dependent sickness; damage only awakened variant."
"gltXysTfoyF1Ywoc","Irresistible Bloom","action","1","17","ancestry","symbolic","command","plant","1","389fdcf772ccbf15521f795a1f096c65a4beb3825beeab52aa251bba7d4234d8","packs/pf2e/feats/ancestry/shared-ancestry-feats/level-17/irresistible-bloom.json","body flowers open into pleasant scent-and-color attraction halo. Fascination/next-turn approach conditional; no immediate pull."
"yqtaAZR9jfen6gEW","Iruxi Glide","action","1","5","ancestry","symbolic","flight","wind","1","76bd01cb0ce11bb4e97e42bbde0276fb259e1ea09fa3192966ae833a078a3ccf","packs/pf2e/feats/ancestry/lizardfolk/level-5/iruxi-glide.json","reptile gliding silhouette drifts slowly down and forward. No upward flight, magic burst, or attack."
"hPfqQpiq6W8RPCxz","It Was Me All Along!","action","1","14","class","themed","movement","mind","1","b050340c9e40e59c083ae214e66005ec8b6a2da7bb5f9bf795c64eb7f353fde9","packs/pf2e/feats/archetype/alter-ego/level-14/it-was-me-all-along.json","disguise peels away in dramatic reveal then feintward stride echo. Feint and future attack fortune conditional, no Strike now."
"37l9SEvS7X1jHtpD","It's Not Over","reaction","","14","class","symbolic","restoration","healing","1","1597e317a8f449141e8e0d968212c1e2374a3d553a5df640b8567b31a2f1a74d","packs/pf2e/feats/archetype/shared-archetype-feats/level-14/its-not-over.json","dramatic fallen finale reverses into springing life pulse. HP recovery rather than temporary buffer."
"0VOzclP73W0txuvF","Ivy Playhouse Strike","action","1","4","class","themed","strike","weapon","1","432e293d3b98ef3ea976ba10a6d125db1b2510b87778897ce26cf4fab0ed5fb1","packs/pf2e/feats/archetype/dandy/level-4/ivy-playhouse-strike.json","Ivy Playhouse Strike: theatrical fake; 1 visible contact (same-target); melee; glancing; nonlethal, clumsy."
"9L6c9sxweM4IdOse","Jagged Berms","action","3","6","class","themed","groundCreation","earth","1","2427cf9ec5e4c3aef50caacac8e65245b2f304eb32578e138f21259ec1d36bf4","packs/pf2e/feats/class/kineticist/level-6/jagged-berms.json","six packed-earth mound cues rise with wooden stake edges. Later entering stakes damage; no target hit now."
"3NDQGjeKLQkhDxHv","Jealous Grip","reaction","","5","ancestry","themed","strike","weapon","1","268b8d54bf2d87c7442a5dab5cc80bc88262770ac7014cad843770e2893c678c","packs/pf2e/feats/ancestry/dragonet/level-5/jealous-grip.json","Jealous Grip: hoard counter; 1 visible contact (same-target); melee; counter thrust; disrupt."
"Jwq5o13uZF3ooln1","Jellyfish Stance","action","1","8","class","themed","stance","water","1","96badc4bac1f878a2fd8e9d7f09a9df7023aea1d1794f2b5ab2b9cac5fc03776","packs/pf2e/feats/class/monk/level-8/jellyfish-stance.json","loosened joint silhouette sways with fluid stinging-lash readiness. No immediate lash contact."
"dzPwwXHW5NzYGG5h","Jester's Gambol","action","1","16","class","themed","stance","wind","1","bc6229e5846487b708af0ebfa2a2de2bf1454d1994f88df01c50e50eb6bb5673","packs/pf2e/feats/class/animist/level-16/jesters-gambol.json","carefree unpredictable stance echoes slide around impediment lines. Resistance and terrain immunity, no attack."
"ein1K7P51cs3Qusw","Jotun's Battle Stance","action","1","5","ancestry","themed","stance","weapon","1","cf09b9a14bde1662c2e52cbf0a0395e0ecc4c2ddfcb28af2b379edb563c2ab94","packs/pf2e/feats/ancestry/jotunborn/level-5/jotuns-battle-stance.json","ancestral broad two-handed guard extends long weapon-ready edge. Reach stance, no Strike."
"NDnWOqylZZ1a6BZI","Jotun's Boost","action","2","9","ancestry","themed","command","weapon","1","7043bb270fa5450deecc2b2b492ac5b5c43f85a45a10c9bdb32794df006f19da","packs/pf2e/feats/ancestry/jotunborn/level-9/jotuns-boost.json","Brace, vertical ally lift, then a flatter 25-foot outward ally toss and upright landing. Two free hands allow the native 30-foot alternative; customize that branch. The selected first recipient must be a smaller willing adjacent ally."
"GsICYVRwfcry2s6K","Jotun's Grasp","action","1","5","ancestry","themed","bind","weapon","1","68fb13a0551a465e687d18b3e4917356a46db33a043cc2420ddb1488974c53ed","packs/pf2e/feats/ancestry/jotunborn/level-5/jotuns-grasp.json","short gap-closing step echo ends in wrestling grip bands. Grapple conditional, no direct damage."
"GCUXprGmuEl7JUdF","Juggernaut Charge","action","2","8","class","themed","charge","weapon","1","4955b17a0561c76a506e061df9332acb81499ca6f7fe71e62174583f6d5708c2","packs/pf2e/feats/class/guardian/level-8/juggernaut-charge.json","Juggernaut Charge: armored sprint; 1 visible contact (same-target); melee; forward; drag-after-contact."
"AYb8PmGJ37HwIMwj","Juggle","action","1","2","skill","themed","performance","weapon","1","234b65d3bb2fbe70477514a5852662437693ad4e85d0834ff9693758348540df","packs/pf2e/feats/skill/level-2/juggle.json","small carried-item arcs rotate above alternating hand glints. Juggling only, not shield or attack."
"3My19Wif5ks29tyg","Just as Planned","free","","12","class","symbolic","preparation","mind","1","b628dcb730dc94e032ec0b08449c053dcd241be4522d8ef06807ef856a3141ab","packs/pf2e/feats/class/investigator/level-12/just-as-planned.json","calculated enemy-path diagram opens two stratagem-ready outcomes. Next Devise roll twice, no attack now."
"YluQPhevo0LKdF1p","Just One More Thing","action","1","10","class","symbolic","fortune","mind","1","a8374258ffc2f7798cbb4534393433b4f9ff8dee94724016bf0bd111e3c18e26","packs/pf2e/feats/class/investigator/level-10/just-one-more-thing.json","pointed additional question reopens failed influence thread. Reroll may fail; no magical damage."
"cB6K0wkiDhduAjtL","Just the Tool","action","1","4","class","symbolic","form","weapon","1","5d60bac28a9ef3e799e806e47712f63855be7e47c3a151819dd5b82f6b90e621","packs/pf2e/feats/archetype/mind-smith/just-the-tool.json","mind-weapon silhouette reshapes into mundane hand tool. Tool/weapon conversion, no attack."
"CZQgH17ZxoBiVXLa","Ka Stone Ritual","action","2","4","class","symbolic","form","earth","1","ad11fcccaa8563ea5751180a584d76291d62c8d2cdeded3322be44183825af4b","packs/pf2e/feats/archetype/living-monolith/ka-stone-ritual.json","forehead ka-stone name seal glows into enlarging source outline. Activation choice from later feat; no actual long ritual now."
"RwOGkOLCalt4sqz6","Kaiju Stance","action","1","8","class","themed","stance","earth","1","98730c290c9e8c7829edda2111e3c0abbbf48e8e40417d9a945b29c67604a353","packs/pf2e/feats/class/monk/level-8/kaiju-stance.json","large heavy silhouette grows into earth-shattering ready stance. Future critical splash separate; clumsy cost remains."
"3zcjIjJ7ujldN3zr","Kaleidoscopic Entreaty","action","1","8","class","themed","preparation","light","1","a9d8aa9e8766c94339ed9e2340204cb5aa82d50b9188f48d1ea8f32f7040eee2","packs/pf2e/feats/archetype/rivethun-emissary/kaleidoscopic-entreaty.json","entreat-ready spirit focus gathers multicolor show fragments. Later emanation dazzle/blind conditional."
"8VXYwHE5LqAGRGTB","Kashrishi Revivification","free","","13","ancestry","symbolic","restoration","mind","1","9702a3c9e7efa239acdc5b7ccf692eca01d0757cb5d0ebc60fd6afdcea45fd62","packs/pf2e/feats/ancestry/kashrishi/level-13/kashrishi-revivification.json","psychic well rises through fallen body as returning consciousness. One HP restoration, wounded still increases."
"OzvvsyjAWWij4mmm","Keep Pace","reaction","","6","class","themed","movement","weapon","1","2a15c2eda8b2f1ae23e30053b32c4e9cfe233d8c4ed080b585478c4ea48035dd","packs/pf2e/feats/archetype/game-hunter/keep-pace.json","close pursuit echo follows retreating prey-side trail. Stride default, other movement only if available; no attack."
"pQQhrcj1u6hUUc8L","Keep up Appearances","reaction","","1","ancestry","themed","concealment","fear","1","b165bc2de423408d6f32023fc0261e59ba3aa3950815e29b5f88bf90739e82a6","packs/pf2e/feats/ancestry/human/level-1/keep-up-appearances.json","Keep up Appearances: false poise; no Strike now; none; source mask; hide-emotion."
"DYayudEG8sZRB3Ot","Keep Up the Good Fight","reaction","","14","class","symbolic","resolve","ward","1","dcb475f2a4d4b1800d219e491e31d622c2d6690507c43159efb7979fe8a15e8a","packs/pf2e/feats/class/guardian/level-14/keep-up-the-good-fight.json","protective commitment braces last life ember with short buffer. One HP plus temporary buffer, wounded cost."
"4l5SeMRn84HKslVA","Killshot's Report","reaction","","10","class","symbolic","elementBolt","arcane","1","cfce83494cef00a7e36b7b2f4c92f44b7e44135278403bc8bf0885d713583f56","packs/pf2e/feats/class/magus/level-10/killshots-report.json","fallen Spellstrike foe emits loud spell-energy echo to secondary foe. Previous-target origin, actual spell semantics configurable."
"ySeT8hrMEPF9AsQu","Kindle Inner Flames","action","1","8","class","themed","stance","fire","1","d85b1fbafca1939a98db79659003f1b870fcc285c9d0ce40e3a528f58eb29eb8","packs/pf2e/feats/class/kineticist/level-8/kindle-inner-flames.json","faint friendly embers drift across source and allied edges. Later movement/Strike effects separate."
"stsCnc8hR6db1Get","Kinetic Dampening","action","1","6","class","themed","guard","force","1","2abb3444992996c9e52ee2edf5c961917ef789cfa449085ebc0ea702c1762fab","packs/pf2e/feats/miscellaneous/deviant/kinetic-dampening.json","soundless absorbing field softens incoming physical wave. Resistance, not all damage prevention; awakening area optional."
"gBSPbQRXdagZTUwY","Kip Up","free","","7","skill","symbolic","movement","weapon","1","d62535ba8bf449bc90d5c2a999ad422cdd16a283f8d5e3d72dacd263b47009bd","packs/pf2e/feats/skill/level-7/kip-up.json","compact grounded recovery echo snaps to upright poise. Stand only, no arcane effect."
"zknpo51jJndv68Ph","Kishin Rage","action","1","17","ancestry","themed","form","electricity","1","a3392b486c755ddfc97bb2eb6b6ec1683d3291b513efcbb2be6098d9201bbff8","packs/pf2e/feats/ancestry/versatile-heritages/hungerseed/kishin-rage.json","Kishin Rage: red eye transform; no Strike now; none; source halo; nearby-fear, electric-horns."
"yFBan5ycDsdT96jN","Klingegeist","action","2","10","class","themed","form","spirit","1","0983f530886a1b09beceec19b98cdee8115c4fa6df8fb259c4d1e7a1491497e1","packs/pf2e/feats/archetype/ghost/klingegeist.json","Klingegeist: possess blade; no Strike now; none; object halo; blade-form."
"1muxLx8Vacn2SLHc","Kneecap","action","1","5","ancestry","themed","strike","weapon","1","f13d00da27c726254f494b145014837c09211e27b5b1d811a87a1f2a2df9c318","packs/pf2e/feats/ancestry/goblin/level-5/kneecap.json","Kneecap: low anatomy; 1 visible contact (same-target); melee-or-unarmed; low contact; slow, non-damaging."
"h0gwBDI61MxkvVPC","Kneel Before the Rightful Heir","action","2","16","class","themed","command","mind","1","4d0e039eef2138b337d1c66a1f2761f310ccbcf93445013302ed43e329426261","packs/pf2e/feats/archetype/prophesied-monarch/kneel-before-the-rightful-heir.json","royal command pressure hangs over visible enemy heads. Mental save damage; prone ends persistent effect, not automatic kneeling."
"jZy91ekcS9ZqmdEH","Knight's Retaliation","reaction","","8","class","themed","shove","weapon","1","144d0e1020966389ec93ec31c7abdd22d227d3327a8f75f6e0d29c87c3236fe3","packs/pf2e/feats/class/shared-class-feats/level-8/knights-retaliation.json","Knight's Retaliation: parry twist; no Strike now; none; target sweep; chosen-maneuver."
"gVXefUaMzg7S1vpm","Knock Sense","action","1","4","class","themed","strike","weapon","1","41dcf64969d7df7c9fb6e355fb605d8dae935c61b360280b7ffcd22bad755706","packs/pf2e/feats/class/shared-class-feats/level-4/knock-sense.json","Knock Sense: careful ally contact; 1 visible contact (same-target); melee-or-unarmed; glancing; ally-confusion-clear."
"pVLdMOqYwul745k3","Knockback","action","1","10","class","themed","shove","weapon","1","688947d683ba33dfa0cb45f69c4f84f7c8e96b46b5a9e14a4b60119ee1c57ac8","packs/pf2e/feats/class/barbarian/level-10/knockback.json","Knockback: swing aftermath; no Strike now; none; horizontal push; push."
"ezFFYqOgmxzo8zKU","Knockback Spell","action","1","8","class","themed","preparation","force","1","4a667703ba353ead5f632f202713512529d31a5fd749142ec0b6f60b71ef9a1c","packs/pf2e/feats/class/wizard/level-8/knockback-spell.json","area-casting focus adds outward push-ready rim. Next spell failures cause push, no immediate shove."
"2OYJOFaEkhc8dFbl","Knockback Strike","action","2","10","class","themed","unarmed","weapon","1","ac23ddd43672e422859496012bbd647f5ba5e28925d8384a2628b5149b8c77c1","packs/pf2e/feats/class/monk/level-10/knockback-strike.json","Knockback Strike: centered force; 1 visible contact (same-target); unarmed; single contact; push."
"shp63QZvw9xvkVvC","Know Oneself","reaction","","1","ancestry","symbolic","resolve","mind","1","1778f9c8b6ebe331d79f66e329dc67cceb8168011da9ffad8721103cdb0cd56a","packs/pf2e/feats/ancestry/human/level-1/know-oneself.json","mindfulness center steadies emotional collapse ring. Critical failure becomes failure, not full success."
"fs2zVzyXrn5yqGqd","Know Thy Doom","reaction","","12","class","symbolic","fortune","shadow","1","6097c2b8eb8099d95829b48eef6b40d2305fabc94ed5086aad747211c827e40b","packs/pf2e/feats/archetype/warrior-of-legend/know-thy-doom.json","legendary demise thread opens two recovery possibilities. Recovery roll and doom reduction, no guaranteed heal."
"tlqz29fgp45bjSg6","Know Your Enemy","action","1","8","class","symbolic","focus","weapon","1","8b678bd1effcc9c5a0a550ed16cc6bfe54a0e0a01005c38811ac8fe7c47894f0","packs/pf2e/feats/archetype/marshal/know-your-enemy.json","strategic enemy inspection receives allied aid lines. Recall Knowledge only, not attack."
"zSWTX520paO6Zv1i","Knowledge of Shapes","free","","4","class","themed","preparation","arcane","1","642490e85edcf5253b0ad68916b6cb92fc8a914c5ffd320f330c0026ec97d542","packs/pf2e/feats/class/oracle/level-4/knowledge-of-shapes.json","inspired casting geometry stretches range or widens boundary. Spellshape choice, no cast or target effect."
"PPUNMjRLQYnmwQvF","Kobold Breath","action","2","1","ancestry","symbolic","elementCone","arcane","1","4524a99309b995d64fc4f073fb6fb3cac7f85e273a3f4090af2ef178653d5211","packs/pf2e/feats/ancestry/kobold/level-1/kobold-breath.json","benefactor-scaled mouth torrent opens small cone or thin line. Chosen benefactor element/shape, no universal fire."
"aa8Qbo9D9WVeOGN5","Kraken's Call","action","3","17","ancestry","themed","groundCreation","water","1","704ab8d1556e0c6a3bb46c13761c4e227550fd81c8dbb294fc9b5427f1bfe6ac","packs/pf2e/feats/ancestry/merfolk/level-17/krakens-call.json","remote dark-water portals extend grasping tentacle silhouettes. Save-dependent crush/grab; no arcane target-only impact."
"kIXFNPFBStOKunq4","Kreighton's Cognitive Crossover","reaction","","4","skill","symbolic","focus","mind","1","485457993f587e3dcfb2fca0ac7b0366c798ec07d0a866d99866f57a59bbe2e8","packs/pf2e/feats/skill/level-4/kreightons-cognitive-crossover.json","failed clue track crosses into alternate knowledge pathway. New chosen-skill check, not automatic knowledge."
"9O7DLcXVXpwLVXI6","Lassoing Lash","action","1","4","class","symbolic","bind","weapon","1","c7ca70111b31e0e52139f0adb3d2b389fd660351cf3737f2269528d43c425b78","packs/pf2e/feats/archetype/thlipit-contestant/lassoing-lash.json","lash loop wraps target and pulls toward source-side landing cue. Athletics conditional; no actual forced movement."
"OFCeTaAX99YbXOu0","Lava Leap","action","2","4","class","themed","lavaLeap","fire","1","e06bd58720b90f0039082694ed19aee216f629d5c4864c442ea5ecab056e6e37","packs/pf2e/feats/class/kineticist/level-4/lava-leap.json","molten body leap lands in lava wave then cooling stone shell. Movement then emanation then guard, not just fire dash."
"nLFP7rT0jhM11nFR","Lead by Example","action","1","8","class","themed","strike","weapon","1","6cb02af0e14ae31eee47183100db7e4097b673b9501af5ccbf2e535d7fd57e52","packs/pf2e/feats/archetype/blackjacket/lead-by-example.json","Lead by Example: telegraph; 1 visible contact (same-target); melee-or-ranged; single contact; ally-opening."
"TW0fUdqqB69rIbRx","Lead the Way","action","2","10","class","themed","movement","weapon","1","54c850c8c585e72515d79ca3fc6e92ddf7a7bb0df63c3027037352aea100f031","packs/pf2e/feats/archetype/knight-vigilant/lead-the-way.json","source forward echo opens following adjacent ally lane. Ally reaction optional; no attack."
"ZHPSASbvbbshq1zG","Leading Dance","action","1","4","class","symbolic","performance","weapon","1","d9965287487907f933590ef0e937d9d3811399a1d2a4b771d16c8c5ba1eb38d6","packs/pf2e/feats/class/swashbuckler/level-4/leading-dance.json","paired adjacent source-foe echoes follow a shared dance direction. Check-dependent movement only; no damage."
"omhB14HQxJUZQvjj","Leaping Hedgehog Strike","action","2","16","class","themed","charge","weapon","1","53a8bcd1c3ab4e8f12cc3b9fd1356d897ba9bc7c385315161a8905f824e433b8","packs/pf2e/feats/archetype/eternal-legend/leaping-hedgehog-strike.json","Leaping Hedgehog Strike: pounce tumble; 1 visible contact (same-target); melee; descending; trip-before."
"OZtoTusMmCJymObT","Leech-Clip","action","2","1","ancestry","themed","strike","weapon","1","e01619ebed7dba8b8a122f197cfcff8db3def61c28ebae259ef1b426163afd11","packs/pf2e/feats/ancestry/hobgoblin/level-1/leech-clip.json","Leech-Clip: low flail; 1 visible contact (same-target); flail; low contact; slow."
"7XA3Hm2md2tU9pEz","Left-Hand Blood","action","1","5","ancestry","themed","preparation","poison","1","1efc74ac6703c3d5f33cd2a600e6b3c595dbc0ec47c37a43ae280241e20e6145","packs/pf2e/feats/ancestry/kholo/level-5/left-hand-blood.json","self-cut blood trail coats held weapon with venom. Self slashing cost, no healing or target hit now."
"iUds1xfU9WtKGPMf","Legend of Combat","action","1","18","class","symbolic","preparation","weapon","1","ffcba91457a1a9e0ede617ffce85205a2104e38415e257d258caadd27daf5c8e","packs/pf2e/feats/archetype/eternal-legend/legend-of-combat.json","legendary readiness glow frames extra reaction timing marks. Future Speed of Arms, no immediate blows."
"A0TNeMNvyY8QpmLz","Legendary Negotiation","action","3","15","skill","symbolic","command","mind","1","acad490d71add295181df20d96597f2d0890601d2a9815330d8ba2793ec43d56","packs/pf2e/feats/skill/level-15/legendary-negotiation.json","rapid diplomatic opening unfolds into peaceful request ribbon. Social request may fail, no mental domination."
"fYVFBnv9aVHv1UNg","Leshy Superstition","reaction","","1","ancestry","symbolic","fortune","plant","1","1a949b6d0b381fcf32b5244be6623efaeae1806562cb4f045d3eef700d437718","packs/pf2e/feats/ancestry/leshy/level-1/leshy-superstition.json","nearby lucky object spirit glints into saving focus. Save bonus only, no actual reroll."
"m9lf0M1h72tMIBKm","Lesson of Mutual Gambits","action","1","8","class","symbolic","targetSupport","weapon","1","82f1078ff71040991f9c9ee3a47ad6903261066c235f9a97955b70a8521e48dd","packs/pf2e/feats/archetype/iridian-choirmaster/level-8/lesson-of-mutual-gambits.json","successful feint opening passes tactical advantage to student. Future student attack, no repeated feint Strike."
"8oTv8BRweFeBqtm0","Lesson of Sympathetic Vulnerability","action","1","8","class","symbolic","preparation","arcane","1","98037eed5469be9e020a61d16786133bf72269cd3bb788c59b5a26f2842cbb94","packs/pf2e/feats/archetype/iridian-choirmaster/level-8/lesson-of-sympathetic-vulnerability.json","student energy echo temporarily sheathes source attacks. Damage-type preparation, no immediate hit."
"CyvXimmSlpbOlBhX","Lesson of the Broken Wing","action","1","4","class","symbolic","command","weapon","1","902033db00f99c3783038d06454352a1741da92bb7b7b178e584af914c7cff39","packs/pf2e/feats/archetype/iridian-choirmaster/level-4/lesson-of-the-broken-wing.json","tempting vulnerable source pose draws enemy focus off student. Source AC cost/student attack bonus, no guaranteed hit."
"dM3hbn5ogp3oajWg","Lesson of the Circling Gale","action","1","4","class","themed","movement","wind","1","28dbd29485589efc24d29fde404ce3457e1b4d68fb441c15bdca04f801017b6e","packs/pf2e/feats/archetype/iridian-choirmaster/level-4/lesson-of-the-circling-gale.json","source step echo mirrors optional student's trailing step. No actual movement; ally reaction optional."
"Ry8NYQwxPagKnLKW","Lesson of the Splintered Aegis","action","1","10","class","themed","focus","weapon","1","c6d5d9b100846dad97386ff9f4fe543aad97558a955c5056ce87e5664c681c4d","packs/pf2e/feats/archetype/iridian-choirmaster/level-10/lesson-of-the-splintered-aegis.json","Lesson of the Splintered Aegis: demonstrate opening; no Strike now; none; ally focus; future-student-attack."
"a01E0vIphNQrzBd1","Lessons of Flux","reaction","","10","class","themed","fortune","mind","1","2b8364109754d7dd29798142120faef9ad9271924ddd91433552ac0124fe46e2","packs/pf2e/feats/class/monk/level-10/lessons-of-flux.json","failed maneuver lines permute into second attempt focus. Maneuver reroll and failed-result knowledge, no duplicate grapple."
"XKAPPvPpS4b8rSFp","Let's Try That Again","reaction","","1","ancestry","symbolic","fortune","spirit","1","2540f43eb73a3783fe2f319f9e1801734cff6d46a9953003d3209996b91c0803","packs/pf2e/feats/miscellaneous/reincarnated/lets-try-that-again.json","past-life deja-vu echo resets failed skill track. Reroll may worse; not Recall Knowledge."
"Xz9jmwwJnx17PjCu","Lethal Edge","free","","10","class","symbolic","elementTarget","spirit","1","99425673db2dfbaf55760f241ccd3cdd909f58059506ae13da589a39bbe04c40","packs/pf2e/feats/archetype/splinter-of-finality/lethal-edge.json","existing spectral dagger wound echoes past-life anguish ring. Debilitation only, no second dagger Strike."
"XfCPAoNdF2XMnH7K","Lethal Finisher","action","1","18","class","themed","strike","weapon","1","ba9ea1ead0c35b390b61bd103f94b0d3d9b98bcafc5680b68d5b079655de6796","packs/pf2e/feats/class/swashbuckler/level-18/lethal-finisher.json","Lethal Finisher: vital organ focus; 1 visible contact (same-target); melee; narrow thrust; precision."
"7OXTqBA6QgCatNwZ","Leverage Anguish","reaction","","6","class","symbolic","restoration","healing","1","628a9fa0da13398f331cea1581910ff0be35a44287adb1d476c49eeff2e95053","packs/pf2e/feats/archetype/rivethun-invoker/leverage-anguish.json","emotional turmoil spirals inward then mends physical wound light. Self healing after failed save; no curse removal."
"6qIiczSzuOmp0yRx","Levered Swing","action","1","8","class","themed","movement","weapon","1","6b765f5ab614ac1bf6fcc1e2a172ee44d47079cbe3444e75a59aa0b5cb2ef824","packs/pf2e/feats/archetype/thlipit-contestant/levered-swing.json","lash anchor tether pivots source echo in broad swing arc. Supported swing not wing flight; fall possible."
"jIMeialR9CBo1bx9","Levering Strike","action","2","8","class","themed","strike","weapon","1","df4b00d25d145b6503ebca71e311312bc46a4adc3523ef7b210f7cd97d943e37","packs/pf2e/feats/archetype/staff-acrobat/levering-strike.json","Levering Strike: staff lever; 1 visible contact (same-target); staff; hook; maneuver-opening."
"BQkk7qSSRTFc5jNG","Ley Line Conduit","action","1","20","class","themed","preparation","plant","1","be03b0bd19f0cedf61babf57ded9e58a84a919239e45dea73b87e8a5b4fea63b","packs/pf2e/feats/class/druid/level-20/ley-line-conduit.json","world ley lines rise into slot-conserving spell focus. Next eligible spell only, no cast now."
"8rKzUpDxAi8tMk7I","Liberate Soul","action","2","6","class","symbolic","counteract","light","1","4ff2fd39b8e88ac23e5c31e4ec4242534bc2f5769921d7aab36f89a4470de069","packs/pf2e/feats/archetype/soul-warden/liberate-soul.json","Pharasma spiral light cuts imprisoning soul bands. Counteract conditional; no direct damage."
"kF7dYvDYcoBABmLA","Liberated Mind","reaction","","8","class","symbolic","fortune","mind","1","dc969edca5bac0a262669f5d406d5f7d6e559cace15273efd80ecb3f72fcaf5d","packs/pf2e/feats/archetype/rose-warden/level-8/liberated-mind.json","mental captivity ring cracks into reopened save path. Save reroll, not perception or attack."
"aUhx6xKOhPuK9fEZ","Liberating Dive","action","2","14","class","themed","flight","metal","1","1c715610848cdebd108e66e9058d8f97aa6a9491594859d97fa798bd5ebac27f","packs/pf2e/feats/class/kineticist/level-14/liberating-dive.json","steel-feather dive cuts foe once and opens friendly restraint ring. One metal Strike plus ally escape/newsave, not just flight."
"NHxSvYyIBChlAasG","Liberty or Death","action","2","18","class","themed","strike","weapon","1","78fc1694e06efb495a1ff859fe5511fdd1c1cfb20132801f689ef3b68f160818","packs/pf2e/feats/archetype/broken-chain/liberty-or-death.json","Liberty or Death: ultimatum follow up; 1 visible contact (same-target); melee-or-ranged; single contact; precision."
"aOIZvx5fx5jVHHOO","Life Leap","action","1","9","ancestry","symbolic","teleport","light","1","317642c4bcb1afdeda7b1bf22ecc050fda1cf72cead11c39fb540fde650c545c","packs/pf2e/feats/ancestry/gnome/level-9/life-leap.json","colorful source echo phases through adjacent life silhouette. Same creature opposite-side blink, no attack or actual move."
"hSzNtRNwrma81Eeq","Life-Giving Magic","reaction","","1","ancestry","symbolic","resolve","vitality","1","49f77b96ab834c16f5975d71debf45fce44722db8f9b8991ae8a361ecbb20575","packs/pf2e/feats/ancestry/gnome/level-1/life-giving-magic.json","finished innate magic wells into small life buffer glow. Temporary HP, no actual healing or repeat spell."
"bebyS7XJ1Z3S4Ud1","Life's Blood","action","2","9","ancestry","themed","restoration","blood","1","84cd3951eb8f28d02cea69d9969a4d9d678a7ac7c055f14c564d835819c1326b","packs/pf2e/feats/ancestry/samsaran/level-9/lifes-blood.json","source blood strand coats adjacent ally wounds. Source HP sacrifice equals ally healing; no enemy damage."
"EdVMwFRNV1LX1VWh","Light Paws","action","2","5","ancestry","themed","movement","wind","1","24469854fc54374c093f3becebdf53ec1744e050c42ce1cfc884ed91c37becd0","packs/pf2e/feats/ancestry/catfolk/level-5/light-paws.json","toe-balanced long stride echo pairs with short careful step. Either order, no attack."
"8GG4h6DbpAEGGETG","Lightning Dash","action","2","4","class","themed","lightningDash","electricity","1","ee8ed97036636c2175facb4037d6e2b7463002598d2f091330584a0b4da54136","packs/pf2e/feats/class/kineticist/level-4/lightning-dash.json","body becomes narrow lightning line then reforms at endpoint. Traversal electric contacts; not stationary transformation only."
"ZhiO6FDz68VCWybl","Lightning Qi","free","","20","class","themed","preparation","spirit","1","1e200ab303249a02eaa49c071e37824e9441d05deecedf2b9854728d7d0755e8","packs/pf2e/feats/class/monk/level-20/lightning-qi.json","inner qi flows freely into compact shortened-cast focus. Next qi spell reduced action, not electricity attack."
"GabSQXUprub2eyUm","Lightning Rod","action","3","6","class","themed","strike","metal","1","3dfeed9cc69aa9f73f4667412e912817d8a486c6f7e2cdb23cadbddd08245451","packs/pf2e/feats/class/kineticist/level-6/lightning-rod.json","metal rod contact anchors subsequent targeted lightning flash. Melee/ranged Blast choice; lightning only on hit."
"657SMUB2N9VZOgYp","Lightning Swap","action","1","2","class","themed","preparation","weapon","1","b2d8cc0dcf74b179145440b078c7baee269d1c0c71d37f602d1281e2ec0da9ef","packs/pf2e/feats/class/shared-class-feats/level-2/lightning-swap.json","held-item echoes stow then paired weapon glints draw. Equipment swap only, no electric attack or shield spell."
"qzalwa2Ze3dIqIrA","Lightning Tongue","action","1","1","ancestry","symbolic","produce","weapon","1","cab41fd2ccff1177cee2d303590b8cac105b7c33ab54b6c7d3aef801ed41f137","packs/pf2e/feats/ancestry/lizardfolk/level-1/lightning-tongue.json","thin tongue-like retrieval line draws small object to source. Object Interact, not electricity or enemy attack."
"ZugnuBQu3RNcQmLv","Lightspeed Assault","action","1","10","class","themed","charge","weapon","1","b884d7be2dca234bba0277cdeca4e257feca9046767aaa7d8359227e633661ee","packs/pf2e/feats/miscellaneous/deviant/lightspeed-assault.json","Lightspeed Assault: swift route; 3 visible contacts (same-or-different-targets); melee-or-ranged; running three; teleport-option."
"keCkeRzBANPgUG8M","Live Off Borrowed Time","free","","14","class","symbolic","time","arcane","1","93a202c010b3b3c90d0a17dc9860df9acfd47fe614cacee396745ab4a0320244","packs/pf2e/feats/archetype/timewracked/live-off-borrowed-time.json","future clock tick folds into current action-ready focus. Quickened now/slowed later; no actual timeline mutation."
"fUvV0zsNf1Rj0eox","Live the Creed","action","1","20","class","symbolic","stance","light","1","52f1877b6eda27161f1eba9794fe4e37fc19c1db23340f4633dcab530e1c2568","packs/pf2e/feats/archetype/battle-harbinger/level-20/live-the-creed.json","swift divine creed focus blooms chosen battle aura. Aura choice unknown; no immediate weapon hit."
"nvahDuuKRE0T8Sh9","Living Bonfire","action","2","4","class","themed","groundCreation","fire","1","a5d384824dd1ae60654df040a797be986be060c3fe2a0db61b60fd40486cd0cd","packs/pf2e/feats/class/kineticist/level-4/living-bonfire.json","remote living roots and branches assemble stable bonfire. Later wood Blast burning logs separate, no bolt now."
"CL43gGiErw5FUtFQ","Living for the Applause","reaction","","8","class","symbolic","resolve","sonic","1","9621b019bddc6784181679974d9ede5a3e6892bee3438a3ca50d3b7de3cca08b","packs/pf2e/feats/archetype/gladiator/living-for-the-applause.json","last life ember rises toward hopeful audience attention glints. One HP survival; applause/AC check-dependent."
"XkmrLhyAoxQTLnza","Lobbed Attack","action","1","8","class","themed","ranged","weapon","1","f8222b61b2bc0a260f68b9fe712df90b4523d2c89e9b92a433b34b089878120a","packs/pf2e/feats/archetype/juggler/lobbed-attack.json","Lobbed Attack: juggle lob; 1 visible contact (same-target); thrown; arcing projectile; off-guard."
"SiGvSOPQmZ0nyXVO","Lock Down","action","1","6","class","themed","bindStrike","weapon","1","0aaceaa72f068085c1e18353992a5053ac66a356deb9d660b1f96db7b06e80c8","packs/pf2e/feats/class/guardian/level-6/lock-down.json","Lock Down: reach control; 1 visible contact (same-target); melee; hook; movement-lock."
"McnLGEZnUbtYCNDW","Lock On","action","1","10","class","symbolic","focus","weapon","1","77fd433610d359df26197b4db057c7a46e01d013930866d8479c981476f1b3da","packs/pf2e/feats/class/inventor/level-10/lock-on.json","mechanical aim marker brackets observed foe weak point. Next construct Command boosts attack, no current shot."
"SjJ8BOy5sc8p2H5E","Log Roll","action","1","4","class","symbolic","movement","earth","1","649236f554173e42158177fd9488c978046590b87ae5397f811dfdb95db6db17","packs/pf2e/feats/archetype/turpin-rowe-lumberjack/log-roll.json","shuffling foot echoes destabilize shared narrow ground strip. Check-dependent fall, no target damage."
"aTI1r1RaZ1o0givR","Lonely Army","action","3","14","class","themed","ranged","weapon","1","de38229613fae725f45b9f50a56aad005e778acaf2f54b7ab0bfa3e46263de61","packs/pf2e/feats/archetype/guerrilla/level-14/lonely-army.json","Lonely Army: hidden reload; 3 visible contacts (same-or-different-targets); blowgun-or-sling; projectile; hidden-retreat."
"WPz97m5FNlbLIQ6p","Long-Nosed Form","action","1","5","ancestry","themed","form","transform","1","3fdfd47449574b1325843f18fd14aff031d46a9744117d3e3f4b491241b65781","packs/pf2e/feats/ancestry/tengu/level-5/long-nosed-form.json","bird silhouette folds into imperfect long-nosed human echo. Disguise not invisibility; loses beak attack."
"blOiU4LPlBjVHcgR","Look Again","action","1","18","class","themed","preparation","mind","1","2250a4923e5a4d60c153e64f2c87ebf84acc79eab4b7b6f2d269642f3abfd2f9","packs/pf2e/feats/archetype/captivator/level-18/look-again.json","charm focus retains trailing second-attempt illusion copy. Failed next spell recast next turn, not immediate duplicate."
"k2L9p4cc8RrHufut","Look but Don't Touch","action","2","13","ancestry","themed","stance","poison","1","5e3944c0af6f43163c2c3202b8db702894aaa115610c28b20475176a85996792","packs/pf2e/feats/ancestry/ghoran/level-13/look-but-dont-touch.json","beautiful floral outer edge gains toxic contact sheen. Future contact damage, no target attack now."
"Jk6gZzXEABiX5A0S","Loose Cannon","action","1","4","class","themed","firearm","weapon","1","f9fa55f3b03e19dff3054f72f350a828dc19bf3a94876a40df2c7ab7b6d6d287","packs/pf2e/feats/archetype/alkenstar-agent/level-4/loose-cannon.json","Loose Cannon: unpredictable aim; 1 visible contact (same-target); firearm; projectile; misfire-option."
"apz0n3Q3gWvQVChT","Lord of the Fiends","action","2","14","class","symbolic","focus","shadow","1","4caf637b0de174924fdb0744bfe7160204bc512bab4c6c0689955f85637451f9","packs/pf2e/feats/archetype/archfiend/level-14/lord-of-the-fiends.json","multiple fiend outlines receive overlord-like assessment scan. Recall Knowledge and social mastery, no domination."
"indcWWwZ2Mg7j9eB","Lose Your Chains","reaction","","16","class","symbolic","command","light","1","53dfd74de5d481afe97d73fcd356e1b7470c66f0c5e5a02c7fa7ce5179f065d1","packs/pf2e/feats/archetype/broken-chain/lose-your-chains.json","rebellious voice opens ally restraint bands toward escape focus. Ally Escape check at mythic, not automatic release."
"Xb8CyW9sYS27ElcC","Lucky Escape","reaction","","4","class","symbolic","fortune","weapon","1","8d18282c2df55615217a69a0b72b0b276a9f3d459bedf042afa5363ee777d9fa","packs/pf2e/feats/archetype/unexpected-sharpshooter/lucky-escape.json","coincidental low duck echo disrupts perfect incoming aim line. Enemy attack twice lower; no extra movement/attack."
"rTkr1EqpAN6YtnAh","Lunge","action","1","2","class","themed","strike","weapon","1","9430623d822a3534701a2e9137cc14cd32b796d3b890902e612cc0982810ca8a","packs/pf2e/feats/class/fighter/level-2/lunge.json","Lunge: extended reach; 1 visible contact (same-target); melee; long thrust; maneuver-option."
"5tlTRfyPXkGS9Coq","Lunging Spellstrike","action","2","10","class","symbolic","spellstrike","arcane","1","57c800ef56bc93eb6d0477c4457c713fa9b293d80899a0680166e755422d9ad6","packs/pf2e/feats/class/magus/level-10/lunging-spellstrike.json","staff segments extend on magical strands into distant spell contact. One staff Spellstrike, not generic utility sparkle."
"ZghzLmYgeE19GqjP","Lunging Stance","action","1","12","class","themed","stance","weapon","1","c4efc572680b447cf275576dc7f5adffd605ebeca3c059d1548a4e1d4ace500a","packs/pf2e/feats/class/fighter/level-12/lunging-stance.json","coiled source posture holds extended reactive blade angle. Future Reactive Strike, no immediate lunge."
"P8P5PwLgxk84bRQw","Luring Chomp","action","1","13","ancestry","themed","unarmed","mind","1","8602cf6e2d519764a1cbc9e0c01c618515c19f716d2762544397f608edc7a052","packs/pf2e/feats/ancestry/dragonet/level-13/luring-chomp.json","Luring Chomp: charming pull; 1 visible contact (same-target); jaws; bite; inward-pull-first."
"yzBlvtPcjhRHFvp0","Maelstrom Flow","action","1","10","class","symbolic","preparation","arcane","1","31769783b68d1e9320af9c31cf26ab5be1808e355008446e222d3a0ca80f39d8","packs/pf2e/feats/class/magus/level-10/maelstrom-flow.json","improvised weapon absorbs volatile property-rune swirl. Enhancement only; eventual destruction not immediate."
"mqLPCNdCSNyY7gyI","Mage Hunter","action","2","6","class","themed","strike","weapon","1","7758c9f8ef31f945cb464dfa7a7b867f23131192554e5b5906e1da1ac01c7675","packs/pf2e/feats/class/barbarian/level-6/mage-hunter.json","Mage Hunter: mage focus; 1 visible contact (same-target); melee; single contact; mental-stagger."
"buUSr6Dh9md9WqJx","Mage's Field Dressing","action","1","4","class","symbolic","restoration","arcane","1","97422909b56f201e218a3fbdc477736a9ed2bf59f8c2ca7840852507e9249613","packs/pf2e/feats/archetype/war-mage/mages-field-dressing.json","pure magic threads and bandages dress existing ally wounds. Battle Medicine check; no repeat wizard spell."
"pfos1p4SurbUgpjQ","Magical Onslaught","action","2","10","class","themed","spellstrike","arcane","1","c6e1226d81f31392845d038279bdd161d2a8423f9ddbd0e659f0543df3321ecf","packs/pf2e/feats/class/summoner/level-10/magical-onslaught.json","eidolon melee contact opens follow-up caster cantrip discharge. Two origins; cantrip semantics chosen, not two weapon attacks."
"z986NkK75cCcxTlB","Magitaxis","reaction","","13","ancestry","themed","movement","arcane","1","00f9b21ed98712512327615eb72de6a68dd5d58bcf4403e7f8c1f7f1d618f024","packs/pf2e/feats/ancestry/surki/level-13/magitaxis.json","source echo reflexively follows matching spell energy toward caster. Stride default, other types optional; no attack."
"YJCAiNpFbX2MIc0G","Magnetic Field","action","1","4","class","themed","stance","metal","1","6fb9a1448c4822fb36c2058f9f96b9fc3b6f959e7f10fc1076cc284ef37cacee","packs/pf2e/feats/class/kineticist/level-4/magnetic-field.json","chosen-polarity field curves small metal motes inward or outward. Attract/repel choice, no direct damage."
"IAo6UeLgWqG7KK1x","Magnetic Pinions","action","3","1","class","themed","ranged","metal","1","6e6b935193d836ac3e75ced8ffd1c6229e079b4812dd699577be4d04f31e3f01","packs/pf2e/feats/class/kineticist/level-1/magnetic-pinions.json","up to three magnetically propelled metal fragments fly to foes. Flying projectiles, not actor flight; attack contacts conditional."
"NBwH9wEeUfKfOg8R","Magpie Snatch","action","2","5","ancestry","themed","movement","weapon","1","bbec9d3ae341ed2d014dcb00cf5dc9c4007a1957969f8447e4c01ee5541680a8","packs/pf2e/feats/ancestry/tengu/level-5/magpie-snatch.json","two quick stride echoes snatch passing shiny object glint. Object pickup, no foe attack."
"0yPbPVEESwB6Bdfw","Magus's Analysis","action","1","1","class","symbolic","focus","arcane","1","f636eefd34e9bfc032b0e7027ae302b4e03f0de295e0159467fcea2af82d0ed8","packs/pf2e/feats/class/magus/level-1/maguss-analysis.json","fighting assessment scan flows back into recharged Spellstrike focus. Knowledge/recharge only, no actual Strike."
"Hmgy0GJKIawAiqHE","Maiden's Mending","reaction","","1","ancestry","symbolic","resolve","vitality","1","db48e530b96e040cba26fa10f7fbc1490d7c85821a4ab5890ac64ec9d510b338","packs/pf2e/feats/ancestry/versatile-heritages/changeling/maidens-mending.json","finished bloodline magic wells into brief new-life buffer. Temporary HP, no spell replay."
"TYGrEiOjp6pDmgO2","Majestic Presence","action","1","13","ancestry","themed","dread","mind","1","5e82774d3942193f024554166ddbb03bcdb93ee4b0916b2ac702c489a795134f","packs/pf2e/feats/ancestry/versatile-heritages/dragonblood/majestic-presence.json","Majestic Presence: impressive stance; no Strike now; none; source halo; nearby-fear."
"SWkeel82rdttxUD3","Majestic Proclamation","action","2","8","class","themed","dread","spirit","1","eb5cf5893bc6377bf52a969fe26e6476617fe61097c929ad3aade0e94e9f647b","packs/pf2e/feats/archetype/starlit-sentinel/majestic-proclamation.json","Majestic Proclamation: constellation display; no Strike now; none; source burst; dazzle, fear."
"SveiYRnJQ2plYFJ7","Make Do","action","1","6","class","symbolic","craft","weapon","1","8280f9d001e1670653fae1171b6ea46da872fed9be4c467f37ce58a04505ab8c","packs/pf2e/feats/archetype/twilight-talon/level-6/make-do.json","broken held tool outline steadies with rough improvised brace. Ignores broken temporarily, does not repair HP."
"UcIyf7bTDf6RwydU","Makeshift Strike","action","1","8","class","themed","drawStrike","weapon","1","20082c1a1a164dcdac82fd01a8bdeb7c4aac614c72c40b1e55e2519a8c5fa2e5","packs/pf2e/feats/archetype/weapon-improviser/makeshift-strike.json","Makeshift Strike: snatch object; 1 visible contact (same-target); improvised; single contact."
"okJjCvQ6hcCk8FOC","Malleable Form","action","1","13","ancestry","themed","form","transform","1","bdd7852e0e02b8ca8f67f4b3a462df7c149fa0b3ce8b864f59674839ed13d6bb","packs/pf2e/feats/ancestry/versatile-heritages/reflection/malleable-form.json","current battle-form echo shifts into alternate same-spell silhouette. Existing polymorph only, duration reduced."
"aMI39DZhWgNgJTAn","Malleable Movement","free","","2","skill","themed","movement","weapon","1","eaded0cc47300bf18944e4b78517f9770a239a9a013d1374c92775303424f184","packs/pf2e/feats/archetype/mind-smith/malleable-movement.json","weapon flexes into leap-supporting pole or hook echo. Enhances current Leap, no attack."
"hCEoINqJ75ConqqA","Mammoth Charge","action","2","6","class","themed","charge","weapon","1","75ea243613c03f29aa582bfb03aecad414fa644687a9fdc92f476c3e86ec9853","packs/pf2e/feats/archetype/mammoth-lord/mammoth-charge.json","Mammoth Charge: mounted sprint; 1 visible contact (same-target); melee; forward; mount-afterimage."
"HJBDFHIaJ3lfxcbs","Maneuvering Spell","free","","12","class","themed","movement","arcane","1","81042639400cd77118c3b56a85fe822f6bcaeb2bb877fcf8da38a2d76bee4fca","packs/pf2e/feats/archetype/sixth-pillar/maneuvering-spell.json","casting energy releases short step leap or upright recovery echo. Choice required; no extra spell attack."
"2e2Rv6SN3D2nX5M2","Manifold Conduit","action","1","12","class","symbolic","preparation","spirit","1","9c5dd4e87cfd67bcf97bde92865b19fd91354cf0ef748d2b36796587bea9a02c","packs/pf2e/feats/archetype/rivethun-emissary/manifold-conduit.json","multiple spirit wisps gather into cyclone-ready focus. Grants Entreat the Many, not instant summon or attack."
"MhPL9hPE9Mwg20zk","March of Law","action","1","14","class","themed","dread","mind","1","9c62fe71a47dbb090430f077b64a796b4880daea0641fa65f7238aff07a64ca9","packs/pf2e/feats/archetype/hellknight/level-14/march-of-law.json","March of Law: purposeful approach; no Strike now; none; source afterimage; nearby-fear."
"awSvRVuAYKrYMDhy","March of the Dead","action","3","8","class","themed","command","shadow","1","b89507e16750ff48dd7d3a3381169f3df0166980c98e964fe07d05d646b8509e","packs/pf2e/feats/class/necromancer/level-8/march-of-the-dead.json","thrall movement echoes converge into three-point surrounding grip. Enemy encumber/slow only adjacent3/savefail, no caster dash."
"2WiNIIvUfNxQoZH7","March the Mines","action","2","13","ancestry","themed","movement","earth","1","eaccda3dba437227876cc45d65ad89eb9f3d96e85ecc415d42c2f78e61ba8b48","packs/pf2e/feats/ancestry/dwarf/level-13/march-the-mines.json","paired leader-and-follower ground trails burrow through earth. Stride/Burrow twice choice; no attacks."
"8JA6T7XY6bzDQ9E0","Marine Jet","action","2","10","class","themed","movement","water","1","36db56223dd2f91f38a4a1030924a3f5a1c7df0c8dc923f4d42f88f5e3a776cc","packs/pf2e/feats/archetype/marine-marauder/level-10/marine-jet.json","straight fast underwater trail carries five spaced swim echoes. No elemental projectile or damage."
"k8c0E7YyeIQJjRzB","Marked for Rebuke","action","1","18","class","themed","preparation","spirit","1","460d71e62ac9667b2b38fc4f661d0f05e8c11840b12038d115bd07466f75d52f","packs/pf2e/feats/archetype/mortal-herald/marked-for-rebuke.json","divine punishment mark readies inside casting focus. Next damaged target weakness, no sonic blast now."
"fFfRsvDavUsTBDF2","Martyr","action","1","8","class","themed","preparation","blood","1","7c614a0fbcfe507ab0f30f8ac3a839d08fd26088b31d5d2c80af2c071b95d5f8","packs/pf2e/feats/class/cleric/level-8/martyr.json","personal vitality ribbon readies transfer alongside healing focus. Next ally Heal/Harm with self HP cost, not now."
"fGwd5g6yHzcyeCG1","Martyr's Parry","reaction","","8","class","themed","targetSupport","weapon","1","996641afc66c543e0314696fb229f9097aec769c2cc0d103b74a80ee046b3aa6","packs/pf2e/feats/archetype/warrior-of-legend/martyrs-parry.json","parry weapon interposes across bonded partner incoming attack. Damage transferred if still hits; no source invulnerability."
"KboQgBhYXI2WdCt8","Mask of Fear","free","","13","ancestry","themed","resolve","fear","1","767feff01eaff284eec1c3b10a849f3fa16b2f3acf774d68e22d0304455745fd","packs/pf2e/feats/ancestry/orc/level-13/mask-of-fear.json","Mask of Fear: calm source; no Strike now; none; source halo; fear-clear."
"ByqxxJkJiNFtjghh","Mask of Pain","reaction","","9","ancestry","themed","elementTarget","mind","1","024c5363a727d15f92e6a50759504ca8fcd4af6ab7e32fb44d000bcc8246b572","packs/pf2e/feats/ancestry/orc/level-9/mask-of-pain.json","warmask pain echo presses into already-demoralized foe mind. Mental damage follow-up, no repeat Demoralize."
"vxE9hBKB6F2ctOX3","Mask of Rejection","reaction","","5","ancestry","symbolic","fortune","fire","1","99f369a212c73d1d25d7f9083c54207fcdc6dd64b1ef294c9e0a62d188655bde","packs/pf2e/feats/ancestry/orc/level-5/mask-of-rejection.json","warmask white-hot fury burns into reopened saving focus. Save reroll, not fire damage to enemy."
"4xeDjt8eARzAGARP","Masked Casting","free","","8","class","themed","guard","mind","1","4763d3766d04370a6d393a3e6c6c7dc183793076a097de69cd3f1a8834dd4dc4","packs/pf2e/feats/archetype/hellknight/level-8/masked-casting.json","eyeless-mask shimmer shields visual-facing attention edge. Avert Gaze and disbelief defense; no ordinary shield spell."
"KMVXUgFArcftg1jQ","Masquerade of Seasons Stance","action","1","4","class","themed","stance","arcane","1","794ab16fa0feb2a8d50b3efcea7097b0ba916dddd8bca1c80f668b47b26541e9","packs/pf2e/feats/class/shared-class-feats/level-4/masquerade-of-seasons-stance.json","opening dance steps turn through chosen seasonal veil. Chosen resistance; no immediate elemental attack."
"qX9ZtfaAj6rxrVA7","Master of Many Styles","free","","16","class","symbolic","stance","weapon","1","79c6814147e83342392e0c3d553940336ed342284e5dc53c1e293689458cd541","packs/pf2e/feats/class/shared-class-feats/level-16/master-of-many-styles.json","fluid style outlines transition into chosen tactical stance. Chosen stance unknown; no automatic attack."
"EDdJFwarNIJIkP2E","Master's Counterspell","reaction","","16","class","symbolic","command","arcane","1","d5109ea2cbf47388bad1f0533552d7ced24c2afeb9418bdb514d37477752682d","packs/pf2e/feats/archetype/spellmaster/masters-counterspell.json","master-tradition counter pattern interrupts foe casting focus. Counteract conditional, no damage."
"y8l4omYxEWH7vihP","Meddling Futures","free","","2","class","themed","fortune","weapon","1","284270e363d99b2e1a4c355591fcd00f9be20343343bb5b910ac53038826494e","packs/pf2e/feats/class/oracle/level-2/meddling-futures.json","Meddling Futures: spirit consult; no Strike now; none; source runes; future-action-choice."
"Q9tL7cRTpPD04iPa","Meditate on This!","action","1","14","class","themed","preparation","mind","1","84a8e8c5ad5850a2a2701242bec43270235f43149c41460a05d85aa35a4a305b","packs/pf2e/feats/class/barbarian/level-14/meditate-on-this.json","Meditate on This!: resentful qi; no Strike now; none; source halo; future-retaliation."
"BEqXsP6UqARzpEFD","Megaton Strike","action","2","4","class","themed","heavyStrike","weapon","1","39d02454fad076a4f7f2b322ff2b6af4b4d0296b1a3ba334ab585f892a63f5f1","packs/pf2e/feats/class/inventor/level-4/megaton-strike.json","Megaton Strike: mechanism prime; 1 visible contact (same-target); innovation; single contact; gear-explosion."
"hlX7jYoS1s6srZC2","Megavolt","action","2","6","class","symbolic","lineCue","electricity","1","1fdef8c97adcbf797ba515e0d1e1a054bec28511fac5e207374a712329a48783","packs/pf2e/feats/class/inventor/level-6/megavolt.json","innovation electric reservoir bleeds into short damaging line bolt. Innovation origin; unstable larger line optional."
"s97nKj9Uye1KXr7A","Meld into Eidolon","action","3","1","class","themed","form","transform","1","0e691a13aabef849a0f654603d284a64f4023e02c8b0746ea863af1aaadf62e2","packs/pf2e/feats/class/summoner/level-1/meld-into-eidolon.json","source physical silhouette converges into eidolon form outline. Form merge, not sonic inspiration; no attack."
"kh4bTBgi3C9CjwHK","Melodious Spell","action","1","4","class","themed","preparation","sonic","1","51c0fb357751ea0cfeda41df026d5177c384cacfd14b98d02665ef0f21384c25","packs/pf2e/feats/class/bard/level-4/melodious-spell.json","subtle casting threads hide inside restrained performance notes. Optional social action, next spell no showy rune explosion."
"4F7suRtLfcurHqFI","Memory of Nothing","action","2","18","class","themed","command","mind","1","0eb827b2640e74dcc3fab84cf7d9f9b35aaef9753a6066d7714112354915ab6e","packs/pf2e/feats/archetype/apocalypse-rider/level-18/memory-of-nothing.json","look-and-gesture fractures target complex-action memory diagram. Later complex activity damage, not inspiration/heal."
"7UDWeLq8OAL04gHR","Memory of Skill","action","1","9","ancestry","themed","focus","spirit","1","4fea0b9fe4558772e4388c8bea23a11f5a727de922f313edafd50600d0d31065","packs/pf2e/feats/ancestry/samsaran/level-9/memory-of-skill.json","previous-life training echo settles into one skill focus. Temporary proficiency, not movement."
"7PlGRHizgieuYzDR","Mental Static","reaction","","8","class","themed","elementTarget","mind","1","85c92f8edb7a223cd4eeb26bfa0b84d3651198d02b49128e0dadb8fced29a443","packs/pf2e/feats/class/psychic/level-8/mental-static.json","resisted mind intrusion rebounds as stinging thought interference. Targets mental-effect source; optional image, no repeat effect."
"dCGg0nRvk8jUQxz8","Mercenary Reversal","action","2","18","class","themed","command","mind","1","ae265f4817ab07bb673d9a6ffe56863ae9412896710f99f6528fd2cd759ac7bc","packs/pf2e/feats/class/commander/level-18/mercenary-reversal.json","persuasive tactical argument reframes enemy alliance threads. Save-dependent allegiance, no mental damage."
"Mvw3ZFrdwMHedAxY","Merciful Elixir","free","","10","class","themed","craft","fear","1","48d29f7c90f273ca56c4073558ee15c11fae9a3192327b92d27ccd67e4fd6623","packs/pf2e/feats/class/alchemist/level-10/merciful-elixir.json","Merciful Elixir: calming additive; no Strike now; none; source glint; future-drinker-calm."
"R7EaZPYtsy5H8lwn","Merciless Rend","action","1","10","class","themed","elementTarget","blood","1","4721e8b9942f11447c38640a28b9cab8eaa77c8add6f5df738cdedc16e31e1ed","packs/pf2e/feats/class/summoner/level-10/merciless-rend.json","two existing eidolon cuts pull apart into one ripping wound pulse. Automatic secondary damage follow-up, no two new Strikes."
"gOHBzx5Rqa6TZcrm","Mesmerizing Gaze","action","2","6","class","symbolic","gaze","mind","1","de31e480ccc2ef710b73e0e7ebf0bc8eb3e7728acb4ac198fffce92a86042928","packs/pf2e/feats/archetype/celebrity/mesmerizing-gaze.json","locked gaze draws target attention into slow concentric eye rings. Fascination save-dependent, no damage."
"URtcR1BU2OgfKHfm","Metabolize Element","reaction","","8","class","themed","absorb","arcane","1","3e19810937cab461ea30031d9a41fcf93f25df00076eb8151c45da765df64935","packs/pf2e/feats/archetype/elementalist/metabolize-element.json","incoming elemental particles metabolize into movement-ready source glow. Quickened grant, no immediate movement or attack."
"HbdOZ8YTtu8ykASc","Metal Carapace","action","1","1","class","themed","guard","metal","1","d7064c576d8313b9fc18241dd71506ea8a9f2ce4b1f3214446df28f9d64bfc0e","packs/pf2e/feats/class/kineticist/level-1/metal-carapace.json","bent rusty metal sheets build fragile armor shell. Armor and optional shield; shatters on later critical damage."
"syyT2xBA4H72TpOt","Metallic Skin","action","2","17","ancestry","themed","guard","metal","1","001a0e07bc3c4e1b1a53d8efc9f9648d49da51e9b7ba2a6676066398f57fb4a2","packs/pf2e/feats/ancestry/versatile-heritages/talos/metallic-skin.json","thick elemental metal plating slowly covers natural skin. Resistance/AC and speed penalty; later fire bonus separate."
"stwRJTOKUru9AmQC","Meteoric Spellstrike","action","2","10","class","themed","ranged","arcane","1","7fafc43add69559244798d271dd1c6e03eb4b3c55396c3b16b6a853ad580a6f4","packs/pf2e/feats/class/magus/level-10/meteoric-spellstrike.json","ranged spell contact returns narrow energy trail toward source. Intermediate line damage excludes endpoints; not generic target impact."
"yj70CxBMXuyjqiIU","Might of the Realm","action","2","14","class","themed","heavyStrike","weapon","1","9a841e84e821b9dceee5ce2aacaed75c4098b74bd74d27a78bc480bfe815caf1","packs/pf2e/feats/archetype/prophesied-monarch/might-of-the-realm.json","Might of the Realm: knight presence; 1 visible contact (same-target); melee-or-ranged; single contact; resolve."
"xaSlCFYUXlu5f0zw","Mind Shards","action","2","6","class","symbolic","elementCone","mind","1","9ee10088e8c634d6844f59461c32cdc1b4331a9cb0ab2c4f2d4da68bd78db709","packs/pf2e/feats/archetype/mind-smith/mind-shards.json","mind weapon swings then breaks into psychic shard cone. Weapon reforms after; no physical splinter bleed."
"BSrYYphRONIkM19m","Mineral Deposits","action","1","9","ancestry","symbolic","preparation","metal","1","659b87b8c82ecdf0831d6a2ca49c822f4d982e6318d16f60ecc5b6d774eb8e06","packs/pf2e/feats/ancestry/versatile-heritages/dragonblood/mineral-deposits.json","bloodstream precious-metal sheen lines chosen natural weapon. Metal-type enhancement, no immediate Strike."
"u8hKEb71pI45XP1f","Minor Omen","reaction","","8","class","symbolic","fortune","light","1","ea9f07b92097527b9559c223db86772a4b8bef21070035d98437bbdce0eecaf4","packs/pf2e/feats/archetype/oatia-skysage/minor-omen.json","night-sky warning constellation reopens reflex-save focus. Reroll may fail; no attack."
"APfPNpUQlKlCAJkS","Miraculous Intervention","reaction","","12","class","symbolic","command","light","1","8c519f5fcc47d25a6789b6b33623f4d0a87b20b7b3b63863ad66cd1d94c1707e","packs/pf2e/feats/class/shared-class-feats/level-12/miraculous-intervention.json","whispered divine intervention interrupts adjacent hostile reaction ring. Level-based disruption or attack roll, no damage."
"fEzxwMCNyvooYqdn","Miraculous Repair","action","3","9","ancestry","symbolic","craft","arcane","1","0bfaceecefe902d9c40b1ef53d9402c967664a5b401bed91151e24aa471816af","packs/pf2e/feats/ancestry/shared-ancestry-feats/level-9/miraculous-repair.json","geniekin wish shimmer temporarily realigns mundane mechanism. Temporary functional repair, not creature heal."
"Nb8iLgQeuHU73hQM","Mirror Refuge","action","2","9","ancestry","themed","concealment","teleport","1","f0dfcd3843d435166da90c23f296b3c5c6d189cc2a3f66f9ec14563a7f6c4cee","packs/pf2e/feats/ancestry/versatile-heritages/reflection/mirror-refuge.json","source silhouette folds into adjacent reflective plane. Refuge not target damage; mirror break harm later."
"kQEIPYoKTt69yXxV","Mirror Shield","reaction","","10","class","themed","ray","arcane","1","d962d6c94be19f4ec05164fe1771ced006141fd74282d68351dd4508ee4ada3b","packs/pf2e/feats/class/fighter/level-10/mirror-shield.json","Mirror Shield: shield reflect; 1 visible contact (same-target); reflected-spell; return projectile; reflected-magic."
"h7KZXNRm1gLV1yTt","Mist Escape","free","","14","class","symbolic","form","water","1","fefa63d9a7c7c0c9dc9ccd63c1d27eb70ce8f224c14a55903da9748765ac6e83","packs/pf2e/feats/archetype/vampire/mist-escape.json","fallen body disperses into low coffinward mist silhouette. Not conscious healing; no immediate reconstitution."
"TvVqZHp7qvkPakKf","Mistaken Identity","reaction","","5","ancestry","themed","fortune","mind","1","65dec7180761c071fd8e930c4a08ce38f0eb1cdd25404cfb2c05d54bd2622d3e","packs/pf2e/feats/ancestry/versatile-heritages/reflection/mistaken-identity.json","Mistaken Identity: progenitor echo; no Strike now; none; source afterimage; save-reroll, source-fear."
"EOYxsteDMSSZovfV","Misty Transformation","reaction","","6","class","themed","concealment","water","1","fa7787a1af03571bd8cbaa2a49e016da6ccbec04682a4f8e46059a03b6d6eb47","packs/pf2e/feats/class/druid/level-6/misty-transformation.json","new form releases low hazy cloud around occupied footprint. Concealment cloud after transformation, no repeat polymorph."
"jCIBYryi6Y3JwmqH","Mixed Maneuver","action","2","8","class","themed","maneuverCombo","weapon","1","628594c2f57843e598adf5afa4eb0e218699684a4fa1d9a5632364e01a19be63","packs/pf2e/feats/class/monk/level-8/mixed-maneuver.json","two distinct maneuver cues flow sequentially between grip and balance lines. Chosen maneuvers same/different targets; no two generic weapon hits."
"Px1QZY0NdO9WAQQS","Mobile Finisher","action","1","12","class","themed","charge","weapon","1","16937b927ff843abc1f4e08e90c84af98d0caf4a58e2f5e6ceb792577a7c9f37","packs/pf2e/feats/class/swashbuckler/level-12/mobile-finisher.json","Mobile Finisher: sprint; 1 visible contact (same-target); melee-or-ranged; single contact."
"AyP23H3WJkEAIEKd","Mobile Magical Combat","action","1","16","class","themed","charge","arcane","1","d7cbb41f6b9b457cca33f8f7479136b9ac553b2a0a3d2bf6e02d042ece3f19d6","packs/pf2e/feats/archetype/spellmaster/mobile-magical-combat.json","Mobile Magical Combat: spell follow up sprint; 1 visible contact (same-target); melee; single contact; arcane-echo."
"rByA8NDI6ZtNgBeT","Mobile Shot Stance","action","1","8","class","themed","stance","weapon","1","25f832e0d8d3d45298403122026d9dd38b1f93c6499b1c59a06b237bf285653e","packs/pf2e/feats/class/fighter/level-8/mobile-shot-stance.json","loaded ranged weapon readiness aligns with nimble source footwork. Stance only; no shot or Reactive Strike now."
"WlgaSpTSGQQrHKlx","Mockingbird's Disarm","reaction","","10","class","symbolic","bind","weapon","1","533aa33e891bad93ae8065a16c478d3ff967b1f29279adb69d9beeb61168382a","packs/pf2e/feats/archetype/acrobat/level-10/mockingbirds-disarm.json","passing tumble echo flicks foe wrist and weakens weapon grip. Disarm check, not new damaging Strike."
"IwETJ7fhszmlNo7X","Moisture Bath","action","1","9","ancestry","themed","restoration","water","1","c4f87447bf1c7b82178b70074eee1bbf9b69fad9f7387f16eeed570dd08bc2e6","packs/pf2e/feats/ancestry/tripkee/level-9/moisture-bath.json","Moist mantle opens slowly; hot and cold wisps contract into skin, leaving cool rim. Recovery requires successful flat check; cosmetic only."
"i5VCpYIZYQEWgY5S","Moldersoul","action","2","1","ancestry","symbolic","preparation","earth","1","509aa9cd9c639b4619b1a9dac915ad697414e7a6ec5d2d099a6dbe077e28993c","packs/pf2e/feats/ancestry/versatile-heritages/ardande/moldersoul.json","Decaying wood flecks gather into fertile seed glow. Grant acquisition, not automatic Decompose execution."
"pyaPfKPAN4H7hkLM","Molten Wire","action","2","6","class","themed","bind","fire","1","a43e0c343ccc51cc470405d340c717f03049d147a192f1041ff6b89174b0da38","packs/pf2e/feats/class/kineticist/level-6/molten-wire.json","Spiral thin molten lash closes into crossing wire coils with staggered ember contacts. Binding and burning conditional on success; no forced condition."
"vRXPsMbyuvoPvbAQ","Moment of Clarity","action","1","1","class","themed","resolve","arcane","1","8a401fdb4f9c056ad837a423b883fdac61fc52d612d41c5e2f89eaaee0f6d734","packs/pf2e/feats/class/barbarian/level-1/moment-of-clarity.json","Moment of Clarity: rage clear; no Strike now; none; source focus; concentrate."
"QlBQEkFqiYsU2Y3x","Momentous Charge","action","2","6","class","themed","charge","weapon","1","da4b7d4ee2178fda4f1e24323717c7bd7d639a045b354bc1267bbb12df48630d","packs/pf2e/feats/class/monk/level-6/momentous-charge.json","Momentous Charge: goat rush; 1 visible contact (same-target); horn; ram; push."
"k4TsVHoGtBJNJw8a","Momentum Strike","action","2","10","class","themed","heavyStrike","weapon","1","93faae0d66b973a51213e0762b067ce00ebaa24ad82376086b6a31fa8d4b4c25","packs/pf2e/feats/class/guardian/level-10/momentum-strike.json","Momentum Strike: weighted swing; 1 visible contact (same-target); melee; horizontal; reposition, collision."
"YG2RxXE9SMfwo6wP","Monastic Archer Stance","action","1","1","class","themed","stance","weapon","1","d78d92938c7f01ae3192aa76f8018b0b9cb2880c4b610738ffda1628b67393f5","packs/pf2e/feats/class/monk/level-1/monastic-archer-stance.json","Measured bow-ready settle; two narrow aiming arcs hold position. Stance entry only, no arrows fired."
"q4DpMWlSQOvl1CIw","Moray Ambush","reaction","","17","ancestry","themed","charge","water","1","9011dda89adc90e059630d06b33cdc1a575767edd2a5f2d169c2cd138c3c0523","packs/pf2e/feats/ancestry/athamaru/level-17/moray-ambush.json","Moray Ambush: hidden swim; 1 visible contact (same-target); melee; thrust; water-afterimage."
"sbAb2a6BzZpcYv8y","Mother's Mindfulness","reaction","","9","ancestry","symbolic","targetSupport","ward","1","6d8fe7e4c3282a12e84d16c48961e77046e6a1ea580b43ef19f803907710fd70","packs/pf2e/feats/ancestry/versatile-heritages/changeling/mothers-mindfulness.json","Interposing lateral body echo crosses an ally-facing steel arc. Cosmetic offset only; do not retarget documents."
"hO4sKslTrSQMLbGx","Mountain Quake","action","1","14","class","themed","elementAura","earth","1","fed50b60a91091996dff829f62b54da9cd47e74719b6038a3de2eaf07e60a294","packs/pf2e/feats/class/monk/level-14/mountain-quake.json","Heavy stomp followed by expanding fractured ground ring. Prone outcome conditional; no forced knockdown."
"ZL5UU9quCTvcWzfY","Mountain Stance","action","1","1","class","themed","stance","earth","1","6495049c840264dc58bacfcabbec0b87460753b5df7c0547b31fcb50747f2ace","packs/pf2e/feats/class/monk/level-1/mountain-stance.json","Low weighted settle; angular stone shoulders close around feet. No falling-stone Strike on stance entry."
"n2hawNmzW7DBn1Lm","Mountain Stronghold","action","1","6","class","themed","guard","earth","1","c54d5df05c91fc08d1ead262e8544b6fb2db3661b89bbb49ce399c07cce31d53","packs/pf2e/feats/class/monk/level-6/mountain-stronghold.json","Two upright rock facets rise slowly into compact buttress. Protective stance reinforcement, no outgoing hit."
"4k80lxXishAcELDg","Mounting Leap","action","1","4","skill","themed","movement","wind","1","15f500441f7a9fa2c70577a15c1fbe7abadc7ff8d184abac6cc51304023b630c","packs/pf2e/feats/archetype/cavalier/level-4/mounting-leap.json","Single arched leap echo ends in soft saddle-height settling pulse. No actual relocation or mount mutation."
"yM8ITsQuIAxPu1YT","Muckraking","action","3","16","class","themed","elementTarget","mind","1","1873074eedbbcc0db41da83130b379e678c053bafa0320be90a679d1befb8b12","packs/pf2e/feats/archetype/venture-gossip/muckraking.json","Fan-shaped spoken ripples unfold, then target sharp paperlike mental accents. Stun and lost reactions conditional, no forced outcomes."
"htOsE4hnSj2gzKdi","Mug","action","2","4","class","themed","strike","weapon","1","b70a75562fd9ba43cc2ee350f0c1e5e332527a5f02640d8ece660f517c08e15f","packs/pf2e/feats/class/rogue/level-4/mug.json","Mug: quick slice; 1 visible contact (same-target); melee; single contact; steal-glint."
"RzhnxgiAopWILCvs","Multishot Stance","action","1","16","class","themed","stance","weapon","1","a5d1acdc3abc91235045b184859b420361b54dcdea1e833f04ebca84ccc668dc","packs/pf2e/feats/class/fighter/level-16/multishot-stance.json","Stationary brace with three aligned aiming glints. No future Double Shot or Triple Shot emitted."
"uBOToHKQJr5JBEsg","Mummy's Despair","action","2","6","class","themed","dread","mind","1","f57379905d692d8f70d3e4cdcddaac42daf17a7ba51c0e63f0540071fe1b9688","packs/pf2e/feats/archetype/mummy/mummys-despair.json","Mummy's Despair: anguish outpour; no Strike now; none; source halo; nearby-fear."
"IdKfWg48qMieuzl7","Murderer's Circle","action","1","14","class","themed","charge","weapon","1","8b4279be378fc8b8da850995f6f8189a3b93ffccde5bf167dd28b92246f39ea3","packs/pf2e/feats/archetype/provocator/murderers-circle.json","Murderer's Circle: attack then circle; 1 visible contact (same-target); melee; lateral slash; off-guard."
"C5CweUNPP7HlRfBM","Muscle Mimicry","reaction","","7","skill","symbolic","focus","weapon","1","5a1919415d36fae2639443f473c0886853d9fb23a3a09b09b37fe767b4c3441e","packs/pf2e/feats/archetype/alter-ego/level-7/muscle-mimicry.json","Observed maneuver silhouette folds inward as single learned-motion echo. Learning only; no immediate maneuver."
"4Gl55zsGU6TkSKOJ","Musical Summons","action","3","14","class","symbolic","performance","sonic","1","6bb863a2f0a2d90a6a1128cd0f92d2b558802a08d968165ed8ecbfe78afbf003","packs/pf2e/feats/class/bard/level-14/musical-summons.json","Three ascending musical waves open animal-shaped summoning circle. No creature spawning; symbolic summon silhouette."
"SWNmYaj0OSPhhIqO","Mutate Weapon","action","1","5","ancestry","themed","form","blood","1","b3c40be74b9bd44672e9a1e88a817c1aebe8259826357538ccf4cd964082501f","packs/pf2e/feats/ancestry/fleshwarp/level-5/mutate-weapon.json","One limb echo lengthens through flesh-colored ripple then hardens. Weapon mutation only; no Strike or movement."
"zqGSwbm3jM2JGAy5","My Kingdom, My Blood","action","3","16","class","themed","guard","blood","1","de35374251fc92d00feb945d88cc183ef0c19a0d67948a7e7ad9e7b4885b8002","packs/pf2e/feats/archetype/prophesied-monarch/my-kingdom-my-blood.json","Stride trail settles into planted fist pulse; broad blood-red protective ring spreads. No actual Stride or HP transfer; choose optional movement manually."
"eIW5p8qqvsx2MFkY","Mystery Conduit","free","","20","class","themed","spellshape","arcane","1","46e0dd18fb2a602b9504a8f7f5bff745e38c43cdddd786e0159489e3689bda19","packs/pf2e/feats/class/oracle/level-20/mystery-conduit.json","Quiet mystery aperture opens behind focus, holds one reserved spark. Preparation only; subsequent spell separate."
"pkfa1pc72gOeyO4c","Mystical Flare","action","1","16","class","themed","concealment","light","1","c2221792c43930f14a0b3fe2da77aafe9c01416d12e195cac36c90e81affd632","packs/pf2e/feats/archetype/wildspell/mystical-flare.json","Small irregular flare clusters fill rim outward, creating luminous veil. No blindness/condition mutation."
"5ttqjN59TWIMImc3","Myth Hunter","free","","1","skill","themed","focus","weapon","1","b857478f5d406db1603df0bdc6fb96f8732c4d489cd5cdbc9069a5ef99a086fc","packs/pf2e/feats/skill/level-1/myth-hunter.json","Prey study glint narrows to armor-gap reticle then folds into weapon readiness. No immediate Strike; resistance bypass prospective."
"ejOTX1ukDVNorpt2","Mythic Casting","action","1","10","class","themed","spellshape","arcane","1","7906da891060f5dad39ee0d25d44c320a0cf6b1ca6f7f0a30ff0df420175a7e5","packs/pf2e/feats/mythic/mythic-casting.json","Mythic sigil charges in two concentric tiered rings. Subsequent spell separate."
"y3E0V6Nmq7HElfDT","Mythic Containment","action","2","10","class","symbolic","bind","arcane","1","ac863c263de83367607ccfc984531b45e9f4dd709fa8f8bb1b3ef664b70958b9","packs/pf2e/feats/mythic/mythic-containment.json","Bag-sized portal rim opens; small target echo contracts toward aperture. Containment conditional, no actual hiding/moving token."
"7GGvKGwLiUGpAxxH","Mythic Counterspell","reaction","","6","class","symbolic","counteract","arcane","1","1fc898be7548187d709d5eb11c2c793295c76028bfff0859eaf038811bb926b8","packs/pf2e/feats/mythic/mythic-counterspell.json","Opposed runes meet and extinguish in a crisp inward collapse. Counteract success conditional."
"zox6jHcyZwkItalI","Mythic Heightening","action","1","14","class","themed","spellshape","arcane","1","a3fe3708e3d3b9921c6a9657660a56fac62e62f0221bda92e0d245dfbccfcf74","packs/pf2e/feats/archetype/wildspell/mythic-heightening.json","Spell tiers climb vertically into one bright upper-tier sigil. Future spell not emitted."
"Oef5B7jxmu5nFxLa","Mythic Refocus","action","1","8","class","symbolic","restoration","arcane","1","9e4f934966d17362afe296d00aa595b368cc859f1e94b2db46b896dbfcf2292c","packs/pf2e/feats/mythic/mythic-refocus.json","Empty focus beads refill one after another around inner ring. No resource mutation."
"toGkX6UVPq1Z1NjB","Mythic Strike","action","1","10","class","themed","strike","ward","1","cf9a10c67ad1a39efab2570f61f9936ffe6113ecf3a51987dbae0702f0b0d1c3","packs/pf2e/feats/mythic/mythic-strike.json","Mythic Strike: mythic charge; 1 visible contact (same-target); melee-or-unarmed; single contact; mythic-glint."
"tB6V6rWv8vAFsKsX","Nanite Shroud","action","2","5","ancestry","themed","concealment","metal","1","5bffec2d89f0e4d8fa71bd594bc71f04cd1c24cd6cba0c34bc47c95bf09c53d3","packs/pf2e/feats/ancestry/android/level-5/nanite-shroud.json","Dense tiny circuitry motes leave skin, orbit in broad mechanical cloud. Position remains obvious; no hidden-token effect."
"JS24EjgLYcHB9E3T","Nanite Surge","reaction","","1","ancestry","symbolic","focus","light","1","051833230cc2a7550631fb6c610a957d6d743a6b5ed68c25ee40ef003ecc4b6f","packs/pf2e/feats/ancestry/android/level-1/nanite-surge.json","Circuit lattice brightens sharply then radiates thin dim-light ring. Skill boost cue only."
"nLlbcEZ5w4bsgMye","Natural Conduit","action","1","4","class","themed","spellshape","earth","1","941ac051e99cefc6e128ff68ada6e044417a41bbab4ae3efa1f5ec3f6da4b93b","packs/pf2e/feats/class/ranger/level-4/natural-conduit.json","Leaf-thread conduit connects source to friendly animal then settles at animal focus. Subsequent spell separate; friendly target only."
"gYY7PfUk3nPXBiGF","Nature's Embrace","action","1","4","class","symbolic","groundCreation","earth","1","3885f7df8e65faaf471b211f0e4f2ea713de5f233e3fa1e1c8b0cb896442f4d9","packs/pf2e/feats/archetype/world-rouser/level-4/natures-embrace.json","Roots reach outward while ground ripples and small wind sweeps cross rim. Difficult-terrain visual, no immediate damage."
"9gGObk9p4gnXf9co","Needle in the Gods' Eyes","action","2","16","class","themed","doubleStrike","weapon","1","0aa6c51efdfb2ec6c9ed731937cdc8571267a837420efd5af146c3cd77926463","packs/pf2e/feats/archetype/warrior-of-legend/needle-in-the-gods-eyes.json","Needle in the Gods' Eyes: high leap; 2 visible contacts (same-target); melee; aerial pair; aerial-afterimage."
"J8HLcsOkAcXfTxYy","Negate Damage","reaction","","18","class","symbolic","guard","metal","1","457052a8310b996384723b788388b9e0b5112ba754fb396607c99b068834cb83","packs/pf2e/feats/class/inventor/level-18/negate-damage.json","Prepared armor plates flash sequentially into repulsion fan. No actual damage reduction; unstable variant optional."
"Btu0tA6SEBS6K1hE","Never Tire","reaction","","4","class","themed","resolve","sonic","1","f3dc6f3e228b18ea0733abb72d18f646fa226c43755c58b16515ed03899948f0","packs/pf2e/feats/archetype/celebrity/never-tire.json","Wavering performance ring recovers into steady rhythmic halo. Delays fatigue, no healing or fan-target attack."
"Pk6qGMlef5SMhhwE","Night's Warning","reaction","","14","class","themed","fortune","light","1","fa8284515fef6318507a3db664336c41215f1ac6ccfdefca35757c72effa4307","packs/pf2e/feats/archetype/oatia-skysage/nights-warning.json","Night-sky star path glints above head, then evasive side echo. Defense omen, no outgoing strike."
"PMvwXlZHHFuPGrPD","Nightwave Springing Reload","action","1","6","class","themed","movement","weapon","1","17db0b5158c4fb57ffa8225d2cc50928876822d6bd57eec1dcacbb3bd422ac9f","packs/pf2e/feats/class/gunslinger/level-6/nightwave-springing-reload.json","Springing arc echo with reload chamber glint before soft landing. No shot; reload and jump order configurable."
"dNH8OHEvx3vI9NBQ","Nimble Dodge","reaction","","1","class","symbolic","movement","wind","1","57b13c0db450f94b682919311de0eb51284d4c3313eaa9cf431d46e26a9037f4","packs/pf2e/feats/class/rogue/level-1/nimble-dodge.json","Short clean sidestep echo trails once, then recovers stance. No relocation or automatic attack miss."
"6ON8DjFXSMITZleX","No Cause for Alarm","action","3","1","skill","themed","targetSupport","mind","1","e0c28adf2dcfab027dc42131053b3a963cee980053c4c376478d1fbeaec3af33","packs/pf2e/feats/skill/level-1/no-cause-for-alarm.json","No Cause for Alarm: encouragement; no Strike now; none; ally halos; fear-clear, resave."
"lT8XlX1Ig900BblS","No Escape","reaction","","2","class","themed","movement","wind","1","3edd0116446835c6632e76933c364dac56b096276eae59537f121161b18e10a1","packs/pf2e/feats/class/barbarian/level-2/no-escape.json","Low forward pursuit echoes remain level and stop with faint tether cue. Primary Stride, optional Fly does not imply levitation."
"nXbczPfLNbuosNLE","No Gods, Only Mortals!","free","","10","class","symbolic","command","sonic","1","87956c8a97fd3ea4a940bc98243561526eeea34f1f3acdcd6819ca4e90089a43","packs/pf2e/feats/archetype/pure-legion-enforcer/level-10/no-gods-only-mortals.json","Single forceful spoken wave collides with divine sigil and dims it. Counteract conditional, no damaging projectile."
"siAyL2fB3iSNmMRA","No Need to Fear","reaction","","18","class","symbolic","resolve","mind","1","1c2a5296e4c797ad707d5ce7ff6e1842b1365d0d12e161002e0b44b2df67e74a","packs/pf2e/feats/archetype/golden-legionnaire/level-18/no-need-to-fear.json","Warm spoken reassurance crosses ally-facing arc and dissolves fear wisps. Counteract conditional; ally support."
"XHy9inDi3oGZNd43","No! No! I Created You!","reaction","","1","class","symbolic","counteract","metal","1","70ce86f4346471d8cfc2f506c76a0edcb78820920f5eb5ec885f73ee04ac9886","packs/pf2e/feats/class/inventor/level-1/no-no-i-created-you.json","Creator call ripples around companion; mechanical control threads snap outward. Construct ally only, counteract conditional."
"quqG3jfWFdopF0G2","No!!!","reaction","","12","class","symbolic","resolve","mind","1","5fa36d6811dd897f0621212e66297c201179d403318fefd8d7c8fd36d689fcc6","packs/pf2e/feats/class/psychic/level-12/no.json","Shock tremor spills into wide psychic surge with broken limiting ring. Do not choose optional psyche action or heal downed ally."
"B7VfoCspflTNfmde","Noble Bloom","reaction","","5","ancestry","symbolic","targetSupport","plant","1","d15299d84db833772016d23b23a0de664b7ea8e38199e21a8ea63c4e582f9981","packs/pf2e/feats/ancestry/leshy/level-5/noble-bloom.json","Chrysanthemum blooms over source, petal bridge reaches endangered ally. No automatic HP or wounded mutation."
"K0zDniOVUL4C77lk","Noble Sacrifice","reaction","","16","class","themed","targetSupport","ward","1","8478123d8675761882179d59a7e5006249fa39ffd0c913ff175bce43575c6a1e","packs/pf2e/feats/archetype/prophesied-monarch/noble-sacrifice.json","Knight-facing side echo interposes behind raised steel shield crescent. No actual exchange of token positions."
"6QOcQ8ooP1vjQACX","Nonlethal Spell","action","1","2","class","themed","spellshape","arcane","1","13f2453b294b2d8158530852aecff9b6e1732a91212436099f27a10dd9ba4c86","packs/pf2e/feats/class/wizard/level-2/nonlethal-spell.json","Harsh spell edges soften into rounded subdued motes. Prepares future spell, no attack emitted."
"46mkvetP7cdi7LO0","Not So Fast!","reaction","","4","class","themed","strike","weapon","1","5e40d9c4cc6c9a2deae68a82d3ab9c66a643a8c32364cf51aff233324e8effea","packs/pf2e/feats/class/guardian/level-4/not-so-fast.json","Not So Fast!: reach counter; 1 visible contact (same-target); melee; hook; slow."
"gDvLmqxAtxY3LVaH","Nothing Personal","action","1","8","class","themed","focus","weapon","1","3bdd1770ec1eb15e466d76ebe4f8f26183bbc5eabd9c3ca9a278985e753464a2","packs/pf2e/feats/archetype/blackjacket/nothing-personal.json","One restrained target reticle tightens into single impediment mark. Designation only, future Strike separate."
"IAnUKY3QI8K32yJw","Now You See Me","action","1","14","class","themed","concealment","time","1","50b526ebfdabf1edeca87ffa1d083b7ed99c34f02d7c04f64436fa44ba53e4c2","packs/pf2e/feats/archetype/timewracked/now-you-see-me.json","Three offset timeline echoes flash along short level stride trail. No forced relocation or off-guard mutation."
"acJkVtpX2GUvl90E","Nudge the Scales","action","1","1","class","themed","healing","spirit","1","62507e6597afdb6020436b64457eaabbd4533cebfc37924fd0de4afba579f7c5","packs/pf2e/feats/class/oracle/level-1/nudge-the-scales.json","Balanced paired life/death lights tilt softly into target restorative ring. Life/death alignment chosen during preparations, not inferred."
"eYPIM3TIr0CwseSx","Null Field","action","1","10","class","themed","guard","arcane","1","4f7d74e3ecc485f7e79e7dc830f90ca19dd3e30f3038a9e4795b47b1f32401bd","packs/pf2e/feats/archetype/living-nexus/level-10/null-field.json","Inner nexus lattice tunes into one dampening spherical band. Energy selection configurable, no damage pulse."
"1gtWb6lKWMw1Wp1q","Ocean's Balm","action","1","1","class","signature","waterHeal","water","1","719cb2c69d55562eb6f59a2c8a9495b482f7a45616d84535a3ad51713d5acd97","packs/pf2e/feats/class/kineticist/level-1/oceans-balm.json","Touch-sized sea droplet spreads over wounds, cool foam extinguishing flickers. Living ally only, extinguishing conditional."
"0Ay5ZeuTkJFdfauC","Ocular Flesh","action","1","14","class","symbolic","craft","blood","1","244336163a48492c2afb79f762e81d2e400131e0d518d5819667436012b2a878","packs/pf2e/feats/class/necromancer/level-14/ocular-flesh.json","Marble-sized fleshy iris forms in compact wet ring then settles. Creation only; no immediate remote look or throw."
"cexPKeX0kBKGd2TR","Oil Fire","action","1","2","class","themed","elementTarget","fire","1","afca12ecbb8d19fabffcacbea13460b15bf7aa878ac7e1f24e1e65dd43b37768","packs/pf2e/feats/class/inventor/level-2/oil-fire.json","Oil droplets spray at grabbed foe, ignition follows in tight gauntlet-height flame. Damage and continuing grab conditional."
"cayKGa2yK7Gwvk6m","Olethros's Decree","action","1","17","ancestry","themed","preparation","spirit","1","c83e4f56fa8068af0ef59d17cf0b1424d80576bf9831c7771883bcfdc4e59dca","packs/pf2e/feats/ancestry/versatile-heritages/duskwalker/olethross-decree.json","Olethros's Decree: bow silk fate; no Strike now; none; source runes; future-bow-shot."
"gQwGwW3uPeAQMAyk","Omnikinesis","action","1","20","class","symbolic","preparation","arcane","1","7f4cfd0ca38525ba867032b66028d1cdc975064818c2372f5b030030278cd96c","packs/pf2e/feats/class/kineticist/level-20/omnikinesis.json","Kinetic gate facets rotate into new aligned elemental slot. Reconfiguration only, no impulse executed."
"H1kZ8nqvHlAazM35","On Borrowed Time","action","2","10","class","themed","time","mind","1","5ff4644e17ca3cfc2417e2a624af6b76e1d343f7937213c97f1f708f8ffec7fd","packs/pf2e/feats/class/oracle/level-10/on-borrowed-time.json","Target clock arcs accelerate through two offset loops, ending with mental fissure. No future persistent ticks or duration mutation."
"lFNyIFWPPXpS0qRM","On My Best Day","action","1","18","class","themed","guard","spirit","1","c252b627a649dafa1b4f88a27b98efddbaec1b52ddd3514e257cb318d7232bee","packs/pf2e/feats/archetype/heroic-scion/on-my-best-day.json","Heroic memory echo rises behind body then closes into steady armor outline. Defense strength conditional on check."
"bCizH4ByTwbLcYA1","One for All","action","1","1","class","symbolic","targetSupport","sonic","1","bb4ec71c05629701aa7ff28a233e985271e39ffbac6330adebf0b09226caf49f","packs/pf2e/feats/class/swashbuckler/level-1/one-for-all.json","One clear spoken ribbon carries warm ally-focused readiness spark. Aid reaction separate, no immediate success granted."
"OxdlGZ1rndxalf6X","One with the Spirits","action","1","16","class","themed","form","spirit","1","60bb35c08f05f06955f651bcb8b01bb450d7616d8904dbb196fa23a12f67a137","packs/pf2e/feats/archetype/rivethun-invoker/one-with-the-spirits.json","Spirit fragments phase across skin as diffuse spectral silhouette. No future resurrection or Strike."
"jaAnxfXVmUQy0IKU","One-Inch Punch","action","2","6","class","themed","unarmed","weapon","1","30db7d5ad56d7bc5495730ad1537c5a8fc62bf7bf992e57843c6d646dd129ff6","packs/pf2e/feats/class/monk/level-6/one-inch-punch.json","One-Inch Punch: compact center; 1 visible contact (same-target); unarmed; short punch; compressed-shock."
"YDbWz3ZhH3Odk71A","One-On-One","action","1","12","class","themed","strike","weapon","1","f7a55d199340ecbbd963cd813fd2da1902f8288147bb42d5d65f0b0f193fdcc1","packs/pf2e/feats/archetype/aldori-duelist/level-12/one-on-one.json","One-On-One: feint; 1 visible contact (same-target); sword; thrust; feint-first."
"fD3RSV9nIkJsW6lD","One-Toed Hop","action","1","1","ancestry","themed","movement","wind","1","4728399ea67e3bed93000d62928a4a1d16a7ff5ef87d1508bab42b5e31816c37","packs/pf2e/feats/ancestry/tengu/level-1/one-toed-hop.json","Two toe-height preparatory bobs lead to one vertical hop echo. No actual position update."
"iCNNMJeGvsIzza4A","Oni Form","action","1","1","ancestry","symbolic","form","blood","1","9fcf710a09146310703950b28c832bddb7c0036d3ccc360de170b0d325d8a9ed","packs/pf2e/feats/ancestry/versatile-heritages/hungerseed/oni-form.json","Horn glints precede expanding muscular silhouette with slow settle. Cosmetic enlargement, no size/stat mutation."
"Canug4VdAMqycpAJ","Oni Rampage","reaction","","13","ancestry","symbolic","resolve","blood","1","1f41d11698a07cbde69c2146cf49052baa66a1a8a5ab101dc802eec5134e35bb","packs/pf2e/feats/ancestry/versatile-heritages/hungerseed/oni-rampage.json","Blood-red edge sparks surge into forward haste streaks around source. No attack or HP mutation."
"lFc7HTNUCUemzSiV","Open the Blazing Eye","action","2","10","class","themed","perception","arcane","1","24562b304508e07e27b4e043b2e523b38dc058470da97c99bf8fe39d7930a09e","packs/pf2e/feats/archetype/palatine-detective/open-the-blazing-eye.json","Open the Blazing Eye: forehead flame; no Strike now; none; source eye; see-unseen."
"yeSyGnYDkl2GUNmu","Opening Stance","free","","14","class","symbolic","stance","weapon","1","9660f4546aff2e5ac98d5edd7234516eb8ae93202c488edfa9e048f977505aa6","packs/pf2e/feats/class/shared-class-feats/level-14/opening-stance.json","Quick thought glint then grounded stance-ready settle. Specific stance unknown, neutral entry cue."
"PuyvasWeofGMrhpu","Opportune Backstab","reaction","","8","class","themed","strike","weapon","1","a6242d4e6100a2b28377230b7a1394147528987a534d15fb8f7e423d6ec75f8c","packs/pf2e/feats/class/rogue/level-8/opportune-backstab.json","Opportune Backstab: ally opening; 1 visible contact (same-target); melee; narrow thrust."
"3q7uo810lJJ09ghv","Opportune Opening","reaction","","10","class","themed","strike","weapon","1","f85d808150aa7c3bb9f3a9582071b5ed728a9480e90386fac5bd5c6ac3c528cb","packs/pf2e/feats/archetype/blackjacket/opportune-opening.json","Opportune Opening: ally critical opening; 1 visible contact (same-target); melee; counter thrust; off-guard."
"2LdncNMDNJW5Oeyu","Opportune Throw","reaction","","16","class","themed","ranged","weapon","1","0aef461c8436be9109cb283bda919c3840babf2a78fee429c263dac600348c6a","packs/pf2e/feats/archetype/juggler/opportune-throw.json","Opportune Throw: juggle counter; 1 visible contact (same-target); thrown; projectile; disrupt."
"B51a2EwAD84xVX1n","Opportune Trickster","reaction","","6","class","symbolic","feint","mind","1","37a5aa3281355fe27cb08ebedbe7d618341f58c9984343f604ab7c49363e3353","packs/pf2e/feats/archetype/hellbreaker/level-6/opportune-trickster.json","Underhanded false-hand echo distracts target from ally-facing attack lane. No extra Strike; condition/check outcomes conditional."
"BVHDkBa4JMmmj5Sn","Opportunistic Grapple","reaction","","8","class","themed","bind","weapon","1","b1dfae8c91e6c34d09204c8f172dc5ea984c958d660fbf6c9339c4afa2ce918c","packs/pf2e/feats/archetype/bounty-hunter/opportunistic-grapple.json","Open-hand capture arc closes briefly around prey silhouette. No guaranteed grapple condition."
"Gcliatty0MGYbTVV","Oracular Warning","free","","1","class","symbolic","targetSupport","mind","1","ab62fd3853a51fa10d0df68977092b0d52190c3398728f39f2214dc187005e96","packs/pf2e/feats/class/oracle/level-1/oracular-warning.json","Premonition star flashes above source; warning waves fan toward allies. Initiative support, no incoming attack invented."
"beGvN5LNWgaISMD8","Orbiting Runestone","action","1","12","class","symbolic","rune","earth","1","b777018377624a731201ea2bd657246a42d82473a84a609d52d54231cf282b55","packs/pf2e/feats/class/runesmith/level-12/orbiting-runestone.json","One stone chip lifts into slow orbit with etched rune glow. Do not prematurely explode or invoke future retaliation."
"PlhPpdwIV0rIAJ8K","Orc Ferocity","reaction","","1","ancestry","symbolic","resolve","blood","1","1cd5fff41bdb7393efbd352e9f1bba24ba7536c798853f4370bc466a4ba610b3","packs/pf2e/feats/ancestry/orc/level-1/orc-ferocity.json","Faltering low crimson pulse rebounds into fierce upright flare. No document HP or wounded mutation."
"EFhh3AenX7wtAmrs","Orc Superstition","reaction","","1","ancestry","symbolic","guard","ward","1","d43f5438974e41b4f521a589428d734f1c7a88c202c10d4bf1116890712899b4","packs/pf2e/feats/ancestry/orc/level-1/orc-superstition.json","Rough cultural ward knot forms from crossed strokes then holds. No counterspell or guaranteed save."
"cbEodcnBKzx5ii3B","Orchard's Endurance","action","1","14","class","themed","stance","plant","1","a4c4c6ef2daae042d6e106ce87970ee8b3ac7b9690baa31220fa8f969bff906f","packs/pf2e/feats/class/kineticist/level-14/orchards-endurance.json","Layered bark scales assemble around source and selected ally feet. Resistance stance only, no attack."
"E5ewlRE6Mh9ZqUMu","Ostentatious Arrival","free","","6","class","themed","spellshape","fire","1","925eac30a087f202521adee0d9ef2f1b17ab3252e45bceebe66849263f61ee53","packs/pf2e/feats/class/summoner/level-6/ostentatious-arrival.json","Reserved ignition spark swells inside summoning-ready circle. Do not explode now; damage belongs to future summon."
"KU6nyh8DyQ7NoRQj","Ostentatious Reload","action","1","4","class","symbolic","preparation","weapon","1","cefd7c8229ee990e18bddcd89e5b496a91cd16a71a10030aa7227de9c443fe73","packs/pf2e/feats/class/gunslinger/level-4/ostentatious-reload.json","Two firearm echoes turn around separate chamber glints in showy stagger. Reload only, no gunshot or forced dropped item."
"3U8b87FDWFIuMfMY","Osteo Armaments","action","1","4","class","symbolic","craft","earth","1","5a65cfb8b6f70f30991d6e7ab0cc1ae6b84ac07519bee1b61719abdacb06456b","packs/pf2e/feats/class/necromancer/level-4/osteo-armaments.json","Bone shards and sinew assemble into compact weapon silhouette. Weapon creation, no attack or thrall destruction unless chosen."
"dqzpn2ApipUI6cOl","Overburdening Spell","action","1","10","class","themed","spellshape","void","1","22302dd4be872a0cd08b7344709998dcc17885b48edf73f6ecaea1c35d9c018c","packs/pf2e/feats/class/necromancer/level-10/overburdening-spell.json","Heavy dark rune sinks along lower focus rim in measured downward bands. Preparation only; no target slow imposed."
"xCi23uEFef9jhtlM","Overclock Senses","free","","2","class","symbolic","perception","time","1","c89c14ebdbf73cb754cac0dc278f702979cdb4b28823eb09701a10d4eb927c53","packs/pf2e/feats/miscellaneous/deviant/overclock-senses.json","Time ring widens around eyes then emits broad scanning fan. No automatic reroll or truesight outcome."
"NBvhmNqneeok7ZOr","Overdrive Ally","action","1","8","class","themed","targetSupport","metal","1","09f9565c4cdc3ba8e69f8aed1d26cbd263582b603e581cf36647b62a5b21c240","packs/pf2e/feats/class/inventor/level-8/overdrive-ally.json","Powered mechanism glints arc to ally then engage gear-like halo. No damaging impact or immediate ally Strike."
"tIE2umG4rQOxm8D8","Oversized Throw","action","2","4","class","themed","ranged","earth","1","8d6762f67a8bd80f1c4807fef9e1bb82e1ae33f067abd96e4d06b1aaac8be242","packs/pf2e/feats/class/barbarian/level-4/oversized-throw.json","Oversized Throw: great heave; 1 visible contact (same-target); large-object; arcing projectile; debris."
"eOwjwVAbl99ZTy5D","Overwhelming Blow","action","3","16","class","themed","heavyStrike","weapon","1","cef3172271eaeec421c63958d2c466f886aaf9f0dc4584dabcdce151d76d311b","packs/pf2e/feats/class/fighter/level-16/overwhelming-blow.json","Overwhelming Blow: overcommit; 1 visible contact (same-target); melee; single contact; source-unsteady."
"Dwxi1q1OWB1ufFvy","Overwhelming Breath","action","1","12","class","themed","spellshape","spirit","1","673ff36679948a97ff4135265a4987d6a02bd2f9e94a28f93eebb63cf39a6446","packs/pf2e/feats/class/monk/level-12/overwhelming-breath.json","Controlled exhale ripples past aligned qi bands into reserved point. Future spell/Strike separate."
"tXNfWDa6P7bCKrCt","Overwhelming Energy","action","1","10","class","themed","spellshape","arcane","1","ae94d5d0a5a0398366afd2ce325537f21b980437ff53f9a7b9b05eb4254f9f24","packs/pf2e/feats/class/shared-class-feats/level-10/overwhelming-energy.json","Three hand-height rune circles counterrotate before concentrated flare. Preparation only, no enemy impact."
"pmVaj53saxLE28Pl","Overwhelming Spellstrike","action","2","12","class","themed","spellstrike","arcane","1","91ead91a900bc38f3960a3957a12916fa9f9dfcfb01de555ee9338ed20175c0c","packs/pf2e/feats/class/magus/level-12/overwhelming-spellstrike.json","Charged weapon lunge carries piercing magical flare into single contact. Uses selected spell type; no magic shield substitute."
"QBOhIDAIvpHUGSji","Pack Movement","action","2","8","class","themed","doubleStrike","weapon","1","29fc5c5c046ce0a0304b2c9f1b02ff878d8cbeea13cc5402edb5eb990088981d","packs/pf2e/feats/archetype/beastmaster/level-8/pack-movement.json","Pack Movement: tandem sprint; 2 visible contacts (same-target); source-and-companion; tandem pair; pack-contact."
"W3w7iGGsdkfO1GOn","Pack of the Beast Lord","action","3","18","class","themed","form","earth","1","ca983dae9fb66cd47ad3601a856b217f459e850eaceada0c18f2208a8c71460a","packs/pf2e/feats/archetype/beast-lord/level-18/pack-of-the-beast-lord.json","Companion duplicates assemble outward into massive pack silhouette then collective assault accent. Companion-targeted, no creature creation/size mutation."
"CGvN4xaahJegFwnX","Pack Performance","reaction","","18","class","themed","command","weapon","1","998e05c5398f93cbfc8413f4d4af633ab42556bf2bd9fc51cb856557fe46bec5","packs/pf2e/feats/class/bard/level-18/pack-performance.json","Pack Performance: animal song; no Strike now; none; ally focus; companion-counter."
"j5VRy2iVz5aulQ1h","Pain is Temporary","action","2","13","ancestry","themed","guard","spirit","1","5f3f5add2cb5e0d9a0e95d45324148ab5ff10be190a866bde8adcccaef088f52","packs/pf2e/feats/miscellaneous/reincarnated/pain-is-temporary.json","Slow meditative breath gathers pain wisps into serene close body outline. Resistance only, not healing."
"zgljg4gVI6i1Fpb5","Paired Shots","action","2","4","class","themed","firearm","weapon","1","3844819678147d6a85a00affa14eb9a55e1738193d6fdb4802ba4dd2563a1467","packs/pf2e/feats/class/gunslinger/level-4/paired-shots.json","Paired Shots: dual aim; 2 visible contacts (same-target); two-firearms-or-crossbows; simultaneous projectile pair; one-combined-finish."
"WRZZItgiMmpLnhdh","Pandemonium Eruption","action","2","17","ancestry","themed","elementAura","arcane","1","12bc012d389093e63aef6ac37eba1c64d8c674379f0afa7c0789f8b5b9cb380a","packs/pf2e/feats/ancestry/versatile-heritages/nephilim/pandemonium-eruption.json","Chaotic center erupts into irregular acid, electric and sonic spokes. Damage type randomly per target; confusion conditional."
"hPDerDCYmag3s0dP","Paragon's Guard","action","1","12","class","themed","stance","ward","1","5eeb7bd4908a1623f48dd804455340538d70fbce9a43ba1a67507e5a33648587","packs/pf2e/feats/class/shared-class-feats/level-12/paragons-guard.json","Firm shield rise locks into enduring squared guard frame. Stance only."
"uw6xu0H8vZLuizUf","Paralyzing Jewel","action","1","9","ancestry","symbolic","elementAura","light","1","801fc297629f34b2de1f7b55b35dd1387aab37f394b8625683e41a6a0947d208","packs/pf2e/feats/ancestry/sarangay/level-9/paralyzing-jewel.json","Forehead jewel shines with waning-moon crescent into reverent radial hush. Fascination/stun/paralysis conditional."
"8z9XkfZalQ5tUjfy","Paralyzing Slash","action","2","8","class","themed","unarmed","poison","1","0562d6b84766a4509dfc27074f0f50dbdd269b185cba07580cdb5451ff708efd","packs/pf2e/feats/archetype/ghoul/paralyzing-slash.json","Paralyzing Slash: enzyme contact; 1 visible contact (same-target); claw-or-jaws; claw rake; paralysis."
"4PvmSnyp3URIqJUM","Parting Shot","action","2","4","class","themed","ranged","weapon","1","4627b946cbc0feca1578b199d5cb8a861e07874d23b8ba892e5a212a93158def","packs/pf2e/feats/class/fighter/level-4/parting-shot.json","Parting Shot: back step; 1 visible contact (same-target); ranged; projectile; off-guard."
"7fyWKASX6uNByJF5","Pass Through","action","3","10","class","themed","form","spirit","1","35fc02fc2144d35a6e2a89d3cc5e8bb31e510d2e2b48669c6a6bec0f8e661600","packs/pf2e/feats/archetype/ghost/pass-through.json","Translucent lifted echo filters through a narrow plane-like slit. No real wall traversal."
"lL5MxRUFqbzS6jDm","Pass Vengeful Judgment","action","1","18","class","symbolic","elementTarget","spirit","1","cd43bbb720e320d5830991d6a1faf5007689a02504fd8234d0d1002b4ab0833e","packs/pf2e/feats/archetype/godling/pass-vengeful-judgment.json","Tall scouring divine pillar descends from above target, ending in celestial flare. Target-local vertical pillar, not healing line."
"S450JMWfF90oOcv9","Path of Iron","action","3","14","class","themed","charge","weapon","1","1a4d1c30fdd7ba2ee433408eb057d7cc3e1c2fad9e350176ee625fe9308a69fc","packs/pf2e/feats/archetype/martial-artist/path-of-iron.json","Path of Iron: weaving sprint; 3 visible contacts (different-targets); melee; running three; route-afterimage."
"5lGNRo5QarJHrkaA","Patronize the Arts","reaction","","4","class","themed","targetSupport","sonic","1","4f3d5903d8618471f86fe0672a358107fb12a1f77d4ff8b9b40796b8066adfaf","packs/pf2e/feats/archetype/chelaxian-scion/level-4/patronize-the-arts.json","Aristocratic praise ribbon unfolds into ally-facing warm crest. Chosen benefit configurable; no automatic Leap."
"KNPNjqMFd73Or8mV","Pattern Flight","action","2","2","class","themed","ranged","arcane","1","626c665e06b6d35fc205149a37be19e1ec5ad4c0d98685dec3da0b6ab74c634a","packs/pf2e/feats/class/runesmith/level-2/pattern-flight.json","Pattern Flight: runic aim; 1 visible contact (same-target); ranged; runic projectile; intervening-rune."
"C3MgEkPNaIhTddbr","Peafowl Stance","action","1","4","class","themed","stance","weapon","1","fdb3c7812799ad7179ce3c32205eca7bf08067cdfc5f0daaa7e84719c6bc7262","packs/pf2e/feats/class/monk/level-4/peafowl-stance.json","Tall poised settle framed by peafowl fan-shaped sword glints. No immediate sword Strike or Step."
"u2fgdFIdQDplKOS3","Peafowl Strut","action","1","10","class","themed","charge","weapon","1","61da30d3596c11ed437405e4a87d1e10045fcefb31d6e5d302d7a86635dcabfb","packs/pf2e/feats/class/monk/level-10/peafowl-strut.json","Peafowl Strut: slow double step; 1 visible contact (same-target); sword; single contact; graceful-afterimage."
"YlaLePtgDXGB0Fsf","Penetrating Fire","action","2","10","class","themed","throughShot","weapon","1","5e78879fa056ba3dfda08ac0c9906dfa3584ea640cb52cc1f36ae51ea1f64a41","packs/pf2e/feats/class/gunslinger/level-10/penetrating-fire.json","Penetrating Fire: piercing aim; 2 visible contacts (aligned-targets); firearm-or-crossbow; line; one-through-projectile."
"tBMMKWYfzD2OMD30","Penetrating Projectile","action","2","16","class","symbolic","throughShot","weapon","1","26a50d950b5f4786ff91d0552ab5c2a760f8f7e5414896a7a4f772b44070c264","packs/pf2e/feats/class/barbarian/level-16/penetrating-projectile.json","One piercing projectile traverses straight line, sequential contacts along path. One path through targets; not caster-to-each projectile fan."
"otBBb0ndASgPdAXW","Penetrating Shot","action","2","10","class","themed","throughShot","weapon","1","2db0d968a008fbe7d1a2f234734518afb19fb268055388a28c263cbc7d070a6d","packs/pf2e/feats/class/ranger/level-10/penetrating-shot.json","Penetrating Shot: prey piercing aim; 2 visible contacts (aligned-targets); ranged; line; prey-marker, one-through-projectile."
"J2KKsWrNR2tMqLFB","Pennant of Victory","action","1","20","class","symbolic","command","weapon","1","6628b4a084b056af913b465679788dc17463b020981e1bcf7dea4628cfa5ffdc","packs/pf2e/feats/class/commander/level-20/pennant-of-victory.json","Raised pennant sweep releases broad triumphant ally wave. Support only, no immediate attacks."
"jFdCLA9X9WloBvv3","Peony's Flourish","action","3","14","class","themed","performance","plant","1","311869e3e32eb7acdfedcacebc651592a7aa5efa5042340bfc92ad0fed84cf59","packs/pf2e/feats/archetype/fan-dancer/peonys-flourish.json","Two wide fan circles form peony mosaic across double-stride echoes. No forced Strides or stun outcomes."
"JkQjKyzfhMWLr9Gs","Perfect Clarity","reaction","","18","class","symbolic","fortune","blood","1","ac7816ea9136f4c71f5186db69e8420f9af201db6387a8667316de4bf7847df0","packs/pf2e/feats/class/barbarian/level-18/perfect-clarity.json","Rage flare burns inward to clear central reroll spark then subsides. No repeated weapon attack."
"MjhCcwGKyI5dpNIY","Perfect Distraction","action","1","16","class","themed","concealment","shadow","1","923a0cb8e98a9f9eadc26f4448d4206a28a6cd112998aa844ae1eeb1bd882e34","packs/pf2e/feats/class/rogue/level-16/perfect-distraction.json","One stationary decoy remains while smaller slipping echo fades sideways. No invisibility or document hiding."
"MbvPuMVy2VhftJgd","Perfect Dive","action","1","1","ancestry","themed","movement","water","1","309e284e2bab4399de5e0ee626edac1fa1da47d7b9ed593a424061dfbbb9e179","packs/pf2e/feats/ancestry/azarketi/level-1/perfect-dive.json","Descending dive echo enters cushioning curved wave with soft splash. No actual fall movement."
"BuaTJxALqxM5EZav","Perfect Finisher","action","1","14","class","themed","strike","weapon","1","8f5332f7585142aa5680e539c59c025cedf7828bbcf5b2c2d04e6650be6056d4","packs/pf2e/feats/class/swashbuckler/level-14/perfect-finisher.json","Perfect Finisher: perfect focus; 1 visible contact (same-target); melee-or-ranged; single contact; fortune."
"zrIrpVOvbGS6a3ux","Perfect Shot","action","3","18","class","themed","ranged","weapon","1","29437be5ac420b12569ce89c3cc752e9aa8ce9d938ce0670a5dd6f42350841c0","packs/pf2e/feats/class/ranger/level-18/perfect-shot.json","Perfect Shot: prey perfect focus; 1 visible contact (same-target); loaded-ranged; projectile; terminal-contact."
"m25EfSMmEjJPSyJj","Perfume Cloud","action","2","9","ancestry","symbolic","elementAura","poison","1","be670686c7646825b450614089321d300a54df429ef9cfbeb7fd1519d52de5cb","packs/pf2e/feats/ancestry/ghoran/level-9/perfume-cloud.json","Full-body sneeze puff expands into dense perfumed cloud. Plant/fungus immunity, blindness conditional."
"ctl5zNJC3APlHg9o","Perplex","action","2","14","class","symbolic","command","mind","1","775b87000d95691a2fd0f5d63d30b4ee24e39beabe4aef02c9f8d124e90c8ebf","packs/pf2e/feats/archetype/steel-falcon/level-14/perplex.json","Interwoven speech rings tangle into confusing asymmetric web at target. No forced confusion."
"csPhQeHWbUXL64p9","Person of Interest","action","1","2","class","symbolic","focus","mind","1","7a157a9d5b141842285be7870b98ed74b9442cdb922e6ed3312bf1fcc33e232f","packs/pf2e/feats/class/investigator/level-2/person-of-interest.json","Investigative reticle traces one new suspect then opens tiny planning branches. Designation only, Devise a Stratagem separate."
"hPanopG3TbXKr52O","Pesh Skin","action","1","12","class","themed","form","plant","1","69c9b88c5895109e73817929829b3f485627b571616adbd51f6e43065a5c3f8e","packs/pf2e/feats/class/druid/level-12/pesh-skin.json","Hundreds of fine spines radiate from plant skin, tips show faint hallucinatory wisps. No immediate retaliatory damage."
"KnaKxKP3eCUcCZC7","Petrifying Gaze Mimicry","action","2","10","class","symbolic","gaze","earth","1","5736199226c7a89568aaee86f7cc731e0a0604360e36379d3f583b27f6c08eb8","packs/pf2e/feats/archetype/wild-mimic/petrifying-gaze-mimicry.json","Eye glint crosses narrow gaze lane; stone facets briefly close around target. Save effects conditional; no guaranteed petrification."
"BkEOwv3SRtefczpO","Phalanx Breaker","action","2","6","class","themed","firearm","weapon","1","d98dcffe14283b25fe213fe721328e79c53ba279fd2ce314828541a3f6cbd719","packs/pf2e/feats/class/gunslinger/level-6/phalanx-breaker.json","Phalanx Breaker: two handed aim; 1 visible contact (same-target); firearm-or-crossbow; projectile; push, obstacle-contact."
"MmrE6B5eM1RshXKY","Phantom Charm","free","","13","ancestry","symbolic","fortune","spirit","1","d8c66a76dce936e63004991df7c795f6b6f19a5de0332b3d0eed4db5efc07c27","packs/pf2e/feats/ancestry/minotaur/level-13/phantom-charm.json","Dark fate thread untwists into pale two-strand spiritual charm. No damage."
"RFzYrKP3eR3WG6hV","Phantom Visage","action","1","1","ancestry","symbolic","form","illusion","1","bb252ad2a66f38e3a34d14aade851db62fecd3841ef4191e3cdb2828247799a9","packs/pf2e/feats/ancestry/goblin/level-1/phantom-visage.json","Humanoid disguise outline draws over goblin silhouette and holds softly. No attack despite incidental unarmed clause."
"nY8HtHNJMqP0hz3v","Phase Bullet","action","1","14","class","themed","firearm","arcane","1","7b4a153b472cb5b03f52dbc40e271c46db319774c8357bdce1f46bad6a507228","packs/pf2e/feats/archetype/spellshot/phase-bullet.json","Phase Bullet: dimensional aim; 1 visible contact (same-target); firearm-or-crossbow; ghost projectile; phase-shimmer."
"axGS5bBJ9vl5AePc","Phase Out","action","3","6","class","themed","form","spirit","1","dbd7c999f29b521c6e1c368da64f64694a6f00f02e586fd1002c067d4001bab7","packs/pf2e/feats/class/summoner/level-6/phase-out.json","Eidolon outline doubles through thin phased bands and translucent edges. No grapple/trip; expressly cannot use physical actions."
"baVAW4IDiCyKN8Q1","Pheromonal Message","action","1","1","ancestry","symbolic","targetSupport","water","1","fd88423b9f9d74d392d3aaa7d5539690c9e5d6cc879a86d3b9a57f052abb0787","packs/pf2e/feats/ancestry/athamaru/level-1/pheromonal-message.json","Small private scent ribbon drifts toward one ally in slow discrete pulses. Communication only."
"18eGaH5rWEXpDlgk","Pierce the Eye","action","2","16","class","themed","ranged","weapon","1","008ebca4ca7f0b55f1745306ae7784a0fb2f298dd4dd20f94cde1bb8b7ccf8ee","packs/pf2e/feats/archetype/eternal-legend/pierce-the-eye.json","Pierce the Eye: eye aim; 1 visible contact (same-target); ranged; projectile; bleed, blind."
"4bKTV1UHBP3qSjzr","Piercing Doom","action","2","8","class","themed","strike","void","1","76962083ff80ce6d2601f1f2587ec9964b2064a58c4875763354bc2428b391a8","packs/pf2e/feats/archetype/warrior-of-legend/piercing-doom.json","Piercing Doom: curse channel; 1 visible contact (same-target); melee; single contact; void, source-doom-clear."
"zvbS7gbB9tF7t3qH","Piercing Jab","action","2","14","class","themed","bindStrike","weapon","1","c798103c72bba6da4bbc0289d432eaf384db8e81966ac94c14d72eab098815d4","packs/pf2e/feats/class/summoner/level-14/piercing-jab.json","Companion-driven horn jab gives single sharp contact followed by close binding arc. Eidolon acts, bleed occurs only after release."
"ZTxiM8NExDmxHJDf","Pin to the Spot","action","2","14","class","themed","bindStrike","weapon","1","81ffaaddf922d531c26ed29453d34a12f6c8e781add753de895f5e2a701edd75","packs/pf2e/feats/archetype/provocator/pin-to-the-spot.json","One close Strike crosses target then clamps into tight pinning brace. Restraint conditional."
"AiV2xFhYB90KHt2x","Pinning Fire","reaction","","8","class","symbolic","bind","weapon","1","964d5fe3d2fd3124eedc647b5c09ee8bdaff30c678b2a60cdf9c004f01e078c7","packs/pf2e/feats/class/monk/level-8/pinning-fire.json","Existing paired projectile contacts tighten into ground-anchored pin lines. Reaction after Flurry; do not fire two extra shots."
"RlKGaxQWWLa7xJSc","Pirouette","reaction","","6","class","themed","movement","wind","1","eb4da121b3855b659d97a291fe8227189d6a5697f91e41af94521ae4f2e44f5d","packs/pf2e/feats/class/shared-class-feats/level-6/pirouette.json","Graceful one-foot turn sweeps thin circular evade trail. Step only if miss; no forced move."
"A2EBy2L4acrehiAA","Pistol Twirl","action","1","2","class","symbolic","feint","weapon","1","7b100d2207be4cb331409f44b957df6a3f091e70a2d99bc14f00d5220cfa407a","packs/pf2e/feats/class/gunslinger/level-2/pistol-twirl.json","Pistol silhouette twirls once; false muzzle glint draws target attention. No gunshot."
"yOyMlFGAgLfRas8m","Pistolero's Challenge","action","1","6","class","themed","focus","mind","1","dc627587dcc7e2e2094cd9bb4a1f08d823d8bd327122718651553285cc161b0f","packs/pf2e/feats/class/gunslinger/level-6/pistoleros-challenge.json","Pistolero's Challenge: stern challenge; no Strike now; none; paired focus; duel-bond."
"0SbHdwYumvmzwWw3","Piston Punch","action","2","6","class","themed","unarmed","weapon","1","397358b595e14fa18d42556008797073d044e4b5a96f60598201584af3d1d236","packs/pf2e/feats/archetype/sterling-dynamo/piston-punch.json","Piston Punch: piston extend; 2 visible contacts (aligned-targets); dynamo; line; one-through-punch."
"ODy9tq7NPlD5fxzZ","Pit of Snakes","action","3","13","ancestry","themed","groundCreation","poison","1","e546ace782b85aa40db625e00cbf5e7d5f63e9b47915f1d9c730484c62261c48","packs/pf2e/feats/ancestry/nagaji/level-13/pit-of-snakes.json","Ground circle fills with low writhing serpent coils in staggered emergence. Grapple/damage conditional; cosmetic snakes."
"RnxullWsNdbU7fuH","Pivot Strike","action","2","14","class","themed","charge","weapon","1","66be69af945e7fb041d32e6340f567a217263db7b549ce47f758ac23f83c7149","packs/pf2e/feats/archetype/staff-acrobat/pivot-strike.json","Pivot Strike: staff leap; 1 visible contact (same-target); staff; descending; shove-or-trip."
"HWLD3zGFBIjCDATo","Planar Sidestep","reaction","","13","ancestry","themed","guard","arcane","1","deef0d792b8e4d71a511d4389540006036fc20472c1521d972fcace15d6a0a05","packs/pf2e/feats/ancestry/shared-ancestry-feats/level-13/planar-sidestep.json","One brief planar body shimmer splits into elemental bands then recombines. Damage resistance cue, no teleport."
"iA3i19eFiGt4GTF3","Planar Traveler","free","","17","ancestry","themed","preparation","teleport","1","f73c089b29fd6d4d82d7f70fb663aadd7a50e6a2417539e1baad0f9ce898a90c","packs/pf2e/feats/ancestry/jotunborn/level-17/planar-traveler.json","Planar stepping apertures prime around feet without departure. No immediate teleport; future Strides separate."
"27ruxnDDCc2rQpMX","Plane Hop","action","2","13","ancestry","themed","teleport","teleport","1","9b32a35af5e46d8fee4f4488db95d08601ecdb1f1e53add077c29465604298a1","packs/pf2e/feats/ancestry/jotunborn/level-13/plane-hop.json","One compact departure fold flashes and reappears with opening plane rim. Cosmetic departure/arrival only."
"wQ9aR5U9phCSM2WW","Plane Step","action","2","9","ancestry","themed","concealment","teleport","1","f112a25d4a580995bb69ee28c43857cfb0784e4a79469432d472184cf4436231","packs/pf2e/feats/ancestry/jotunborn/level-9/plane-step.json","Slight offset threshold silhouette holds clearly visible translucent edges. No Hide/Sneak invisibility."
"s6C5jtru8j0sONa6","Plane-Stepping Dash","action","1","1","ancestry","themed","movement","teleport","1","2a9d412f86d2b3ec69c7d665a9178855216d43aa38ffb836ae96cb13dde6844e","packs/pf2e/feats/ancestry/jotunborn/level-1/plane-stepping-dash.json","Short dash echo threads alternating narrow planar slits. No automatic remote teleport."
"xEeCaJsQeDtRAVk1","Plant Banner","action","1","1","class","themed","groundCreation","weapon","1","f7e011521a7b33c875e20366b2f169b33918bbdd3a2c2e5d02431e0e05ff9239","packs/pf2e/feats/class/commander/level-1/plant-banner.json","Corner-position banner plant sends squared rally wave from fixed pole cue. No item or location creation."
"eww9tuiXPnZFZ3DU","Plant Evidence","action","1","1","class","themed","utility","weapon","1","988222adb7f5561125776f90595c3db4ecdbaa83b41fb978ac04db38f37c31f2","packs/pf2e/feats/class/rogue/level-1/plant-evidence.json","Plant Evidence: secret placement; no Strike now; none; target glint; item-placement."
"exrMKEHRyfINLJhV","Plate in Treasure","action","1","4","class","themed","craft","metal","1","e897f0d49b80f1a01b237f6b52dd98d4ca3bc812c679d9f9a764d4b618b55a59","packs/pf2e/feats/class/kineticist/level-4/plate-in-treasure.json","Finger-height metallic flow coats object outline from bottom upward. No damaging metal impact."
"vzKvihYNModB7sJ7","Play Dead","action","1","1","ancestry","symbolic","concealment","earth","1","f7a1f7b888d6c2b9863a5e3dd58b8c41fdc167aa05541183bc96cfb55abb0e58","packs/pf2e/feats/ancestry/skeleton/level-1/play-dead.json","Skeleton echo lowers into still prone-shaped outline with extinguished motion motes. No actual prone/hiding mutation."
"KrYvJ5n06yHCipCZ","Play to the Crowd","reaction","","4","class","symbolic","performance","sonic","1","2fbd2a63abde06dc1d8f6620b45b2baf5b783069aba59543b523ad3d326fe6b8","packs/pf2e/feats/archetype/gladiator/play-to-the-crowd.json","Showy victory flourish opens outward toward spectators then returns confidence glint. No repeated finishing Strike."
"IfoxFY9kzP4KG9gi","Pluck from the Sky","action","2","8","class","themed","strike","weapon","1","27f0b34295054800fb822267f4838311574a92bce54d72ece1bbd9cb329430db","packs/pf2e/feats/archetype/winged-warrior/pluck-from-the-sky.json","Pluck from the Sky: air rival focus; 1 visible contact (same-target); melee-or-ranged; single contact; grounding."
"D8XoWk1brpyW6oO2","Plum Deluge","action","3","20","class","themed","groundCreation","poison","1","3808b6b0b83b0ec92ccc2946f9c65712451bc44a24fb31fe2df041e5e35aeec8","packs/pf2e/feats/class/alchemist/level-20/plum-deluge.json","Three vial arcs break over area into falling toxic deluge. Three visible launches, no generic force bolt."
"Yl2wYv24v5kw95aS","Point Blank Stance","action","1","1","class","themed","stance","weapon","1","556d0995d7b17f5f42873cdca68c8d16427f3add56fbc32c33180c64d6cbfea6","packs/pf2e/feats/class/fighter/level-1/point-blank-stance.json","Compact near-target aiming frame tightens during steady settle. No shots on stance entry."
"eHkMcQQ4ejRAFJAt","Poison Coat","reaction","","6","class","symbolic","preparation","poison","1","1f69c004cf515b6b39e4306b5f274ccbecf23ec3fad6815adc3cfb1df8f1c6f2","packs/pf2e/feats/archetype/poisoner/poison-coat.json","Poison beads brush along garment rim with tiny needle glints. Preparation only; Once Bitten later."
"lsERThCKYcrrEhyN","Poison Drinker","reaction","","8","class","themed","absorb","poison","1","240259ce8057342b3f5e73ff019c264bddd863851a1afe4adb3ac1c7f2fe190d","packs/pf2e/feats/class/necromancer/level-8/poison-drinker.json","Ingested toxin spiral turns inward then becomes nourishing warm pulse. Recovery only; no offensive poison."
"ALbosSUygdq4T1Yk","Poison Weapon","action","1","4","class","themed","preparation","poison","1","69e27ebdddc040e48ec9f8cc861210da92c5a6efc5455546d18499b997aacb11","packs/pf2e/feats/class/rogue/level-4/poison-weapon.json","Small vial drip runs along a single weapon-edge sheen. No Strike."
"pKoW1X95LjmWn5Jq","Poisoner's Twist","action","1","4","class","themed","elementTarget","poison","1","32ce5afee596146f347796e0c84be807bdf7bec7ca631625c3889b3f00c5ab2c","packs/pf2e/feats/archetype/poisoner/poisoners-twist.json","Close wound twist creates dual physical accent and internal toxic ripple. After existing successful Strike; no extra full weapon swing."
"08fKms4aCYR2bujl","Polished Distraction","action","2","6","class","symbolic","elementAura","light","1","71ea45e3cd5ebb0099fdbb45d7da8de8f850f7205af7aca7c5136ab61cd2a325","packs/pf2e/feats/archetype/golden-legionnaire/level-6/polished-distraction.json","Armor sheen sweeps outward in low mirrored glare fan. Requires available light; blindness conditional."
"JDH1AIUF0XpmXpYt","Pollinate","reaction","","9","ancestry","themed","concealment","plant","1","a67ad49b22716a4a02767842df32c840acd1506a68614350d3c1921ffdf49e31","packs/pf2e/feats/ancestry/shared-ancestry-feats/level-9/pollinate.json","Impact shakes dense golden pollen outward into broad soft cloud. No damaging projectile."
"d8lWzMTYq91wOgMN","Polymorphic Escape","reaction","","1","ancestry","themed","form","plant","1","4370a56e3c38792b34b2b4f80d5c127e78a3afab2fdda34f3a79bdf60a6b95e6","packs/pf2e/feats/ancestry/yaoguai/level-1/polymorphic-escape.json","Bound silhouette shrinks into leaf/vermin swirl then reopens upright. Escape check conditional; no real Step."
"hDvjODvJXdFjZJ81","Ponpoko-Pon!","action","2","13","ancestry","symbolic","elementCone","sonic","1","473e8fd21f357a1ae36472931ad0fdba882830d4142aa6fe7317ccf33c975a4a","packs/pf2e/feats/ancestry/tanuki/level-13/ponpoko-pon.json","Two belly-drum beats drive broad cone pressure wave. Cone sonic damage, no ordinary inspiration."
"rRbMOxX1QTHIIwAi","Portentous Spell","action","1","16","class","themed","spellshape","mind","1","73a35938ccdc7c02ca6460558d6de7db503d4545d0b44b71f2ad830c470c2a25","packs/pf2e/feats/class/oracle/level-16/portentous-spell.json","Strange lights alternate with mild fume curls around reserved spell focus. Future spell separate."
"tz0gvfTwcDq0yEfg","Portents of the Haruspex","reaction","","4","class","themed","fortune","blood","1","a606037a2432efb50133f3d465ec6253d3b9454125ca8d413619ceaa12d0b216","packs/pf2e/feats/class/witch/level-4/portents-of-the-haruspex.json","Wound-reading eye mark traces twelve possible fate spokes into one reserved spark. Prediction only; no immediate elemental bolt."
"TEH73yqZBqByO624","Positioning Assault","action","2","8","class","themed","strike","weapon","1","399b49e3457342c82f76d646ea62d65cd6b0808f376d9b15be260fb0f08563c7","packs/pf2e/feats/class/fighter/level-8/positioning-assault.json","Positioning Assault: two handed lever; 1 visible contact (same-target); two-handed-melee; hook; reposition."
"2LvdYMXTIRkTQO42","Pounce Mimicry","action","1","14","class","themed","charge","weapon","1","376f48d51ef14f5fd64f0bf1bbdb77b1e5b7e9e2d15ae127f13fd5e7fad868c7","packs/pf2e/feats/archetype/wild-mimic/pounce-mimicry.json","Pounce Mimicry: hidden pounce; 1 visible contact (same-target); melee-or-ranged; single contact; shadow-afterimage."
"tCKme98RHrTZ8QdS","Pouncing Transformation","action","1","12","class","themed","form","wind","1","64071fb11053d5fe257a773110043e5ed34fc530fed37f70acc62647d6849811","packs/pf2e/feats/archetype/werecreature/pouncing-transformation.json","Shape-change ripple blends into angled pouncing stride echo. No actual Strike despite introductory attack wording."
"6I0iZWBdDWZ7oX5a","Pounding Leap","action","2","5","ancestry","themed","unarmed","weapon","1","c2ee5dfa447ddd436208d3ab8049cab219aa99e1fc72ba8d434fe1dd0eff644d","packs/pf2e/feats/ancestry/jotunborn/level-5/pounding-leap.json","Pounding Leap: fist propel; 1 visible contact (same-target); fist; descending; jump-after-contact."
"Ziky4XVV7syXVbUg","Powder Punch Stance","action","1","2","class","themed","stance","fire","1","603b3627adbf2fbd9e68743c4067bb64e5f6377e40164cf613ee4eb5cc92a572","packs/pf2e/feats/archetype/martial-artist/powder-punch-stance.json","Powder dust binds around both handwraps, small ember knuckle glints. No automatic first Strike or Shove."
"SXXyAwe9FGBwhJIW","Power Slide","action","1","4","skill","symbolic","movement","metal","1","a3e896aac61b6b3abf962d0125e0b44d63aecbe070bdc07bff97a3c27e3ec3f7","packs/pf2e/feats/archetype/trick-driver/power-slide.json","Broad skid arc leaves tire-like ground streak then quarter-turn settle. Vehicle piloting; no actual vehicle rotation."
"64DgI5CHP7K9kbbg","Practiced Opposition","action","1","6","class","themed","strike","weapon","1","9dca04cd90f617de8c00a4bada835f48fde3fe3455abcd209d7d7fe3134de5dd","packs/pf2e/feats/archetype/lastwall-sentry/practiced-opposition.json","Practiced Opposition: undead study; 1 visible contact (same-target); melee; single contact; resistance-break."
"AtpMrGXaMPJtDIDR","Prayer Attack","action","1","14","class","themed","feint","weapon","1","8213820620358af67b008df912939dd8486221e82a191c0cf5c4741c8f34b5f4","packs/pf2e/feats/archetype/red-mantis-assassin/prayer-attack.json","Crossed sawtooth saber prayer pose emits deceptive target-facing glint. No immediate Strike or bleeding."
"2qR4QAgJVArv63Z2","Prayer-Touched Weapon","free","","4","class","themed","preparation","spirit","1","4370d6146d2c0b26d7704c928cda4000eb281d2fccda7a29a27ff3dae2a29848","packs/pf2e/feats/class/shared-class-feats/level-4/prayer-touched-weapon.json","Prayer script traces held weapon then gathers pale vitality edge. No target impact; future Strike separate."
"MlxfNv98LZKfYl64","Precious Ammunition","action","1","8","class","themed","preparation","metal","1","758c6b91e44745c00b81cc9c4b58f723113f72b5e66e771a442a34fab715491e","packs/pf2e/feats/archetype/eldritch-archer/precious-ammunition.json","One ammunition silhouette receives flowing precious-metal coating. No arrow fired."
"WQa6PxkOgyvRpaaM","Predator's Growl","reaction","","9","ancestry","themed","dread","sonic","1","9f6659da5d305009aff32fa11f254f17d36c43e191ba7c84b9f2961f3d134ac3","packs/pf2e/feats/ancestry/catfolk/level-9/predators-growl.json","Predator's Growl: seek growl; no Strike now; none; target wave; fear."
"aFUxNGur3Hma8DKy","Predator's Pounce","action","1","12","class","themed","charge","weapon","1","f322f6dbea3d157ba45a978d5bb8fec890115283b29d0573d7c43ee65b14758c","packs/pf2e/feats/class/barbarian/level-12/predators-pounce.json","Predator's Pounce: blur pounce; 1 visible contact (same-target); melee; single contact; afterimage."
"cErltcAC7OVnIyO1","Predictable!","action","1","4","class","symbolic","perception","mind","1","ff5754a4dfc6d716007fc4d16bfc93d1367da7a9715fd7563f601f34e3087ec8","packs/pf2e/feats/class/rogue/level-4/predictable.json","Observed strategy trace branches then folds into defensive source angle. No attack."
"NEl8G3SlwxOR9Zx1","Preemptive Reconfiguration","reaction","","9","ancestry","themed","guard","blood","1","7211fb33e8c165b4d95cea96efdcef309720185d83f77878aa7716978dbec5b0","packs/pf2e/feats/ancestry/versatile-heritages/nephilim/preemptive-reconfiguration.json","Impact-side tissue facets reorganize into close diagonal lattice. No offensive retaliation."
"KYl1rWFOHe0e6VqJ","Premonition of Avoidance","reaction","","1","class","symbolic","fortune","spirit","1","32bcc08e4375290c8c36d252ebd9901bfcafd1a1eef2698132fdd683b157ce0e","packs/pf2e/feats/class/cleric/level-1/premonition-of-avoidance.json","One brief divine foresight eye glint opens hazard-facing protective sliver. Save support only."
"2h8a6pKhXTXwpJjP","Premonition of Clarity","reaction","","14","class","symbolic","fortune","spirit","1","285f3acd64aab5c7ed3de57bd3a1b8b968082835d04a3fe4cdcee5a8327629e6","packs/pf2e/feats/class/cleric/level-14/premonition-of-clarity.json","Faith vision halo replaces fractured mental rings with renewed central focus. Reroll cue, no guaranteed success."
"zzMugLCUkQQPa2qT","Preparation","action","1","12","class","symbolic","focus","weapon","1","9ba190630020e4beb45d144731bfaeb0fa1a22230a5c8a62d35e33863970f87a","packs/pf2e/feats/class/rogue/level-12/preparation.json","Battlefield scan fans across three restrained possibility lines. Extra reaction readiness; no reaction executed."
"Tf9RmqKU148OyQbz","Prescience","free","","4","class","symbolic","fortune","time","1","d981263f97000bed65bf2fb7e8122cd8173f5c2d00fd340df3f1670aba0cd5e4","packs/pf2e/feats/mythic/prescience.json","Several faint future echoes converge into mythic initiative crest. No automatic movement or attack."
"WYMbOaEvuAS5zCjH","Prescient Parry","reaction","","16","class","symbolic","guard","weapon","1","fca51226cb8663a5c2d1217225cef56cb762087b3750b3843df1e26c09137c79","packs/pf2e/feats/archetype/warshard-warrior/prescient-parry.json","Warshard outline rises sharply to deflect incoming lane, leaving reserved counter edge. Follow-up Strike only if qualifying miss, not automatic."
"AUMFmt5ogVhnTe1h","Preserve the Horde","free","","10","class","symbolic","resolve","void","1","9028dd30784353dc6452e1363c43a77a484d465e09927ba271967b5427555d10","packs/pf2e/feats/archetype/necrologist/level-10/preserve-the-horde.json","Undead-maintaining rune ring steadies around source as horde motes persist. No new summoned creature creation."
"vqgklLExo3HAVAm9","Preserve the Moment","reaction","","16","class","themed","time","weapon","1","cc20b67a18b9ebd7696f1dd720a9a50812defb28c8210f0d08bb3cefdf13c8ee","packs/pf2e/feats/archetype/timewracked/preserve-the-moment.json","Preserve the Moment: record turn; no Strike now; none; source echo; future-replay."
"AbuDqAIX2jIL5RUM","Pressure Change","action","1","8","class","themed","movement","water","1","82f598dfc0822acd8c0d3a90eb6d2cae638d1a720acdbb3c6da624e6ec9477e1","packs/pf2e/feats/archetype/marine-marauder/level-8/pressure-change.json","Linked swimmer echoes rise or sink inside vertical pressure bands. Requires underwater grabbed target; no forced movement or sickened."
"EeSP1SNlgAuASvkP","Preternatural Parry","reaction","","14","class","themed","guard","weapon","1","d5e0f7d26b56b15fd0a4100ea220a3fd09454de4aa25271364065c1c472a541b","packs/pf2e/feats/class/magus/level-14/preternatural-parry.json","One limb or weapon sweep snaps into diagonal protective brace. No outgoing Strike."
"Xw7qG0SHepXx24vl","Prevailing Position","reaction","","10","class","themed","guard","weapon","1","48f471f5a6e1c914e5dfe31d235103b38495e39a201aee9f0c2a3194975eaf23","packs/pf2e/feats/class/monk/level-10/prevailing-position.json","Existing stance ring opens and disperses into one evasive protective fan. Stance sacrifice, no attack."
"CCY6VsGjp5fdmM6K","Pride in Arms","reaction","","9","ancestry","symbolic","targetSupport","sonic","1","9855bad2c1906c6386fd55189dcdf7095b916ce6e3203452a53b2faa0593e582","packs/pf2e/feats/ancestry/hobgoblin/level-9/pride-in-arms.json","Triumphant shout reaches victorious ally as short bright resilience crest. No finishing attack repeated."
"pBP8KL1yPU3W1Kmh","Primadonna","action","1","12","class","symbolic","performance","light","1","53363115cec170be7cbcf6e3b25df4b180fb83f7e45af7a1c72fe2fe7c6224a8","packs/pf2e/feats/archetype/celebrity/primadonna.json","Narrow spotlight rises around source, outward attention rays gather back. Hostile attention effect conditional."
"CbCXvxKrGIRtI7jF","Profane Bargain","action","3","18","class","themed","rune","void","1","ae6391d76e37003971275adf8cdc97cfd4eadd2147b8eb10a8b38f9715b1604d","packs/pf2e/feats/archetype/archfiend/level-18/profane-bargain.json","Two facing contract glyphs link with dark vow thread and seal. Willing creature only; no future punishments/control."
"twnZopGlB392hmqH","Project Persona","action","1","5","ancestry","symbolic","form","illusion","1","9c184c4e594f92c443f3b4969b732eb5d5cd4eabb5afaf064bfc7fde2056d944","packs/pf2e/feats/ancestry/gnome/level-5/project-persona.json","Armor outline smooths into fabric-like shimmering persona overlay. Visual disguise only."
"YojUMTTPbLdqk5Rq","Promise of Pain","action","1","10","class","themed","elementTarget","mind","1","326501641868d310a0a4ef116c29a18b246770445b65809373fe9802aa64f156","packs/pf2e/feats/archetype/sister-of-the-golden-erinys/level-10/promise-of-pain.json","Threatening spoken ripple tightens into dark mental pressure contact. Requires sickened foe; no fire/blood physical attack."
"LyqXT4XYYlgf8KYK","Propelled Leap","action","2","12","class","themed","movement","water","1","3a1ee211f007b010b5e7bbbea12c8dc48e282c10c70a468b8034af5d2585f0cc","packs/pf2e/feats/archetype/undersea-privateer/level-12/propelled-leap.json","Rising underwater trail crests into flying-fish leap and cushioned splash. No continuous flight or actual movement."
"q8c0LINVNcJrdK91","Propulsive Leap","action","1","10","class","themed","flight","fire","1","9c394087a8c0bd0959b4e7c6fd945573f7bc5031a48d7c41e3aba3d10838ae17","packs/pf2e/feats/miscellaneous/deviant/propulsive-leap.json","Foot propulsion plume lifts light body echo, repulsion ring holds beneath. Awakening damage optional, no adjacent attack by default."
"ASWqQ6RB7cfCsUo0","Protect Ally","action","1","8","class","themed","targetSupport","ward","1","4ac3b9be483bea4492161caccb6ef12200fab4efa4c2e0d1bd694523ad8f56f7","packs/pf2e/feats/archetype/swordmaster/protect-ally.json","Body-facing brace overlaps chosen ally with close protective crescent. Ally defense, not source-only magic shield."
"3KVFBmWPVSItUuq3","Protect the Royal Line","action","1","16","class","themed","shove","weapon","1","495b70268067b13765cd35afee34dd5f5bb1824efc09c3b547252fd245bdae7f","packs/pf2e/feats/archetype/prophesied-monarch/protect-the-royal-line.json","Protect the Royal Line: royal leverage; no Strike now; none; horizontal push; reposition-option."
"knJlRpltciLNTZba","Protective Bond","reaction","","10","class","themed","targetSupport","arcane","1","3190ef7484cd8feaf37306f972632ceca9e3132460d7793c20a552c4ae80fc29","packs/pf2e/feats/class/summoner/level-10/protective-bond.json","Paired source/eidolon rings synchronize into lower-impact shared band. No HP pool or damage mutation."
"7G1gMSHyMdMGMsF9","Protective Cycle","reaction","","16","class","symbolic","stance","arcane","1","52ddc454d100b99049e54932bdb3e006813f27164ae3f37665871cdf9723568c","packs/pf2e/feats/archetype/five-breath-vanguard/protective-cycle.json","Elemental stance ring rotates into alternate protective facet. No attack from damage trigger."
"A9WrbBCCdYsmdKGv","Protective Pose","action","2","8","class","themed","targetSupport","spirit","1","8438d0f5326dc416c433aca4f94387b19a40e3e0d46c90f18cbb02e258b1a038","packs/pf2e/feats/class/summoner/level-8/protective-pose.json","Tandem qi pose creates two overlapping slow protective circles. Both origins, no attacking beam."
"aymNcrPx6zMt5ILp","Protective Strike","reaction","","10","class","themed","strike","weapon","1","d72e94ea946cf29d2a04fcb993be6bddc7a585e36e39148abeab7405f2150d95","packs/pf2e/feats/archetype/ulfen-guard/protective-strike.json","Protective Strike: ally guard counter; 1 visible contact (same-target); melee; counter thrust; disrupt."
"YHeKwgJq1zkdcV0p","Proud Nail","action","1","4","class","themed","heavyStrike","weapon","1","c6d7a24ca7edb9180abf3623daebd3951deffb6d6b7722eeb4ac0d3ad99be2bb","packs/pf2e/feats/class/guardian/level-4/proud-nail.json","Proud Nail: taunted opening; 1 visible contact (same-target); melee; single contact; heavy-contact."
"ryBj7phZqASQSEjV","Psi Burst","action","1","2","class","themed","elementTarget","mind","1","9e47f522919948ba24cfd5fa48f0eb6ffe22354050503339e5f99d99cac93a69","packs/pf2e/feats/class/psychic/level-2/psi-burst.json","Passing-thought source spark precedes compact psychic pressure burst at foe. Not physical missile unless mindshift chosen."
"qZsTI97BQUwoPgKF","Psi Catastrophe","action","2","12","class","themed","elementAura","mind","1","9d658cba1d15d3f9bd223b08176320def3163053e6d5efe7b5abf1e06c4767a9","packs/pf2e/feats/class/psychic/level-12/psi-catastrophe.json","Held psyche ring fractures into broad catastrophic outward pressure pulse then dims. Emanation not single target; no repeated attack."
"uisI6b7Ua5zSHDwj","Psi Strikes","free","","4","class","themed","preparation","force","1","95de951fec0e97ade9284a47d864d5e110f274a0ddc42a551eeb9500b6210744","packs/pf2e/feats/class/psychic/level-4/psi-strikes.json","Residual psychic strands coil onto one weapon or unarmed outline. No Strike on activation."
"D7g9z4MuIeS4iRwN","Public Execution","action","1","8","class","themed","command","sonic","1","fb320c1ae83ee884926c66bdb47c73e0e51a316850f2a6134ba3b19732a43e72","packs/pf2e/feats/archetype/assassin/level-8/public-execution.json","Public announcement wave opens toward spectators with marked-foe crest. Declaration only, no execution animation."
"HoU7pgdW7KPO347H","Pummeling Whirlpool","action","2","13","ancestry","themed","elementAura","water","1","8ee38f70723004af4e30cc079f6d109231fa0e26332ca7d830e40ac76445ebf2","packs/pf2e/feats/ancestry/merfolk/level-13/pummeling-whirlpool.json","Pummeling Whirlpool: water gather; no Strike now; none; source vortex; ground-pressure."
"J7elM52meuLI3ZRy","Pupil's Guard","reaction","","12","class","themed","targetSupport","weapon","1","19d1b6d5955a209585c644cc9e607612b40b36ff15aa221e66fa76606a1f3864","packs/pf2e/feats/archetype/iridian-choirmaster/level-12/pupils-guard.json","Teacher echo interposes across student's threatened action lane. No actual retarget/movement."
"hKemfam7Hvkllsgp","Purge of Moments","action","3","16","class","symbolic","time","time","1","42abbbc3d912d652b6048d667f2196e71b42a1102c9f08bce8edd0d1d37c32e7","packs/pf2e/feats/archetype/time-mage/purge-of-moments.json","Five clear clock bands pass over stationary source then expire harmful wisps. No one acts; no sprint or spell attacks."
"pFd1TnqkAerGHuX7","Purge Sins","action","1","13","ancestry","symbolic","restoration","spirit","1","0d109b55272565e1cf26230b5a91265993319d670ca471e93228657af51d5d04","packs/pf2e/feats/ancestry/versatile-heritages/nephilim/purge-sins.json","Celestial cleansing light lifts toxin wisps from body into fading high ring. Counteract conditional, not direct HP heal."
"UmedG7XkNp1h6llX","Purge System","action","3","13","ancestry","symbolic","restoration","metal","1","2d058166569a9811f9aef05f6ed4ecf55c693a41a39e0cd365af144732d5fe37","packs/pf2e/feats/ancestry/automaton/level-13/purge-system.json","Alternating hot/cool body panels expel one toxic plume downward. Poison purge only."
"sPCLWu1JdTFqKZVH","Purify Element","action","2","8","class","themed","restoration","arcane","1","b583674b6dd3cd4fec44c8ae9b4e837a0a4e861a29031630fb640a061bc3ce6a","packs/pf2e/feats/class/kineticist/level-8/purify-element.json","Small elemental volume clarifies as impurity motes separate outward. Object/element target, no damage or structure change."
"k42ntHdg70ZMEKrs","Purifying Breeze","action","1","14","class","symbolic","restoration","wind","1","35942ea2de72ea9cdd82f73de427bcd61767e9f2c3da15c4d5139cda01398d60","packs/pf2e/feats/class/shared-class-feats/level-14/purifying-breeze.json","Gentle divine breeze sweeps surrounding air in broad cleansing spiral. Airborne counteract only."
"VzQtyHSjq12E4Dzh","Purifying Spell","action","1","12","class","themed","spellshape","water","1","ee9a867022e54ef914af20bd011ae24175c19f677ce39941dd99479b5d1d1cb7","packs/pf2e/feats/class/druid/level-12/purifying-spell.json","Clean water rune primes around healing focus with rising clear droplets. Future Heal separate."
"BtZJJClWCpc31Ven","Push Back the Dead!","action","1","4","class","themed","targetSupport","ward","1","be59d1843fa4c933f2a2560b73a278644eede89da6fe15a68fbc280182fc232f","packs/pf2e/feats/archetype/marshal/push-back-the-dead.json","Spoken courage wave closes undead-facing ally ward arc. Support stance, no physical push of undead."
"O0YJxlWgO1BPX7w5","Putrefaction","action","2","14","class","symbolic","elementAura","poison","1","4481a37de20f6641479877a4d2bdd6d4a5084fc8d9c74ce41d5c4d3d71acaa1b","packs/pf2e/feats/archetype/apocalypse-rider/level-14/putrefaction.json","Rotting brown-green wisps spread through low food/water-height ring. No guaranteed sickened or damaging blast."
"mwPOOTtELS4X7reC","Pyre Ant Sting","action","1","4","class","themed","elementTarget","poison","1","f07eb1226a90033444cebdfab3b77f284d85ffa31e70b9f9ed90599f8a4a29fd","packs/pf2e/feats/archetype/swarmkeeper/pyre-ant-sting.json","Small biting swarm glints punctuate red-orange toxic sting haze. Swarm location only; no poison bolt from caster."
"wIRZDXOacqWfI670","Qi Center","free","","18","class","symbolic","stance","spirit","1","5019a22a456ddb4822581781e0c0d30c666ce968d9c48055cbf672983a8ebd60","packs/pf2e/feats/class/monk/level-18/qi-center.json","Centered qi breath opens balanced universal ring into stance-ready halo. Chosen qi stance spell separate, no attack."
"FMjihpGLn9eQ14Gw","Quaking Stomp","action","1","20","class","symbolic","groundCreation","earth","1","ade447d443876c39e62e3e47f93cac5e5b33343bc5c274e49c06b4c5d80522c9","packs/pf2e/feats/class/barbarian/level-20/quaking-stomp.json","Heavy stomp starts expanding cracked-earth ripple with staggered tremors. No direct magical bolt."
"xbg1scOIT7RI9Fij","Quick Bomber","action","1","1","class","themed","bombThrow","weapon","1","6a914ea91c89384d70845bb7802659ecfe15bed6827db24759360ef1964e8f14","packs/pf2e/feats/class/alchemist/level-1/quick-bomber.json","Quick Bomber: quick draw bomb; 1 visible contact (same-target); bomb; arcing projectile; splash."
"qFt6zyWVX1njJf1l","Quick Draw","action","1","2","class","signature","drawStrike","weapon","1","20ea7fac7e24d549badefe06c8bc39be4ca775626dbaf8325f1f0444b576da30","packs/pf2e/feats/class/shared-class-feats/level-2/quick-draw.json","Weapon draw edge glints into single continuous Strike sweep. One attack, no extra flourish hit."
"G9l2g7sDpPVbZJza","Quick Mount","action","1","4","skill","symbolic","command","earth","1","631b889a699047906510d8590ad1a7c1f29ba794ebe6407c3b76ce4e6b02e643","packs/pf2e/feats/archetype/cavalier/level-4/quick-mount.json","Short mounting echo precedes animal-directed command ribbon. No unspecified companion attack."
"E3NsAdbp7kkOvfnr","Quick Positioning","free","","8","class","themed","movement","wind","1","d691d0b12437fb6b6ae3b80a876fe5883f7b81b67703af05d1a66959ae03a67a","packs/pf2e/feats/archetype/game-hunter/quick-positioning.json","Two small level positioning echoes mark distinct cautious steps. No charge/Strike or real relocation."
"aBbpdmbMGN5ox0WT","Quick Recovery","free","","9","ancestry","symbolic","restoration","blood","1","56ebc05f18eb2f1fe61cfa24fbf2009cda28cf6ff882bc7d6a206e1a07fdac56","packs/pf2e/feats/ancestry/yaoguai/level-9/quick-recovery.json","Flesh outline closes one deep wound with slow restorative edge. No full heal or extra attacks."
"SnIx3FhBuuq6AZD0","Quick Reversal","action","1","4","class","themed","doubleStrike","weapon","1","aaa47d464530a5eef479c91578441eed495977ab2ca2d99099fab7149885446b","packs/pf2e/feats/class/fighter/level-4/quick-reversal.json","Quick Reversal: flank turn; 2 visible contacts (different-targets); melee; opposing pair; reverse-opening."
"it5yM6sbwJJysm9U","Quick Root","reaction","","5","ancestry","themed","guard","plant","1","bdb726e3b7cef5ed8ec6fe0497dddadaa74b260a8ed137bfe382718915d2d1c1","packs/pf2e/feats/ancestry/shared-ancestry-feats/level-5/quick-root.json","Quick Root: root stance; no Strike now; none; source roots; retain-footing."
"DmcJtpMBSh3R5MHI","Quick Shape","free","","1","ancestry","themed","form","earth","1","8318537cd3985b93ab31df09e9b888da00ff892017063ebf1dbfcdafa5220e85","packs/pf2e/feats/ancestry/versatile-heritages/beastkin/quick-shape.json","Initiative spark opens aggressive hybrid silhouette with grounded settle. No Strike."
"xRTlbvvBzURgC6M2","Quick Shot","action","1","4","class","themed","ranged","weapon","1","d4ce2b2b4f155289b3f43fe8beb7eeaaf75cb5cee60694c2a805dc74d9dc3a96","packs/pf2e/feats/archetype/archer/level-4/quick-shot.json","Quick Shot: bow draw; 1 visible contact (same-target); bow-or-crossbow; projectile; draw-glint."
"LAArv2uv6TOkTzQO","Quick Stow (Ratfolk)","free","","5","ancestry","symbolic","preparation","earth","1","acc65a555e80a233ebd0eabc6c87569c47eb41180935e7eca3603e8a59753cdd","packs/pf2e/feats/ancestry/ratfolk/level-5/quick-stow-ratfolk.json","One tiny object glint contracts toward cheek-height pouch arc. Inventory storage cue only."
"i7hNUqiJsB8hgIET","Quick Stow (Swordmaster)","action","1","8","class","themed","preparation","weapon","1","66c602476b2a682a7461bd234160fdb5c7a14acb007dec4a1e7a0ebc6a6ee51a","packs/pf2e/feats/archetype/swordmaster/quick-stow-swordmaster.json","First weapon edge folds away, second readied-item glint unfolds opposite. Incidental on-the-fly phrase is not flight."
"i8MnyasCDo3j65Xd","Quicken Heartbeat","action","1","10","class","themed","time","weapon","1","7c26e18272e530902f69fef9bcd96668fe9c854650317f850fdb3c4b3ad44ba0","packs/pf2e/feats/archetype/golem-grafter/quicken-heartbeat.json","Quicken Heartbeat: quicken source; no Strike now; none; source echo; future-action."
"gqISxjbTtZSYndZ4","Quickened Attunement","free","","16","class","themed","spellshape","earth","1","9185f22c6e5ff92e63db3fcfc8c867f5d74f90acd17e45a8d005145d6406607e","packs/pf2e/feats/archetype/geomancer/quickened-attunement.json","Terrain attunement ring compresses toward one shortened casting focus. No actual future cast."
"z2ptq23nNBOeEI7H","Quickened Casting","free","","10","class","themed","spellshape","arcane","1","66dd67fee0d8ca5eb8dba7a19f0e52e532d41e4b2095cd7dec739f53988b6143","packs/pf2e/feats/class/shared-class-feats/level-10/quickened-casting.json","Formula circles collapse in sequence into compact quickened incantation sigil. Future cast separate."
"l0pcURfMUGwnJgeU","Quickening Banner","action","1","14","class","themed","command","weapon","1","d2ea3567c40145c2c2f5372aef24a3facfd90f5f35febfcd5fc1de78802f71ed","packs/pf2e/feats/class/commander/level-14/quickening-banner.json","Banner flick sends brisk ally-facing readiness wave with two action glints. No automatic Strike or Stride."
"ux6kbsqRMsu9VHtn","Quill Spray","action","2","9","ancestry","symbolic","elementCone","weapon","1","390db25090fddfc12c88ade3d85731bc51ecace64c4f1362603ce3dba7c8b809","packs/pf2e/feats/ancestry/shisk/level-9/quill-spray.json","Dense quills fan outward in one broad cone with small sharp contact glints. Bleeding only critical failure."
"kvhouG3yJ2vQkzah","Rabid Sprint","action","2","5","ancestry","themed","movement","wind","1","a162fb0b7d0ee5ce4927a0b1ae71255155a5c2938b3006b3111df167c86c631c","packs/pf2e/feats/ancestry/kholo/level-5/rabid-sprint.json","Low four-legged source echo rushes through three measured stride streaks. No forced movement."
"9eL7W4rvs4sjhWFT","Radiant Burst","action","2","13","ancestry","symbolic","elementAura","light","1","eeeb9d07e41f01b0244094e88a370bad2a5770e8cf21a0185a0a0b49c5b3995f","packs/pf2e/feats/ancestry/versatile-heritages/naari/radiant-burst.json","Skin glow builds slowly then releases broad eye-height radiant flare. No fire damage; visual save effect."
"2XmdYW8OsAvjGDG3","Radiant Circuitry","action","1","1","ancestry","symbolic","form","light","1","0c64652327778092ac4e767d18ef6491d89dfde9ee00b1d4c9446bf4554a9bb0","packs/pf2e/feats/ancestry/android/level-1/radiant-circuitry.json","Fine circuitry lines brighten into stable torch-like light halo. Toggle illumination, no attack."
"FL5Ecvy7WYU1OzVv","Radiate Glory","action","1","17","ancestry","themed","concealment","light","1","8e32f7e10f7f56728e38d1843dd0a52dd2727ec2a258e60863665a25ba152945","packs/pf2e/feats/ancestry/versatile-heritages/nephilim/radiate-glory.json","Celestial corona thickens around obvious silhouette with trailing divine rays. No generic stealth smoke or sneaking."
"Nv9hNKVSioDw5DHC","Ragdya's Revelry","reaction","","5","ancestry","symbolic","feint","weapon","1","cc6602e70de8b6d87b406deae27379ada710a2dac17cb0a3da51d6676ff32bcb","packs/pf2e/feats/ancestry/vanara/level-5/ragdyas-revelry.json","Casual side-dart echo carries quick grasping hand glint toward foe. Steal attempt, no Strike."
"llWnSLYALh88iRGQ","Rain of Bolts","action","2","9","ancestry","symbolic","elementCone","metal","1","ace7539dff3a5b01fde82185ea87bf6d7c4448b0135034b4bcb10e454c38ac1b","packs/pf2e/feats/ancestry/automaton/level-9/rain-of-bolts.json","Chassis shutters open; multiple metal bolts launch together in directed fan. Cone/emanation choice configurable."
"rbiMK71SvGZGRLJ1","Rain of Embers Stance","action","1","1","class","themed","stance","fire","1","de017cf3948e3991bc1fe52a60283f239dc172c007a2345bed87f960d0543189","packs/pf2e/feats/class/monk/level-1/rain-of-embers-stance.json","Rigid talon-hand outline forms within flickering phoenix ember rim. No talon Strike on entry."
"879dW5QkNDS66Ue3","Rain of Razors","action","3","12","class","themed","groundCreation","metal","1","f37bc92315769c406c101bd3e7a45b86edcc3dd174fead14f56c2d711b256ff4","packs/pf2e/feats/class/kineticist/level-12/rain-of-razors.json","Many vertical metal slivers rain down, leaving low embedded razor field. Ground burst, no caster bolt or future terrain ticks."
"t3BPLh4rEInYGJJW","Rain of Rust","action","3","4","class","themed","groundCreation","water","1","36bf32d9ada1a3051af8a4dc8efa2f93f72662f08937a11da0cb67f7f34984b2","packs/pf2e/feats/class/kineticist/level-4/rain-of-rust.json","Red raincloud forms above area; rust rain coats surfaces below. Metal-sensitive effect; no immediate generic water explosion."
"nobsCgNmsDX6aKR5","Rain-Scribe Mobility","action","2","10","class","themed","movement","wind","1","14b7dd52f116575e0e223c27f78a280d047c94f5f17856b66a502fabe511f8bf","packs/pf2e/feats/archetype/magaambyan-attendant/rain-scribe-mobility.json","Rain-scribe mantle carries two clean stride trails with cleared path glints. No terrain document mutation."
"7ZPm0P6vY9FlVtoy","Raise Island","action","3","8","class","themed","strike","earth","1","b28b2f2bf65ec10f1ebbf0d7dc38e4f965da8758f18cc14a9b8656b5ac289fd8","packs/pf2e/feats/class/exemplar/level-8/raise-island.json","Raise Island: sea and earth gather; 1 visible contact (same-target); melee; rising contact; pillar-rise, area-reposition."
"BuVIM4cV7qhVZ2WF","Raise Menhir","action","2","8","class","themed","groundCreation","earth","1","87553bfa150e6edd1d2103a847256d1bc7d249cca479e0f1ec1f18a78dbc7501","packs/pf2e/feats/class/druid/level-8/raise-menhir.json","Standing stone rises from ground, ward ring spreads from its base. Selected location not caster-only shield."
"koER7gKf6CnW5O0s","Raise Symbol","action","1","4","class","themed","guard","spirit","1","5e0ff21bf07a095304acfe669f6d5cb1e715023c8cf7bab052e4662610840bf6","packs/pf2e/feats/class/cleric/level-4/raise-symbol.json","Religious symbol lifts emphatically into close divine protective cross-glow. No attack."
"AQfNFH7jnjdwi4FQ","Rallying Banner","action","1","8","class","themed","healing","sonic","1","acaef691d666561c5f052e4b617bf21ee2fa5c2c1515156bcd8777153b7095b4","packs/pf2e/feats/class/commander/level-8/rallying-banner.json","High banner sweep sends morale wave, warm recovery pulses settle on allies. Ally healing, reduced outside combat."
"df4cBV3qZn3qNUmP","Rallying Charge (Marshal)","action","2","6","class","themed","charge","weapon","1","3156f75592c36b7081e90e780f3249f67b4ab83653f1b12b67013bf2ae6f7789","packs/pf2e/feats/archetype/marshal/rallying-charge-marshal.json","Rallying Charge (Marshal): fearless sprint; 1 visible contact (same-target); melee; forward; ally-temporary-hp."
"8l3qDZrfhxUGijjB","Rallying Cry","action","2","17","ancestry","themed","command","weapon","1","6014c3de37b7438573aae0ed5a0d36af7eb997eb3c3c1330ce9bbaa1bc422f72","packs/pf2e/feats/ancestry/hobgoblin/level-17/rallying-cry.json","Rallying Cry: rally cry; no Strike now; none; ally halos; temporary-hp, future-actions."
"9eaUS0jJCpxuNXO5","Rampaging Ferocity","free","","17","ancestry","themed","strike","weapon","1","02f19417efcb88e1141babca8f4f0b141dba876e4bb83517c48d3c253a65cdb4","packs/pf2e/feats/ancestry/orc/level-17/rampaging-ferocity.json","Rampaging Ferocity: survival counter; 1 visible contact (same-target); melee; counter thrust; resolve."
"MyDluIbnX2sjm3pB","Ranged Disarm","action","1","14","class","themed","firearm","weapon","1","f2636780c09b6694150ed047b4b6b2a2bc7ebfba654bb2c0a9a2a3c5f14a6cad","packs/pf2e/feats/archetype/bullet-dancer/ranged-disarm.json","Ranged Disarm: weapon aim; 1 visible contact (same-target); firearm; projectile; weapon-wrench."
"4BbywSvO2ByHxdbZ","Rapid Assessment","free","","2","class","symbolic","perception","mind","1","ad4a3be0c23ac7581bd10f5f679ff5caa56d039b00c096fab8bdde1e754b9efc","packs/pf2e/feats/class/commander/level-2/rapid-assessment.json","One quick enemy scan draws tactical outline then returns source insight. No attack."
"QA4IJbtW1NoYJY9M","Rapid Hybridization","free","","14","class","symbolic","form","earth","1","2598985afaa19c13da2966e7d3df2f14a898433ec6f19e54b822620f06294de4","packs/pf2e/feats/archetype/werecreature/rapid-hybridization.json","Danger glint opens immediate hybrid outline through compact fur ripple. No attack."
"18UQefmhcNq6tFav","Rapid Manifestation","free","","6","class","symbolic","preparation","spirit","1","f26067515a2ffc14a1da31f8fe6404195ab8bba20bf6e8b471d1918fa8e5b7e9","packs/pf2e/feats/archetype/soulforger/level-6/rapid-manifestation.json","Soulforged armament silhouette appears from rising inner soul spark. No weapon Strike."
"DZcy4sY07w0zPsDb","Rapid Recharge","free","","10","class","symbolic","restoration","arcane","1","34a51e0b11452dcf33c4901f77a6e101d968a5d7c0317e60af275c81326fd61a","packs/pf2e/feats/class/magus/level-10/rapid-recharge.json","Spent spellstrike rune refills through small returning arcane spiral. Recharge only."
"OcBaEnGdDm6CuSnr","Rapid Response","reaction","","2","class","themed","movement","healing","1","80fc221b2aa4146c45cbdd1f0e8b304c2504de2123c2bc4cb31667600fe5c18d","packs/pf2e/feats/class/cleric/level-2/rapid-response.json","Urgent level stride echoes point toward downed ally then stop at readiness. No immediate heal."
"yR413t9x7poTHOCH","Rapid Spark","free","","12","class","symbolic","preparation","spirit","1","a8d60a8877ad898cd8aa24f2d48750e1c88c3edf119cd5dc0add927829749e5f","packs/pf2e/feats/class/exemplar/level-12/rapid-spark.json","One divine spark shifts between two close ikon-shaped focuses. No unspecified ikon attack."
"IIqNyX3Hwz5mmccL","Rapid Switch","free","","16","class","symbolic","spellshape","arcane","1","3f0f67cec7b91222b2af92fff54574e0ef94c16403216213dbbefb2cd5996ad3","packs/pf2e/feats/archetype/wildspell/rapid-switch.json","Existing surge rim reconfigures into alternate sustained pattern. No new spell."
"SuEmijj909yxmYOO","Rat Form","action","1","9","ancestry","themed","form","earth","1","70cd0214130becb92647a581af2034f9f619ecf17e023666a6f0699603cfa7f9","packs/pf2e/feats/ancestry/ratfolk/level-9/rat-form.json","Rat-sized source echo contracts beneath soft whisker-like arcs. Cosmetic form only."
"969mPoiYANzV2261","Ratfolk Roll","action","2","5","ancestry","themed","movement","earth","1","2faa70f6cad1305e43dcfb7a89dea034def03ea8e74a01fe731f6d1bb71df3b7","packs/pf2e/feats/ancestry/ratfolk/level-5/ratfolk-roll.json","Rounded source echo rolls along straight downhill trail and settles. No automatic collision damage this first roll."
"u2en8XQqxX9mQxkm","Rattle the Earth","action","2","12","class","symbolic","elementCone","earth","1","fb9d1bfa39fe913d8256efbd41bdbaae75f33e8ad9a5e3ac4b1dbd5ca6d9db31","packs/pf2e/feats/class/kineticist/level-12/rattle-the-earth.json","Ground-strike pulse opens deep directional fissures in wide cone. Cone or aura choice; no target-only impact."
"mHvkBdBN4gs6CH1g","Ravel of Thorns","action","1","4","class","themed","stance","plant","1","10e361663fefbc1a02556b1c1612d26cfc4775231507aed436f180b2bafbbf9f","packs/pf2e/feats/class/kineticist/level-4/ravel-of-thorns.json","Geometric thorn lattice grows outward along low ground bands. Terrain hazard, no instant attack."
"qpoE2KhsPbF1ZDsx","Ravenous Charge","action","2","4","class","themed","charge","weapon","1","b849d034edef17fca7770d5cca880be2781ae237ce24de67b0801f224236d0c1","packs/pf2e/feats/archetype/zombie/ravenous-charge.json","Ravenous Charge: hungry sprint; 1 visible contact (same-target); jaws; bite; grapple-before."
"VcnOEAM3UR7oS0D5","Razzle-Dazzle","free","","1","ancestry","symbolic","elementTarget","light","1","f05ffc92ff526751c81df1a7afa18bdb0cfd841deab88ed6c4861e20ec12d9e8","packs/pf2e/feats/ancestry/gnome/level-1/razzle-dazzle.json","Existing dazzling glow renews through small sustained reflection flash. No new blindness event or weapon swing."
"QMycbf2StuPcUbzO","Reach Beyond","action","1","4","class","symbolic","focus","spirit","1","4c19bebcbef58cfb690a31290f5c19c846b247cb981707fa759f7670b15f8ab9","packs/pf2e/feats/archetype/ghost-eater/reach-beyond.json","Spiritual focus threads toward concealed incorporeal target through faint wall plane. Concentration action, next Strike separate."
"ssrublnppwFSvVcb","Reach for the Sky","action","2","12","class","themed","dread","ward","1","10e69bffc58ff7aea85e06a4f8242bccc2c416893cdb7eb5dfdd2dc377f2e89a","packs/pf2e/feats/archetype/pistol-phenom/reach-for-the-sky.json","Reach for the Sky: gun into air; no Strike now; none; source muzzle wave; fear."
"Vc3TsH5y2vsCawLy","Reach of the Dead","free","","1","class","themed","spellshape","void","1","2289a45f0d0dff7a3782f57f62702ea62cd47678362db01bacc2807e0e0eb9e2","packs/pf2e/feats/class/necromancer/level-1/reach-of-the-dead.json","Necrotic thread primes one thrall as spell-origin focus. No immediate thrall destruction or spell."
"BWomK7EVY0WXxWgh","Reach Spell","action","1","1","class","themed","spellshape","arcane","1","33326080b97ec0a41d3cfac87fb48d9438ee3c71d8eb1642e1896b42f38dec0a","packs/pf2e/feats/class/shared-class-feats/level-1/reach-spell.json","Long narrow range rings extend from held focus then pause. Future cast separate."
"cQ2jy4Utoxmk3MkG","Reactive Charm","reaction","","10","class","symbolic","command","mind","1","6fa5d0644f7f6dbe472932902cd0c0991da34e92c732c051d4d3a7a239fa8f6b","packs/pf2e/feats/archetype/captivator/level-10/reactive-charm.json","Quick charm wave curls around attacking creature with soft mental glyph. Specific innate spell selected manually; success conditional."
"3EtlXNK4vc44R3Gm","Reactive Dismissal","reaction","","4","class","symbolic","concealment","spirit","1","fcfdf50a43fe4ac073b464800ffd4fe0ae582d3d20c76c881300b6a37707348b","packs/pf2e/feats/class/summoner/level-4/reactive-dismissal.json","Eidolon silhouette folds abruptly inward into fading summoning seam. No token document deletion."
"LDIZtE7saDLSBduG","Reactive Distraction","reaction","","20","class","themed","concealment","shadow","1","7fe8e4212f7d840c938d89304dc914d17853dba93d75224de37027ab4c7c3d61","packs/pf2e/feats/class/rogue/level-20/reactive-distraction.json","Decoy and source echoes cross through short reactive exchange trails. No actual positional exchange."
"xBqDeQFzvuDfqhZC","Reactive Interference","reaction","","12","class","symbolic","feint","weapon","1","2df776df5f31f0b90162d243850e5ef2b66783b95f44834efbdea1e3366368f5","packs/pf2e/feats/class/shared-class-feats/level-12/reactive-interference.json","Close sleeve-catching hand arc blocks one target-facing response lane. Disruption, no damaging Strike."
"VVsYBmVi2E1u9E5Z","Reactive Pursuit","reaction","","4","class","themed","movement","wind","1","eb3e56f252ece928841d6704fd0b1b2a62ede72c9262dea6555220fb806b7f5b","packs/pf2e/feats/class/rogue/level-4/reactive-pursuit.json","One measured pursuit trail follows withdrawing target with level close echo. Optional Fly not default."
"f58Vhv4R4J6a7ie9","Reactive Resilience","reaction","","8","class","themed","guard","earth","1","e972862a66af554b7569595ad67c24c2d312955ef4dbd1b9f3a195bcbbf895ea","packs/pf2e/feats/archetype/draconic-acolyte/reactive-resilience.json","Dragon-scale facets close around impact side then draconic essence fades. Resistance cue, no breath weapon."
"w8Ycgeq2zfyshtoS","Reactive Shield","reaction","","1","class","themed","guard","weapon","1","4c0518be1e53d5afb35b495067f338f6d8df08a5a51e8e3dc944a49b407c68d9","packs/pf2e/feats/class/shared-class-feats/level-1/reactive-shield.json","Shield snaps upward into single firm physical block crescent. No outgoing attack."
"Jycoi5vFWhcZ4Yp4","Reactive Spellshift","reaction","","6","class","symbolic","counteract","arcane","1","60c22c45ff59512d9066a46e065ff33a07d3c76f496add5f0c0c3dc4f02320ae","packs/pf2e/feats/archetype/spellshifter/level-6/reactive-spellshift.json","Conduit glint twists target casting ring into chosen alternate facet. Shift conditional, no generic damage."
"NMWXHGWUcZGoLDKb","Reactive Strike","reaction","","6","class","signature","strike","weapon","1","2ad46a1ff13ddf52cded35a41d87647d7fe97090db41c47fbdab3e387b90d2bb","packs/pf2e/feats/class/shared-class-feats/level-6/reactive-strike.json","Reactive Strike: opening counter; 1 visible contact (same-target); melee; counter thrust; disrupt."
"t9SlriJulwgxDPwX","Reactive Tangle","reaction","","4","class","themed","bind","weapon","1","ff382231f9cc5936b095352e04e79847990adbb6ef75933ff655567833e81c84","packs/pf2e/feats/archetype/marine-marauder/level-4/reactive-tangle.json","Low net lattice wraps toward target feet with short rope tether. Grapple attempt, no automatic restraint."
"4Q9Q41KLPYJMdV4b","Reactive Transformation","reaction","","14","class","themed","form","earth","1","1b19be5b7fcad767493e2198c79950f62c78398d0058221a01e36ddb67f1d5db","packs/pf2e/feats/class/druid/level-14/reactive-transformation.json","Danger-driven polymorph shell opens into selected animal/element silhouette. Shape follows trigger, not one fixed dragon attack."
"c6LOynN7MZEabcYh","Read the Dust","reaction","","6","class","symbolic","perception","void","1","2c6091df47ba11c703058b61ab8a5b66768a100b5cc5848da289db31beaa058a","packs/pf2e/feats/class/investigator/level-6/read-the-dust.json","Collapsing dust motes lift into directional clue trails and small eye mark. No damage or undead resummon."
"tBRhYPGTb30qP34t","Read the Roots","action","2","5","ancestry","symbolic","perception","plant","1","e0aa0e627a9b41cb6ccce9a2ecdf23ed277b0bcc9c090b7dbc0d4cf73a517d3d","packs/pf2e/feats/ancestry/versatile-heritages/ardande/read-the-roots.json","Root network lights below feet; tremor scan spreads through ground. Grounded tremorsense, no root attack."
"6qIHbbT76zIVmeEt","Rearing Display","action","1","12","class","themed","unarmed","fear","1","3348616cde515a3969788bc963f0f8371adc4e2563fccd54582f616aefbca6c0","packs/pf2e/feats/archetype/cavalier/level-12/rearing-display.json","Rearing Display: mount rear; 1 visible contact (same-target); mount-unarmed; rising contact; fear-after."
"pm9PS32YNLJ2wp4o","Reason Rapidly","action","1","12","class","symbolic","focus","mind","1","02d1b6fa28dd1cd387da672961b9f354c2135a529c796e9baa721805bda4eda1","packs/pf2e/feats/class/investigator/level-12/reason-rapidly.json","Five distinct clue glints light sequentially within quick mental wheel. No combat attack."
"95PmHIS041KiYIks","Reassuring Presence","reaction","","1","ancestry","themed","targetSupport","fear","1","7b7db55afdb0129a75ea6e891cf5778d3b92905ffc4e109bc1c3c092ca3d361e","packs/pf2e/feats/ancestry/anadi/level-1/reassuring-presence.json","Reassuring Presence: encouragement; no Strike now; none; ally halos; fear-clear, resave."
"0IVnIC6gQUdQyM8b","Rebel's Map","free","","4","class","themed","fortune","shadow","1","9e0f6c1328c9ebd2b2d1fbc8658809ba4ba5c61d31fbe053e1b7fd9251e9aa60","packs/pf2e/feats/archetype/scout/rebels-map.json","Escape-route map traces faint cover angles then stores one luck bead. Planning only, no current Sneak or Hide."
"mNiJvsbyxdLBnTRs","Rebirth in Living Stone","action","1","18","class","themed","form","earth","1","006829626b8c75e0dba3ab3d6c8c6943e6f1056a33d405dc2580353f71b06a29","packs/pf2e/feats/class/kineticist/level-18/rebirth-in-living-stone.json","Rock shell grows over body then cracks open into living-stone silhouette. No immediate Elemental Blast."
"lIr2kC561L7oX290","Rebounding Assault","action","2","10","class","themed","mixedStrike","weapon","1","c605f81dfb3ac13fdb89e1258d0cd1011362ba6cd444743a4d2578e62dc63859","packs/pf2e/feats/class/gunslinger/level-10/rebounding-assault.json","Rebounding Assault: throw then shoot; 2 visible contacts (same-target); thrown-and-firearm; mixed projectile pair; rebound-return."
"Q0gFkEoJDmbRaaiU","Rebounding Smite","reaction","","16","class","themed","healing","spirit","1","4b34f7bed78a7c3acf42f7ea8b4ebee638182de0ed49bf9e879d768f495c6c0e","packs/pf2e/feats/class/cleric/level-16/rebounding-smite.json","Missed smite energy rebounds as short restorative/harm ring on new creature. Heal/Harm selection required; do not repeat Strike."
"5SBFayX7JqKYANwa","Rebounding Toss","action","2","2","class","themed","ranged","weapon","1","732095d555ff80cce5043ea8e17c45dacb3bb9ec546b86e7a1888f65ef19d331","packs/pf2e/feats/class/fighter/level-2/rebounding-toss.json","One thrown weapon hits the first foe, then rebounds from that foe to the second only after a confirmed first hit. Preview illustrates the successful branch. Select two ordered enemies; their native 10-foot separation and attack results remain PF2e."
"8uyo7y5zqRUT1kbt","Recharging Flurry","action","2","4","class","themed","doubleStrike","weapon","1","e8c492e45f85f326d0664e8fd183e81417b63b65528e9544a5fff4c0c2a15c2b","packs/pf2e/feats/class/magus/level-4/recharging-flurry.json","Recharging Flurry: arcane charge; 2 visible contacts (same-target); two-melee; opposing pair; spellstrike-recharge."
"LQVpSsUvzBQzpm4Q","Recharging Transference","action","1","16","class","symbolic","targetSupport","arcane","1","5a1f5b68a74afba4abf0cd00825ef23c6a8614891cf49e708d780cfa4215c251","packs/pf2e/feats/archetype/wildspell/recharging-transference.json","One stored magic bead breaks down into ribbon that refills ally focus. Cannot target self; no damaging bolt."
"fqw1ELaqavuKLHIj","Reckless Abandon","free","","17","ancestry","themed","fortune","earth","1","1775152748e64163b6bfe28116ddab9231321e5c5f3ecf91baff2882971d9b8f","packs/pf2e/feats/ancestry/goblin/level-17/reckless-abandon.json","Chaotic lucky sparks bounce off close protective fortune outline. No offensive attack."
"IkqhUNVXUmi8ePEJ","Reclaim Power","action","1","6","class","themed","absorb","void","1","977dba9a4c0a7383832d3035cf16a4f19d847e5f355195c9b1421190e31a6087","packs/pf2e/feats/class/necromancer/level-6/reclaim-power.json","Reclaim Power: thrall consume; no Strike now; none; inward transfer; source-heal, condition-clear."
"OOBSMpdAfYuiiQqo","Recognize Ambush","free","","5","ancestry","symbolic","preparation","weapon","1","a58cc667695c9508b4cfccf0bf93a05027292665ba451a1fce0766e22dfedd01","packs/pf2e/feats/ancestry/hobgoblin/level-5/recognize-ambush.json","Initiative alert glint precedes brisk single weapon draw silhouette. No Strike."
"MjQyTcV8Jiv1Jtln","Recognize Spell","reaction","","1","skill","symbolic","perception","arcane","1","d49cdae8eae416cca826122a1976530734d67debf1b19a6841c1722bc4c1ebfc","packs/pf2e/feats/skill/level-1/recognize-spell.json","Observed casting sigil resolves through a small four-tradition analysis wheel. Identification only, no counteract."
"5vRXZcGAbqKRoaqL","Recognize Threat","free","","8","skill","symbolic","perception","mind","1","185ff35239f2cd41c20f7538a6d23e837db9997e5e0ef360df1607583b910e7f","packs/pf2e/feats/archetype/pathfinder-agent/recognize-threat.json","Creature threat outline scans vertically then emits team-ready insight accent. No attack."
"PZb9yNbDzqd0QiVk","Recoiling Relocation","free","","8","class","symbolic","movement","metal","1","dcb66b24678f307f9159774d4e3a9925cd0bd0b52108311b11e280742160b94f","packs/pf2e/feats/archetype/munitions-master/recoiling-relocation.json","Compressed exhaust puff carries source and mortar echoes together into recoil trail. No new mortar launch; movement cosmetic."
"QoPooHpBjPh1sjRD","Recollect Studies","action","1","12","skill","symbolic","focus","mind","1","8c31f9eac16466f2193849786239b3a9f4f73c80bbce6a9538e41c381f5ea843","packs/pf2e/feats/archetype/swordmaster/recollect-studies.json","Remembered study glyph resolves into one resistance-gap clue at target. Knowledge only."
"9Qn5E7Ujye9KdxOj","Recover Spell","action","1","10","class","themed","spellshape","arcane","1","b94115a86d42b94141f89b191fee03186e143691075d900e99afd2898b3b57e4","packs/pf2e/feats/archetype/spellmaster/recover-spell.json","Disrupted magic fragments regather into reserved recasting focus. No Heal/Force Barrage before next cast."
"AmV13b9ncALtWJFt","Redirect Elements","reaction","","12","class","symbolic","counteract","arcane","1","9e38a743d951321851580ee87f966f463a3a813190b177732da7c401c571aff2","packs/pf2e/feats/archetype/elementalist/redirect-elements.json","Incoming elemental ribbon bends through source deflection arc toward new foe. No duplicate original spell footage; chosen element required."
"LGXUW9iWs6y3xWJj","Redirect Teleportation","reaction","","12","class","themed","counteract","teleport","1","fe8f83e0b76585002674953dfb7b1794d9d82b0bb35c72907d35e75e9c567a99","packs/pf2e/feats/class/wizard/level-12/redirect-teleportation.json","Target arrival aperture is caught by offset ring and redirected into second seam. No actual teleport/hostile destination."
"G3NBWaItq6oLEJxx","Redirecting Draft","reaction","","10","class","themed","guard","wind","1","04347d9ba07c6d51935c7a578b0900b53c8a8ce6f67be17e8b8ec3543ca726ec","packs/pf2e/feats/archetype/winged-warrior/redirecting-draft.json","Wing-flap fan sweeps across incoming arrow lane and disperses sideways. Defense draft, no flight lift."
"HKNOA5WGBWGEpdmH","Redirecting Shot","reaction","","10","class","themed","firearm","weapon","1","222423e72fc6ab0c6f93e2d460bfe79afea23cf5d01c3d16e79e153d3fd40346","packs/pf2e/feats/class/gunslinger/level-10/redirecting-shot.json","Redirecting Shot: ally shot correction; 1 visible contact (same-target); firearm-or-crossbow; ricochet; ally-projectile-redirect."
"wUBodqhXq3n4XbvK","Reel 'Em In","action","1","10","class","themed","bindStrike","weapon","1","97b3860bdb7c79505edbb2d6390a37ef34d855760a9934071c28be673b92ee64","packs/pf2e/feats/archetype/marine-marauder/level-10/reel-em-in.json","Reel 'Em In: rope ready; 1 visible contact (same-target); harpoon-or-net; tether contact; inward-pull."
"Yec6UwJf5FLvAbZ4","Reflecting Riposte","reaction","","20","class","themed","counteract","arcane","1","1e6a62f3d4b96d5c786cc26a02fc0f0d5214cc62f4405619500b93071501cd6c","packs/pf2e/feats/class/fighter/level-20/reflecting-riposte.json","Parrying surface brightens; returning spell arc folds toward original caster. Counteract conditional, chosen spell separate."
"Bi79QIvSE9JxJGkp","Reflective Defense","reaction","","1","ancestry","symbolic","elementTarget","light","1","a469fd7ce6beb277def9e1cfe2e0bd8f6547da0f6bc7e33369fc1199145f8358","packs/pf2e/feats/ancestry/versatile-heritages/talos/reflective-defense.json","Body luster catches light then reflects narrow glare into enemy eyes. No damaging impact; dazzle conditional."
"knZUN4sYExIyRC4F","Reflective Ripple Stance","action","1","1","class","themed","stance","water","1","e5e684ac4e28a714fcbb1d45728bb9ef8bff6571b5b06e13d24a7c3195d1e279","packs/pf2e/feats/class/monk/level-1/reflective-ripple-stance.json","Fluid stance settle draws shallow ripples around feet with reflective rim. No flowing wave Strike on entry."
"irDFSzKCaF4ux3bx","Reflexive Catch","reaction","","4","class","themed","preparation","weapon","1","26d7cbda66a42cc4c67de561824f160fac4cd4ff2a4c2dc505ebb839a0fda604","packs/pf2e/feats/archetype/juggler/reflexive-catch.json","One falling item glint stops at hand-height catch arc and begins small juggling orbit. Not grapple against creature."
"nEmaHLsZEBru1Jjv","Reflexive Courage","reaction","","8","class","themed","strike","weapon","1","bc6e19addcc14b354f1fa3f272e74cef07a358c000ea9e8f4f541a6f382adda1","packs/pf2e/feats/class/bard/level-8/reflexive-courage.json","Reflexive Courage: rally counter; 1 visible contact (same-target); melee; counter thrust; sonic-call."
"eAcMHQgfsOePtYgp","Reflexive Devotion","free","","10","class","symbolic","form","earth","1","f039ffae87a561db17140bfbfd6e8446914c0794b0d13f2705ad908e04acf76d","packs/pf2e/feats/archetype/draconic-acolyte/reflexive-devotion.json","Draconic essence kindles briefly as scales around inner body outline. No breath attack."
"74MnTnoqSveet8Sy","Reflexive Grapple","action","1","12","class","themed","bindStrike","weapon","1","aebe996cea3e8edee2adfb1c8c73ad68426fc2f353325badfda25d815f0b4916","packs/pf2e/feats/archetype/thlipit-contestant/reflexive-grapple.json","Reflexive Grapple: lash contact; 1 visible contact (same-target); lash; hook; grapple-bind."
"LI9VtCaL5ZRk0Wo8","Reflexive Stance","free","","12","class","symbolic","stance","weapon","1","80a789100bd9dade70533e4c0ff30cf12470eb19b7caa1dce78baf221e6ad44e","packs/pf2e/feats/class/monk/level-12/reflexive-stance.json","Single reflexive stance ring locks beneath calm body settle. Chosen stance not inferred."
"0M7kfn0ifdwWioOQ","Regurgitate Mutagen","action","1","4","class","themed","elementBolt","acid","1","d28d2d539f3deb20aa11c6c1b03babbf1f372580a5d7063c3264cddb73925165","packs/pf2e/feats/class/alchemist/level-4/regurgitate-mutagen.json","Mouth-height acid stream travels directly to foe then spatters locally. Mutagen ends, sickened conditional."
"LFS9M737RCt0Jq8r","Rejoice in Solstice Storm","action","2","8","class","symbolic","elementAura","arcane","1","13808e25f27f9c56683828f786a18191e419cbc15b2cea1c29e003ea803050ce","packs/pf2e/feats/class/exemplar/level-8/rejoice-in-solstice-storm.json","Four clockwise seasonal sectors expand: lightning, rain, leaves and snow. Four seasonal effects; not electricity-only cone."
"eXv8ZWcASOgs8jLZ","Rekindled Light","reaction","","5","ancestry","symbolic","targetSupport","vitality","1","bccb05d124a2489b54c6e2010ed76685a039950a4f489699d1dc86b4063e1913","packs/pf2e/feats/ancestry/kitsune/level-5/rekindled-light.json","Star orb dims while warm rekindling light blossoms around endangered ally. Familiar origin, no damage to ally."
"sqAwZeoNUFPj3Dxw","Release Me!","action","1","14","class","themed","strike","weapon","1","98fddc318e4444d7d19b485064e04a02250ad741f3ecfd17a661da22bbd088d0","packs/pf2e/feats/archetype/broken-chain/release-me.json","Release Me!: restrained counter; 1 visible contact (same-target); one-handed-melee; single contact; source-escape."
"YePPw9Oc4JlDAmYD","Release Spores","action","2","2","class","themed","groundCreation","poison","1","04e008d9f9a1513e19042909255892595ef0883ae140b31f2df245f2083b2e58","packs/pf2e/feats/miscellaneous/deviant/release-spores.json","Remote ground burst blooms into broad spore miasma with floating fungal motes. Base concealment only; awakening toxicity optional."
"SsME16puYnUzga3O","Release the Light","action","2","17","ancestry","symbolic","elementAura","light","1","1d970281dcb310d2f48156ed6e62fbf0c5ecbb075b82a91469715777dc416d36","packs/pf2e/feats/miscellaneous/reincarnated/release-the-light.json","Soul light intensifies upward then opens broad luminous ring. Low-HP light effect, blindness conditional."
"e9NcDk6ds5YebGvb","Relentless Stalker","reaction","","2","class","themed","movement","wind","1","a99d8dd8cacdf326a2420702840d24c77f89c9eb0c0eec38ee5344ccd8fc67f5","packs/pf2e/feats/class/ranger/level-2/relentless-stalker.json","Tandem prey pursuit uses steady parallel trail and unbroken close tether. No actual movement or attack."
"Gw8tjM91F6i3fOnR","Relinquish Control","free","","1","class","themed","form","spirit","1","3ae1f53460d7df8261b566b3e01a886e526fef0bfb8428da6bb7a46a13a68b63","packs/pf2e/feats/class/animist/level-1/relinquish-control.json","Relinquish Control: apparition takeover; no Strike now; none; source halo; mental-guard, future-actions."
"0idzh4dww7B7cbnW","Reloading Trick","action","1","6","class","themed","ranged","weapon","1","62fa42f5125bc32d66b063575cd7d0fccc598ed8a0812bf26c5fa750201cd0e8","packs/pf2e/feats/archetype/crossbow-infiltrator/level-6/reloading-trick.json","Crossbow chamber glints once before single bolt flies to localized hit. One projectile, no extra magazine volley."
"H5uZqYVClk3s62ce","Remediate","free","","16","class","themed","spellshape","spirit","1","63aa9df050393b000b972fb770ef4f0cbc6a3617a39addf463ca5ae09f209593","packs/pf2e/feats/class/cleric/level-16/remediate.json","Balanced divine font ring primes opposing-energy counteract glyph. Future three-action Heal/Harm separate."
"JMIdEsQ0vVKP29bW","Remember Their Names","action","2","16","class","themed","elementTarget","mind","1","10321b51812dc059261128787d29c0afd4d3789c6418a7305c3f312575315059","packs/pf2e/feats/archetype/broken-chain/remember-their-names.json","Victims' name-like whisper bands sear slowly into target mental ring. No future repeated curse ticks."
"YhclkX1nfyUU8RtO","Remember Your Training","action","1","4","class","symbolic","focus","mind","1","241082bc00eb1d68d36f0d6d341c36706b0e871d48f88567cf6db95d9487df50","packs/pf2e/feats/archetype/pathfinder-agent/remember-your-training.json","Remembered field-guide glyphs converge into one creature insight mark. No automatic attack."
"dHJw5Yv0gY3suBZo","Reminder of the Greater Fear","reaction","","8","class","themed","targetSupport","fear","1","543fb9f37f0c8407b843a1faa7543eeda09d014f94643a75fbad5a73785396d7","packs/pf2e/feats/archetype/gray-gardener/reminder-of-the-greater-fear.json","Reminder of the Greater Fear: encouragement; no Strike now; none; ally halos; fear-clear, resave."
"JFb1euLOlFX2IBbp","Remote Detonation","action","1","1","class","themed","ranged","weapon","1","5e691c26a327afdf1f97def857781dc09a108c86885c150ecca73a5f814c9b5d","packs/pf2e/feats/class/runesmith/level-1/remote-detonation.json","Whisper-marked ammunition flies once; two target rune glints answer on contact. Invoke only on hit; rune choices configurable."
"0wpnyayq9ZXmfv7H","Remote Detonation (Snarecrafter)","action","1","8","class","themed","elementTarget","force","1","4844e523ce76a40ab1d6f29909522036746788e613b495b9501b6e3c80b5134f","packs/pf2e/feats/archetype/snarecrafter/level-8/remote-detonation-snarecrafter.json","Small remote snare sigil collapses then erupts into tight local force ring. Snare origin, not caster-to-target bolt."
"Q35r2ssLpGUBRksE","Rend Armor","action","1","8","class","symbolic","elementTarget","weapon","1","e8f14a124675edca632e399d35e2b0bc6084cabab55204882199be0d8d096c29","packs/pf2e/feats/archetype/hellbreaker/level-8/rend-armor.json","Existing wound-line weapon twist tears target armor sheen sideways. After critical Strike, no additional full Strike."
"9gEVyUjYrDLUWieq","Rend Mimicry","action","1","4","class","themed","elementTarget","weapon","1","a0dda628b9f8d0d3db4a2758beea20a8fd73e570e71ca473d8ecc259d11e0f53","packs/pf2e/feats/archetype/wild-mimic/rend-mimicry.json","Two pre-existing cut lines split apart in brief rending cross-contact. Rend follow-up, no repeated prerequisite attacks."
"3hhCDWPm021hvicR","Renewed Vigor","action","1","8","class","symbolic","resolve","blood","1","10d4434b6ec0058296a4d7b749a3bde9a986ad167b98a5f0909e6f2d398caa2c","packs/pf2e/feats/class/barbarian/level-8/renewed-vigor.json","Raging haze condenses into renewed inner vigor crest. Temporary endurance, not HP healing."
"ZGT7NLpcvREkJsMd","Repair Module","action","1","9","ancestry","themed","restoration","metal","1","bc181979a52324645e16de2e263b8b4a0eb4d3f5c72e20a882575a18b5dd8490","packs/pf2e/feats/ancestry/android/level-9/repair-module.json","Tiny repair motes scan skin then stitch wounds with orderly sequential glints. Fast-healing activation, no minute of extra ticks."
"5RbVfudZQrlHjIVh","Repeat Lesson","reaction","","6","class","symbolic","bind","weapon","1","7382480d95ebbdcadb7c5e3b06acd0742472de8f372a50fb7def88f46da12a6f","packs/pf2e/feats/archetype/iridian-choirmaster/level-6/repeat-lesson.json","Teacher's corrected maneuver echo traces firm opposing-hand path at target. Action selected from failed maneuver; no guaranteed result."
"A1RcZ9mhYBZKzMUU","Repel Assault","reaction","","6","class","themed","guard","ward","1","129ce927c157bcdd142d74d15f2cf5fd17640a6d7483bf49b6952afb740caf2b","packs/pf2e/feats/mythic/repel-assault.json","Repel Assault: resist impact; no Strike now; none; source barrier; future-counter."
"Qlj0afC9E60yAKML","Repel Darkness","action","2","4","class","symbolic","guard","light","1","1447c77ec84d905eb622f5155aea02834f81d22dbc68a58bf30ff20587c6fe1f","packs/pf2e/feats/archetype/nidalese-horselord/level-4/repel-darkness.json","Stoic ring pushes shadow wisps outward while natural central light remains. No fabricated illumination or damaging burst."
"vw93yCHEmxutFO8h","Repositioning Block","free","","8","class","themed","movement","weapon","1","9ce7824aea4e31d12a71f391d94d363f90db6dd982a1e4b76a1fb439f75f7751","packs/pf2e/feats/class/guardian/level-8/repositioning-block.json","Shield-block edge redirects momentum along short lateral target echo. No guaranteed reposition or real move."
"IeAbL6fkRsd1hL6r","Repulse the Wicked","reaction","","6","class","themed","shove","weapon","1","6022b08061279f7c9cf398b66f1c55a04abf887eb03e656d123da250f44b0d13","packs/pf2e/feats/archetype/lastwall-sentry/repulse-the-wicked.json","Repulse the Wicked: undead rebuff; no Strike now; none; horizontal push; push."
"2VZxwS5LTi9YxikG","Reset the Past","free","","14","class","symbolic","time","time","1","64475ec36a9af0a26380fafd106e9fce50bf796585aac38350dbf0911816862e","packs/pf2e/feats/archetype/chronoskimmer/reset-the-past.json","Clock loop rewinds once and restores one spent temporal spark. No current temporal attack."
"0JIhsbC919xazONb","Resilient Chassis","reaction","","5","ancestry","symbolic","guard","metal","1","0cc486db7b3882b12b79924d460e205ef9d488aa37355960233116459eb9ab94","packs/pf2e/feats/ancestry/automaton/level-5/resilient-chassis.json","Internal chassis battery lights feed close reinforced mechanical rim. Temporary HP cue only."
"vdowlFFknihiz5pm","Resilient Physiology","action","1","5","ancestry","symbolic","restoration","blood","1","992e7840c5a6c7fd567cec912dca3c3ac87680f67f49fcf9a7bafd9e4cee482a","packs/pf2e/feats/ancestry/versatile-heritages/nephilim/resilient-physiology.json","Ordered body lattice filters one toxic or lingering harm wisp outward. Chosen affliction/recovery check conditional."
"9kY9B5WgtEleOicn","Resounding Blow","action","2","10","class","themed","heavyStrike","sonic","1","f58670bb497e7a62160add9bfc1ddd921ff9f96d77fe48f944257e9638bea10c","packs/pf2e/feats/class/barbarian/level-10/resounding-blow.json","Resounding Blow: head windup; 1 visible contact (same-target); bludgeoning-melee; single contact; sonic-ring."
"lhSqWHXK1JShUabF","Resounding Finale","reaction","","16","class","themed","guard","sonic","1","121290c4aa83eb08ceccb157cb0b21db53010531fd2fdae55f8e2ef07ef73b6a","packs/pf2e/feats/class/bard/level-16/resounding-finale.json","Dramatic final musical wave closes ally sound barrier then composition fades. No damaging sonic retaliation."
"xUlRLkWnfZ7reej6","Restorative Strike","action","2","4","class","themed","restorativeStrike","healing","1","7c62ace716972708f9d11c7df00d1561bada3574bd5e2615053805bb146b01f1","packs/pf2e/feats/class/cleric/level-4/restorative-strike.json","Restorative Strike: self heal first; 1 visible contact (same-target); melee; single contact; source-heal, optional-ally-heal."
"lleedxE6fTDSK6og","Resuscitate","action","3","16","class","symbolic","restoration","healing","1","42460167b58c9abc9de1bc84586e7e3dd8b798ab8887f78a4f10877447ec42f8","packs/pf2e/feats/archetype/medic/resuscitate.json","Three slow medicinal compressions precede faint returning heartbeat ring. Medicine success required; no instant resurrection promise."
"0EjaNZM7qeARiuEU","Retaliating Rescue","action","2","6","class","themed","charge","weapon","1","0ba8136dd5d1c1e715d083c933395426477bf7333d4d885562cbe97a0165c767","packs/pf2e/feats/class/guardian/level-6/retaliating-rescue.json","Retaliating Rescue: ally hustle; 1 visible contact (same-target); melee; counter thrust; ally-push."
"y7SYHv0DWkkwjT95","Retaliatory Cleansing","reaction","","8","class","themed","elementTarget","vitality","1","e23a76aa7470665907bd6cde363e05ab9030a940748443e61af134dd249c6910","packs/pf2e/feats/class/alchemist/level-8/retaliatory-cleansing.json","Retaliatory Cleansing: bottle intercept; 1 visible contact (same-target); holy-bottle; shatter contact; vitality-splash."
"mFyKBHdX818sDnzO","Retch Rust","action","2","8","class","symbolic","elementCone","metal","1","84d8fa41fd6d3b414b535e15f6a5ddf906bada9b21ba21690e66d7397ca474f3","packs/pf2e/feats/class/kineticist/level-8/retch-rust.json","Mouth-height rusty flakes form broad slashing tendril cone. No fire/poison substitute."
"HxMkvkxd8QMXcQ67","Retreating Finisher","action","1","2","class","themed","strike","weapon","1","bf60072813bb9976b751f20ac6840e9fc71a1a5d4b4200353c5cab784b589200","packs/pf2e/feats/class/swashbuckler/level-2/retreating-finisher.json","Retreating Finisher: guarded attack; 1 visible contact (same-target); melee; single contact; failure-step."
"lT6yLoMfalzxGL8y","Retributive Focus","free","","18","class","symbolic","restoration","spirit","1","89d2dedb5918daabfa05fa5fb543663999c592103d1101dc23cbe79d7dd6f850","packs/pf2e/feats/class/champion/level-18/retributive-focus.json","Righteous offense memory glint refills one empty focus bead. No champion reaction executed."
"FgtUV7SKeq0nTivu","Return to the Sea","action","2","4","class","themed","form","water","1","076e14864b2d1448e67233999546ecd1618ed9792a67f2f52e4e7d2c6385aa8e","packs/pf2e/feats/class/kineticist/level-4/return-to-the-sea.json","Willing target's lower silhouette gains fin-like water arcs and gill shimmer. No water damage."
"grA1PUgdYNTP66oG","Return Unto Runes","reaction","","16","class","symbolic","rune","arcane","1","f909ac1b8df3cb4d0d233cacdaf9641f8d5bd7a8770b6d2605ba8a475abe1d02","packs/pf2e/feats/class/runesmith/level-16/return-unto-runes.json","Incoming magic breaks into small components sealed inside one orbiting rune. Invocation later; no immediate reflected spell."
"HfebybiUNW8mXOfP","Returning Throw","action","2","9","ancestry","themed","ranged","weapon","1","674589f9b2e24893502e84cce2fb384fd49570dde5531b51531c5cf347ecd50b","packs/pf2e/feats/ancestry/dwarf/level-9/returning-throw.json","Returning Throw: calculated arc; 1 visible contact (same-target); thrown; arcing projectile; return-weapon."
"MR9PtioOPfTXIzHA","Reveal Hidden Self","action","3","5","ancestry","symbolic","form","illusion","1","e10a6102a7331850778a48a0df8a3043220607f114944d5baf3eb02afea8d022","packs/pf2e/feats/ancestry/versatile-heritages/nephilim/reveal-hidden-self.json","Animalistic phantom silhouette assembles at chosen remote focus. No real creature spawn or attack."
"XZcd1wFHy111klu2","Reveal Machinations","action","1","15","skill","themed","dread","mind","1","af8772d956fa403920dc85679df63a47bfb7931c4b9ce0f55f99f37bb500b604","packs/pf2e/feats/skill/level-15/reveal-machinations.json","Reveal Machinations: identity reveal; no Strike now; none; target vision; fear, knowledge."
"5s8FqK4YZTVOvP0v","Reveal True Name","action","2","1","skill","symbolic","command","mind","1","05b2f40cdd3b10f651752ccaa3412ca7f3f34385ed7c002a3b925b461ca73cea","packs/pf2e/feats/skill/level-1/reveal-true-name.json","Spoken true-name glyph tightens around target attention lane. Compliance conditional; no mind damage."
"JHcvySfCM9uYNb9N","Revealing Stab","action","2","6","class","themed","strike","weapon","1","32167781162b9e7138464b1dd3c8989320053430ee2bee3b8d462dec0531eaa0","packs/pf2e/feats/class/fighter/level-6/revealing-stab.json","Revealing Stab: imperceptible focus; 1 visible contact (same-target); piercing-melee; thrust; reveal-marker."
"ecV3Nljvs4FOBS27","Reverberate","reaction","","12","class","themed","counteract","sonic","1","60c0cc0cc54cae36a8cb73bf82e980efc10d51c3171c4344877cd4641a5227cc","packs/pf2e/feats/class/bard/level-12/reverberate.json","Incoming sound ripple bends around source then rebounds toward origin. Performance success required."
"SNgOGKUHAxgFJgxW","Reverberating Spell","action","1","10","class","themed","spellshape","sonic","1","86f18e0bb63ae66c405fe74e5f224207045b66905ddbfcd3a9d8adaa53e8b0c0","packs/pf2e/feats/archetype/elementalist/reverberating-spell.json","Reserved spell ring acquires metallic clang arcs and echo bands. Future spell separate, no immediate deafness."
"9LwOCcutlLxd4bfS","Reversing Charge","action","2","8","class","themed","charge","weapon","1","b7eb79c5d200f0093715918bafd871b4e57f891779be5aea6bd294b5342d7ba7","packs/pf2e/feats/archetype/chronoskimmer/reversing-charge.json","Reversing Charge: sprint return; 1 visible contact (same-target); melee; forward; return-shimmer."
"83zzG4XBiL5I3NZv","Revitalizing Finisher","action","1","16","class","themed","strike","weapon","1","a6e97741f7350c38d1a05beda92135bb8986bfbf131ddb103f36f24593558318","packs/pf2e/feats/class/swashbuckler/level-16/revitalizing-finisher.json","Revitalizing Finisher: swagger attack; 1 visible contact (same-target); melee-or-ranged; single contact; ally-temporary-hp."
"1lpygRsa487Jto4L","Revivification Protocol","free","","13","ancestry","symbolic","restoration","metal","1","111816d69b0bfeee0a2a973bc6e01e0d5d018893c2fd0677571c930a14f2eca0","packs/pf2e/feats/ancestry/android/level-13/revivification-protocol.json","Dormant circuitry flashes into automated heartbeat restart with rising repair motes. No document HP mutation."
"2rJP5TqvfazNeNmY","Revivifying Mutagen","action","1","2","class","themed","healing","healing","1","26d6a3aad206f17e98e2b6c915016338355d9e179fd225a20aa0bed191d6a8e6","packs/pf2e/feats/class/alchemist/level-2/revivifying-mutagen.json","Mutagen-colored inner swirl contracts into warm self-healing pulse. No external projectile."
"c7mCj6wUdb47rrnw","Ricochet Shot","action","1","12","class","themed","firearm","weapon","1","99da68a1111dad02e1d3efde782be450aa942014c56042937af252de34e2cead","packs/pf2e/feats/class/gunslinger/level-12/ricochet-shot.json","Ricochet Shot: surface aim; 1 visible contact (same-target); firearm-or-crossbow; ricochet; surface-bounce."
"tRHjUCl0xqG97nok","Ricochet Stance (Fighter)","action","1","6","class","themed","stance","weapon","1","1a14ae22452a4be4c38768e06ea60f239e006c8003132ce4121d45af1f97a911","packs/pf2e/feats/class/fighter/level-6/ricochet-stance-fighter.json","Firm fighter stance draws broad rebound arc returning toward throwing hand. No actual throw; authored firm symmetric entry."
"RsNvCSrCN7czHC0G","Ricochet Stance (Rogue)","action","1","8","class","themed","stance","weapon","1","1a14ae22452a4be4c38768e06ea60f239e006c8003132ce4121d45af1f97a911","packs/pf2e/feats/class/rogue/level-8/ricochet-stance-rogue.json","Low rogue stance draws oblique rebound loop ending at concealed throwing hand. Same mechanics as fighter version; oblique art direction, no throw."
"4IurxX5pB7NmQX4q","Ride On","reaction","","9","ancestry","symbolic","resolve","earth","1","1a28c7d4f57e49fcfa9d02b1a818fec926c556dc7489d73c86eedbb8da9ec572","packs/pf2e/feats/ancestry/centaur/level-9/ride-on.json","Centaur endurance ripple travels from grounded feet into steady upright crest. Fatigue delayed, no movement."
"P4xwr0xnh1uvK9qs","Ride the Tsunami","action","3","18","class","symbolic","elementCone","water","1","8e7203ffb62490e847d30b0e15259a63c60a287c1c0cd9f41b7b69ed69f2e1a5","packs/pf2e/feats/class/kineticist/level-18/ride-the-tsunami.json","Tall advancing wave wall crashes outward then leaves optional surfing echo. Cone/line choice; forced pushes conditional."
"NMRBes7gGfGldOrn","Ring Their Bell","action","1","6","class","themed","unarmed","weapon","1","a78c7b876a295f69349618b05cdd678fd33f57e4632525fbcc760f7e9f4b4469","packs/pf2e/feats/class/guardian/level-6/ring-their-bell.json","Ring Their Bell: armored pummel; 1 visible contact (same-target); fist-or-gauntlet; punch; stun."
"OliKxFIqzky2o6vk","Ringmaster's Introduction","reaction","","20","class","themed","performance","fear","1","4652a8c56271414420057c3ccb55249c5456d06e614a63a941e6d6904e8b5d3d","packs/pf2e/feats/class/bard/level-20/ringmasters-introduction.json","Ringmaster's Introduction: legendary introduction; no Strike now; none; ally halo; future-action."
"EDZ1MwbNM9EcdTsh","Rip and Tear","action","1","4","class","themed","unarmed","weapon","1","6835333d5f6937ad92f6fefd92fe8dad65b1ebbb69d9f82b375d8dd1f472a41d","packs/pf2e/feats/class/shared-class-feats/level-4/rip-and-tear.json","Rip and Tear: raking follow up; 1 visible contact (same-target); unarmed-slashing; claw rake; bleed."
"9MiK0Lyro5dQgHij","Rippling Spin","reaction","","8","class","themed","trip","water","1","e8591095e104fa431759eaf5c81227d047bff11fc299ccf3ef0431c08a75b471","packs/pf2e/feats/class/monk/level-8/rippling-spin.json","Rippling Spin: side step spin; no Strike now; none; low sweep; trip-or-disarm."
"o1LhDmwymrpEy1u2","Riptide","reaction","","9","ancestry","themed","movement","water","1","0f1274abeeeccc9177e1c3ef9dd8f85f599be5c4cf690402cccd7cc829797692","packs/pf2e/feats/ancestry/azarketi/level-9/riptide.json","Paired grapple-linked echoes descend into short shoreline splash trail. No actual drag or new Grapple."
"ypIzURz2VBJCOran","Riptide (Undersea Privateer)","action","1","8","class","symbolic","bind","water","1","9a16c14307bba3a73dc10af0cfb7cda296133a98e82070f861e7c7d2cf941672","packs/pf2e/feats/archetype/undersea-privateer/level-8/riptide-undersea-privateer.json","Inward swirling current curves from target toward source with tightening eddy. Athletics outcome conditional."
"usSE6mpdYSGmDdds","Riptide Mount","action","1","5","ancestry","symbolic","command","water","1","1a6762e6c4db096e63298251781e76f60cc1819111baa904fd392602549da127","packs/pf2e/feats/ancestry/athamaru/level-5/riptide-mount.json","Buoyant mount settle precedes short animal command bubbles. No chosen animal attack."
"fOwArAHixZsrpUMM","Rise Up!","action","2","12","class","themed","targetSupport","wind","1","0f2aedaa95b21c7262ad61b9839b8c98bb04e3ebad51467cb6243f5211ff496f","packs/pf2e/feats/archetype/rose-warden/level-12/rise-up.json","Brief liberation shout lifts source and two ally echoes above soft air rings. No actual Stand or relocation."
"0B8nLDB8gOAxvpkK","Rising Hurricane","action","3","6","class","themed","groundCreation","water","1","9f8c1e9161726a5c1c874c831ca7dda99c6cf4e1d886484ccec8fde1cd0064f2","packs/pf2e/feats/class/kineticist/level-6/rising-hurricane.json","Remote hurricane column spirals upward then rains downward within same area. Lift/drop conditional; not caster flight."
"BmAk6o14CutgnIOG","Risky Reload","action","1","2","class","themed","firearm","weapon","1","92f661839d894f28dc6c38c2df3e5b0f93b1d174f1065937528df7f7c165cfee","packs/pf2e/feats/class/gunslinger/level-2/risky-reload.json","Risky Reload: rapid reload; 1 visible contact (same-target); firearm; projectile; misfire-option."
"vwOU1t8Fd5dDEYia","Roar Mimicry","action","2","12","class","themed","elementAura","sonic","1","141494480d23e92ac3a768464b1c77f2110e7de29fe869ef75d7925810da751d","packs/pf2e/feats/archetype/wild-mimic/roar-mimicry.json","Deep roar expands through two dense pressure rings from body. Emanation, not one target impact."
"F6TIEmYYJGmVhMXl","Roaring Heart","action","2","6","class","themed","shove","spirit","1","cd8f9e8416aa86600eaa904a72165f18cbeb22c5ea351029ed968cb0d4e74e8f","packs/pf2e/feats/class/animist/level-6/roaring-heart.json","Roaring Heart: spirit sprint; 2 visible contacts (different-targets); body; horizontal pair; ally-temporary-hp."
"iBSxOOkPYU01rJiV","Rock Rampart","action","3","12","class","themed","groundCreation","earth","1","19d62ed2f150be6bfa826bcf08748232a22e461759856372a6bc1b699da089eb","packs/pf2e/feats/class/kineticist/level-12/rock-rampart.json","Contiguous stone segments rise into low elongated rock wall. No target damage or scene wall documents."
"hrmQgRygMTHlMyKL","Rock The Boat","reaction","","8","class","themed","trip","arcane","1","830d44ae442272e2cbb35ae0517ac2e94269c93fa0c4f48ff618ab1091e8824a","packs/pf2e/feats/class/fighter/level-8/rock-the-boat.json","Rock The Boat: falling pull; no Strike now; none; low tether; shared-fall."
"U9SrWgLJ8JoAKIy0","Rockslide Spell","action","1","10","class","themed","spellshape","earth","1","fc611199e65f8fb82b223bbe33f82d975e299840a12df63eacf5c90009b0b9b7","packs/pf2e/feats/archetype/elementalist/rockslide-spell.json","Earth runes reserve several contiguous stone-tile glints beneath spell focus. Ground litter belongs to future area spell."
"gC3IeHyuVsX2Vtg8","Roiling Mudslide","action","2","6","class","symbolic","elementCone","earth","1","9614060d3858a3d0d5f366d635740ce74af29aa7d19ead8af6806ecc2c083b5a","packs/pf2e/feats/class/kineticist/level-6/roiling-mudslide.json","Thick muddy wave advances in broad low cone and coats target edges. Push and prone conditional."
"7Q7HWETkvOM9pYwV","Roll the Bones of Fate","action","1","10","class","themed","fortune","earth","1","79f9f62faa645128069e995965b922074e27048a88ee7ed7f4e0501674ade163","packs/pf2e/feats/class/oracle/level-10/roll-the-bones-of-fate.json","Handful of bone glints tumble into four-way fate wheel. Random result not predetermined."
"ATiQDz27aiBTAt17","Roll with It","reaction","","9","ancestry","themed","movement","earth","1","e6c338bea7c902fbad14ea4992a27029301a16e556d66620feae19bbbe186374","packs/pf2e/feats/ancestry/goblin/level-9/roll-with-it.json","Rounded body echo rebounds away through short rubbery arc then settles low. No target attack; actual movement and damage not mutated."
"8FxKcuFtOrqsl1FH","Roll with it (Kingmaker)","reaction","","12","class","themed","guard","wind","1","790f2af43224c557765c3ef6a0173d5b140ee1dabb3de2e53a23aaa29ae39539","packs/pf2e/feats/class/ranger/level-12/roll-with-it-kingmaker.json","Roll with it (Kingmaker): roll dodge; no Strike now; none; source afterimage; step-option."
"DFMjIYlTeBlNhfsl","Rolling White Bottle Form","reaction","","9","ancestry","themed","form","earth","1","e5a4d6a4f90af42eaee09d638464fdd0e7ff880be383e01811f7339224965114","packs/pf2e/feats/ancestry/tanuki/level-9/rolling-white-bottle-form.json","Body silhouette contracts into white bottle echo, rolls twice then reopens prone-like. No real Crawl or form change."
"oQVp2UhXVBcELma5","Root to Life","action","1","1","class","symbolic","restoration","plant","1","22dff9f15cf67f3fcbafdceb8e744047fece9258445d8ebc4cd086a9c2bd5852","packs/pf2e/feats/class/thaumaturge/level-1/root-to-life.json","Small flower symbol settles over adjacent fallen ally with steady life-thread ring. Stabilization, not HP restoration; blessing optional."
"ZJSkCrud1FZ7PMFk","Rotten Slurry","action","1","2","class","themed","ranged","poison","1","df09617cc3905cb0298c017446e8c98225139e5d167a7986997acfc255519206","packs/pf2e/feats/miscellaneous/deviant/rotten-slurry.json","Rotten Slurry: slurry expel; 1 visible contact (same-target); organic-projectile; arcing projectile; sickened, splash-or-acid-option."
"O0POcPD2aELYTcIK","Rough Terrain Stance","action","1","6","class","themed","stance","earth","1","a9da926373f8814723912c10becd2a320f0f0af72d167f34e218f647f0b5ff3a","packs/pf2e/feats/archetype/geomancer/rough-terrain-stance.json","Adjacent ground squares sprout terrain-matched rime or undergrowth rim. No actual terrain edits."
"P0v56G9Hkt87cAKj","Rouse the Forest's Fury","action","3","18","class","themed","groundCreation","plant","1","411b8352874e981bbb68758efe9f81cedd09fc1ddfdbcee7d489cafd32012751","packs/pf2e/feats/class/kineticist/level-18/rouse-the-forests-fury.json","Rouse the Forest's Fury: tree manifest; 3 visible contacts (different-targets); tree-branch-or-fruit; tree contact; grapple-option."
"9Slu8lSOYnDtKsIb","Ruby Resurrection","reaction","","20","class","symbolic","phoenix","fire","1","6444a9050bd67440b169b35a8d6a94d6a9daa667ca74d737584ff0f23d4a9303","packs/pf2e/feats/class/sorcerer/level-20/ruby-resurrection.json","Phoenix flame rises around source, followed by outward fireball detonation. Self excluded from fireball; no automatic document resurrection."
"OtM4pvPeIeEEdpuS","Rule of Three","reaction","","8","class","symbolic","targetSupport","sonic","1","b84539f678d54bab1247c83ae3510a09e8495bf96bdc84a8e73ef122c5439eb1","packs/pf2e/feats/archetype/folklorist/rule-of-three.json","Three story beats build hero-facing defensive arc with final emphatic crest. Defense narrative, no repeated villain attack."
"oryhR8LykA4oG4um","Rune Ward","reaction","","1","class","symbolic","rune","ward","1","2275aa3621e517f70004ad61d286da21b9b314b8c49fc9fdfabfa220c5f19f29","packs/pf2e/feats/class/runesmith/level-1/rune-ward.json","One quickly sketched air rune settles between source and incoming magic. Protection only."
"Q47qXtK2cevjYUXe","Running Recharge","action","1","4","class","themed","movement","arcane","1","026b711e9cf4367a8d56d8708db5f9ac91140d8afa6c897bc5847eeb1f13cda5","packs/pf2e/feats/class/magus/level-4/running-recharge.json","Short running trail refills weapon-height spellstrike glyph before settle. No immediate assault."
"meQJfsKVar9tm6c9","Running Reload","action","1","4","class","themed","movement","weapon","1","c4df0db0a4d492790c68f5c20c3759dea765bd44e81b24ce6dc672907a639861","packs/pf2e/feats/class/shared-class-feats/level-4/running-reload.json","Level running echo ends with single chamber reload glint. No shot."
"A981119DMdqE9Pg1","Running Tackle","action","2","8","class","themed","bind","weapon","1","23f7c50919a5ce1a6943ef41e77fa9ce6633ce45bba1f5d4af10d3685fe592bd","packs/pf2e/feats/archetype/wrestler/running-tackle.json","Two approach trails converge into low body tackle and hand capture arc. Grapple/Shove choice; no guaranteed result."
"vHKNJZPBxj66nJzZ","Rupture Stomp","action","2","8","class","symbolic","groundCreation","earth","1","7cb5ed61303352aa308bb5560420cd65524d6c618b579cf7f943ac557414f2cf","packs/pf2e/feats/archetype/stalwart-defender/rupture-stomp.json","Armored heel impact cracks close ground ring into rough fractured tiles. Terrain only, no damage invented."
"pQmkNJi8BVPTa2XN","Rushing Boar","reaction","","6","class","themed","movement","blood","1","f3fddadbcc6c24ebbee1c2a740547a9203be730c3a50120d0805c98098dcca9b","packs/pf2e/feats/archetype/werecreature/rushing-boar.json","Pain-red body flare starts straight boar-like rush echo toward foe. No attack."
"BQWGOK0lVmljCunm","Rushing Goat Stance","action","1","1","class","themed","stance","earth","1","8ad12ba99e75e8f70ee4d1f6e892a1d4e45272e00157e28bc5484a85142d8044","packs/pf2e/feats/class/monk/level-1/rushing-goat-stance.json","Low goat-ready settle forms short forehead horn arcs and braced feet. No ramming Strike on entry."
"7HZaOlJ43QxkDrmO","Ruthless Orator","action","2","16","class","themed","performance","sonic","1","0867d4b0cf2342ebb84bbdf0dd8c63197d099601b69331ed91ef840d60aaf884","packs/pf2e/feats/archetype/kitharodian-actor/ruthless-orator.json","Powerful monologue waves alternate hostile-facing pressure and ally readiness accents. No movement despite granted future Stride."
"vDeG0N4kzTBDTC2b","Sabotage","action","1","4","class","themed","craft","metal","1","8624c533d43833610cdd21412df33e2cd175f290041c5d94cf43beadcbb3a237","packs/pf2e/feats/class/rogue/level-4/sabotage.json","Small hand-height tool glints disturb selected equipment's moving-parts outline. Object sabotage, not creature damage."
"gHBdjbEnIK8clK8u","Sacred Defense","action","1","7","skill","symbolic","guard","spirit","1","4ce6fcd65e549cf1368d1ec16401aa2c8b0bab9c207e3dc4c2a323c68bad4934","packs/pf2e/feats/skill/level-7/sacred-defense.json","Prayer breath gathers divine blessing into small warm protective crest. Check conditional."
"bYijGvCvCmJnW6aA","Sacrifice Armor","reaction","","8","class","symbolic","guard","metal","1","ecc76d9612c52accc19f08fca92d1f2ada41982ba93bb34295b47dd8ff4ce15c","packs/pf2e/feats/class/champion/level-8/sacrifice-armor.json","Twisting defensive body echo sheds broken armor plates in brief close spray. No outgoing attack; armor break cosmetic."
"6KiB0SLYB1p8Th5U","Safeguard Spell","action","1","6","class","themed","spellshape","ward","1","f5e90bcd6f2a3f2ed54b95808b26d074456421d632147e5eb1beecbf9265090c","packs/pf2e/feats/class/sorcerer/level-6/safeguard-spell.json","Spell focus ring creates small safe central gap around source silhouette. Future area cast separate."
"0PiXj5FRAubjqSMV","Sailfish Strike","reaction","","14","class","themed","charge","water","1","7bd614eb340463540e2ffdfd62f976d33b335b36e2de2da4d3db620d9a53d8cc","packs/pf2e/feats/archetype/undersea-privateer/level-14/sailfish-strike.json","Sailfish Strike: upward apex; 1 visible contact (same-target); melee-or-ranged; aerial contact; water-landing."
"xtXWw3cUnVB25XSV","Sanctify Armament","action","1","8","class","themed","preparation","spirit","1","c3c63068d9367247c3c6119982e0df3b192bc9d80a0a59be688c8b0c998be557","packs/pf2e/feats/class/cleric/level-8/sanctify-armament.json","Touched weapon outline receives paired sanctification bands and sacred edge. Object blessing, no Strike."
"P9dVBWB8nYZt4AFA","Sanctify Water","action","1","2","skill","symbolic","craft","water","1","d7dc276f949816b137752ecd9a4fb11b85115aefb223ad4bbc5598d3f436440c","packs/pf2e/feats/skill/level-2/sanctify-water.json","Small held water vessel brightens with sanctified clear ripple. No water projectile."
"40mZVDnIP5qBNhTH","Sand Snatcher","action","2","6","class","themed","groundCreation","earth","1","ef2a57b5e07707f0449ea4efbd1563acd1ab0eac4ddca4ec4b1456b694c658c0","packs/pf2e/feats/class/kineticist/level-6/sand-snatcher.json","Sand figure rises at remote square, optional grasping arms curve toward nearby foe. No actual creature creation; grapple optional."
"GsAWfDt2Cq3FkYBL","Sanguine Evasion","reaction","","18","class","themed","form","blood","1","8f52316ff66b086917bca4768d9246e09775deb3db9a0078592034157222b8b2","packs/pf2e/feats/class/rogue/level-18/sanguine-evasion.json","Body dissolves into red mist spray then gathers into vapor silhouette. No real form/HP or death changes."
"pHBHQaqI77pYtaCU","Sanguivolent Roots","action","3","8","class","themed","groundCreation","plant","1","226e160a286347db63c6dd16464872619b051068fb98e363735c78900dfc2eea","packs/pf2e/feats/class/kineticist/level-8/sanguivolent-roots.json","Remote roots drink crimson motes then send pale restorative pulses toward allies. Living enemy damage/allied healing distinct; no repeat Sustain."
"csoGdGuWasEw3boD","Saoc Astrology","action","1","1","ancestry","symbolic","fortune","light","1","48fba152d7b46ab398779d43a3f9cb723ef0fa3edeaa09651d787d5acef6dcf6","packs/pf2e/feats/ancestry/human/level-1/saoc-astrology.json","Star-chart constellation rotates into eight-spoke prediction focus. Skill fortune outcome random."
"UPTQ9oIpz0bTJf3M","Sapping Symbol","reaction","","12","class","symbolic","elementTarget","spirit","1","934ce1bf3811c92fc181cadc464bd0b5de0425fc625ecb89c128c668f5e3cbdd","packs/pf2e/feats/class/cleric/level-12/sapping-symbol.json","Raised sacred symbol sends weakening thin glow toward attacking foe. No weapon hit; enfeebled conditional."
"F3ZBkDEWZ24NOR2j","Saving Slash","reaction","","10","class","symbolic","guard","weapon","1","4c543fb026d3a130ae1fa394d3e818cb11591be0d077eef15cd7529dc6a714bf","packs/pf2e/feats/archetype/aldori-duelist/level-10/saving-slash.json","Fast defensive blade circle intercepts incoming line then settles. Defense only, no outgoing Slash."
"cISZPoI675He4aNh","Sawtooth Grapple","action","2","8","class","themed","doubleStrike","weapon","1","cb81700dfdd96c41e7f96fcd9688af5ab13e5bdd80f57a74671a98e942d5e420","packs/pf2e/feats/class/rogue/level-8/sawtooth-grapple.json","Sawtooth Grapple: twin saber; 2 visible contacts (same-target); two-melee; crossed pair; grapple-bind."
"hAsaNx1dd3xvvAsE","Say That Again!","reaction","","6","skill","themed","shove","fear","1","e9dde769502bce411db266aafc9b1c91e794e6172fb246359597d1abd75cac9e","packs/pf2e/feats/skill/level-6/say-that-again.json","Say That Again!: indignant rebuff; no Strike now; none; horizontal push; push."
"xzpMQ2ZRn9zC23XG","Scamper","action","1","1","ancestry","themed","movement","wind","1","2e3b6e5860bdacf49db6cff1cedb86cac174ecf5ac4195b906173c11c842db43","packs/pf2e/feats/ancestry/kobold/level-1/scamper.json","Small low scampering echoes fan away from enemy-facing side. Escape movement, no charge."
"tBWSxVxrojRcEzJt","Scapegoat Parallel Self","reaction","","20","class","symbolic","time","mind","1","905447eb6f74c36f17acd8c4a5fafe7f8a81abb80f0469d1460aecd50f595099","packs/pf2e/feats/class/oracle/level-20/scapegoat-parallel-self.json","Parallel self silhouettes trade faint curse bands across one planar seam. No attack or actual curse mutation."
"mZttsiWl1ql5NvrH","Scare to Death","action","1","15","skill","signature","dread","fear","1","9f8feaad9f3b3d67603cfea536e3583230e054af0f69e588850eca5fb76faf3e","packs/pf2e/feats/skill/level-15/scare-to-death.json","Scare to Death: mortal menace; no Strike now; none; target curse; fear, fleeing."
"j8ycCi7ghTtpRjEW","Scars of Steel","reaction","","4","class","themed","guard","blood","1","00084185675aeb260c865c108c0e3ec0d5a2c91ee67046bf2648a4a23b02aa33","packs/pf2e/feats/class/barbarian/level-4/scars-of-steel.json","Muscle outline flexes behind steel-like scar glints over incoming contact side. Physical mitigation, no actual armor creation."
"L9sRaFl0tHT5AFIQ","Scatter Blast","action","2","6","class","themed","firearm","weapon","1","f8f58ff7f2e35124f6395809044bc0b28f9b3f134005eb73acd856747ea65ffe","packs/pf2e/feats/class/gunslinger/level-6/scatter-blast.json","Scatter Blast: extra shot load; 1 visible contact (same-target); scatter-firearm; fan projectile; wide-scatter."
"uWGpR5hfYS9znnxr","Scatter Swarm","action","1","2","class","themed","elementTarget","fire","1","c4a7b66a5b5f9b9ecfd44b7890434e70661f91826579ee7b8de2fbbad502f659","packs/pf2e/feats/class/witch/level-2/scatter-swarm.json","Familiar-centered elemental wash disperses tiny swarm motes outward. Familiar origin and chosen element, no caster bolt."
"ylDAxUpT0rXxilro","Scattering Charge","action","3","12","class","themed","multiStrike","weapon","1","a8474cd28807f1846894d8f43998c5244bb376571869e868e4ddbf3e39d8299e","packs/pf2e/feats/class/guardian/level-12/scattering-charge.json","Scattering Charge: armored sprint; 3 visible contacts (different-targets); body; horizontal fan; push."
"qbNo5NLm1eXHkOMI","Scattering in Spring","reaction","","8","class","themed","guard","weapon","1","5d2c785bb3be15afc829a1fa0aadbc583623445cd37fa760d34e333056328bf3","packs/pf2e/feats/class/monk/level-8/scattering-in-spring.json","Scattering in Spring: petal evade; no Strike now; none; source afterimage; conditional-feint-or-shove."
"FvhVk79sEnSDTDtq","Scattering Shout","action","3","14","class","themed","elementAura","sonic","1","08f9b61646aa5db6ebb23db9f920443e634c00f78aa820b7e45c2041de38736d","packs/pf2e/feats/archetype/eternal-legend/scattering-shout.json","Scattering Shout: guttural bellow; no Strike now; none; source wave; sonic, push."
"DSmYJvCHMvZCP0aD","Scintillating Spell","action","1","16","class","themed","spellshape","light","1","9753adbe4e7fb6d8150567fd5d5329eaea9aa9e120691d904e5f8704236f6aa5","packs/pf2e/feats/class/shared-class-feats/level-16/scintillating-spell.json","Rainbow scintillation primes around reserved spell with fine radiant spokes. Future spell separate."
"XqtJVBwnxBsSo9Py","Scorching Column","action","3","1","class","themed","groundCreation","fire","1","975a00e5a7a1f7e48f71d9eefb74795eec5a8017cd54201814d4795720431533","packs/pf2e/feats/class/kineticist/level-1/scorching-column.json","Remote narrow flame column rises vertically and holds low hazardous ember base. Cylinder, no traveling fire missile."
"NnpUhj7d4RmfOKTE","Scorching Disarm","action","1","9","ancestry","themed","bind","fire","1","7a59ad1619bcb9502f2cc59da0f98b3db71018ffe2a2c4ae47f51588e6253d87","packs/pf2e/feats/ancestry/versatile-heritages/naari/scorching-disarm.json","Target-held weapon glows hot; short disarming arc nudges its outline. No fire bolt; item drop/damage conditional."
"c1R8qAUsJmhVsq4B","Scoundrel's Surprise","action","1","4","class","symbolic","form","illusion","1","16b8d0da4d92dd727820e2e7fc20e39d4cbc8b8e1933ef3da0dd4551fde65ca3","packs/pf2e/feats/class/rogue/level-4/scoundrels-surprise.json","Disguise veil tears away in dramatic outward flourish revealing source silhouette. No immediate attack."
"KNhmeUpZCSW5eHqg","Scour the Library","action","1","10","class","symbolic","focus","mind","1","0bb7c3cbe06fe0f127558b42095d3c02350e106959bd882e19a24974e84aa25d","packs/pf2e/feats/class/psychic/level-10/scour-the-library.json","Mental lore pages fan briefly then resolve target weakness plan. Recall only."
"VqVgcqmG6xmYuDbK","Scouring Rage","free","","6","class","themed","elementAura","blood","1","c959df264140c5f8b59d3ad776c49ae36681f70540c4d9ad35e8dd34de2a05e7","packs/pf2e/feats/class/barbarian/level-6/scouring-rage.json","Rage surge expands as aggressive instinct ring toward nearby enemies. Emanation-like nearby foes, correct instinct damage configurable."
"6CE1nVGxt192AUGk","Scout's Charge","action","2","4","class","themed","charge","weapon","1","16eed93bf431ee4467076c15ec01852fcf92b9a731ce6ce72160b1c698f7ce42","packs/pf2e/feats/archetype/scout/scouts-charge.json","Scout's Charge: unpredictable feint; 1 visible contact (same-target); melee; lateral slash; feint-first."
"jvQoupE76OeUpjZp","Scout's Pounce","action","2","10","class","themed","doubleStrike","weapon","1","963640360b8d9c89ac9a77ce6fe295c1b56f356e663a2bd3ea172a0ec9835333","packs/pf2e/feats/archetype/scout/scouts-pounce.json","Scout's Pounce: hidden sprint; 2 visible contacts (same-target); two-melee; rapid pair; shadow-afterimage."
"Tpcq3Lk7qEOZ3LDP","Scout's Warning","free","","4","class","symbolic","targetSupport","sonic","1","5e865f763e9fd6189bf063ba8ce072582b313e0880d856a4d5b2659d6eb76303","packs/pf2e/feats/class/shared-class-feats/level-4/scouts-warning.json","Brief scout gesture/call sends small early-warning glints to allies. Initiative support."
"f01ieQOcJFY7Ta7m","Scrap Barricade","action","3","6","class","themed","groundCreation","metal","1","c2d9c3f562c0bad0cb8a6db9ffa9de631b5fa0d58b1a43584cb70a4f173f417a","packs/pf2e/feats/class/kineticist/level-6/scrap-barricade.json","Ragged scrap plates weld into straight uneven barricade, sparks settle. No projectile; future collapse damage not immediate."
"TwAps3ewk7KFHKDv","Sculpt Shadows","action","3","9","ancestry","symbolic","craft","shadow","1","87af897273e8b84b2885ba3801e4592b431d59e0077d91962386c4f32c5e68f3","packs/pf2e/feats/ancestry/fetchling/level-9/sculpt-shadows.json","Nearby shadow curls become one simple tool silhouette. Creation only, no Strike."
"UHJ93iBd1Q5iKbKa","Scurry!","free","","5","ancestry","themed","movement","wind","1","5013f6385da84b2d914b001a6b5aae67ff1dc9ff44dc3f8e937b32ea7b993063","packs/pf2e/feats/ancestry/awakened-animal/level-5/scurry.json","Small instinctive dash echo slips behind faint cover-angle rim. Primary Stride; optional flight not default."
"CAHJGt535l3Ai4cR","Sea Glass Guardians","action","1","12","class","themed","stance","water","1","9f38d2dd60fcf572a89f552c57d37071159d7b5c9f3b91e8645483ff0dfd2e96","packs/pf2e/feats/class/kineticist/level-12/sea-glass-guardians.json","Sea-glass guardian wisps orbit in graceful eel/jellyfish loops. Protection entry; later healing conditional."
"JCnTkz7Ad11rZKrL","Seal of the Golden Dragon","reaction","","10","class","themed","guard","earth","1","5eeb3ee9d2476468e5c9e28fcb1b58464d0f92201cf27dac8c3d1278af900563","packs/pf2e/feats/archetype/familiar-sage/seal-of-the-golden-dragon.json","Small familiar coil closes protectively around source with gold resistance crest. No dragon attack."
"obGGzuPcgO5Xiz6P","Searing Restoration","action","1","2","class","themed","healing","fire","1","8ddd9012ba6f26ae43c7123258b09edd80731aab06cc042962b60fa1e02b8905","packs/pf2e/feats/class/inventor/level-2/searing-restoration.json","Tiny medicinal combustion puff precedes warm cauterizing wound pulse. Living source/adjacent ally; healing explosion, not damage."
"c2hPWQ4zdc4CnrnZ","Seasoned Command","action","1","7","skill","symbolic","command","sonic","1","cc6a5c922495502c6b56d0041dc58fcc876b34d935eb85092fe57f90e5321f58","packs/pf2e/feats/skill/level-7/seasoned-command.json","Seasoned order wave primes ally Aid readiness with single answer glint. No current attack/Aid success."
"g8ZMeg1YFg9WZj3I","Second Shield","free","","6","class","themed","preparation","weapon","1","4f71edf80f6e5609dc4f7b55a54e33b0526654151f6e728bc85ec816925937ab","packs/pf2e/feats/archetype/viking/second-shield.json","Broken shield fragments fall; backup shield outline draws beside body unraised. Draw only, no active shield block."
"GBFHOgMDZlNas6DF","Second Sight","action","1","14","class","themed","perception","time","1","75a5ffc1dd54b4d35bf5fb6bd132f477a8cfe86d83c6df8e424c3e456b3240a6","packs/pf2e/feats/archetype/timewracked/second-sight.json","Second Sight: future study; no Strike now; none; target echo; foreknowledge."
"COe0bYyVCyC78rzP","Second Sting","action","1","12","class","themed","strike","weapon","1","8be0195d81a8e627d22f1c1c2a5a930ddaf1734350ba09ef0ddf7cb0386cc466","packs/pf2e/feats/class/ranger/level-12/second-sting.json","Second Sting: prey read; 1 visible contact (same-target); two-melee; glancing; other-weapon-failure-contact."
"XafnXTx9Bn0kN1RG","Second Thoughts","reaction","","18","class","symbolic","preparation","mind","1","19659c0de3f631a43da6d6897d8c4e017ce0078508a94017098f94752be9d9ee","packs/pf2e/feats/class/wizard/level-18/second-thoughts.json","Rejected mental spell motif folds back into reserved alternate-target focus. Recast allowed until later, not automatic now."
"cFQKqLf6InMDzADv","Secondary Detonation Array","action","1","14","class","themed","spellshape","force","1","520426936cf3693711f370453e26cd63026beacb12d48105892cb0fa9881a721","packs/pf2e/feats/class/wizard/level-14/secondary-detonation-array.json","Unstable runic array primes as small incomplete ring beside spell focus. Secondary circle/detonation occurs later; no explosion now."
"D5atazp26amNzoqO","See You in Hell","reaction","","17","ancestry","themed","elementBolt","spirit","1","fc81863bb295424c5ee559ac2d7ea6184b6e77c3269fcc1107e76b3277347cc9","packs/pf2e/feats/miscellaneous/reincarnated/see-you-in-hell.json","Low soul flash lashes toward attacker then bursts in spiritual contact. Attacker target, not source-only recovery."
"1xpqOpguTUAeFsdO","Seek Injustice","action","3","0","bonus","themed","perception","light","1","c1be196bae7c0580ec5cd67df9c66c66713809b60368abd146393034ecb279db","packs/pf2e/feats/archetype/hellknight/order-of-the-scourge/seek-injustice.json","Focusing eye glow reveals layered barrier outlines through slow scanning bands. Sight only, no protective ward."
"Vzbu8tclrsS2IBYU","Seize","action","1","14","class","themed","bind","weapon","1","0cf64e66ca9bf837c669dbe680179dae17b0f06ed211c823ec52b3ab4d9088bc","packs/pf2e/feats/archetype/zombie/seize.json","Close hand arc seizes existing struck target and draws tight near-body tether. No repeated prerequisite fist Strike."
"eKwy0E05FiV9Ymzf","Seize Advantage","reaction","","10","class","themed","movement","wind","1","270ba00e0df194e36fa52f580b366e9a01101df6c1f36cb5e7083f5764edebfc","packs/pf2e/feats/archetype/iridian-choirmaster/level-10/seize-advantage.json","Student success glint leads source into short lateral reposition trail. No extra Strike."
"Z4fZuktYgozKUxVV","Seize an Advantage","action","1","6","class","themed","ranged","weapon","1","6b6997f105bdea87f3bb32584753492048636231c5bb4d65801fdbd9634e041d","packs/pf2e/feats/class/gunslinger/level-6/seize-an-advantage.json","Seize an Advantage: dirty trick follow up; 1 visible contact (same-target); ranged; projectile; reload-option."
"7aHYM9fawA3PQwtM","Self Destruct","reaction","","12","class","themed","elementTarget","fire","1","7c781c7d7eaadfa73b3e06a3ad1d20c4a9608eb6766bcc92884fdeecd54faec7","packs/pf2e/feats/archetype/clockwork-reanimator/self-destruct.json","Clockwork companion's inner charge collapses into broad local explosion. Companion-centered, no caster fire bolt."
"p4OllLWJ2rV4sjxe","Semblance of Life","free","","4","class","symbolic","form","water","1","febcf7662a62ee909e4aac0f3ff48e343a9076da66b3eb6105ffd46b37230eff","packs/pf2e/feats/archetype/mummy/semblance-of-life.json","Drained moisture threads restore living-looking skin illusion overlay. No repeated prior Strike or true healing."
"b91gmCBK63u52VSj","Seneschal Spell","action","1","4","class","themed","spellshape","arcane","1","fdf427ded0da964ef39add6cd2b503b3e9fc1fa26172a5ad85e946e596082c8a","packs/pf2e/feats/archetype/seneschal/seneschal-spell.json","Charged ally focus links to source by subtle thread and reserved incantation ring. Future spell separate."
"iyXw5PnevT2jT8kU","Sense Alignment","action","3","4","class","symbolic","perception","mind","1","189a12af80f8b6698b3a55fffefb3cbf03c9c0b1c8f15d6de6f2d5f8aad7da9b","packs/pf2e/feats/archetype/edgewatch-detective/sense-alignment.json","Body-language scan opens two-axis alignment compass over target. No attack, result secret."
"3XFKXB3ffeIkrQYe","Sense Iniquity","action","1","8","class","themed","perception","light","1","ef9ff0a3ebfbaf376a2af6c4a7ea86a9875e2b320aa32cc82c343655eb58550a","packs/pf2e/feats/archetype/hellknight/level-8/sense-iniquity.json","Steady truth-seeking eye ring sharpens deceptive shadow edges. Not source stealth."
"h85DAkAPGjRFwIuf","Sense the Strike","reaction","","10","class","symbolic","guard","wind","1","c9700ab8c4acef65cde0cad12bb4661ba76e439567fc20ba57cbbf46a9d6e88e","packs/pf2e/feats/archetype/verduran-shadow/sense-the-strike.json","Ambient primal currents trace incoming lane then open small evasion gap. No attack."
"DM9rjXZrmx2MFX7k","Sense the Unseen","reaction","","14","class","symbolic","perception","wind","1","ccfd97772c149ab2676c183368d87c2e73922910359c9a62f4cac2f6d662de1c","packs/pf2e/feats/class/shared-class-feats/level-14/sense-the-unseen.json","Minute air-current glints resolve faint hidden silhouettes in broad scan. No token reveal mutation."
"wnrlBkwVr8BSVAZt","Sepulchral Sublimation","action","1","14","class","themed","spellshape","void","1","91979e50713412ec26338931d8182cfb3cfe62be06e67ebadd5903461e162d16","packs/pf2e/feats/class/shared-class-feats/level-14/sepulchral-sublimation.json","One undead minion silhouette collapses into source's reserved necrotic focus. Cosmetic only; future necromancy spell separate."
"SxRmlDYhYEkq10Ak","Serpentcoil Slam","action","1","9","ancestry","themed","heavyStrike","weapon","1","6dd4f37adc4173bb225fb0882886eb942a0368a453ec5918f0b4bc9decc66f3c","packs/pf2e/feats/ancestry/nagaji/level-9/serpentcoil-slam.json","Serpentcoil Slam: coil snap; 1 visible contact (same-target); melee; descending; grounding."
"f0fpsr8ZSNrWlfAt","Set-Up Strike","action","1","2","class","themed","strike","weapon","1","47c38e530f7ae81bfb7123d6c61898aefe825222a563aa9340278630007eaa41","packs/pf2e/feats/class/commander/level-2/set-up-strike.json","Set-Up Strike: opening attack; 1 visible contact (same-target); melee-or-ranged; single contact; ally-off-guard."
"IevdA9OVFZE6FOVK","Sever Magic","action","2","16","class","themed","strike","arcane","1","a0c27d6ea4ed0be8a2ad12c6acf0e5f506adfd237f016611a67033788ce902fb","packs/pf2e/feats/class/thaumaturge/level-16/sever-magic.json","Sever Magic: magic sever; 1 visible contact (same-target); melee; single contact; spell-break."
"1sD5Gu8jQL09Yz2j","Sever Space","action","2","20","class","themed","strike","arcane","1","fa862d0d4ca53a8e299c415509a50eaa89d45674cda3e8557e27d0e387cb2b5d","packs/pf2e/feats/class/fighter/level-20/sever-space.json","Sever Space: space cut; 1 visible contact (same-target); slashing-melee-or-unarmed; long cleave; converging-shimmer."
"AGiIjgLOFuahmwiT","Shackles of Law","action","2","0","bonus","themed","bindStrike","weapon","1","6afce29df1aceaf6ac918b998c38a4b9e1eff89e1a3152d65c4922ff94021098","packs/pf2e/feats/archetype/hellknight/order-of-the-chain/shackles-of-law.json","Shackles of Law: chain ready; 1 visible contact (same-target); melee; single contact; grapple-bind."
"H95Gh2nKUp9NKFuR","Shadow Blending","reaction","","1","ancestry","symbolic","concealment","shadow","1","2db249e47c0b12345ca0a22bc0c108bf2b6e5c5c3597fda52de97d280224a040","packs/pf2e/feats/ancestry/fetchling/level-1/shadow-blending.json","Nearby shadow folds close into dense compact shroud. No guaranteed targeting failure."
"NjPZbQjJJIygS1ru","Shadow Sight","action","1","9","ancestry","symbolic","perception","shadow","1","cc4c46889185a3e3f1b8b48a6b267da2309e4a729db20c336cb69992e47fdd16","packs/pf2e/feats/ancestry/fetchling/level-9/shadow-sight.json","Dark eye rim opens to clear narrow sight rays through shadow. Sight, no invisibility."
"eGgSGU1LOaRNRYR7","Shadow Spell","action","1","8","class","themed","spellshape","shadow","1","8448bde9b8896bdcea71cd2cf6249fe6eb53549e001a6018b15e1e4c3740c450","packs/pf2e/feats/archetype/shadowcaster/shadow-spell.json","One shadow strip detaches and attaches to reserved spell focus. Future spell separate."
"RqViXhBIjbgH4bVS","Shadow Tempo","reaction","","9","ancestry","themed","movement","shadow","1","e742bb943f3c7e86363d9da03664405db5b56475a8660e251600ec8c437b6113","packs/pf2e/feats/ancestry/wayang/level-9/shadow-tempo.json","Paired rhythmic movement echoes follow ally's same short curved trail. No teleport or attack."
"Dezo2txVNhMKDcNz","Shadowpiercing Charge","action","3","12","class","themed","doubleStrike","weapon","1","9059d25a87bce4528678e9ded300b414b83b7a9cedba2d2d6284da99febee80c","packs/pf2e/feats/archetype/nidalese-horselord/level-12/shadowpiercing-charge.json","Shadowpiercing Charge: mounted sprint; 2 visible contacts (different-targets); melee; forward pair; shadow-cleave."
"Ic5C2y26H2mbUiUF","Shadowplay","action","1","5","ancestry","themed","movement","shadow","1","6d9797653beeb5dd9b83988a7f4645377fe0c12c4d6128e9c652f5eac5f76a92","packs/pf2e/feats/ancestry/wayang/level-5/shadowplay.json","Source shadow detaches during tumble echo then rises on opposing target side. No repeated last Strike or actual flanking mutation."
"nBsd828H7AnVRV6r","Shadows Within Shadows","reaction","","12","class","symbolic","concealment","spirit","1","8bbad06de6779fb9ecf7fce355c9979e9757d3af9b9002f5ef5526463966fda2","packs/pf2e/feats/class/animist/level-12/shadows-within-shadows.json","Apparition wisps blend into layered nondetection shroud with inward misfortune knot. Enemy reroll, no forced hiding."
"auv1lss6LxM0q3gz","Shake it Off","action","1","2","class","themed","resolve","fear","1","405829a7fb05456723a093444d078dba1f6053392d810d3ba1f4016e5c50752b","packs/pf2e/feats/class/barbarian/level-2/shake-it-off.json","Shake it Off: calm source; no Strike now; none; source halo; fear-clear."
"3r19NQsopPsPfE34","Shake Off the Gods","action","1","12","class","symbolic","resolve","spirit","1","1eb5e6030fd705fce94229d083a185ac956b0cd8005f4f0b040c33d2994f461c","packs/pf2e/feats/archetype/pure-legion-enforcer/level-12/shake-off-the-gods.json","Imposed divine band loosens under firm rejection pulse. New save conditional."
"X71qmyGpKN1XAoT6","Shamble","action","2","8","class","themed","movement","void","1","511bbf9cb3c7ac52a82605456f29fbdc1e0666f05b5e35e16f98bc8bab803cbb","packs/pf2e/feats/archetype/zombie/shamble.json","Slow unfaltering body echoes take two deliberate level shamble beats. No sudden sprint; third Stride optional."
"q0SPmS77pNgiQk93","Shame the Sin","action","1","5","ancestry","themed","elementTarget","mind","1","f9a7436310c72586ef3470f1c988d5313f5f30a5ff6b22dee8fec093a939b9ed","packs/pf2e/feats/ancestry/elf/level-5/shame-the-sin.json","Demon's existing wound glints expose sin glyph and mental pang. No second critical Strike."
"ECH7BEQQEq3pCQaS","Shard Strike","action","2","1","class","symbolic","elementCone","metal","1","ced526951d21dfe4368f746e7ddcc1996a189e56f8a84548b99716aafd8c211f","packs/pf2e/feats/class/kineticist/level-1/shard-strike.json","Jagged airborne shards gather then launch as broad slashing fan. Spines option uses line; shape configurable."
"adr9buwVuxgZV2B3","Share Burden","reaction","","6","class","symbolic","absorb","void","1","fd75c242154d0fecb0968af6c8f2b523947f770ddd41bf03ca0bf876104ce315","packs/pf2e/feats/archetype/curse-maelstrom/share-burden.json","Ally curse thread bends inward into source's dark curse coil. No damage bolt or condition document transfer."
"vayNZR1bTzU1oUa3","Share Rage","action","1","8","class","symbolic","targetSupport","blood","1","e199d7693480e6b8ba0fb31a31beeeb0f5710296240a6d794fc67b47158b2fc8","packs/pf2e/feats/class/barbarian/level-8/share-rage.json","Source fury ribbon kindles willing ally's crimson rage crest. No immediate attack."
"HCjPsXAYBqDhQSVW","Share Tincture","action","1","12","class","symbolic","craft","healing","1","df2ee28eb95ec992b8e38713a0aed648d65582305924837cec302c310c870572","packs/pf2e/feats/class/investigator/level-12/share-tincture.json","Small tincture vial forms then passes along gentle arc to ally. No harmful missile or immediate consumption."
"a2VAaXMzlQqALJeH","Share Weakness","action","1","10","class","symbolic","targetSupport","spirit","1","541eb9ffb1c88f275700d1dc932540499937547a1a086c06bbb2ba1f8018e417","packs/pf2e/feats/class/thaumaturge/level-10/share-weakness.json","Treasured trinket glint crosses to ally and holds personal-link thread. No immediate Strike."
"fCHB8wNlr5q0THRG","Shared Focus","action","1","10","class","themed","targetSupport","arcane","1","02f3bb550d7fce7cd43c50915f9b8b42ccd28b895ce599f2cb21715db9faf743","packs/pf2e/feats/class/wizard/level-10/shared-focus.json","Single temporary focus bead manifests through subtle hand arc at ally. Not sonic inspiration or HP heal."
"vFa9crHKkNkPUjFl","Shared Sight","action","1","12","class","themed","spellshape","spirit","1","8ad1b9e6610796f349701eddebf3df6e52bf91f5952677f97c762debfb694022","packs/pf2e/feats/class/shared-class-feats/level-12/shared-sight.json","Mystical vision eye mark primes within allied spell-ready focus. Future allied spell separate."
"vpHn5uCd55OwGgOW","Shared Tide","action","2","12","class","themed","movement","water","1","ede089dee7432638c210995ffab505f259cd200e4d7fc41783521183fb33e765","packs/pf2e/feats/archetype/werecreature/shared-tide.json","Two flowing swim trails release small buoyant ally bubbles along path. No wind flight or damage."
"7U2Iop1Xt9dz4fq0","Shark Attack","action","2","6","class","themed","charge","water","1","1814fe31cb99efb96dbf42023d0d79689c21ad3219c192a4dab998a057991b45","packs/pf2e/feats/archetype/marine-marauder/level-6/shark-attack.json","Shark Attack: swimming lunge; 1 visible contact (same-target); melee-or-ranged; single contact; water-afterimage."
"jP0D4CIyloiBaEh4","Sharpened Senses","free","","13","ancestry","symbolic","perception","earth","1","d9dfa1c679d4160ee8687aebc04b4aa3450faf28988c414181432a67ca851f17","packs/pf2e/feats/ancestry/awakened-animal/level-13/sharpened-senses.json","Animal eye/ear glints sharpen into short subconscious radial scan. No attack."
"zbxqYhmn7KbqR2Sb","Shatter Defenses","action","1","6","class","themed","fearStrike","fear","1","411129db9888d6808bf187574ff8986dd7ecd5772c5c113cbbd60f7fb14a29e7","packs/pf2e/feats/class/fighter/level-6/shatter-defenses.json","Shatter Defenses: fear opening; 1 visible contact (same-target); melee; single contact; fear-lock, off-guard."
"7r79fZBr37qBN2EF","Shattering Shot","action","1","12","class","themed","firearm","weapon","1","3f8b69e88e09ba21eabbe40e951e29bc8c739282bb4fe74d9aa8de2a675872ae","packs/pf2e/feats/class/gunslinger/level-12/shattering-shot.json","Shattering Shot: bomb throw and shoot; 1 visible contact (same-target); firearm-and-bomb; projectile; wide-airburst."
"0PiyHEuxpB5zPctX","Shattering Spellstrike","action","2","4","class","themed","spellstrike","force","1","67f3dee17ca51b27d1e0c71bc382ac3fa51ec9c82e469f2ebb3058c976f15dce","packs/pf2e/feats/class/magus/level-4/shattering-spellstrike.json","Improvised weapon's charged strike shatters into force fragments at one contact. Break and bonus only on qualifying hit/material."
"E4xubBMtj81kX5Bk","Shattering Strike (Monk)","action","2","16","class","themed","unarmed","weapon","1","8ac03bec010f784f847a2ea15726abd7856347deb98502ab6da3c776658574c6","packs/pf2e/feats/class/monk/level-16/shattering-strike-monk.json","Shattering Strike (Monk): considered force; 1 visible contact (same-target); unarmed; single contact; armor-crack."
"B7VMXObJSNVI0ZGJ","Shattering Strike (Weapon Improviser)","reaction","","10","class","symbolic","elementTarget","weapon","1","634b782eba0af08a6d51a8ef21c259d0df7c0312ff3bbbf55781047fe293581f","packs/pf2e/feats/archetype/weapon-improviser/shattering-strike-weapon-improviser.json","Already-broken weapon fragments burst locally into target with short piercing accents. No repeated Improvised Pummel."
"QOnyOjncnw4tkTQp","Shattershields","action","1","12","class","themed","stance","metal","1","a13b859f80dcc90dba8d17ea6d051e1d1a13403a35c4621730f67fb177f3ad57","packs/pf2e/feats/class/kineticist/level-12/shattershields.json","Four pitted plates assemble into distinct slow protective orbits. No premature breaking/damage."
"t3IzY8uSyFj3aGmh","Shed Tail","reaction","","5","ancestry","themed","movement","blood","1","b0479d579b2fa92719a215323f0544cdccd114fd14d2f6671ee846dfd8a0e619","packs/pf2e/feats/ancestry/lizardfolk/level-5/shed-tail.json","Small tail-shaped decoy breaks away; source echo slips forward. No current tail attack."
"fvXY3RVW4z2OP8Zg","Sheltering Hand","action","1","6","class","themed","guard","plant","1","cb41e3a3e7705598d13393f346f4f3e47f5779ee01d9c659cb6f8dc7df049bda","packs/pf2e/feats/archetype/world-rouser/level-6/sheltering-hand.json","Earth, roots and animal wisps interpose in low outward cover fan. One/two-action cover choice."
"HP1DKj4FLwtStzYq","Sheltering Pulse","action","2","8","class","symbolic","groundCreation","arcane","1","dadd8f8ce918f742c97980c87859fba8f5f7252b9081a9301b04eb850465a89c","packs/pf2e/feats/archetype/spirit-warrior/sheltering-pulse.json","Grounded hand pulse reaches nearby empty focus and opens shelter nexus ring. Remote protective area, no attack."
"iY08DGiUW8MVBR5k","Sheltering Wing","action","1","9","ancestry","themed","guard","earth","1","4deac805dbc48aa8a060d3f0976a78334ad66f515be0b9091f59b7fac699f4b1","packs/pf2e/feats/ancestry/versatile-heritages/dragonblood/sheltering-wing.json","Two fledgling wing outlines rise into close overhead shelter. No flight lift."
"jM72TjJ965jocBV8","Shield Block","reaction","","1","general","signature","shield","weapon","1","cda463391f601fc4efde283ce59242507ae78d1f43ab4625748110789af21008","packs/pf2e/feats/general/level-1/shield-block.json","Single physical shield impact compresses then rebounds into firm guard. No outgoing Strike."
"wzJnJI6d2PaoTZIZ","Shield from Arrows","reaction","","8","class","themed","targetSupport","weapon","1","3a2f08174d2c1cb9de9b76572937f2c3125e177f013285e25a291dc324db080b","packs/pf2e/feats/class/guardian/level-8/shield-from-arrows.json","Raised shield crescent interposes across adjacent ally's arrow lane. No projectile launched by source."
"VsTmB32x9673ONJ0","Shield of Reckoning","reaction","","10","class","themed","targetSupport","spirit","1","c1f21aaa5b9f9a6fd1efc70137bd00a31d3f0da5cab5dc52c68166f952aadfa2","packs/pf2e/feats/class/champion/level-10/shield-of-reckoning.json","Shield block braces ally; champion sigil flares toward original attacker. Champion reaction choice configurable."
"V6RsK1B39FTgmYMv","Shield Spell Reinforcement","free","","4","class","themed","spellshape","ward","1","0255a2621142dbb3ca961816b1a0efc8692b88191b53545aba78b97343493561","packs/pf2e/feats/archetype/war-mage/shield-spell-reinforcement.json","Physical shield outline primes large force projection as incomplete outer rim. Future Shield cantrip separate."
"VYwWqm5LZOU7irhY","Shield the Faithful","action","1","14","class","themed","guard","spirit","1","fa82e680eb151c5513b59107cc1f1080ca7bf9e8e1a4291f2c3ba3cb7c991b97","packs/pf2e/feats/archetype/mortal-herald/shield-the-faithful.json","Sacred protective ring spreads to near allies with quiet spiritual edging. No immediate retaliatory damage."
"QpRzvfWdj6YH9TyE","Shield Wall","reaction","","6","class","themed","targetSupport","weapon","1","00818cd7b065d9d1e875745e49b2dbdf9e08a1a2ed8c2011684eba750ad680c8","packs/pf2e/feats/class/shared-class-feats/level-6/shield-wall.json","Two adjacent shield outlines close into joint straight barricade. No Hide invisibility."
"Xik9lMAA4e5xFegM","Shield Wallop","action","1","8","class","themed","shield","ward","1","08f459440029313afe592d035700ed520728224c83f7732341c2bf445c31890c","packs/pf2e/feats/class/guardian/level-8/shield-wallop.json","Shield Wallop: shield windup; 1 visible contact (same-target); shield; single contact; mental-stagger."
"IQGx2nSNsyPGtzYt","Shielded Attrition","action","1","4","class","themed","guard","weapon","1","e45b8eb236654b9d857a68cb9e04f8838e086cc6ef8646c882c1a5d863a339be","packs/pf2e/feats/class/guardian/level-4/shielded-attrition.json","Shield rises before optional half-stride provocation echo. Optional movement, no automatic attack."
"qD5At83TIxznCwPg","Shielding Taunt","action","1","2","class","themed","command","weapon","1","a11076e321326717629e790fa6ef86e3589abf0b87e4b76fb4c28196bbd86870","packs/pf2e/feats/class/guardian/level-2/shielding-taunt.json","Shield bang emits one loud circular attention wave toward taunted foe. Taunt, no weapon damage."
"tAEGNtdlsTNoGnBW","Shift Horde","action","1","12","class","symbolic","form","void","1","3178057ae170d005b29721fd0a87a7a92a8e8098a83597bcbfa5369f20b98891","packs/pf2e/feats/archetype/necrologist/level-12/shift-horde.json","Current undead horde wisps disperse then alternate silhouettes rise. No document summons or attacks."
"q2t5qfgQHFJbbV8d","Shift Spell","action","1","14","class","symbolic","movement","arcane","1","ff4816d105c84fabb3f4fd6a1c1ca9bc0f772c1380a2fe6c17e9a19a003010ba","packs/pf2e/feats/class/wizard/level-14/shift-spell.json","Area spell rim fades from old echo focus and reforms on new focus. Existing effect relocation, not source movement."
"B7p45ZOfnpIuuTzJ","Shift the Little Ones","action","1","13","ancestry","themed","movement","earth","1","19d4d67c52b53d42ef490cf875c8dd8c62233c694e067804876150493d6333bf","packs/pf2e/feats/ancestry/minotaur/level-13/shift-the-little-ones.json","Large level stride echo opens small room-making ally gaps. No automatic ally Steps."
"SA8rnheHFtjkATrJ","Shifting Terrain","action","1","14","class","symbolic","groundCreation","earth","1","d97ef054470d1d4614c39654e23ce633984ae503407d722baa5c0cc90451acfd","packs/pf2e/feats/archetype/geomancer/shifting-terrain.json","Fist pulse turns surrounding rough ground into rippling uneven bands. Save outcomes conditional."
"tKC06HYkt1XaWk78","Shining Glory","action","2","18","class","themed","dread","spirit","1","bada1704647a1c21487bbf13dd21105de8629a24e05bb49e667ff6c9e9747f5f","packs/pf2e/feats/archetype/ascended-celestial/level-18/shining-glory.json","Shining Glory: righteous nimbus; no Strike now; none; source halo; ally-inspiration, nearby-fear."
"6cQSPqXoAO6oJl0i","Shooting Stars Stance","action","1","2","class","themed","stance","weapon","1","6e5a604995e8c23f1b367d28b2abe8737be843fc657d939cd5403e19d0281e0a","packs/pf2e/feats/class/monk/level-2/shooting-stars-stance.json","Shuriken-ready hand glints align in fast-draw triangular stance frame. No actual throws."
"Oa41bfBRO36lf1aE","Shoulder Catastrophe","reaction","","12","class","themed","targetSupport","weapon","1","14b877942e73fb8922d5aae3e27090fbcf7065193d5ae6638c4aeea1781b4cb9","packs/pf2e/feats/archetype/swordmaster/shoulder-catastrophe.json","Shoulder-facing protective echo overlaps ally's incoming impact line. No repeated enemy Strike."
"HtLFPJeL0QTDLEfq","Shoulder Check","action","1","1","class","themed","unarmed","weapon","1","67e39d24e300c9491a371210f4f55657e731ae8e4baf5fa0b971c61d07d8e9e9","packs/pf2e/feats/class/guardian/level-1/shoulder-check.json","Shoulder Check: armor bump; 1 visible contact (same-target); fist-or-gauntlet; short punch; off-guard."
"z5fUX9jeqfAViOd8","Shove Down","free","","6","class","themed","trip","weapon","1","e25ed2b6595c79fd1fc15ca35069a97d4e80be3d2398156376df561a74118500","packs/pf2e/feats/class/rogue/level-6/shove-down.json","Shove Down: push follow up; no Strike now; none; low sweep; ground."
"7p2tNqYHsg6u05cU","Shoving Sweep","reaction","","8","class","themed","shove","weapon","1","f2430ee0413666361ee46a9d0b27beccb4f1853b1134dd294a40884efc9af03f","packs/pf2e/feats/archetype/mauler/shoving-sweep.json","Shoving Sweep: weapon sweep; no Strike now; none; horizontal sweep; push."
"DMjfZvWD20SGuIO4","Show-Off","free","","8","class","symbolic","performance","sonic","1","54bfe5489716d6226dc7e92aeeec789b0fc8631ad11e84ec259a0f9ee97fd640","packs/pf2e/feats/archetype/acrobat/level-8/show-off.json","Boastful stunt echo repeats one flourish then confidence crest settles. No forced attack or skill outcome."
"RonS3ZJs4poFTckH","Shrink Down","action","1","4","class","symbolic","form","earth","1","633402153fe912fed6ada5de7ef06b2198cf9c2554b36ce57c8711c4176b3fa9","packs/pf2e/feats/class/summoner/level-4/shrink-down.json","Eidolon outline contracts into smaller nested silhouette bands. Companion target, no actual size mutation."
"5d4AyZ0Y6Ht1OwIa","Sidestep","reaction","","8","class","themed","counteract","weapon","1","48eefda8b346e176dbc4607682164b6afc3777e107969a8eded71bf0271f9e4a","packs/pf2e/feats/class/rogue/level-8/sidestep.json","Sidestep echo gently bends existing attack lane toward adjacent foe. No second weapon Strike invented."
"vp6Di3mj2zq1xsBg","Siege Celerity","free","","6","class","themed","time","arcane","1","b02f54f3e38f0daf2be5eba217113b29ac0fce38ade877db64d9a6b3966c76b7","packs/pf2e/feats/archetype/munitions-master/siege-celerity.json","Siege Celerity: quicken source; no Strike now; none; source echo; future-action."
"tPhhaCbaQqwenkzx","Silence Heresy","action","2","0","bonus","themed","strike","weapon","1","37b0047c8878e6678d0f5f1a3616abbcd0d9b6553724bddf96df6c565a84da90","packs/pf2e/feats/archetype/hellknight/order-of-the-rack/silence-heresy.json","Silence Heresy: stifling channel; 1 visible contact (same-target); melee; single contact; silence."
"BZU4aLXnlASKisr3","Silence the Profane","reaction","","8","class","themed","strike","weapon","1","977380599b9a1cebc3123aebaa1e19c1e59ae603f2dd6c7a963e8bb275b8d505","packs/pf2e/feats/archetype/avenger/level-8/silence-the-profane.json","Silence the Profane: divine counter; 1 visible contact (same-target); favored-melee-or-ranged; counter contact; spell-disrupt."
"Yk3QGpalWDn5MhBV","Silencing Strike","action","1","10","class","themed","strike","weapon","1","9f3d8deabf443e5b028750d9f5d1f0c7a4ccaff2b3a27a55dcee4bde2bb78c4d","packs/pf2e/feats/class/barbarian/level-10/silencing-strike.json","Silencing Strike: mouth aim; 1 visible contact (same-target); melee; single contact; silence, stun."
"HPW7Qi02lkVprW6V","Silent Step","action","1","9","ancestry","themed","concealment","shadow","1","d8346a8cc41d124a567e64c022a6e2523630921d3238862b4b966b9e4e480fa1","packs/pf2e/feats/ancestry/catfolk/level-9/silent-step.json","Small quiet Step echo slides behind soft concealment angle. Requirements still apply; no guaranteed hidden state."
"AYByEEgPXk3QbCiF","Silent Sting","reaction","","10","class","themed","concealment","weapon","1","d3bacd916cc80b60834b94fa0bbc973400c9faf98d6f29018c98a5d5ba99e61a","packs/pf2e/feats/archetype/golden-league-xun/silent-sting.json","Weapon edge folds quickly into close concealed hand shadow. No repeated triggering Strike."
"bI0PWJ4c3AOcFDWN","Silk Bracelet","action","2","6","class","themed","bindStrike","poison","1","e895de8b2096f6b3224d660d5623965dea8855f3a78e996bf78bf3a84865208e","packs/pf2e/feats/class/inventor/level-6/silk-bracelet.json","Silk Bracelet: silk prime; 1 visible contact (same-target); melee; single contact; silk-bind, poison."
"oxYTPsA90H0Sx6XO","Simple Mastery","action","1","8","class","themed","spellshape","arcane","1","edc209fbd9b4a43839577d540805084cfbd839f46a7be0cb14ff8dc1daceb4b4","packs/pf2e/feats/archetype/hedge-mage/level-8/simple-mastery.json","Keepsake focus gleams through one modest elevated rank ring. Future spell separate."
"Yx3cHHhAXYDsemQE","Simultaneous Strike","action","1","14","class","themed","doubleStrike","weapon","1","73ea346dbe9f68efa425f621e94d0f3e66b6090de811490328f6e9b8fdd7a0f0","packs/pf2e/feats/archetype/iridian-choirmaster/level-14/simultaneous-strike.json","Simultaneous Strike: student tandem; 2 visible contacts (same-target); source-and-student; tandem pair; combined-finish."
"2oZYzQnrmKCpMH0V","Sinbladed Spell","action","1","6","class","themed","spellshape","weapon","1","d17ca6e847a9daa39f7cc03cd7ab65aa37f8cca8cc81acf05c77302313723523","packs/pf2e/feats/archetype/runelord/sinbladed-spell.json","Polearm flourish inscribes reserved personal rune beside spell focus. No actual physical hit or bleed yet."
"cV2CZxD6HB7HFeFv","Sing to the Steel","action","2","12","class","symbolic","targetSupport","sonic","1","91da984070aa4d32b56e1722445989766069519624a1fa3507b5a1f5358e29ba","packs/pf2e/feats/archetype/nantambu-chime-ringer/sing-to-the-steel.json","Magical sung tone travels to allied weapon edges and settles selected rune glints. Rune choice, no immediate Strikes."
"RfOnsZrmT6z2ajBN","Siphon Life","action","2","10","class","themed","unarmed","void","1","916f96eb3d39cca52a6482a47571fe05319fa0ac85d399050f1a40e654d3f443","packs/pf2e/feats/miscellaneous/aftermath/siphon-life.json","Siphon Life: life rip; 1 visible contact (same-target); unarmed; single contact; inward-void-drain."
"XKAlLI17siAXFFyD","Siphon Magic","action","1","6","class","symbolic","absorb","blood","1","5b215a161c8877b26feb2fccde7e3b3964359b0c45855505671896b8324122e7","packs/pf2e/feats/archetype/bloodrager/siphon-magic.json","Already-harvested blood magic coils inward to refill one spent arcane bead. No extra blood-harvesting attack."
"L0f3c0DkT7FLQF9W","Siphon Power","free","","16","class","symbolic","absorb","arcane","1","de15935a46c1e91e8ac510881b62a038ca0c331e63f1f2d4f59e650332a73bc0","packs/pf2e/feats/class/witch/level-16/siphon-power.json","Familiar-held patron spark draws inward and reserves one spell glint. No immediate spell casting."
"eRSgUQLhGWhICwpT","Siren Song","action","3","9","ancestry","themed","performance","mind","1","6ae68eeed5f93144318cfec9d867691843a3edfd6a3d9cf08dae957acee82168","packs/pf2e/feats/ancestry/merfolk/level-9/siren-song.json","Beguiling song ripples expand broadly with soft captivating target curls. Fascination conditional, longtime allies immune."
"hT0pVPqFuiEsmRb8","Six Pillars Stance","action","1","12","class","themed","stance","weapon","1","90b6c2a5afb8b79e2be0a9fffcb4d592f0dcf62278a171abc6480307840b0adc","packs/pf2e/feats/archetype/sixth-pillar/six-pillars-stance.json","Six steady pillar glints frame grounded mind/body silhouette. No unarmed Strike on entry."
"KMbCpuGO6dvdSaBD","Skeletal Extension","free","","10","class","themed","spellshape","earth","1","eb7505ee3ee81196a006081f71a66c81e70df18f216ce3236889d2407019be22","packs/pf2e/feats/class/necromancer/level-10/skeletal-extension.json","Reserved bone segments align beside limbs without extending yet. Future grave spell destroys thrall; no immediate Step."
"Jk9XEMfMXoPT0ua2","Skeptic's Defense","reaction","","7","skill","symbolic","counteract","sonic","1","6a66aabc93ecdde6dca683e71b1b7c31f1b5fd5eb3383642d7e0cbe178002c8a","packs/pf2e/feats/skill/level-7/skeptics-defense.json","Scoffing spoken wave breaks incoming mental glyph at source edge. Counteract conditional."
"HIyuVIh2XSDz3h2j","Skim Scroll","action","1","8","class","symbolic","preparation","arcane","1","6127d8c141d269b2630b745ff17509f11ca487d89644c99d41a0651c96b24777","packs/pf2e/feats/archetype/scroll-trickster/skim-scroll.json","Scroll draws from belt; cursory script scan ignites small readiness rune. Trick Magic Item, no actual scroll spell."
"HEvk4ja8nJ3RVEqi","Skin Split","action","2","5","ancestry","themed","restoration","blood","1","f34890a6d10e8439d2295bc658d7ee9f908e8241b89fccc20e5ffe19254aacbe","packs/pf2e/feats/ancestry/nagaji/level-5/skin-split.json","Outer scale layer peels outward carrying harmful surface wisps. Not acid bolt."
"4I1Kq53Qfzrrmg2E","Skirmish Strike","action","1","6","class","themed","charge","weapon","1","2b1aae7a5fee8769f543991471233681a025ad118f0a2f6da6558fe76dc8fd4a","packs/pf2e/feats/class/shared-class-feats/level-6/skirmish-strike.json","Skirmish Strike: side step; 1 visible contact (same-target); melee-or-ranged; lateral contact; step-before-or-after."
"UjEeHamC2C8JfgJz","Sky and Heaven Stance","action","1","6","class","themed","stance","weapon","1","244480a8bee1db1957bfcd4dd9447a5ebda60e49f1bc69127f0a8a8eb3ca4204","packs/pf2e/feats/archetype/jalmeri-heavenseeker/sky-and-heaven-stance.json","Jagged skyward hand arcs form high poised stance frame. Simile not electricity attack; no Strike on entry."
"gepQGtV8Ftr0JJ6O","Skyseeker","action","2","8","class","themed","charge","electricity","1","c71ea55490884886d5d20e9f8de42ea7aaa3cc91ff67a2a528ef761e112c05f5","packs/pf2e/feats/archetype/jalmeri-heavenseeker/skyseeker.json","Skyseeker: sky leap; 3 visible contacts (different-targets); unarmed; aerial three; electric-contact."
"39CqlOzlHjEhh0E4","Slam Down","action","2","4","class","signature","tripStrike","weapon","1","2e8568aae958a34e072d0e3c47e43ae783fa2c66da6350db569f57e274f5577a","packs/pf2e/feats/class/fighter/level-4/slam-down.json","Slam Down: off balance strike; 1 visible contact (same-target); melee; single contact; low-trip-after."
"tDd3I3H4ISJ3Izrw","Slay","action","2","12","class","themed","strike","weapon","1","ae6920d0c5aac4516ba63b69ea89bebc2d5b9e9041a15c2baf7acbc03a01bfa5","packs/pf2e/feats/archetype/avenger/level-12/slay.json","Slay: doomed focus; 1 visible contact (same-target); melee-or-ranged; single contact; precision."
"jr2LYiMvjnTNhfMM","Slayer's Strike","action","2","4","class","themed","strike","vitality","1","8eec317e6d17f8af22ea74565deec402e6b2396133089a12e916b42efdcedbd2","packs/pf2e/feats/archetype/undead-slayer/slayers-strike.json","Slayer's Strike: undead prayer; 1 visible contact (same-target); melee-or-unarmed; single contact; vitality."
"Bm8votckjbge54bl","Sleek Reposition","action","1","2","class","themed","strike","weapon","1","8cf3ad8b1ea4f05528586f3336b4f876a7ed5472d3a85fa52e9f988097a55447","packs/pf2e/feats/class/fighter/level-2/sleek-reposition.json","Sleek Reposition: finesse hook; 1 visible contact (same-target); finesse-or-polearm; hook; reposition."
"E1WXnYE2QwhHQxQb","Sleeper Hold","action","1","10","class","themed","bind","weapon","1","965ce266c57c07c6527bdab0e7201435516856e2682042a3413a02fb02565b54","packs/pf2e/feats/class/monk/level-10/sleeper-hold.json","Close fingers press nerve-point glints into existing held target outline. Unconsciousness conditional, no collapse."
"cTQMtd2IVlvgJwAn","Slice and Swipe","action","1","6","class","themed","strike","weapon","1","4991f249b50facae6080c878fd180512bd46acd4773ed5da7035ee07da0f8233","packs/pf2e/feats/class/rogue/level-6/slice-and-swipe.json","Slice and Swipe: free hand slice; 1 visible contact (same-target); slashing-melee; single contact; steal-glint."
"zdiSJlNFG7NhKHke","Slingshot Maneuver","reaction","","10","class","symbolic","targetSupport","weapon","1","8543514dc99f637a506b6390537cb41a2cab0658b1deae4501e5cd7e1f5f177d","packs/pf2e/feats/archetype/thlipit-contestant/slingshot-maneuver.json","Lash forms wide ally-grasp loop then slings short cosmetic movement echo. Willing ally, no damage."
"O2iFrAt7hyELJlIR","Slip the Grasp","action","1","9","ancestry","themed","movement","weapon","1","57899203740cc6ddfb9e72d05436f66dfcc56e8c0d3fb85337bfcaca5697de2f","packs/pf2e/feats/ancestry/fleshwarp/level-9/slip-the-grasp.json","Slip the Grasp: escape first; no Strike now; none; source afterimage; optional-unarmed-counter."
"v2AScyQidSsrfm6z","Slowing Strike","free","","12","class","symbolic","elementTarget","weapon","1","776aaa5693e7a840d9a7d04fdc6ad73b9cd86123a28baef93a47340a13745fba","packs/pf2e/feats/archetype/lion-blade/slowing-strike.json","Existing wound accent settles into slow low movement-binding bands. No repeated Strike, speed penalty conditional."
"GjcAvxbJ6PgD2Lsi","Slurp Up","action","1","8","class","symbolic","absorb","water","1","6fad0a4918bb55ad79be2e07ed85d0fd4ddb441aee99b62e4962552844d6bd3d","packs/pf2e/feats/archetype/thlipit-contestant/slurp-up.json","Tongue-like lash curls toward small vessel and draws liquid inward. Drink object, not perception or damaging tongue attack."
"xgvKXeTxns0gIdAn","Smite","action","1","6","class","symbolic","focus","spirit","1","9cccf952cfeffddbcf07a4f676d3729d01971c2228932f0c07bd27e586775b4e","packs/pf2e/feats/class/champion/level-6/smite.json","Single sacred enemy designation tightens into reserved smite mark. No immediate Strike."
"WDid62NmmC6NiTE6","Smoke Curtain","action","2","8","class","themed","firearm","weapon","1","e442a29ffb73801d9202869fbdd95ec4e02c4146b96b900ec10ad070f20b81e3","packs/pf2e/feats/class/gunslinger/level-8/smoke-curtain.json","Smoke Curtain: extra powder; 1 visible contact (same-target); firearm; projectile; source-smoke."
"2DrvFmrHzHLWS8UD","Smooth Hover","free","","12","class","themed","flight","wind","1","3cc13d885959ebb3488fb56bbfa3856f89f32ac75e416adba393be7f32c9cabf","packs/pf2e/feats/archetype/winged-warrior/smooth-hover.json","Gentle stable air cushion sustains lifted echo without forward trail. Hover, no attack or forward flight."
"d3bonWM7JoPeOGhh","Smoothing Stomp","action","2","13","ancestry","symbolic","groundCreation","earth","1","094ef5f1ed1014b411958222decf04d0dcd216a2923144f8d012739d000bacf9","packs/pf2e/feats/ancestry/jotunborn/level-13/smoothing-stomp.json","Stomp sends broad smoothing wave that flattens rough ground glints. Terrain restoration, not earthquake damage."
"mWCiu9Hl1WxajSLa","Snagging Strike","action","1","1","class","signature","bindStrike","weapon","1","3b8e449cb325cb44714943e802fc74ca798e93b9a36090eeda2824c8152632e6","packs/pf2e/feats/class/fighter/level-1/snagging-strike.json","Snagging Strike: open hand hook; 1 visible contact (same-target); melee; single contact; off-guard."
"GEonUnKYVyWoHh1O","Snakebird's Shadow","action","2","8","class","themed","lineCue","water","1","0bd7771a15550d8cf0cb7cee696d394fd9da7bb173477be40582f3cf221bfac2","packs/pf2e/feats/class/monk/level-8/snakebirds-shadow.json","Snakebird's Shadow: water blade; one contact per selected target; sword; line; water-shadow."
"YKPaD42aJf2C5V3B","Snap Falling Fruit","reaction","","6","class","symbolic","guard","weapon","1","869b8a2e78f69db54e9989d957601e2eddf0a904dedea516adf6cfe93248af2b","packs/pf2e/feats/archetype/thlipit-contestant/snap-falling-fruit.json","Lash intercept arc catches incoming projectile lane and flicks it aside. Defense only."
"zbnL5OP4zVaNFcq8","Snap Out of It! (Marshal)","action","1","4","class","symbolic","resolve","sonic","1","a0295468821b855a7c736ee8089dfdaaface41d86eea40e6427946b49a60a63f","packs/pf2e/feats/archetype/marshal/snap-out-of-it-marshal.json","Sharp ally-directed shout clears one foggy mental ring. New save conditional."
"n3vpCWPjXAInRTyR","Snap Out of It! (Pathfinder Agent)","action","2","8","skill","themed","targetSupport","fear","1","15d9f0b7d303558ab3d6c77919adef213dcebf365d1b390674018c16e36722c4","packs/pf2e/feats/archetype/pathfinder-agent/snap-out-of-it-pathfinder-agent.json","Snap Out of It! (Pathfinder Agent): encouragement; no Strike now; none; ally halos; fear-clear, resave."
"nqDhQdkgsnvebUMr","Snare Commando","reaction","","9","ancestry","themed","concealment","fear","1","198c948f0a779f4d588f262336d97a079c8a529def3d0f683e357b5e5d553b7f","packs/pf2e/feats/ancestry/kobold/level-9/snare-commando.json","Snare Commando: snare distraction; no Strike now; none; source afterimage; demoralize-option."
"Wn3DWAXo2TRxrhI6","Sniper's Aim","action","2","6","class","themed","ranged","weapon","1","daf0031d4e9a08e94c210ed2e7d94285a1de7d7b2ef0eb01bb965c945694b442","packs/pf2e/feats/class/gunslinger/level-6/snipers-aim.json","Sniper's Aim: breathing aim; 1 visible contact (same-target); ranged; projectile; precision-glint."
"ds9dNclMMiDBKRtm","Snowdrift Spell","action","1","4","class","themed","spellshape","cold","1","a1e88261245e39867537fba26487018bfad0188b703c9222e403974bd1e60e24","packs/pf2e/feats/class/druid/level-4/snowdrift-spell.json","Snow motes gather around reserved spell and prime ankle-height tile outlines. No actual snow terrain before cast."
"Tl8yckXeTCHnwrlM","Soaring Flight","action","1","5","ancestry","themed","flight","wind","1","4ff44cfd613c81573170b9592680967a5be3209d01f2e59a776e4e06426c5e02","packs/pf2e/feats/ancestry/tengu/level-5/soaring-flight.json","Wing-shaped lift fan carries short soaring echo before soft settle. Single movement, no perpetual hovering."
"ugDZeILVpgLVhvGC","Solar Detonation","action","3","8","class","themed","elementTarget","fire","1","a5e968e35ab16a0e034128bc792fc963b600f5d4819d15a1f734ecc7d5d28424","packs/pf2e/feats/class/kineticist/level-8/solar-detonation.json","Remote swirling solar sphere detonates into fire and pale vitality corona. Burst, not source missile; blindness conditional."
"BiPUUNGoJIj1mqjO","Solidarity","action","1","9","ancestry","themed","restoration","healing","1","a41899738eb2f4459bb3cdfb08e97201dbf5efdcd1baff99aca98cad579c7f21","packs/pf2e/feats/ancestry/poppet/level-9/solidarity.json","Source life thread transfers to small object's repaired seam glints. Object healing, familiar option; no general ally Heal."
"W9neE7zrIl3tqRZW","Song of Glorious Invocation","action","1","4","class","themed","rune","sonic","1","0e307e978de10b918490eeb2c0ff13be4bc0bd12d866b460dcb93de21b216098","packs/pf2e/feats/class/runesmith/level-4/song-of-glorious-invocation.json","Song of Glorious Invocation: rune song; no Strike now; none; ally runes; invoke-three-runes, ally-courage."
"WoUwDqhA6i6abwen","Song of Grace and Speed","action","2","16","class","themed","targetSupport","sonic","1","c49d80c287d7858cbb61d448d98c899403c11ebf5a91d6b38d0269d848009fb8","packs/pf2e/feats/archetype/nantambu-chime-ringer/song-of-grace-and-speed.json","Graceful song wave grants allies light swift-ready leg glints. No automatic Stride/Strike."
"SC5oZbyvLO5CQwhl","Sonic Dash","action","1","2","class","themed","movement","sonic","1","59b5e4b54bd5b55ef0643b2f2fce7b6ad9ea09e117d6448c73e4020cbc5fd5ee","packs/pf2e/feats/miscellaneous/deviant/sonic-dash.json","One bounce opens two straight sprint echoes with thin pressure wake. Awakening sonic boom optional; not default flight."
"D1uVM4fif8Y0FYu1","Sonic Strafe","action","2","16","class","themed","flight","sonic","1","ea67c361e8317f6133f5468f02ac902bcc363ae454b4793274922556cf733a3b","packs/pf2e/feats/archetype/winged-warrior/sonic-strafe.json","Two airborne strafe trails cross narrow adjacent sonic pressure lanes. Adjacent path damage, no ground sprint."
"gZrlze9HlRYEQNBG","Soul Flare","reaction","","4","class","themed","fortune","spirit","1","202d80f7a2dfcf9466fa25e04fc780bb25534e407c9a5991b7b95876145feb75","packs/pf2e/feats/archetype/soulforger/level-4/soul-flare.json","Soulforged edge flares with zeal and corrects one near-miss outline. No repeated attack; dismissal conditional."
"YeQn7mJoFO7PR6uO","Soul Thief","action","3","20","class","symbolic","absorb","void","1","d827d1fa324b1665a7b63fd2da366c956c437ad125dc52f66550588d9452bd0c","packs/pf2e/feats/class/necromancer/level-20/soul-thief.json","Recent dead creature's soul wisp contracts into small faceted gem. Capture conditional; later gem consumption separate."
"B8MKXr7mMzOHhTQH","Soul Well","action","2","8","class","themed","groundCreation","void","1","a36ae4878f11dde4bfada2eedd41773e37632e3378990b5b4258e78efabaf461","packs/pf2e/feats/archetype/splinter-of-finality/soul-well.json","Finality splinter opens slow dark spiritual vortex around source. No immediate spectral dagger attack."
"YXuhZHEUXXi9Dhqx","Sovereign's Blade","action","2","18","class","themed","command","light","1","a1b456de0e1cdc0f8be0237c40457575d4d8a60f724c85c540840a27579107df","packs/pf2e/feats/mythic/sovereigns-blade.json","Raised blade sheds bright darkness-piercing beacon toward knight silhouettes. No immediate source Strike or forced knight movement."
"TyWFsX9DliAdAVs8","Sow Spell","action","1","14","class","themed","spellshape","plant","1","209ed878132b7c1298486be4c3255a8f656c82d91dd868903b286a035093d1eb","packs/pf2e/feats/class/druid/level-14/sow-spell.json","Reserved spell formula folds into small dormant seed glint. Spell planting/trigger occurs after future cast."
"5kua1Kf5Ca85lbzb","Space-Time Shift","free","","12","class","themed","preparation","time","1","dc0ec28e987b0c697b8fa7d3ca3952936c372583d2b5da986de34f8f0a452657","packs/pf2e/feats/archetype/chronoskimmer/space-time-shift.json","Future-time seam primes feet with two reserved destination glints. No immediate teleport."
"BL2nLeClO30QoQGs","Spark Fist","action","1","5","ancestry","themed","preparation","fire","1","a3ee335655466e2614c7be0e3d472be12fdc952aba1a4ae756127b406d3ae10a","packs/pf2e/feats/ancestry/dwarf/level-5/spark-fist.json","Spark Fist: powder fist; no Strike now; none; source glint; future-fire-contact."
"FBtm9rZzk0tCQu9H","Spark of Independence","action","2","5","ancestry","themed","command","weapon","1","5c8af019726e655e56be1a614ceb9a61f02ac8124345d08e0532a873bedcae45","packs/pf2e/feats/ancestry/poppet/level-5/spark-of-independence.json","Spark of Independence: minion touch; no Strike now; none; ally halo; future-action."
"kcWdo5zzldDTqCBP","Spear Dancer","action","1","6","class","themed","charge","fear","1","22e4a8da46ddcb6d1d2ffd40a531e016f2bfb8edaddd5989c74ac9eea12e0304","packs/pf2e/feats/archetype/warrior-of-legend/spear-dancer.json","Spear Dancer: side step; 1 visible contact (same-target); spear-or-polearm; thrust; step-before-or-after."
"wixpmBQ5dNm3VMFk","Spear of Doom","action","1","10","class","themed","stance","weapon","1","6630e91542ddd112ce00befa867bb472d1e428f5ed3ffec96cb7cf6ba154a4d7","packs/pf2e/feats/archetype/warrior-of-legend/spear-of-doom.json","Doom-touched spear silhouette braces in narrow forward-ready stance. No immediate reaction Strike."
"ZbK0WZRDjm1sfOKD","Spectral Dagger","action","1","2","class","themed","craft","spirit","1","497961ef8794bb45012c630214662888a01e24f46b945381a7bc6fcd378eb5d9","packs/pf2e/feats/archetype/splinter-of-finality/spectral-dagger.json","Neck-splinter glint pulls into hand-height spectral dagger silhouette. Creation only, no Strike."
"l0VB9sqKxmkWvvaA","Spell Crash","action","2","6","class","symbolic","elementCone","force","1","df76256067db57cd9ffd220138364e2b304d89d19660322d296c19d1c5c649c2","packs/pf2e/feats/class/magus/level-6/spell-crash.json","Weapon ground smash releases expanding pure force blast. Area choice emanation/cone/line; not physical Slash."
"kRti2i47YqG4zVp7","Spell Network","free","","14","class","themed","stance","arcane","1","8fc32984971bec2a025f135c0dad64333ccddef81fe57bf4e942a0c5dadd3c78","packs/pf2e/feats/archetype/wildspell/spell-network.json","Mystic strands connect allied focus rings into stable network. No spells cast through links yet."
"X9AkydrMdFwg7qIn","Spell Parry","action","1","2","class","themed","guard","arcane","1","e336ac32a38e66f3cc3c913aae06633d4b6436e2a1934172e47c664e2352304a","packs/pf2e/feats/class/magus/level-2/spell-parry.json","Magically infused limb edge rises within compact parry arc. No offensive spell."
"3CPKbiweBRzXAJA9","Spell Protection Array","action","1","4","class","symbolic","groundCreation","arcane","1","b195e3b9ee719e486723e8c285214dd53f7aaf331b38d3931a47e074b53f1a54","packs/pf2e/feats/class/wizard/level-4/spell-protection-array.json","Small remote glowing circle inscribes arcane runes in deliberate segments. Protection area, not source utility sparkle."
"zwEaXGKqnlBTllfE","Spell Relay","reaction","","6","class","symbolic","targetSupport","arcane","1","13edbf3de9fe85287300a7fe4e04b73e03c51f7bd939946f0cb2e04f371f7c4e","packs/pf2e/feats/class/sorcerer/level-6/spell-relay.json","Ally casting thread connects to source's opened blood-magic relay focus. No duplicate spell emission."
"F3FJal7SffTQlmFm","Spell Retaliation","free","","6","class","symbolic","restoration","arcane","1","d8823916ac5d5d06fc362ad181a2481cb923272eed67719200a6100c161f1eb6","packs/pf2e/feats/class/magus/level-6/spell-retaliation.json","Defended spell residue streams into depleted spellstrike focus. No current retaliation Strike."
"DT1O80hPD7MX6oWp","Spell Shroud","action","1","14","class","themed","spellshape","shadow","1","cda437854c9f9b33c541408c0ee8c84034485c3178c9baac31cb0a71ac0db954","packs/pf2e/feats/class/sorcerer/level-14/spell-shroud.json","Billowing cloud motif primes within incomplete self-spell ring. Future self-target spell creates mist."
"Fs88vjez9px2mmrC","Spell Swipe","action","3","8","class","themed","doubleStrike","weapon","1","428ba53f710ea7f51d905374579fd41d03a9cc166333abca5521dff30362481b","packs/pf2e/feats/class/magus/level-8/spell-swipe.json","Spell Swipe: spellstrike arc; 2 visible contacts (different-targets); melee; wide pair; chosen-spell."
"1re3J4hWW7raXIRB","Spell Tinker","action","2","16","class","themed","preparation","arcane","1","c7d020d7dec6c8a45fa9b5a0d2c167fc177e9eb37880a0fc1f687a083ce85d02","packs/pf2e/feats/class/wizard/level-16/spell-tinker.json","Existing spell-choice facets rotate into alternate configuration. Not healing; healing expressly excluded."
"bWW2q4HUtWeX0SA2","Spellbinding Speech","action","1","8","class","symbolic","command","mind","1","c0b4149c3295a34288b92ead6f2bb40117fe6fa7a9d8540846d9b9fe4d1ebcf5","packs/pf2e/feats/class/wizard/level-8/spellbinding-speech.json","Mundane speech curls become small binding attention glyph. No damaging mental blast."
"XhblStN7dwnWKmrO","Spelldrinker","action","1","8","class","themed","absorb","blood","1","e492670cb3f09b46021e102d7e5422e320ea7bae833a73dee93fbd3fce01d280","packs/pf2e/feats/archetype/bloodrager/spelldrinker.json","Harvested blood glint reveals one reserved spellbook glyph. Table spells are grants, not immediate fire attack."
"lPoP5TFfq266kR6g","Spellmaster's Tenacity","reaction","","14","class","themed","guard","arcane","1","14d2a4f83a504d4b64fe9201db26006ede0995f54a9a2c04c5921ad71b0ee93b","packs/pf2e/feats/archetype/spellmaster/spellmasters-tenacity.json","Spellmaster sigil stabilizes close defense after fractured save ring. No guaranteed success or enemy damage."
"l0Qy74a7CILdE4Th","Spellshape Channel","free","","20","class","themed","spellshape","spirit","1","a32e2ff05688fcdae9444a47483b950b13ad74d65fe93b8b7e9a86ced64b1756","packs/pf2e/feats/class/cleric/level-20/spellshape-channel.json","Divine font focus divides into reserved life/death spellshape bands. No Heal/Harm yet."
"9p28s0zg4Vv4r5i2","Spike Skin","action","2","8","class","themed","form","earth","1","b37925a434eba1250617bce16522fcb576e54943c728a0d86ac306b22c75d7e2","packs/pf2e/feats/class/kineticist/level-8/spike-skin.json","Touched willing ally skin hardens into small spiky facets. No immediate retaliation damage."
"gxzTEt37M0z1WY1M","Spinebreaker","action","1","10","class","themed","bind","weapon","1","265c21c30b9662c1e22d5be12ca72cc40ab9591e4b6a1f1218aaa806dc51563c","packs/pf2e/feats/archetype/wrestler/spinebreaker.json","Bear-hug bands compress existing grappled foe with nerve-point glints. No spine-breaking gore or guaranteed conditions."
"iMeXYpghydBEt2Q6","Spinning Release","action","3","14","class","symbolic","movement","weapon","1","1b34d9e71d9e171da6ea5af8a58c5c99b23bd97a9e578e087bed5fff33c433fd","packs/pf2e/feats/archetype/thlipit-contestant/spinning-release.json","Lash winds around target echo, slow controlled spin releases sideways wobble. Keep readable pacing; no real forced movement."
"al952tuRDJJY0ENx","Spinning Stand","action","1","6","class","themed","unarmed","weapon","1","8d1171ad241a93ef114f7529b609bc8871ab3814a72c422c2bdc1ac097129a6f","packs/pf2e/feats/archetype/clawdancer/spinning-stand.json","Spinning Stand: prone spin; 1 visible contact (same-target); talon; rotating contact; stand, optional-second-target."
"ef57tIj30IaPnSgC","Spiral Sworn","action","1","6","class","themed","preparation","spirit","1","20d9e1b3ba7bed308cd3313055f54de1475bc62beda11f4db2932386c14e747c","packs/pf2e/feats/archetype/soul-warden/spiral-sworn.json","Prayer traces deliberate spiral that primes weapon/spell blessing. No immediate undead attack."
"WKRSBu7H9miAwUaR","Spirit Guide Form","action","2","14","class","themed","form","spirit","1","812b497d45d74d0ed372b5a92c9ffca5818359ddedbb3d8c881f96a58a21cb88","packs/pf2e/feats/archetype/scions-of-domora/spirit-guide-form.json","Spirit-guide echo fuses into hybrid translucent body silhouette. No claw/jaw Strike on form entry."
"ho5qkbgW4XxvkXuC","Spirit of the Blade","action","1","6","class","themed","preparation","spirit","1","b89761220b5b5066cdb0d581a2f9076891ec6f2357d16c9535787d28d0def470","packs/pf2e/feats/archetype/spirit-warrior/spirit-of-the-blade.json","Spirit of the Blade: spirit charge; no Strike now; none; source runes; future-spirit-strike."
"03mVGvudDLyGEpTZ","Spirit's Absolution","action","1","6","class","themed","healing","vitality","1","52ebab42d4187e7157296ceade99efd5d77a11722e92c88458470bd2055f0818","packs/pf2e/feats/archetype/exorcist/spirits-absolution.json","Regret wisps release from spirit dwelling and dissolve into warm recovery ring. Source or adjacent ally."
"sIN6t7nCWdI5u1HK","Spirit's Anguish","action","2","8","class","symbolic","elementCone","sonic","1","33cc6513e8678b36b5d2d2da562cdd7b9668d88dd914ba5d1a299363fc6adb95","packs/pf2e/feats/archetype/exorcist/spirits-anguish.json","Spirit dwelling releases anguished howl as broad pointed sonic fan. Cone from held dwelling."
"ONUvHtEccDmNEcVu","Spirit's Sacrifice","free","","18","class","symbolic","healing","spirit","1","f9a0084c3b91d15404cac1c18262a6b1feb459b86724514ba2383eebd4f902a1","packs/pf2e/feats/class/animist/level-18/spirits-sacrifice.json","Apparition silhouette disperses into inward life-saving energy streams. No damage or actual death/HP mutation."
"gO729iC9b5ypes2K","Spirit's Wrath","action","1","12","class","themed","elementBolt","spirit","1","5af35efaae5645bbd959bdacdd94177969144f1d408350d2c30ca167cb7826b0","packs/pf2e/feats/class/barbarian/level-12/spirits-wrath.json","Spirit's Wrath: wisp call; 1 visible contact (same-target); spirit-wisp; wisp projectile; spirit, conditional-fear."
"hjApw8AvYVuqQk2W","Spirits' Interference","action","1","6","class","themed","guard","spirit","1","6b36ed290ba9fb269d5b1d49793ba2bc7e7f223a96af482b96e78ae0abede510","packs/pf2e/feats/class/barbarian/level-6/spirits-interference.json","Protective spirit outlines orbit between source and ranged lanes. No attack."
"FlsAYAGEiZg1gg7D","Spiritual Disruption","action","2","0","bonus","themed","strike","spirit","1","60de5471203e678223cf38f5838eefad08bf72c9ee2ae537be45ea386085f218","packs/pf2e/feats/archetype/hellknight/order-of-the-pyre/spiritual-disruption.json","Spiritual Disruption: spirit sever; 1 visible contact (same-target); melee; single contact; persistent-spirit, mental-stagger."
"ZH4gpcvVTAD157fn","Spiritual Expansion Spell","action","1","2","class","themed","spellshape","spirit","1","0e1d394ba14baf1b0f537e9007893a0915f4d78335bc6261d48cc33f8186ef1f","packs/pf2e/feats/class/animist/level-2/spiritual-expansion-spell.json","Apparition hands open wide reserved area-expansion rings. Future cast separate."
"cEu8BUS41dlPyPGW","Spiritual Guides","reaction","","4","class","symbolic","fortune","spirit","1","40ede48706060af85ca838fbfa97f5bf320b84ec80da3328a42638b8458a74b6","packs/pf2e/feats/class/barbarian/level-4/spiritual-guides.json","Small invisible-guide whisper motes replace failed-check fracture with renewed focus. Reroll, not guaranteed success."
"F7zgzUn7ZLNSXhy4","Spiritual Secret","free","","6","class","themed","spellshape","spirit","1","baa0107c240828b782bfa410cd13eda11bed3ffe804e54f141d24a6200c0475e","packs/pf2e/feats/archetype/seneschal/spiritual-secret.json","Abandoned patron spark converts reserved damage focus to spiritual pale glow. Future witch spell separate."
"bTfz7ZkPQcGpJ8FZ","Spiritual Spellshape Stance","action","1","16","class","themed","stance","spirit","1","3e5e1a20f35555e4d1b96fe8a964ed8219d08298aa1b520ef1955a2022961577","packs/pf2e/feats/class/animist/level-16/spiritual-spellshape-stance.json","Apparition ethereal limbs frame source's stable spellshape focus. No immediate attack."
"9DWxzEavOeymc6Ql","Spiritual Strike","action","2","6","class","themed","strike","force","1","af6c007b5c020adba26746046baab12e25e44fbb410c6dfd9ee8b293ea6ab470","packs/pf2e/feats/archetype/scions-of-domora/spiritual-strike.json","Spiritual Strike: guide charge; 1 visible contact (same-target); melee-or-ranged; single contact; force, ghost-touch."
"c5xHL6CDFwBqXx2a","Spiteful Rake","action","2","13","ancestry","themed","unarmed","healing","1","ef8405b575001d086f4f0609bd8dbe96466af68d4342d9aa5f54a0d151733dc4","packs/pf2e/feats/ancestry/versatile-heritages/changeling/spiteful-rake.json","Spiteful Rake: eye rake; 1 visible contact (same-target); claw; claw rake; dazzle-or-blind."
"KpF7RenGBXIMMGPX","Split Hex","action","1","18","class","themed","spellshape","shadow","1","d57431fb12ac407eb766124f0d216b79db1bce037929463fea4b309f694baa31","packs/pf2e/feats/class/witch/level-18/split-hex.json","Reserved hex sigil divides into paired unequal target-ready branches. Future hex separate."
"DS0XlHfi3ztb3ET7","Split Shot","action","1","4","class","themed","spellshape","arcane","1","e3ed0b194a142e79bfb02088726a1214c5c743b427aade9f16f2c046484346d8","packs/pf2e/feats/class/sorcerer/level-4/split-shot.json","One ranged-spell focus fragments into primary and half-strength secondary glints. No projectile fired before next cast."
"EJvmqVFxR3xn7QiR","Split Spellstrike","action","2","10","class","themed","doubleStrike","weapon","1","7572f6e3025be0a026bc470a85a99ad9c2b895a9b80ca8598821b720a828a13b","packs/pf2e/feats/class/magus/level-10/split-spellstrike.json","Split Spellstrike: split spell charge; 2 visible contacts (different-targets); two-melee; opposing pair; chosen-spell."
"a32r2n9j36khV0Cp","Spore Cloud","action","2","9","ancestry","symbolic","elementAura","plant","1","4cc865b76d6241904d60b1aa4b6b3bdc12f30e2990ed9096a1cc4fbd04df8810","packs/pf2e/feats/ancestry/leshy/level-9/spore-cloud.json","Low pollen cloud blooms outward in dense obscuring flecks. Plants/fungi immune, no poison damage."
"F4LlHjLjubbBkWRT","Sportlebore Choke","action","1","8","class","themed","elementTarget","poison","1","2089ce4636e8214a212b2e5798f0016c943151925d2ed5ccaeec8f39477168ca","packs/pf2e/feats/archetype/swarmkeeper/sportlebore-choke.json","Tiny swarm points climb toward mouth-height target rim then contract inward. Swarm location, no caster magical bolt."
"jsXDbQAAH3yMchPU","Spot Translate","reaction","","4","class","themed","performance","fear","1","3ad3afbf5631b16f0d43ed5eeb581506c28dc97117634e1c48e4cf22155deea4","packs/pf2e/feats/archetype/linguist/spot-translate.json","Spot Translate: translate; no Strike now; none; source wave; language-bridge."
"6ZM8ZtLa4wwkrVJE","Spray Ink","reaction","","1","ancestry","symbolic","elementTarget","water","1","f148eaa3901db0f424638e277a208ceda5ffe4466e7757235f4155b0f8caf8db","packs/pf2e/feats/ancestry/merfolk/level-1/spray-ink.json","Short dark ink spray splashes toward adjacent attacker with opaque smear. No damaging water blast."
"emjWa77ltL5FytvA","Spring from the Shadows","action","1","12","class","themed","charge","weapon","1","e01f4d2ea287ec06b2fdf3fffa2f5d5704e612d287e2dda4574b73b2bf73a27a","packs/pf2e/feats/class/rogue/level-12/spring-from-the-shadows.json","Spring from the Shadows: hidden sprint; 1 visible contact (same-target); melee; single contact; shadow-afterimage."
"PEw6PEGHSfbMI9Is","Springboard","action","1","10","class","themed","charge","weapon","1","d07912216dd403562fd2e705a539746ff515a24daf0fb16810fe9468d6fb41cd","packs/pf2e/feats/archetype/clawdancer/springboard.json","Springboard: spring off; 1 visible contact (same-target); talon; crescent; aerial-afterimage."
"WxnCYjr02usmMN1q","Sprout Fruit","action","1","2","class","symbolic","craft","plant","1","9996d2118a8a29f594997c99ea5f19761b76c6bf43521afa5babc29842299ac4","packs/pf2e/feats/miscellaneous/deviant/sprout-fruit.json","One ripe fruit glint sprouts from body leaf motif and remains reserved. Healing after later eating, not now."
"2xxFg9yRuCDpME3z","Spy's Countermeasures","free","","10","class","symbolic","perception","illusion","1","ebfbd90510680d5df7b8ad700db6cbb5ccd3822b5e5ac4ffab04a4eb4250f6f7","packs/pf2e/feats/archetype/lion-blade/spys-countermeasures.json","Incoming detection glyph is read then mirrored as false response mask. No attacking spell."
"CCmiEmS7ZgyQUfhn","Squawk!","reaction","","1","ancestry","symbolic","resolve","sonic","1","31842867f9148c900beb2735b6a46201c30bed21b0ea7e49fec493f18bb28f4a","packs/pf2e/feats/ancestry/tengu/level-1/squawk.json","Awkward birdlike squawk ripple accompanies small feather ruffle. Social failure mitigation."
"SzkpazSZ0pi1WZsH","Squirm Free","reaction","","13","ancestry","symbolic","movement","earth","1","b4a81ad7201b8685b08700a4e0ed82c3b4199aa42cc8a1bc3e50860ad3a0eb26","packs/pf2e/feats/ancestry/poppet/level-13/squirm-free.json","Small poppet silhouette wriggles through loosening grasp arcs. Conditional escape, no actual movement."
"UIMZe4QDJQ9k4npN","Stab and Blast","action","1","8","class","themed","mixedStrike","weapon","1","cf0106189491343e46ed8ac0989dbd7aaef392553743fd78af7982d631d1ac10","packs/pf2e/feats/class/gunslinger/level-8/stab-and-blast.json","Stab and Blast: melee then trigger; 2 visible contacts (same-target); combination-melee-and-firearm; mixed pair; point-blank-shot."
"dPmJ91qawZW2U8K3","Staff Sweep","action","1","6","class","themed","shove","weapon","1","0487b103d61c4fe5cbbb850f99145b9e6ec5cfeb2603e4341eda2953c6d2f81f","packs/pf2e/feats/archetype/staff-acrobat/staff-sweep.json","Staff Sweep: staff wide; no Strike now; none; low sweep; trip-or-shove."
"zJsu5JQGGOpyT6Xk","Stages of Fate","action","2","8","class","symbolic","fortune","spirit","1","921a8145f6889dd7d22e13cbb77e12d825a25c1fe341625ae9cf9978091ab2b1","packs/pf2e/feats/mythic/stages-of-fate.json","Delicate fate thread aligns alongside afflicted target's staged ring. Next affliction save support, no immediate cure."
"waZzVgfyr1Vcxfqk","Staggering Blow","action","2","10","class","themed","heavyStrike","weapon","1","5a096db157e3b42a4220ca586db561d8262b8a33203813900bf62b5b5d7740c6","packs/pf2e/feats/archetype/mammoth-lord/staggering-blow.json","Staggering Blow: command companion; 1 visible contact (same-target); companion-melee; single contact; slow."
"fngPLUD4Sltho2kn","Staggering Fire","action","1","6","class","themed","ranged","weapon","1","18557214489472db9502da6f546c0ba65af33768f7293692ebe22cbdbf3dfa99","packs/pf2e/feats/archetype/archer/level-6/staggering-fire.json","Staggering Fire: movement point aim; 1 visible contact (same-target); bow-or-crossbow; projectile; slow."
"lvxzgLNzmScMY0uC","Stalwart Mind","reaction","","8","class","symbolic","resolve","mind","1","0855aea941f2fe79895add89e5ef9e2cfd4a38b0a375f8d1a69079055e2b3032","packs/pf2e/feats/archetype/mammoth-lord/stalwart-mind.json","Stubborn mind crest steadies broken mental-save ring into renewed circle. No physical attack."
"UPgxAYArllEBcuGS","Stalwart Song","reaction","","4","class","themed","resolve","sonic","1","38fc7c660664604f1977e261d99835e9cb32eec723a55b56579b3f86bfa5c8e3","packs/pf2e/feats/archetype/stalwart-defender/stalwart-song.json","Old dwarven song pulses through grounded armor silhouette in steady beats. Self courage, no sonic damage."
"cQziPqmbo353bq7S","Stand Back, I'm A Doctor!","action","2","12","class","themed","healing","electricity","1","cdae265ddbdd01440546cb373757bd734a8487b2b716395134e3f051ec4446a1","packs/pf2e/feats/archetype/lepidstadt-surgeon/stand-back-im-a-doctor.json","Medicinal compression meets powerful shock and returning heartbeat; adjacent sparks branch outward. Patient medicine success; adjacent electric risk."
"OJLGFnmbT418dC18","Stand Firm","action","1","16","class","themed","targetSupport","fear","1","838418833ce8384c8d39b24a7ff071fee41e5ffefbe4f7c35a8c30181c3cc054","packs/pf2e/feats/archetype/broken-chain/stand-firm.json","Stand Firm: encouragement; no Strike now; none; ally halos; fear-clear, resave."
"qTxgIym89ehgW684","Stand for the Fallen","reaction","","18","class","themed","targetSupport","spirit","1","a6e8aecfc0c176204f315baf24e6216915f5f1139dfd50403d0d6bdb319ad108","packs/pf2e/feats/archetype/mortal-herald/stand-for-the-fallen.json","Two urgent approach echoes interpose source at fallen ally-facing divine shield arc. No flight default or actual damage transfer."
"Mj1KTiAwwovm7K9f","Stand Still","reaction","","4","class","themed","strike","weapon","1","6b5684f56444432f7fe1a06aac9585622795e6e95b62b49c799fb7e840acc04d","packs/pf2e/feats/class/monk/level-4/stand-still.json","Stand Still: escape counter; 1 visible contact (same-target); melee; counter thrust; stop-motion."
"esBKFd3Opiw8H9I9","Standard-Bearer's Sacrifice","reaction","","10","class","symbolic","command","weapon","1","5745686d23bff6fd578fd5046a440450da8d16261defddf151a3d0dcc6fa3ead","packs/pf2e/feats/class/commander/level-10/standard-bearers-sacrifice.json","Banner flourishes broadly, attention ribbon bends from ally toward source. Enemy save conditional."
"jK0hjx4qsRyKnpBd","Starlight Armor","action","3","14","class","themed","guard","light","1","9605b7c94a319062bb72ba3dd7e29746551591f3b6b2107e75ca9f367b891737","packs/pf2e/feats/archetype/oatia-skysage/starlight-armor.json","Distant-star motes knit luminous armor with calm bright halo. No immediate dazzling retaliation."
"Oa5sEYqqY8gNTo56","Starshot Arrow","action","1","17","ancestry","themed","ranged","spirit","1","dd0b2ec89c203342e7e5a12bd5fdfcb8cc13e1a4bd1535ded668f51180204285","packs/pf2e/feats/ancestry/centaur/level-17/starshot-arrow.json","Starshot Arrow: starlight invocation; 1 visible contact (same-target); ranged; starlight projectile; constellation-bind."
"2VzIrCWJU4dJQV0x","Start the Festival!","action","3","17","ancestry","themed","groundCreation","earth","1","447bf24cc0057091be7a2c87c687e610f189d2a439f7648faf12c6e0dc5dc64f","packs/pf2e/feats/ancestry/tanuki/level-17/start-the-festival.json","Many small raccoon-dog-like shadows swarm remote ground amid festive footfall rings. Symbolic festival swarm, not stealth smoke."
"qg8TlLJRgvjzW9YK","Startling Appearance (Vigilante)","action","1","6","class","themed","fearStrike","mind","1","9ed35681785daeb8ba0d65625ff005ef8f7bfac181f5ceb865152f35537e4a4a","packs/pf2e/feats/archetype/vigilante/startling-appearance-vigilante.json","Startling Appearance (Vigilante): hidden reveal; 1 visible contact (same-target); melee-or-ranged; single contact; fear, off-guard."
"A0keRhzNlcB1u4gD","Stasian Smash","action","2","8","class","themed","unarmed","electricity","1","d04f6094f7f6070156ac53d9391e11c79ca662779e2f889453a5e8682f8722da","packs/pf2e/feats/archetype/sterling-dynamo/stasian-smash.json","Stasian Smash: coil charge; 1 visible contact (same-target); dynamo; single contact; electric-fork."
"P092yzkGN4UYYVXB","Statement Strut","action","1","8","class","themed","performance","mind","1","a65d934e524ff5206777d2531d772c295078f8bf51115c34976d7568d4524226","packs/pf2e/feats/archetype/dandy/level-8/statement-strut.json","Confident strut echo carries stylish sweep and outward attention glints. No immediate attack or guaranteed reaction suppression."
"n4755xLnUbsKYfUM","Statue","action","1","8","class","symbolic","form","earth","1","5e5f5c060b4bec26ae6245616cfb001c96dba6698b8a1a061673695737cb708f","packs/pf2e/feats/archetype/stonebound/statue.json","Stone-like shell closes around perfectly still silhouette. No genuine petrification or armor protection."
"2KBKXkRthBXpw48X","Stay Down!","reaction","","14","class","symbolic","bind","weapon","1","4c6f455f1c692db74b91c369903ca0f7788f7fc6a435ec30ea67cb036c6f772d","packs/pf2e/feats/class/rogue/level-14/stay-down.json","Low stopping hand/foot arc presses against rising foe's movement line. Disruption conditional, no Strike."
"joNCgjhaGlThqWni","Stay Here!","action","2","8","class","themed","tripStrike","weapon","1","f6094f67b468f3607ee177e1a1398c23d8c5031be16a677204b1887a2cdea6f8","packs/pf2e/feats/archetype/marine-marauder/level-8/stay-here.json","Stay Here!: low trip first; 1 visible contact (same-target); melee; low contact; trip-before."
"Kb28vpCQNvA6wS1O","Steal Death","reaction","","16","class","symbolic","absorb","void","1","ce3da7c1f556d6a29afaca41270c12b99afef0c98fa2c2665b2fe897ee1970b5","packs/pf2e/feats/archetype/apocalypse-rider/level-16/steal-death.json","Doom thread leaves endangered creature and feeds paired source/mount recovery rings. No killing attack; ally condition change cosmetic."
"0VUx8g8GJzuxvLSa","Steal Essence","action","2","20","class","symbolic","absorb","arcane","1","9fb108e21b961788b9eb0f4ca3039159c8a55dcab4f3d219b4e20d16a3d74fd8","packs/pf2e/feats/class/rogue/level-20/steal-essence.json","Magic-item essence detaches into small held property glyph. Object properties transfer, no creature weapon attack."
"MADUYJxUdhkCvI1B","Steal for the Depths","action","2","5","ancestry","themed","bind","water","1","ad530974d65636ca521d6f8f06aa3e2c060e790a76749f1fed02b9e95a737b14","packs/pf2e/feats/ancestry/merfolk/level-5/steal-for-the-depths.json","Grasp arc links adjacent foe to downward underwater current echo. Grapple success required; no actual drag."
"nnJ7ADx2A0NrMj3D","Steal Magic's Breath","reaction","","12","class","themed","absorb","arcane","1","468d043dab3908b65bf012800dffdcc57f9ba52d826f1bfd250321c70b5b930e","packs/pf2e/feats/archetype/living-nexus/level-12/steal-magics-breath.json","Large internal nexus swallows incoming spell wisps and leaves overflowing ring. Damage mitigation, no target explosion."
"UCFGUbmDnzRGmN9I","Steal Time","action","2","10","class","symbolic","time","time","1","59cd73bb887ae324a1ea5f53e93b54b28d8632a057d33a3ca2d67ab47e56cad1","packs/pf2e/feats/archetype/chronoskimmer/steal-time.json","Target timeline loop slows into fewer broader clock beats. Slow save conditional, no HP damage."
"7PjBANpMMoBxTYq3","Steam Knight","action","1","6","class","themed","stance","water","1","13b8e23d436de0e1a42c0b2166e11bf9786f4c92344da9278f545a3890d82681","packs/pf2e/feats/class/kineticist/level-6/steam-knight.json","Swirling steam armor forms around feet and shoulders with restrained jet wisps. No immediate Leap or steam attack."
"VFBQ1MskOascFDNf","Steam Spell","action","1","5","ancestry","themed","spellshape","water","1","4ce10391514fbf91097bfffb0b9e9d9a3ca74331e5dd4199b37e697d56e25692","packs/pf2e/feats/ancestry/versatile-heritages/undine/steam-spell.json","Reserved fire glyph softens into scalding steam curls. Future cast separate, no persistent fire."
"cW88fH1HBM5AlV4M","Steed's Toppling Strike","action","1","12","class","themed","unarmed","weapon","1","ae7237d3e0e1414b6ab4293e5a184466186fa87c93c0b2f80f085d77316e520c","packs/pf2e/feats/class/champion/level-12/steeds-toppling-strike.json","Steed's Toppling Strike: command steed; 1 visible contact (same-target); steed-unarmed; single contact; ground."
"jFmdevE4nKevovzo","Steel Your Resolve","action","1","3","general","symbolic","restoration","healing","1","90c120730f9fa0fbf2a0ac7942db58a7941a62c2d882033d071160d572ee5225","packs/pf2e/feats/general/level-3/steel-your-resolve.json","Steady inner endurance ring refills halfway through warm restorative bands. Stamina restoration, no HP promise."
"4Y7wKFogGB0LZ5ZA","Steel Yourself!","action","1","4","class","symbolic","targetSupport","sonic","1","5588145acf096311ac153c9bc1e17abc386f9039cdb87e69dee2b06ed8f74cb7","packs/pf2e/feats/archetype/marshal/steel-yourself.json","Firm encouragement wave creates ally resilience crest with compact Fortitude outline. No metal skin/attack."
"IEbnal1VJySrhxFR","Stella's Stab and Snag","action","2","6","class","themed","charge","weapon","1","5e1ba57b42f55909a5012d4cd6d46eff02252008f003c204de60c4c1cd79040b","packs/pf2e/feats/class/shared-class-feats/level-6/stellas-stab-and-snag.json","Stella's Stab and Snag: passing sprint; 1 visible contact (same-target); slashing-or-piercing; single contact; steal-glint."
"l3PosipTLXANeoT8","Step Lively","reaction","","5","ancestry","themed","movement","wind","1","7676cc926b0520a622b318efc610282fce9459b39f0ba16ed2475786270a225e","packs/pf2e/feats/ancestry/halfling/level-5/step-lively.json","Tiny alert sidestep echo skirts large footfall outline. No charge or attack."
"CB6UwS2g9ramyOEV","Stepping Stones","action","2","1","class","themed","groundCreation","earth","1","d746699c4fb7c78da466ae6561d2b0ddc728da5a7ff1e9c9c9b350a455a4fef8","packs/pf2e/feats/class/kineticist/level-1/stepping-stones.json","Four rock disks lift and arrange into contiguous stepping path. Object path creation, no source flight."
"lMIh84yjIA7f7xG8","Stir Allies","action","2","10","class","themed","command","sonic","1","13666ae2e08f3ee0d6e206d63115a347579e8efd1d0ff7e8e5677ab56dd2df91","packs/pf2e/feats/archetype/eagle-knight/stir-allies.json","Scramble shout sends small step-ready pulses to allies. Optional ally movement, not automatic."
"9Co9SUJmey3LrlLl","Stoic as Hell","reaction","","6","class","themed","guard","fear","1","113e39c19cd91d31f598bc10544224e2029ddadd8f6b8d380989490d41f0e046","packs/pf2e/feats/archetype/chelaxian-scion/level-6/stoic-as-hell.json","Stoic as Hell: unshakable poise; no Strike now; none; source barrier; mental-resist, future-threat."
"GuEdTz1VMEptQnOd","Stoked Flame Stance","action","1","1","class","themed","stance","fire","1","01e4957f6d0e7ebd332ec02ce2724f4c457121d3a6b0d7ed1192100d6fb90cee","packs/pf2e/feats/class/monk/level-1/stoked-flame-stance.json","Fast stance settle stokes low rising flames into flickering hand sparks. No flashing spark Strike."
"3QeARyRotSesINuw","Stolen Spell","free","","18","class","symbolic","absorb","arcane","1","7e22e3997c5ba364763efa8035fc6d07062f79aa0dbe1dec333f4d1e558a27ca","packs/pf2e/feats/class/magus/level-18/stolen-spell.json","Perfectly defended spell glyph is caught and stored beside future-cast focus. Stored spell, no immediate Spellstrike."
"eSq9I2OPDfzhybkr","Stomp Ground","action","2","6","class","themed","elementAura","earth","1","81cb012f06a49284f1972878a8c81461b862b9d204043aff4185ed80bcf8dfbc","packs/pf2e/feats/class/guardian/level-6/stomp-ground.json","Stomp Ground: boot stomp; no Strike now; none; source burst; ground-shock."
"xgg9eNF6MsJPMjyH","Stone Body","action","1","16","class","themed","guard","earth","1","e3dc5f9a73e8ec5ec921631ae2c347390202823d9b62dfbc4ef6925a343d20de","packs/pf2e/feats/archetype/stalwart-defender/stone-body.json","Resolute still body settles inside dense stone-like pain-resistant rim. Metaphor defense, no actual petrification."
"3Y1k2eAMqCdcCGmK","Stone Bones","reaction","","9","ancestry","symbolic","guard","earth","1","e04faad27676d3e1bbd302b75c57a88f2bfdfd3259717c7c2e50123aba47f865","packs/pf2e/feats/ancestry/dwarf/level-9/stone-bones.json","Critical impact ring dulls against compact bone-like stone facets. Flat-check mitigation, no heal or attack."
"uEOQ5PAJOqfkZxIb","Stone Forge of the First","action","2","20","class","symbolic","groundCreation","earth","1","9627c302749e75af4c905507f34a65dbd0851eb9bb1b29b9e6783e269641f01a","packs/pf2e/feats/class/runesmith/level-20/stone-forge-of-the-first.json","Massive stone forge rises, etched rune waves spread from base. Ground object, no attack; rune invocation later."
"Anpsl8ibCaXcBNG9","Stone Passage","action","2","9","ancestry","themed","movement","earth","1","6de7b2708fdbaab6dd85e5fff8ecf694d0e482f01041118437747e71188aa5b2","packs/pf2e/feats/ancestry/minotaur/level-9/stone-passage.json","Stone wall plane becomes translucent as short source trail passes threshold. No scene wall deletion or real movement."
"gLOLdDj21bTaLHp7","Stonewall","reaction","","17","ancestry","themed","form","earth","1","400244860ec5f9b87c7a347786995d635cc77f3202dafe8e6940ee76c706f36a","packs/pf2e/feats/ancestry/dwarf/level-17/stonewall.json","Stout source silhouette hardens rapidly into stone shell with still pose. Self-defense only, no enemy stone attack."
"CSa7v4MtbiA3FI0c","Stoney Deflection","action","1","6","class","themed","guard","earth","1","a24e6bbef8482b51944ce702aadb659b38b29050e36bb6edd1ceb481c9846d5b","packs/pf2e/feats/archetype/stone-brawler/stoney-deflection.json","Close resiliency facets join low braced stance ring. No Stonestrike attack."
"tQvWDkatsuYsNkds","Storied Companion","reaction","","2","class","themed","fortune","earth","1","a3f5c4f99deaedbf61a98d9981d3936cdcdaf804b9c9ef5c5ec6169bcb1a763c","packs/pf2e/feats/mythic/storied-companion.json","Companion story crest rewinds failed-save fracture into warm resilience rim. Companion only, no source shield substitute."
"fyN2LDuaFXzZTboA","Storm of Claws","action","3","16","class","themed","multiStrike","weapon","1","a3d422e1db28eff3c6b94f9cbf8f6a1fa17587860ab3a2e86567c9f6b4b5d0ef","packs/pf2e/feats/archetype/clawdancer/storm-of-claws.json","Storm of Claws: claw flurry; 3 visible contacts (same-or-different-targets); claw-or-talon; alternating three; step-after-hit."
"F1DVDJRARfdb1Kjz","Storm Retribution","reaction","","6","class","themed","elementTarget","electricity","1","f0327e08d33cb9a31eb1510c0ca7b986964c9ad09d5af5b5fc570378a780c83b","packs/pf2e/feats/class/druid/level-6/storm-retribution.json","Storm Retribution: storm counter; no Strike now; none; target burst; lightning, push."
"nAVLB5MLYWUu8N71","Storm Shroud","action","2","8","class","themed","concealment","water","1","b6006bf98fc999bcab7d7d033dc715ed9ae71a8eceecbabcacfa81cf9c052bc9","packs/pf2e/feats/archetype/mummy/storm-shroud.json","Terrain-matched rain/sand/snow/cloud storm swirls around obvious silhouette. No Hide/Sneak or damaging storm."
"hv0SwlsAtcnR7R4T","Storm Spiral","action","3","8","class","themed","groundCreation","electricity","1","5df39858c4625050b8c16f25fa525a0102cd86c125f230310c15d8ccffb3f228","packs/pf2e/feats/class/kineticist/level-8/storm-spiral.json","Remote miniature thundercloud spins; crossed lightning precedes broad thunderclap. Burst, not one caster lightning bolt."
"EBmZyzDWhFSLydlM","Storming Breath","action","2","6","class","symbolic","elementCone","cold","1","9fbc5173b8162d6acccd309700964b8e4af76ee975711779472f6349384f5874","packs/pf2e/feats/miscellaneous/deviant/storming-breath.json","Mouth-height freezing breath fans into dense broad cone. Cold/sonic choice; awakening kickback optional."
"D3usONRMsGZ7mWs1","Storming Gaze","action","2","5","ancestry","symbolic","elementCone","electricity","1","ea30ab4a593af0f315a26156185e914953a6603056c585af50696470790481ba","packs/pf2e/feats/ancestry/versatile-heritages/hungerseed/storming-gaze.json","Third eye opens with charged glint, directed storm cone spreads from forehead. Electricity/sonic choice, no weapon Slash."
"pFKfYsxBWdUlmU6A","Strafing Breath","action","3","12","class","themed","movement","fire","1","199fdf2dcf09e37175e5b2cadea3998d2ab74050c0a9097bc2e61362e495f1fd","packs/pf2e/feats/archetype/drake-rider/strafing-breath.json","Dragon mount carries three approach echoes with billowing breath aura around rider. Mount origin, optional flight, no repeated path hits."
"u8YnTCS2EGoJl90W","Strain Mind","free","","6","class","symbolic","resolve","blood","1","19da8e14c4fa1962ab2b7af9c96d17a90c5eedc14789bd3fc26f67268b460fa1","packs/pf2e/feats/class/psychic/level-6/strain-mind.json","Depleted mental focus strains, small nose-height crimson wisp feeds amp spark. No extra psi spell or attack."
"lMA3F9SGzGV79P5C","Strangle","action","1","8","class","themed","unarmed","weapon","1","42550577220ccdae0f21355b9dff5edea484f8b89e40f45dfba5b275ebac52b7","packs/pf2e/feats/archetype/wrestler/strangle.json","Strangle: held squeeze; 1 visible contact (same-target); unarmed; grapple contact; silence."
"fJwsZM6WXwP8EStV","Strategist Stance","action","1","4","class","themed","stance","mind","1","65ce41e9261c004aba98de159c67257d24bb8cb9ae59c4e9e8440e081887e256","packs/pf2e/feats/archetype/marshal/strategist-stance.json","Tactical option lines resolve into steady allied defensive scan rim. Stance check conditional, no future Recall/Strike."
"1yXmi6vKae6J1A0L","Stretching Reach","action","1","5","ancestry","themed","stance","weapon","1","637f969025710708f88ecc80fa0786175c1a4d8059b9a790bb37a99cfb9f2d0e","packs/pf2e/feats/ancestry/minotaur/level-5/stretching-reach.json","Two-handed weapon reach outline extends beyond broad grounded stance. No attack."
"wjhhlh82MABhfxCO","Strix Vengeance","reaction","","5","ancestry","themed","preparation","blood","1","b56fb5141225d110dff3cd155b78f3965fcfddb95c36405a913c9908e151db17","packs/pf2e/feats/ancestry/strix/level-5/strix-vengeance.json","Kin-protecting anger flare stores a foe-facing vengeance mark. Future Strike bonus, no immediate impact."
"gHkRvvdjNv6nfh9Y","Stumbling Finisher","action","1","10","class","themed","strike","weapon","1","0878f074dd256f9597700ad2525865604723d4347ad850a79776754185144aa5","packs/pf2e/feats/class/swashbuckler/level-10/stumbling-finisher.json","Stumbling Finisher: flourish; 1 visible contact (same-target); melee-or-ranged; single contact; push."
"7FRYyKXDKjGoANYj","Stumbling Stance","action","1","1","class","themed","stance","weapon","1","3954d9ea88f239cab883165bd520ad964c587d7ed7b3c4dc4ab7e32a2b55c699","packs/pf2e/feats/class/monk/level-1/stumbling-stance.json","Slow asymmetrical bob/weave echoes leave misleading stance openings. No stumbling swing on entry."
"jkBzlMB4TS1sS2Fm","Stunning Finisher","action","1","8","class","themed","strike","weapon","1","d401392756d5f3d4d7b613e177475b5a429834d26fb32b5d81a6a9b5c16db9f1","packs/pf2e/feats/class/swashbuckler/level-8/stunning-finisher.json","Stunning Finisher: dizzying contact; 1 visible contact (same-target); melee; single contact; stun."
"lM9WNBFmOyoCJblW","Stunning Surprise","action","2","14","class","themed","charge","weapon","1","67f9075e6bab3d207137315797e295cc82d94f9f11dd55c6acb69a83a629c8c8","packs/pf2e/feats/archetype/lion-blade/stunning-surprise.json","Stunning Surprise: hidden approach; 1 visible contact (same-target); melee; single contact; stun."
"pfVTsZ2asd6cnVed","Stunt Performer Stance","action","1","10","class","themed","stance","ward","1","d3e5a8d16f326be8ac3c46c8982e2b1085dd940e7fd46bb00835aca1a7328405","packs/pf2e/feats/archetype/kitharodian-actor/stunt-performer-stance.json","Regulated breath settles into flexible stunt-ready guarded frame. No fall or trap attack."
"S2YTLXTvqaXhThG6","Stymie the Gods","action","2","18","class","symbolic","targetSupport","spirit","1","ae526ad797181ecb149f4d09fd7c986eb244984f79221fc6549373410bbf583e","packs/pf2e/feats/archetype/godling/stymie-the-gods.json","Paired distant divine guard sigils stabilize source and hierophant. No enemy attack; works cross-plane symbolically."
"KYmr5eXZinLPevhm","Subjugation","action","2","16","class","symbolic","command","mind","1","d1a2d1b932f5d8b6e5c56deb9a290d0f74985216cce30d9a77f5a472b5df94d3","packs/pf2e/feats/archetype/avenging-runelord/level-16/subjugation.json","Invasive runelord glyph sends narrow mental thread into target crown. Control/knowledge conditional."
"K4EzoLtW9wCYbKHR","Submerged Stillness","action","2","9","ancestry","themed","concealment","water","1","acb9ef4604f673dfe164329d034fa70e0bc6bf95a1edacedabc00cea450310ba","packs/pf2e/feats/ancestry/elf/level-9/submerged-stillness.json","Submerged still silhouette blends into quiet surface ripples and fading skin edges. Underwater only, no mist/flight."
"ZXaDS4OJvsQYvhBZ","Submission Hold","action","1","8","class","themed","bind","weapon","1","a24840c898cf48f229a7ebda42775fbca7cc46a207be150c51fff6e818c378ac","packs/pf2e/feats/archetype/wrestler/submission-hold.json","Iron-grip bands close firmly around existing grappled target's upper silhouette. No weapon damage or guaranteed enfeebled."
"ZdL8pPPV0QCkBML1","Subtle Shank","action","2","8","class","themed","drawStrike","weapon","1","4c93eec218c1e78aff3d06630083b4484141acc230954c615d00d75052515113","packs/pf2e/feats/class/rogue/level-8/subtle-shank.json","Concealed weapon draws into one short stab then folds back into shadow. One Strike, no multi-hit flourish."
"ACVze8hUm9L5Slrg","Such a Disgrace!","reaction","","4","class","symbolic","fortune","sonic","1","690986c9cd45be7f95df7f9ebaaeb1eae91dea3f700298e786b8503b3b723e35","packs/pf2e/feats/archetype/dandy/level-4/such-a-disgrace.json","Contemptuous social ripple prompts renewed ally mental-save glow. No damaging insult."
"qQt3CMrhLkUV1wCv","Sudden Charge","action","2","1","class","signature","charge","weapon","1","ff26f0e250056872771bba6d737b12d63aa1d9084f196ba94afc1588464317c5","packs/pf2e/feats/class/shared-class-feats/level-1/sudden-charge.json","Sudden Charge: double sprint; 1 visible contact (same-target); melee; forward; sprint-afterimage."
"BkKWTt3ufaCN2ZdI","Sudden Leap","action","2","8","class","themed","charge","weapon","1","344ba7ba49b5e5cebe9b315af565e4599bca7acc13a5dee15cb7b68454e9db29","packs/pf2e/feats/class/shared-class-feats/level-8/sudden-leap.json","Sudden Leap: long leap; 1 visible contact (same-target); melee; aerial contact; settled-landing."
"qT68NpouO667sUMA","Sudden Mindfulness","reaction","","1","ancestry","symbolic","resolve","mind","1","c257212b04073a0a0acd81882c25aaf0b424a014b51d7af74c888557998c24b6","packs/pf2e/feats/ancestry/vanara/level-1/sudden-mindfulness.json","Sudden clear eye spark breaks fascination ring and points awareness toward origin. No immediate attack."
"tXn6fJO3Q2dAvCZC","Sudden Terror","action","1","1","ancestry","themed","dread","fear","1","cc0bd4c85f8350cdf8ec0f95865029f5aa070be6ab45b076dfdb52d71f6ee9db","packs/pf2e/feats/ancestry/poppet/level-1/sudden-terror.json","Sudden Terror: amorphous reveal; no Strike now; none; source scale; fear."
"31Z6tFfSKWMe3OdR","Summon Mythic Power","action","1","8","class","symbolic","restoration","spirit","1","48b920eac05c8df427a9552cda71e4d4bf1d8ad69c286bcbcf94c2b8f6f06147","packs/pf2e/feats/mythic/summon-mythic-power.json","Demanding mythic call brings one bright fate spark down into source. Resource recovery, no summon creature."
"mSDKKRgK6sRMjqQo","Summoner's Call","reaction","","12","class","symbolic","teleport","teleport","1","9e71463f1e58c44b7f9f9c7e870083d83a193d3589345ff0050a56b77e5b93f5","packs/pf2e/feats/class/summoner/level-12/summoners-call.json","Eidolon departure seam closes and small arrival ring opens beside source. Companion teleport, not source attack."
"QgfrfzQAtzgwAgtQ","Sunbird Glare","action","1","6","class","themed","elementTarget","light","1","2895a76fcd0be915a8267fff2e6d83df825b02f4e1cf9cd9131e03371382de1e","packs/pf2e/feats/archetype/winged-warrior/sunbird-glare.json","Sleek wing reflection sweeps narrow glare toward foe eyes. No source flight despite wings."
"8INrcMUv5vzWMG3X","Sunder Spell","action","2","12","class","themed","strike","arcane","1","6137baaca2b817a18d760d61251fd6013bfddc4b12563852be2bf50137e7d745","packs/pf2e/feats/class/barbarian/level-12/sunder-spell.json","Sunder Spell: magic sever; 1 visible contact (same-target); melee; single contact; spell-break."
"ZFC7VRYrNOsxlihA","Sundown Street Posturing","action","1","6","class","symbolic","fortune","mind","1","0a6b67efae21f0bfc92bcf76d8ec6291b925de5dcd790b97c4124c2cd911a54f","packs/pf2e/feats/archetype/dandy/level-6/sundown-street-posturing.json","Unforgettable pose opens attention fan then stores one defensive social spark. No current Reflex roll or attack."
"EoKgJXfNfHwsy2sk","Superimpose Time Duplicates","action","1","8","class","symbolic","time","time","1","06bad2471044cb571b55ce11a8c1f5b685c301b4cd0fe9595fb86cb7ec58b94b","packs/pf2e/feats/archetype/chronoskimmer/superimpose-time-duplicates.json","Several alternate self echoes flicker around source's reach on alternating sides. Cosmetic copies, no repeated Strikes."
"9yko78REsaw7i2gr","Suplex","action","1","4","class","themed","unarmed","weapon","1","4a96c4650dfa498b587d589a3d4524622fa93247255016c4ba5b79ca0efc4a09","packs/pf2e/feats/archetype/wrestler/suplex.json","Suplex: overhead heave; 1 visible contact (same-target); unarmed; descending; ground, release-grip."
"Rqj1kmrnF9M1E6pv","Supreme Psychic Center","free","","8","class","symbolic","guard","mind","1","c969dcdf6e436a94405b121aadcd4e145f766617f700329d2e3fdb5d42f98580","packs/pf2e/feats/archetype/psychic-duelist/supreme-psychic-center.json","Mental-duel rings quietly realign into recentered defensive focus. No physical attack."
"lQrUHfzXwCFR04Vr","Surface Rush","action","2","4","class","themed","movement","water","1","c49f5d9b713fd495abddae1eda5ac78a098451051c56308eb8b62e4c987b0122","packs/pf2e/feats/archetype/marine-marauder/level-4/surface-rush.json","Land stride trail blends into two swim ripples or reverses at shoreline. Movement order follows starting medium."
"flTkVUibGyxkJWHV","Surface Tension","action","1","6","class","themed","preparation","water","1","797326aeda07be908183c3e5f7719239e7772919afb54c8d3deef80097189f47","packs/pf2e/feats/class/magus/level-6/surface-tension.json","Water bands pull broken weapon pieces together into coherent edge. Repair/buff only, no movement or immediate Spellstrike."
"zzjfENthtRBAjqjQ","Surgical Shock","action","1","12","class","symbolic","bind","weapon","1","dc677373f2d6957cefcf066a906739843039567b51958eaf122c879e7e2b3b69","packs/pf2e/feats/class/investigator/level-12/surgical-shock.json","Few compact nerve-point jab glints mark target limbs and head in deliberate succession. Medicine check, no guaranteed damage or condition."
"MRxQDZFNPpUKC0CL","Surging Focus","free","","8","class","symbolic","restoration","spirit","1","6728aebc7ffd2b4b3b130453b81522963e576dde15ae51c6f8663474369038f9","packs/pf2e/feats/class/cleric/level-8/surging-focus.json","Fallen-ally alert feeds sudden righteous focus bead at source. No healing ally or attack."
"YtvnnUwh4IHPz0MW","Surging Interference","reaction","","20","class","symbolic","counteract","arcane","1","bbff200b47876f2d3e3956d04b05a70b3ca4dd72ddab18fb4d996069fa21c245","packs/pf2e/feats/archetype/wildspell/surging-interference.json","Target casting glyph breaks; scattered power streams into source recharge ring. Absorption only if successful."
"YV4X9u5Yuf0xvoCh","Surging Might","action","1","8","class","themed","spellshape","spirit","1","2bb141028ae9315bd32999c2ea5e0f940adf2ea0362162bc53f9efa22c4ae6cf","packs/pf2e/feats/class/oracle/level-8/surging-might.json","Reserved spell core concentrates between spirit/vitality/void bands. Future spell separate, no shield."
"QXlyDP3lbW1GjmT5","Surging Smash","action","2","6","class","symbolic","spellstrike","force","1","730f6d1609b908904376a38948f465c384ff1df77510b5808dd8782a9f38f69f","packs/pf2e/feats/archetype/living-nexus/level-6/surging-smash.json","One melee contact opens forward magical cone from struck creature's near edge. Strike plus cone even on miss; cone starts at target space."
"wqrOVv9gnqF4nlLR","Surprise Snare","action","3","4","class","symbolic","groundCreation","weapon","1","cc69c13b0b5bc074affdbfa0a30c2904afde2b95620a1fbe54e3519164b9d6aa","packs/pf2e/feats/archetype/snarecrafter/level-4/surprise-snare.json","Small snare parts deploy under foe then trigger one local trap accent. Chosen snare type, no generic magical attack."
"tqbldgibtisKjfgf","Surprising Leap","action","2","8","class","themed","charge","weapon","1","76104d7346991a2018ebf47906a881293eaf64f9d2973a536d09a39a95e5d624","packs/pf2e/feats/class/summoner/level-8/surprising-leap.json","Surprising Leap: eidolon jump; 1 visible contact (same-target); eidolon-melee; aerial contact; settled-landing."
"Sc9clbAXe97vlzxM","Suspect of Opportunity","reaction","","10","class","symbolic","focus","mind","1","2711fe0423be5351d7b0ee34377e113561356c8f9bb4902722503b2f726394f1","packs/pf2e/feats/class/investigator/level-10/suspect-of-opportunity.json","Unexpected hostile suspect receives quick investigative designation reticle. No immediate Stratagem or attack."
"lTwi4lyVk1UXomhK","Sustaining Steel","free","","10","class","themed","restoration","vitality","1","4e611f4d4f4b13452edfc4db8d9bdc9dbb59a16de98759dc4c32f4fe9ccc25e5","packs/pf2e/feats/class/magus/level-10/sustaining-steel.json","Ambient magic gathers onto weapon then converts inward into restorative pulse. Self healing, no morph or weapon hit."
"NHheDmNB7L4REmlr","Swaggering Initiative","free","","4","class","symbolic","preparation","weapon","1","2d024583c0ad84b4bae35b4f5b8529eaade450b1fc5f1ae84eb590651a2e4cdb","packs/pf2e/feats/class/swashbuckler/level-4/swaggering-initiative.json","Confident swagger settle leads to weapon draw glint and optional panache crest. No Strike."
"qz2gKNsHDMITpGPH","Swamp Stealth","action","1","5","ancestry","themed","concealment","plant","1","616551591a399a6569b376dbc4a64ed4ba5d3f7925528aad44890567ad1bd504","packs/pf2e/feats/ancestry/elf/level-5/swamp-stealth.json","Low foliage cover fan closes around source's swamp-colored silhouette. Requires swamp cover, no guaranteed invisibility."
"UwsQi1YLzU66Txy9","Swan Dive","action","1","2","class","themed","movement","water","1","65b9110ceb3c4012581ec85e3eb981f7fe84d4671569102d0ce12c499df6fccc","packs/pf2e/feats/class/swashbuckler/level-2/swan-dive.json","Graceful swan dive arc lands in splash then continues short swim wake. No actual relocation."
"ossGwqEvC6ifPwgT","Swap Reflections","action","2","8","class","symbolic","teleport","illusion","1","16d5ca2e1387eee74669fac5656cff389fb3c9500e42477745ae8329f331735c","packs/pf2e/feats/archetype/alter-ego/level-8/swap-reflections.json","Source/foe reflection echoes cross through two opposing mirrored apertures. Save conditional; no actual position swap or token imprisonment."
"dY8LGT6KDcGy93GY","Sweeping Fan Block","reaction","","6","class","themed","guard","wind","1","21faa1b39964320500ae8a8a52a0419485791e8549f533a24014025dc0896337","packs/pf2e/feats/archetype/fan-dancer/sweeping-fan-block.json","Two fans snap open at head height then sweep cross-body gust arcs. Defense block, no attack or sustained flight."
"t3unBu3PX6AO0uIW","Swift Banishment","reaction","","14","class","symbolic","counteract","teleport","1","fa6c1960c66ec6feab3e61da8b5ab08b02dfbf5d934eb10b3bd639487848a7e7","packs/pf2e/feats/class/cleric/level-14/swift-banishment.json","Existing critical wound releases target-facing banishment aperture and planar sparks. Banishment resisted normally; no extra Strike."
"TqODgJL1VS3eokhX","Swift Elusion","reaction","","16","class","themed","movement","wind","1","0d0894a6d390abb73e8f80ce4bdfad563f21cd27c11f52cddaa446eb197bf467","packs/pf2e/feats/class/rogue/level-16/swift-elusion.json","Elusive close side echo circles around incoming foe's edge. Reposition alternative chosen manually."
"tOtrtDR7ftHhPFm4","Swift Guardian","free","","6","class","symbolic","command","earth","1","3bc61ed558abab289bd4570756cc177bef1f0f68ef0478a82b0309f800a14718","packs/pf2e/feats/archetype/beastmaster/level-6/swift-guardian.json","Departing companion outline fades as different animal arrival glint rises. No actual actor swap or attack."
"Rh3KSd7BUfV12GBT","Swift Intervention","reaction","","6","class","themed","ranged","weapon","1","8ef01453f149e101fbb393f792af4b2b511a6e1a4ded1d26a49ffb05a758bbe8","packs/pf2e/feats/archetype/overwatch/swift-intervention.json","Swift Intervention: ally support aim; 1 visible contact (same-target); ranged; projectile; ally-catch."
"VP2CWUTZ9Edg82uz","Swift Leap","action","1","4","class","themed","movement","void","1","dbf1075467b2dfe68447a3c5a74dbacf556a0fdb46076af6b7272e65dea23b3c","packs/pf2e/feats/archetype/ghoul/swift-leap.json","Quick undead spring echo makes one clean leap arc. Long/High Jump satiation option."
"IxggfXunfldeVOsQ","Swift River","free","","18","class","symbolic","restoration","water","1","cfc2b288e6ef17ebb9121a284857dcd455771b9d93b6a057531a9cbcc4026bd9","packs/pf2e/feats/class/monk/level-18/swift-river.json","Flowing inner water ring washes one restrictive band away. Freedom restoration, no water damage."
"ZvCG3exhs9ZhhKPV","Swim Through Earth","action","2","8","class","themed","movement","earth","1","8c9cf4c6a2aa73bf96e603afbac635de13ea2626ccd22f42b96e479021c0265f","packs/pf2e/feats/class/kineticist/level-8/swim-through-earth.json","Parted earth rim opens low burrowing body echo and closes gently. No actual tunnel or forced return outcome."
"3QmLx5Xv652PhtLf","Swimming Charge","action","2","5","ancestry","themed","shove","water","1","291476627841ae82f85402de8c67611acd798bdc5cda81113d5b1c6562b73470","packs/pf2e/feats/ancestry/athamaru/level-5/swimming-charge.json","Swimming Charge: body swim; no Strike now; none; horizontal push; water-contact."
"JbrVcOf82oFXk3mY","Swipe","action","2","4","class","themed","strike","weapon","1","a24b2693afe8e8801dda03abccfcdb5f5a911e71d0d9f4b066b3e4ff64dfa30e","packs/pf2e/feats/class/shared-class-feats/level-4/swipe.json","Swipe: wide windup; 2 visible contacts (adjacent-targets); melee; wide sweep; one-combined-contact."
"efDtyZhdNjxt50PD","Swipe Souvenir","action","2","8","class","symbolic","feint","weapon","1","c486e41a24e0efa8b64d607955291e3bb561e863d1ffa583b5d511e33e29ef98","packs/pf2e/feats/class/rogue/level-8/swipe-souvenir.json","Wriggling escape echo carries one small stolen-item glint toward source. Escape success before Steal attempt."
"f88lisILiPrOQv2r","Swiping Trace","action","3","8","class","themed","strike","arcane","1","47e3652ea1a077440863cf19e0b8ffeafa44954bd8e532508ad90653d3e89933","packs/pf2e/feats/class/runesmith/level-8/swiping-trace.json","Swiping Trace: rune windup; 2 visible contacts (adjacent-targets); melee; wide sweep; rune-brand."
"RG6PAQuPho2MWdmZ","Switcheroo","reaction","","10","class","symbolic","movement","weapon","1","cd9f429026cb0506391ed300d14c614f8f40a639990b03ed8d02790b8b70adfe","packs/pf2e/feats/class/swashbuckler/level-10/switcheroo.json","Opposed adjacent echoes pivot around shared center, redirected attack lane follows. Reposition check conditional, no actual swap."
"8M7iQfVBRuucR6hJ","Sword-Light Wave","action","2","6","class","themed","elementBolt","spirit","1","aef767bce4a4feb55f69db65f5e5b2344083767c4901f6dee6763db40d729721","packs/pf2e/feats/archetype/spirit-warrior/sword-light-wave.json","Sword-Light Wave: spirit channel; 1 visible contact (same-target); melee-wave; wave projectile; spirit."
"VOgAiCqC5kpIpLaf","Sympathetic Strike","action","1","4","class","themed","unarmed","arcane","1","fd303f05cb48a67e1880f47579eaa3aa2e33f62bc8094bda0670bde6d8527dae","packs/pf2e/feats/class/witch/level-4/sympathetic-strike.json","Sympathetic Strike: witch armament charge; 1 visible contact (same-target); unarmed; single contact; patron-runes, sympathetic-link."
"U4sO6CL7upsqAgws","Synchronous Slither","reaction","","13","ancestry","themed","movement","wind","1","f49b0ff388f3718d4adbff75bcebe4a7246ce3ce015ea9843565fcc39047d9fd","packs/pf2e/feats/ancestry/nagaji/level-13/synchronous-slither.json","Low slithering echo follows ally rhythm in half-length trail. No attack."
"WAWaew53zpTFVwQM","Synergistic Spell","action","1","20","class","themed","spellshape","arcane","1","46564beae91a0397ffb5d0e66d2d0b26cd08f9b7fa3472ffc5729f34b04971f8","packs/pf2e/feats/archetype/halcyon-speaker/synergistic-spell.json","Two reserved halcyon sigils interlace into ordered magic web. Future first/second spells separate."
"MhoGCLKI5zxQ4SFD","Tactical Entry","free","","8","class","themed","movement","shadow","1","9de85b19be2d7347c1eb690bc52fd620647d938d7a4e2503f126f9b07cc6f0f0","packs/pf2e/feats/class/rogue/level-8/tactical-entry.json","Quiet tactical-entry echo advances behind faint cover-angle line. Pre-combat movement only, no Strike."
"pT6r5BVJjALJUmb3","Tag Team","reaction","","10","class","themed","ranged","weapon","1","8f403dc680f4f97078dd0e9dd32a918e9249e3223a27f8b4e12bc389ff41aa47","packs/pf2e/feats/archetype/sniping-duo/tag-team.json","Tag Team: partner counter; 1 visible contact (same-target); ranged-or-partner; projectile; partner-origin-option."
"4bxAxvC2YYuM4Mwy","Tail Guard","reaction","","8","class","themed","unarmed","weapon","1","698462348734201c8d8b4966341af65f54750b958a7969404682befaa938525b","packs/pf2e/feats/archetype/thlipit-contestant/tail-guard.json","Tail Guard: tail counter; 1 visible contact (same-target); tail; crescent; disrupt."
"sQLgEcqoQ0SYtbTg","Tail Snatch","action","1","5","ancestry","symbolic","bind","weapon","1","d52f4cdc55a3b9defbb8fb7f03f271e22b2c7b807829a28d3a6bb660a7109099","packs/pf2e/feats/ancestry/vanara/level-5/tail-snatch.json","Tail-shaped lash flick curls around target item edge. Disarm attempt, no attack damage."
"rnEfO5eyRw7Fywzb","Tail Spin","action","2","5","ancestry","themed","trip","weapon","1","1f0fbaf4ae8922feb90f2b27e3d3fa90e4aeda18edb4db641a108261b8eb8a89","packs/pf2e/feats/ancestry/goblin/level-5/tail-spin.json","Tail Spin: tail spin; no Strike now; none; low sweep; two-targets."
"agvMFNvvuQFAveP8","Take Flight","action","1","1","ancestry","themed","flight","earth","1","fd8be87bd6d0975e65b880144d72c6014094bfd15610d6a982d905b34839085c","packs/pf2e/feats/ancestry/awakened-animal/level-1/take-flight.json","Animal wing lift opens broad low soaring echo then measured settle. Single movement, no perpetual flight."
"6f05ORvbFKeLVRBM","Take in the Catch","action","2","12","class","themed","bindStrike","weapon","1","49cdaf7886ef7114eb9d3e8487717a5c0d1a1f956ac20b7300bdebbdfed9c7a4","packs/pf2e/feats/archetype/marine-marauder/level-12/take-in-the-catch.json","Take in the Catch: net grapple step; 1 visible contact (same-target); melee; single contact; net-bind-before."
"z3ycxqT1XvjfQ0Oq","Take the Wheel","action","1","4","class","symbolic","preparation","metal","1","9b8f2c2d2fd9b9abe51f8b36fdf3e30d0a5e79d50a49af28bec044f6fce69972","packs/pf2e/feats/archetype/trick-driver/take-the-wheel.json","Boarding side echo settles into steering-wheel-like control ring. No attack or vehicle motion invented."
"ER19TNTiYbNvkhw8","Take Wing","action","1","1","ancestry","themed","flight","earth","1","d895c7cba9efb2fc91980eb0763fdbfea5d1ab9287ef5032b1fa07524fc9c420","packs/pf2e/feats/ancestry/dragonet/level-1/take-wing.json","Small dragonet wings beat through short two-arc lift trail. Single Fly, no breath weapon."
"j305O6rhKvx4sT38","Talmandor's Shout","action","2","12","class","themed","dread","sonic","1","858e95539d412f5d6cdccc1b04ff22b6bf0bc619af8d4dc0c8408c74e774e996","packs/pf2e/feats/archetype/eagle-knight/talmandors-shout.json","Talmandor's Shout: righteous shout; no Strike now; none; source wave; nearby-fear."
"gVx6ZbeNBhxdGECB","Talon Sweep","reaction","","4","class","themed","unarmed","weapon","1","520a5e2eb7452a778b14bc098bdd4cea6694700aa6ac300098dcf565119724d0","packs/pf2e/feats/archetype/clawdancer/talon-sweep.json","Talon Sweep: guarded spin; 1 visible contact (same-target); talon; crescent; conditional-counter."
"SheifYobjKqyK3Fv","Tamper","action","1","1","class","themed","craft","metal","1","03eefae57ccaf0b32ce934e01f29495bc05037db5094ed41ce8ff88aec16b50c","packs/pf2e/feats/class/inventor/level-1/tamper.json","Free-hand gear glints adjust enemy item outline with snagged mechanical edge. No Strike; self explosion only critical failure."
"qmx8QwVepqI9FqiD","Tandem Movement","action","1","4","class","themed","movement","wind","1","101f3cd0b57a39f1087dce9209484a80668a99edd5f7ab2b75831a70bf494361","packs/pf2e/feats/class/summoner/level-4/tandem-movement.json","Source and eidolon echoes take matching single parallel stride tracks. Optional Fly not default."
"exVjUkpAdbzJsxxg","Tandem Strike","action","2","6","class","themed","doubleStrike","weapon","1","72d48bbb03054120cca70a6f85d9f1353612aeff6cbbf3f376fd1eb2c6ed3a61","packs/pf2e/feats/class/summoner/level-6/tandem-strike.json","Tandem Strike: eidolon tandem; 2 visible contacts (same-target); eidolon-and-source; tandem pair; combined-finish."
"GLbl3qoWCvvjJr4S","Tangle of Battle","reaction","","10","class","themed","bind","weapon","1","ef8638873dfcdd98b15dcb78217b4ddaa9f1eb45b97976a33e877d38629e4dcc","packs/pf2e/feats/class/barbarian/level-10/tangle-of-battle.json","Critical-wound opening draws one close grabbing hand arc around foe. No repeated critical attack."
"ewbt80Yin18k6oLq","Tangled Forest Rake","action","1","14","class","themed","unarmed","plant","1","4ed8d3a489dc29a4e554a5de00d4ff174f3e697cc4eb0352f6ecba4a06112252","packs/pf2e/feats/class/monk/level-14/tangled-forest-rake.json","Tangled Forest Rake: branch rake; 1 visible contact (same-target); lashing-branch; hook; reposition."
"2tUdsoPEnW9yS8so","Tangled Forest Stance","action","1","8","class","themed","stance","plant","1","cd31b75e35a8f23aff1d0dea9e101462c8c152a9f31a05d6e39d4b675f55422e","packs/pf2e/feats/class/monk/level-8/tangled-forest-stance.json","Extended arm branches form gnarled lateral movement-blocking frame. No lashing branch Strike on entry."
"nA1yG3NJFK6pFE0a","Tap into Blood","action","1","1","class","themed","preparation","fear","1","129fe89ed19e4ca32d3cf83e8988129909dc2e75c806612dd5edaac5eca1845e","packs/pf2e/feats/class/sorcerer/level-1/tap-into-blood.json","Tap into Blood: blood tradition; no Strike now; none; source runes; tradition-choice."
"ckukkEJj4Lc3ENjr","Tap Vitality","action","1","6","class","themed","healing","vitality","1","e24b0aec072c3216504757b1043714295bb46a13256b49a190e561452c365010","packs/pf2e/feats/archetype/living-vessel/tap-vitality.json","Entity life-force wisp enters source and closes warm wound ring. Self healing, faint personality overlay optional."
"2FJwXMTJycSZY80Q","Target of Opportunity","reaction","","14","class","themed","ranged","weapon","1","99e7f2693e335e97859b27149e82762d366c0536ffee22ae8e0a56bc1cfcdc90","packs/pf2e/feats/archetype/marshal/target-of-opportunity.json","Target of Opportunity: ally shot follow up; 1 visible contact (same-target); ranged-or-thrown; projectile; combined-ally-finish."
"xqyN4Nk5mLgUm09l","Targeted Redirection","action","1","6","class","themed","preparation","ward","1","5935d3de92f98b75d3f77727d784f0509787830ed0daedc130114053f0d0d867","packs/pf2e/feats/archetype/sniping-duo/targeted-redirection.json","Targeted Redirection: spotter angle; no Strike now; none; ally focus; future-redirected-shot."
"DLkMoVb8qb4qxnx3","Targeting Finisher","action","1","10","class","symbolic","strike","weapon","1","46ae27721afd9f4d32a673564923ee0bb3a51ac84142debfc63e6ef88015ee80","packs/pf2e/feats/class/swashbuckler/level-10/targeting-finisher.json","One focused finisher Strike ends at chosen arm/head/leg contact point. No generic utility; target-part option."
"HVwmYfSLhrnCksHV","Targeting Shot","action","1","14","class","themed","ranged","ward","1","d4a096f2d383ea43eb6d2417efd5a0954b41fea821643e451c5f8f36ff3daa12","packs/pf2e/feats/class/ranger/level-14/targeting-shot.json","Targeting Shot: prey track; 1 visible contact (same-target); ranged; projectile; precision-glint."
"WWSwcvIjGUQOKKuD","Taste Blood","action","1","5","ancestry","symbolic","absorb","blood","1","6ee3274b079e977a095297b197a917f15880dab80b968ce09889928890979484","packs/pf2e/feats/ancestry/versatile-heritages/dhampir/taste-blood.json","Fresh blood beads draw from close target into source's reserved vitality crest. No repeated prerequisite fangs Strike."
"Um5owecqPW17dtl2","Taunting Strike","action","1","2","class","themed","strike","weapon","1","23eae2e24efbd892d52a3861562cde9f1b3c67c37fc223a0f80c2a239bcc0373","packs/pf2e/feats/class/guardian/level-2/taunting-strike.json","Taunting Strike: demand focus; 1 visible contact (same-target); melee-or-ranged; single contact; taunt."
"rEbCScbo8DS6bRiC","Tear Tendons","action","2","8","class","themed","doubleStrike","arcane","1","b45c677e6a71f90e786f30d50deaecf652b7591a41967782363e568cd8be5e08","packs/pf2e/feats/archetype/clawdancer/tear-tendons.json","Tear Tendons: claw rake; 2 visible contacts (same-target); claw; rapid pair; enfeeble."
"sqLCBReZ1U13saDE","Tears of Pearl","action","2","9","ancestry","symbolic","performance","water","1","e6fbabfad27c92cf3367306950ab9e53bb1d70dc850d29f805bca027d071609d","packs/pf2e/feats/ancestry/merfolk/level-9/tears-of-pearl.json","Pearl tears fall into small gleaming ground beads, allure ripples spread. No actual objects or guaranteed slow."
"9XXtDeRF2egCCzcx","Tectonic Stomp","action","2","10","class","themed","elementAura","earth","1","c321573cfaf16a8a7f39de58fd4b5ca0c5c967b140c4800b1853f573e8863fed","packs/pf2e/feats/miscellaneous/deviant/tectonic-stomp.json","Heavy tectonic stomp opens wide ground-only tremor rings. Not guard shield; stone chunks awakening optional."
"Ht21JJ95wiHOgZoT","Telekinetic Slip","reaction","","9","ancestry","symbolic","guard","force","1","1b30bc20f4603fca88144efec11611cca6ac1c80d0b154d73b6d772bff118a50","packs/pf2e/feats/ancestry/kashrishi/level-9/telekinetic-slip.json","Thin telekinetic shell pushes slightly outward against grasp bands. Escape bonus only, no immediate escape."
"QufAglrest3fr1iz","Telling Blow","action","1","18","class","themed","heavyStrike","weapon","1","712c5b9deacd834a7b51938b6d2a55efdd83fb951dd651f1eadebdd3fb1591c0","packs/pf2e/feats/archetype/heroic-scion/telling-blow.json","Telling Blow: mythic resolve; 1 visible contact (same-target); melee-or-ranged; single contact; mythic-contact."
"FJdcQU6yjDVDBC4r","Tempest-Sun Redirection","action","1","6","class","themed","spellshape","ward","1","6926b412f5c7b56919cec1d2cfeb24a418dfd053e07a9597991f85788c9674f7","packs/pf2e/feats/archetype/magaambyan-attendant/tempest-sun-redirection.json","Offensive focus bends into reserved allied-safe protective branches. Future spell separate."
"sTUicpQkhiFVtMK1","Tempest-Sun Shielding","reaction","","10","class","themed","targetSupport","ward","1","ee5116039d497db2ea40fb68c1b20a3e64ab817a762a73dba398c097db469f74","packs/pf2e/feats/archetype/magaambyan-attendant/tempest-sun-shielding.json","Unrealized spell fragments knit one close ally/source protective shield. Damage reduction, no attack."
"QShUUnBQO1X0ODJL","Tempo Duelist","action","1","16","class","themed","concealment","time","1","f426c296dc6a51e9ce76fb0968e23deadef2596feb5cced2883c90394dbf6f9c","packs/pf2e/feats/archetype/aldori-duelist/level-16/tempo-duelist.json","Readable alternating slow/quick offset echoes obscure tempo around obvious source. No Hide/Sneak, keep motion readable."
"uMnXk55zlwx26zeW","Tempo Shift","free","","16","class","themed","time","weapon","1","4c7315bada11a69d9353ed218f28dd43962f847b22510efbce7011e8e97b572f","packs/pf2e/feats/archetype/shared-archetype-feats/level-16/tempo-shift.json","Tempo Shift: quicken source; no Strike now; none; source echo; future-action."
"eXPJTsu80nOYgzI3","Temporal Fury","action","2","14","class","themed","doubleStrike","weapon","1","a991e339c094a360807c9090a8025187c7d60dcecfdb6a66e656f49681638e27","packs/pf2e/feats/archetype/timewracked/temporal-fury.json","Temporal Fury: attack step attack; 2 visible contacts (same-target); melee-or-ranged; displaced pair; time-afterimage."
"UlCbjWWVEmfvaf5a","Tenacious Blood Magic","free","","20","class","symbolic","preparation","blood","1","b9a05704aed8713df9d0b6ee571d49aae664662ad05701c7c1a0f5b54e5d74a0","packs/pf2e/feats/class/sorcerer/level-20/tenacious-blood-magic.json","Existing blood-magic effect thickens into longer sustained inner band. Extends effect only."
"jeGTapZm29wxe1YB","Tender Ministrations","action","1","4","class","themed","spellshape","healing","1","bb52c6cbde8cc2e670fd9c6fb9f1dbad114193381e6dde8861c3ca86fcd47ceb","packs/pf2e/feats/archetype/hedge-mage/level-4/tender-ministrations.json","Gentle soothing focus primes with warm calming ribbon. Reduces fear later, no fear attack."
"phFRWFgeHdBzio2V","Terrain Form","action","1","10","class","symbolic","form","earth","1","28d5050c14056fbc6a1196ea14c28ecb02c1931e44042672d2d0ad76144bae68","packs/pf2e/feats/archetype/mummy/terrain-form.json","Body crumbles into terrain-matched snow/sand/cloud/mud swirl then loose silhouette. No real polymorph; terrain selectable."
"TNRB8IY6Wtk9BoMp","Terrain Shield","reaction","","14","class","themed","guard","earth","1","fbb8457d9377a4ec404ef014680e50acfece63053be338234d9eae15db093af1","packs/pf2e/feats/archetype/geomancer/terrain-shield.json","Attuned terrain branch/current suddenly interposes across incoming lane. Defense coincidence, no attacking earth blast."
"Rbp08BSSzwpkWVjh","Terrifying Countenance","free","","18","class","symbolic","form","fear","1","9e50948d7882e4c06866cc63a2f9d59a81346afd18e79907f534ceb99dc1eb53","packs/pf2e/feats/archetype/gray-gardener/terrifying-countenance.json","Magical terror cowl gathers around source with looming silhouette edge. Self Mask of Terror, no immediate Strike."
"T8tNZANOWUZiXuzO","Terrifying Croak","action","1","1","ancestry","themed","dread","sonic","1","e28aa948a11d9b4f6f63d226d4f5cf95f11a03ef0bce05ad8e285893f3b6d826","packs/pf2e/feats/ancestry/tripkee/level-1/terrifying-croak.json","Terrifying Croak: haunting croak; no Strike now; none; target wave; fear."
"HjinlKihkadhkQ4Z","Terrifying Howl","action","1","10","class","themed","dread","sonic","1","8caaca5418e250e51c8943ea49c39f1a43f7f6dc9d869e929b8ee01c4bdcc86d","packs/pf2e/feats/class/barbarian/level-10/terrifying-howl.json","Terrifying Howl: terrifying howl; no Strike now; none; source wave; nearby-fear."
"HZE37GeNGeBeutZk","Terrifying Invocation","action","1","4","class","themed","rune","fear","1","75eadefd216740d55070a52c3917494db9130ad5bdae19dc4337d94283b61dbb","packs/pf2e/feats/class/runesmith/level-4/terrifying-invocation.json","Terrifying Invocation: rune roar; no Strike now; none; target runes; fear, invoke-rune."
"rAUNZfiulXh4zcm6","Terrifying Transformation","action","1","8","class","themed","form","fear","1","6f7f5ff8a2a28abeaf417f12a9766a65263afe02646b1adb64d4e4624980afb4","packs/pf2e/feats/archetype/werecreature/terrifying-transformation.json","Terrifying Transformation: flesh transform; no Strike now; none; source scale; nearby-fear."
"KP5VugClDb7I8enS","That Was a Close One, Huh?","action","1","7","skill","themed","dread","fear","1","cd3ad7e7ed87728b26905fe45322376f1975ca9aebcd7edbf6620679e0435f7d","packs/pf2e/feats/archetype/unexpected-sharpshooter/that-was-a-close-one-huh.json","That Was a Close One, Huh?: innocent laugh; no Strike now; none; target distraction; fear."
"Jivt1iaqKfT6EcwV","That's Not Natural!","reaction","","4","skill","themed","perception","earth","1","13995e26029423bfe75ad050340ad8fdfd1462498a8f0ae46815ea63c79b18dd","packs/pf2e/feats/skill/level-4/thats-not-natural.json","Wilderness sixth-sense alert marks unnatural-presence scan angles. Native reactive detection support, no stealth animation."
"azF1RvMTwCPaJr1F","The Bigger They Are","action","1","12","class","themed","movement","wind","1","1cb5ffd3e1d328a64e99b8142acdab9f6c64d089687260f1be8efdbfbbcd59c7","packs/pf2e/feats/class/swashbuckler/level-12/the-bigger-they-are.json","Source echo tumbles around larger target in one oblique loop. No immediate attack; weakness conditional."
"OdfEpte6cnGB2EOY","The Cycle Continues","reaction","","17","ancestry","symbolic","healing","spirit","1","4a40ac863cca69b6646054d4ae10c6850c5ff973b4fb5dbc10620680c9cdbeb9","packs/pf2e/feats/ancestry/samsaran/level-17/the-cycle-continues.json","Life-cycle ring passes through fading death mark into renewed warm silhouette. No document resurrection/HP change."
"Fd0DriV32X3S9B2z","The Dead Walk","action","2","10","class","themed","groundCreation","spirit","1","ec0edb65255eda7bb1b16ff631d0175eb6a0ef65e9ec3c6b882a202c9cd9c856","packs/pf2e/feats/class/oracle/level-10/the-dead-walk.json","The Dead Walk: warrior call; 2 visible contacts (different-targets); ghost-warriors; manifested pair; spirit-contact."
"Aa0DqivAEL0ngunw","The Shattered Mountain Weeps","action","3","18","class","themed","groundCreation","earth","1","d7da8c638ce2e38f2ddc59e6cab3f4ce29b8c0f577a268bf256744ba5cfb811a","packs/pf2e/feats/class/kineticist/level-18/the-shattered-mountain-weeps.json","The Shattered Mountain Weeps: rock sphere detonation; no Strike now; none; target burst; falling-rocks, shrapnel."
"PYRx4lCIQXyW8tz8","The Thousand Lashes of the Weeping Willow","action","3","18","class","symbolic","groundCreation","plant","1","f4616dfc857e35ed081a98d0f1ed9255e56e0836034f99b93742f0975e8c1b5e","packs/pf2e/feats/class/kineticist/level-18/the-thousand-lashes-of-the-weeping-willow.json","Remote massive willow trunk rises, many drooping branches lash selected enemy edges. Remote origin, ally exclusion, no caster-only aura."
"H63SJLkenhLDkVnN","The Tyrant Falls!","action","2","20","class","symbolic","resolve","spirit","1","c508008e3496cfa5e4ab8039957080a118470ceaaf655fdf1defa354c59ad37e","packs/pf2e/feats/archetype/knight-reclaimant/the-tyrant-falls.json","Final oath cry opens overwhelming crimson power mantle around source. Grants later at-will cone, no current cone attack."
"PKNL4jyUcSARtjyN","The World Devours","action","2","12","class","themed","bind","earth","1","11db26cf1c31e986211404022536f0ef9d3f84cf9c47684e442a0be199f27599","packs/pf2e/feats/archetype/world-rouser/level-12/the-world-devours.json","Ground below foe opens inward mouth-like fissure with closing earth bands. Target ground attack, no source movement; devour conditional."
"wSxlYgFu0tGW0tRp","The World Whispers","action","1","4","class","symbolic","perception","earth","1","7cc7d09a86991e4fc3f49c34e32dbe5e38e6a55f089eed9caa4ec9d14a5fd6f7","packs/pf2e/feats/archetype/world-rouser/level-4/the-world-whispers.json","Waking-world ground network whispers into broad seeking eye scan. No damage or forced reveal."
"VS28L98uFhr3j1HC","Their Master's Call","action","1","12","class","themed","command","spirit","1","fb65b2c6558b299acedae6afe9609c5a09f9cb8a4a892a76dd2d477776875d5d","packs/pf2e/feats/archetype/undead-master/their-masters-call.json","Fragmentary companion outline assembles in remote square and holds support crest. Support manifestation, no damaging impact."
"MXkklchuimVSHZyd","Theoretical Acumen","free","","1","ancestry","themed","focus","fear","1","b3212f2054fbb3020e0cfa38849e3453eafc2198171ff73d38aa21da3437d973","packs/pf2e/feats/ancestry/gnome/level-1/theoretical-acumen.json","Theoretical Acumen: study form; no Strike now; none; source focus; future-check-or-defense."
"XJCsa3UbQtsKcqve","Thermal Nimbus","action","1","4","class","symbolic","stance","fire","1","78354916998005a75b1b0fd3082b1925e93b04746b65a152f337b4da438c381a","packs/pf2e/feats/class/kineticist/level-4/thermal-nimbus.json","Warm/cold nimbus builds as temperature bands around kinetic gate. Fire/cold choice, later entering damage separate."
"MpnYABI76mi1DlmQ","Think Twice","reaction","","14","class","symbolic","command","fear","1","2f2a9cb7d2af48ed43763b4c38df1857f15c8fc0a52744bc519aa6862ee0faf5","packs/pf2e/feats/class/shared-class-feats/level-14/think-twice.json","Sudden threatening wave reaches frightened foe, small flinch accent follows. Defense threat, no damaging mental hit."
"kYccIlNIDYFlJdSf","Thousand Visions","free","","4","class","themed","perception","time","1","fafbb78e4e46e2e94ce1d3f1d95e97fbe035221c7a489d58e2e4a8614876a8d1","packs/pf2e/feats/class/oracle/level-4/thousand-visions.json","Multiple future-eye glints sharpen near surroundings inside thirty-foot focus rim. Not stealth; distant senses imprecise."
"TXWxuF8O44zNTUz8","Thousand-Year Grudge","reaction","","5","ancestry","themed","dread","mind","1","7ecf3c56cfd089310981e2a11bbe72e034bb8943f39f9524eb5502f22ac87980","packs/pf2e/feats/ancestry/samsaran/level-5/thousand-year-grudge.json","Thousand-Year Grudge: past lives glare; no Strike now; none; target eyes; sickened."
"rMPL11JRcmlutvRi","Thrash","action","1","8","class","themed","elementTarget","weapon","1","ecd2c516f15dd835b17c4f3d0cea1b125b3a66cc4f8e9cf348195cb8379f509f","packs/pf2e/feats/class/barbarian/level-8/thrash.json","Existing held target echo rocks twice through compact bludgeoning thrash accents. No actual displacement."
"DJn652sW7nstvXf5","Threatening Pursuit","action","1","13","ancestry","themed","dread","sonic","1","87124de7d79d77a82520149214d6e383ba926dfbaa915fd1e61c4b32b1b7a3b0","packs/pf2e/feats/ancestry/minotaur/level-13/threatening-pursuit.json","Threatening Pursuit: hidden hoof growl; no Strike now; none; source wave; nearby-fear."
"R40U8hF0hWyRUze8","Through Spell","action","1","10","class","themed","spellshape","spirit","1","6a6bf523597351f660e6f4f18e7b74875990b584ddbe453d28d08acef7c395fb","packs/pf2e/feats/class/cleric/level-10/through-spell.json","Reserved spell line gains pale transparent pass-through body outlines. Future spell separate."
"nbwHIS38AgSDquNu","Throw and Catch","action","3","18","class","themed","mixedStrike","weapon","1","4a0a52db4ef9d009c6456b214bd76c07ebbadcd07c8b97ec0e26ac6303f59192","packs/pf2e/feats/archetype/warshard-warrior/throw-and-catch.json","Throw and Catch: throw return melee; 2 visible contacts (same-target); thrown-and-melee; mixed pair; return-before-melee."
"37CUdnWwJCfOCC2H","Thunder Clap","action","2","6","class","symbolic","elementCone","sonic","1","05e8f903f63e98c3142e4413b0bf1ed561bcf2c68ed70773f3720a73d4d9630d","packs/pf2e/feats/archetype/martial-artist/thunder-clap.json","Hand clap glint emits one short broad deafening pressure cone. No inspiration."
"vYfRgneZnHYBzUy5","Thunderclap Spell","action","1","10","class","themed","spellshape","sonic","1","325729c2b63bee30e69e2c75ff3085a73443121b227f03d96d7ca065633988df","packs/pf2e/feats/class/druid/level-8/thunderclap-spell.json","Lightning focus primes surrounding thunder shock-wave rim. Future electric spell separate."
"2xwzmZVwi97hKtov","Thundering Surge","action","1","16","class","themed","spellshape","sonic","1","c79b92ca46a6a4a4bda58927768522077c876b553cc006b8255faf90f6444df9","packs/pf2e/feats/archetype/wildspell/thundering-surge.json","Excess surge sparks reserve an unstable thunder-wave ring around casting focus. Random outcome after future cast."
"rkViV16nuFbm6hPj","Thunderous Landing","action","1","12","class","themed","movement","wind","1","edf654fd92ab42d66ac48fe9743e87a72320cea1ffb71c6a91ec54b894f25eed","packs/pf2e/feats/archetype/winged-warrior/thunderous-landing.json","Descending airborne echo lands with broad outward air shock ring. Push conditional, no real movement."
"ibaxh77mm8ttObdk","Thwart Evil","reaction","","14","class","symbolic","counteract","spirit","1","8e082af6ea2bb6b0093a43dbae01e0829d703cab2a5d8930434c34f2397002a2","packs/pf2e/feats/archetype/lastwall-sentry/thwart-evil.json","Spiritual thrust reaches forming evil/void glyph and presses it shut. Counteract conditional."
"rVyEIKeBfX6EQSLs","Tidal Hands","action","2","1","class","symbolic","elementCone","water","1","e39bf37fb7bb236b50a25fcec35d32d323bbc02e3956c5f7c34d3da1a61660f6","packs/pf2e/feats/class/kineticist/level-1/tidal-hands.json","Two hand-shaped waves open as paired nonoverlapping cones or merge broad front. Two/one cone choice."
"bPPcPUZMlJ7m5lYq","Tidal Shield","action","2","17","ancestry","themed","guard","water","1","cb763f334a72aa1791381cd75e5107ebcd85b5788ccf0a1cf511c6566958ef9a","packs/pf2e/feats/ancestry/versatile-heritages/undine/tidal-shield.json","Slow strong tidal wall curves around source and adjacent ally rim. No attacking wave."
"DS4UpUyUDraaJfIu","Tidal Wave","action","3","16","class","themed","doubleStrike","weapon","1","2efcfc01f67d942ce6de4d6c693e3d3bb424987f24bbd47d19d173057d533e8b","packs/pf2e/feats/archetype/undersea-privateer/level-16/tidal-wave.json","Tidal Wave: surging movement; 2 visible contacts (same-target); melee; forward pair; future-movement."
"6J2ZSGNsXPKPcJGV","Tiger Slash","action","2","6","class","themed","unarmed","weapon","1","b12c28803dae8d510edde1f72cb6244afc806be5db11e25cc30124b3ef50ad5f","packs/pf2e/feats/class/monk/level-6/tiger-slash.json","Tiger Slash: both hands swipe; 1 visible contact (same-target); tiger-claw; wide claw; push, bleed."
"VCjAlOvjNvFJOsG5","Tiger Stance","action","1","1","class","themed","stance","earth","1","f4189d4bf3ad6de0501954ac32c405420c191ca32a804cfe5d622141dcdd42c7","packs/pf2e/feats/class/monk/level-1/tiger-stance.json","Low tiger-ready settle frames both claw hands with poised lateral arcs. No claw Strike."
"Pay7XmMLgLtzxklN","Tight Follower","reaction","","8","class","themed","movement","wind","1","2ed0b833e2a92aafe2b07792cb10d03a9ecbae7963f9a760f241977090b36807","packs/pf2e/feats/archetype/ulfen-guard/tight-follower.json","Protector echo follows one ally-facing close pursuit trail. No attack."
"ILJBC1tFusaHVYQI","Tikling Bird Twirl","reaction","","5","ancestry","themed","movement","sonic","1","39f568c61eeca4994ae53d726e7881dcf6b89a50a3301bfcc3ec0bfcf285bdee","packs/pf2e/feats/ancestry/sarangay/level-5/tikling-bird-twirl.json","Birdlike dancing footwork echo twists between two bamboo-like rhythm lines. After existing critical hit, no extra Strike."
"aHlcMMNQ85VLK7QT","Timber Sentinel","action","2","1","class","symbolic","sentinel","plant","1","ecdf51f0da106b71f811c33c9c0719f1e8fa2b478333f8648cc53dd072c494cf","packs/pf2e/feats/class/kineticist/level-1/timber-sentinel.json","Slim symmetrical tree rises at selected nearby point with protective leaf rim. Tree creation, no attack."
"xM0vwRFLZgmmI4YJ","Time Dilation Cascade","action","3","20","class","symbolic","multiStrike","time","1","63296bae7872903fc4475b97881094bb819811057a4ac2c07e5ce12d10f12be1","packs/pf2e/feats/class/ranger/level-20/time-dilation-cascade.json","Six distinct readable weapon contacts cascade through faint future-time echoes. Six attacks, combine repeated-target damage; not utility aura."
"Ky7ZEtt4TchQNmFc","Timeline-Splitting Spell","action","3","18","class","symbolic","time","arcane","1","93e8c822ccc152d85e06b70a713405903b3c93d8e89be619b5d70d638e3ff176","packs/pf2e/feats/archetype/time-mage/timeline-splitting-spell.json","Two distinct spell-ready timeline branches resolve into one solid and one fading focus. Choose actual spells; do not play both as successful."
"QN7y2CQeiJ2iPioM","Titan Swing","action","2","2","class","themed","heavyStrike","weapon","1","ec4af13fb1c07c556f1f5db36d71866495a168fb9239d4c683a8d5bb487a5cde","packs/pf2e/feats/miscellaneous/deviant/titan-swing.json","Titan Swing: tense windup; 1 visible contact (same-target); melee; wide cleave; push."
"cU5NdcwnMkFQNPjh","To Battle!","action","2","8","class","themed","command","weapon","1","32fed719cad5e8fffe5c43332c70f072a19e95201576ec07ff277aba670aa1af","packs/pf2e/feats/archetype/marshal/to-battle.json","To Battle!: resounding rally; no Strike now; none; ally focus; ally-stride-or-strike-option."
"vb8DsfARkJGWd0GT","To Me!","action","2","18","class","themed","charge","mind","1","236e6f214d399c4aee4d410d21228c91aabb21f2aec6f3adadcba768f0bdc5af","packs/pf2e/feats/archetype/heroic-scion/to-me.json","To Me!: rallying stride; 1 visible contact (same-target); melee; forward; ally-rally."
"kJ3d0aFkddkbsJ0k","To Thine Own Self","reaction","","14","class","symbolic","counteract","mind","1","c57ca44b7901c3b31248e40860a1e0576a207d296de97947913dcd2a8598fa9c","packs/pf2e/feats/archetype/heroic-scion/to-thine-own-self.json","Past-peril memory glints restore self-identity around invasive mental thread. Counteract conditional."
"1fH3M3XaUWWOJZFM","To War!","action","3","16","class","themed","movement","weapon","1","142f312f595394004eeeee24cf43033a76c917bbee208ab5ad6034e6c5241ed7","packs/pf2e/feats/archetype/apocalypse-rider/level-16/to-war.json","Apocalypse mount charges through two paths with trample contacts then ally rally wave. Mount origin; one contact per foe, optional flight."
"y0Ru2hRmoRwkRsxZ","Tongue Disarm","action","1","5","ancestry","symbolic","bind","weapon","1","9d2e1693c301792b37d962b2523da297262d0d5ca38fc63f90f0fef4f4784269","packs/pf2e/feats/ancestry/lizardfolk/level-5/tongue-disarm.json","Tongue lash flick catches weapon outline in short disarming curl. Disarm attempt, no damage."
"oFcn7SDOH6W2QhJl","Too Angry to Die","reaction","","12","skill","themed","dread","sonic","1","d661d225be2c1d6bb8b94b8429b2b47b51c776631d307d6c8fc9c6927664f4f2","packs/pf2e/feats/skill/level-12/too-angry-to-die.json","Too Angry to Die: defiant roar; no Strike now; none; source wave; fear."
"MXCIjS0cnmy3CLvP","Too Much to Swallow","reaction","","16","class","symbolic","form","earth","1","2e3e5e828ca1e4038527a70c5392d2a4101b1667151e9d9bb744a32b52096301","packs/pf2e/feats/class/druid/level-16/too-much-to-swallow.json","Untamed form silhouette expands against binding bands then opens escape gap. No forced outcome or real size update."
"7x1r2w7C7A4Uy7wG","Topple Foe","reaction","","10","class","themed","trip","weapon","1","b087efb22e2b98497aba82b254b4b4486dc4229ad9f7eb4133f0b4135220eaa4","packs/pf2e/feats/archetype/marshal/topple-foe.json","Topple Foe: ally opening; no Strike now; none; low contact; ground."
"F8V4dN91JmHIOQCv","Topple The Titans","action","1","4","class","themed","groundCreation","earth","1","5e8335f80bacbd1bf6958bc6d169c5528bbbdac3220b9a1b859d63c02514d064","packs/pf2e/feats/class/exemplar/level-4/topple-the-titans.json","Topple The Titans: giant fall aftermath; no Strike now; none; target burst; quake, area-trip."
"2hwNGs7WQnO6yv0Q","Toppling Transformation","reaction","","6","class","themed","shove","weapon","1","24d1b89e86651c580b749812b55725954f10d910da34073df5436b3521b76567","packs/pf2e/feats/class/druid/level-6/toppling-transformation.json","Toppling Transformation: size expand; no Strike now; none; source scale; shove-or-trip."
"U5FcfRvveTKtgebq","Torch Goblin","action","1","5","ancestry","themed","form","fire","1","59d9e33f7b8d06559de0fdd7640ea8026088566e6f9c942b983ba8522d23a1c0","packs/pf2e/feats/ancestry/goblin/level-5/torch-goblin.json","Held incendiary kindles full-body torch flames with lingering ember outline. Self fire, no target bolt or immediate melee."
"ijsMs8iv9AsHQWrv","Torrent in the Blood","action","2","6","class","symbolic","elementCone","healing","1","1697e7f1c62285146e0304778f68852f2776e918ceef91d2ec531ea3f49125c4","packs/pf2e/feats/class/kineticist/level-6/torrent-in-the-blood.json","Broad clear healing wave carries warm restorative droplets and cleansing wisps. Healing cone, not damaging water cone."
"wxIOuPFjVBADNYDP","Torrential Backlash","action","2","10","class","themed","elementAura","void","1","5ffc4c22e12696626595f17fb5dea6ceca69593cb09ddf25c2b8ef8ceb06a0e5","packs/pf2e/feats/archetype/curse-maelstrom/torrential-backlash.json","Curse maelstrom opens outward in dark torrential ring then source curse dims. Emanation excludes caster."
"w1GFspPIQ9f5MbFL","Touch Focus","free","","16","class","themed","spellshape","force","1","1ba721329a33e11b375ba8e49da8978c4e64a36531c34f16922aaf8ae49c91e4","packs/pf2e/feats/archetype/sixth-pillar/touch-focus.json","Far spell-focus ring contracts to hand-height touch glyph. Future cast separate, no immediate prone."
"RNBr91uB7lX9DldN","Tough Cookie","action","2","10","class","symbolic","guard","earth","1","03e7065ba837b86d83165b4509686f859fb44aad76ba33ae13d2546041d6dc47","packs/pf2e/feats/class/guardian/level-10/tough-cookie.json","Battered outline steadies as thick stubborn endurance crest fills inner rim. Temporary HP, not healing."
"t3Eky3ijnAJTiCV5","Towering Presence","action","1","5","ancestry","symbolic","form","spirit","1","4dbe3318c5a590548451c4f3ceffa9a511f21a1c1f537f78c8b621e2ef6a490d","packs/pf2e/feats/ancestry/versatile-heritages/nephilim/towering-presence.json","Force-of-will silhouette expands upward into towering nested outlines. No immediate weapon attack."
"4001krxk4fI1cTmV","Towering Transformation","reaction","","14","class","themed","form","mind","1","878630f65a9679a4b53a73eeb8f2dd3f6f05416a9f40acdf3579a3e24f4d93b5","packs/pf2e/feats/class/shared-class-feats/level-14/towering-transformation.json","Towering Transformation: towering growth; no Strike now; none; source scale; nearby-fear, conditional-push."
"P2zDOD2fjepZPkc5","Tracing Trance","free","","6","class","symbolic","rune","arcane","1","ed163f89683f7bf65d985d1048c2af548461849ecadf56caa365aa7aa2fa7172","packs/pf2e/feats/class/runesmith/level-6/tracing-trance.json","Hands sketch flowing incomplete rune strokes in trance cadence. Readiness to Trace, no invocation this turn."
"qq7QHfysWzBn4z36","Tragic Lament","reaction","","18","class","themed","command","sonic","1","8d0fa266e895600e56e1f92d4b6d8b28d299153f1628b4e738cd5443c41714a8","packs/pf2e/feats/archetype/shared-archetype-feats/level-18/tragic-lament.json","Poetic lament waves bend incoming attacker focus into guilt spiral. Mitigation and slow, no physical damage."
"WU9G9p2ezx2YDLhv","Trample (Centaur)","action","3","13","ancestry","themed","trample","weapon","1","00dfbc81b5a68bdedbc01d82c93c8421235c1c474b70404b1ca0fea49c2984f7","packs/pf2e/feats/ancestry/centaur/level-13/trample-centaur.json","Centaur double-stride hoof echoes produce ground-level trampling contacts. One contact per crossed foe, no horn stabs."
"7GGxoXYNA4YrtML9","Trample (Sarangay)","action","3","17","ancestry","themed","trample","weapon","1","b7410de58febe0bc3c00539165a8819d6037de08b78ac2da7a9fb217f0b12d46","packs/pf2e/feats/ancestry/sarangay/level-17/trample-sarangay.json","Sarangay momentum echo sweeps horn-height piercing contacts along path. One contact per crossed foe, distinct from hoof trampling."
"1DIuPtx7FEm7F7WE","Trample Mimicry","action","3","10","class","themed","trample","earth","1","b3464da91a831a3ac8564b8a95fb7ab94ff3af0a5bbe30ca5940d9e2e7d80a45","packs/pf2e/feats/archetype/wild-mimic/trample-mimicry.json","Heavy learned overrun echo delivers broad flat bludgeoning footfalls along path. One per foe, no continuous shaking."
"t6sey3cyV8n7a78l","Trampling Charge","action","3","10","class","themed","movement","weapon","1","89898bfed715839e588599a5a8a4cf3039db6efb75f32132af3f1a821f15da0d","packs/pf2e/feats/archetype/cavalier/level-10/trampling-charge.json","Mount-led two-speed charge trail crosses leg-height trample contacts. Mount origin, flight optional."
"KANcYBVhzcpSat9s","Trance of Celerity","action","1","1","class","symbolic","preparation","wind","1","aa7cea43e17c844de3d81d9f2c1c3b9834373eca4625b00a6d7ba217a6d53fcc","packs/pf2e/feats/class/oracle/level-1/trance-of-celerity.json","Feet gain swift-ready rhythmic trance glints without departure. Speed buff, no actual Stride."
"WglDQlEtHnZ2eFhW","Transcendent Deflection","reaction","","10","class","symbolic","guard","spirit","1","7b21d9213ec6de07ad2e214eb3b03e02bfda1590c73f31bde7e81c9a272e2113","packs/pf2e/feats/archetype/spirit-warrior/transcendent-deflection.json","Spirit-charged light weapon intercepts attack lane then cracks into sacrificed fragments. Defense, no enemy Strike."
"q4wFELOV4BQO4cDd","Transfusion","action","2","8","class","symbolic","healing","blood","1","c5d1e79664ed00eb2510e38bf087029e4b09f47f3345e4b8bdcbbcd3afcee377","packs/pf2e/feats/archetype/sanguimancer/transfusion.json","Touched willing target receives slow regenerative blood ring. Fast-healing activation, no extra five ticks."
"NPhH9XkHV0DG4WS9","Transpose","action","1","10","class","themed","teleport","teleport","1","007218ea5e7d10fb2d8779764053ed3da195bf2b97f104d3c52bcc3cf5696b79","packs/pf2e/feats/class/summoner/level-10/transpose.json","Source/eidolon matched seams fold through opposing arrival rings. No document position swap."
"v8nOsffb6mkdmBt3","Transpose Etching","action","1","4","class","symbolic","rune","arcane","1","5c0496e6d5ca452a8d95cd5caf3bf76ab2133f26a3320e5109debb0eba60c27d","packs/pf2e/feats/class/runesmith/level-4/transpose-etching.json","One rune glyph lifts through pinching arc and settles at alternate focus. Rune relocation, no spell cast."
"VQmKNh0QPHzYMmee","Treacherous Earth","action","1","5","ancestry","symbolic","groundCreation","earth","1","e854ecf33a7b232799b9a54a2b582b3fd7f3b1bde96d976ef5da170d3b9657a5","packs/pf2e/feats/ancestry/versatile-heritages/oread/treacherous-earth.json","Corner-focused small burst cracks local ground into uneven tiles. Terrain only."
"rfnEcjxIFqwlJwJT","Treat Condition","action","2","4","skill","symbolic","restoration","healing","1","a10756b72d3f1d8fc39717ce384f76ed3b0e3215908f5d6eeb85d72a51bbfbdb","packs/pf2e/feats/archetype/medic/treat-condition.json","Medicinal tool glints align one afflicted limb/body ring and loosen impairment. Counteract conditional, not direct HP heal."
"KqpXb13Scv7uzole","Tree of Duality","action","3","6","class","symbolic","groundCreation","plant","1","d5b6896e5d4ceb7b63b4752a2d9bbad446b3545df3a4faa0eb47fb572d24a2dc","packs/pf2e/feats/class/kineticist/level-6/tree-of-duality.json","Floating tree grows, pollen heals allied edges while darker spores haze enemy edges. Remote tree, two distinct support/hostile modes."
"r5vSplcFXtTS0kOB","Tremor","action","2","1","class","themed","groundCreation","earth","1","988e6b14bd6ea6a42cc409c02ef3d029de034b0eeda7305b7279363a5e74272c","packs/pf2e/feats/class/kineticist/level-1/tremor.json","Tremor: localized tremor; no Strike now; none; target burst; ground-shock, difficult-terrain."
"B912Vru18B6orzcs","Trespass Teleportation","reaction","","14","class","themed","teleport","teleport","1","a1c790a2dddd3659b4d7ff3730f01f54dc84abf5cdad027580a29c4b5c6763c6","packs/pf2e/feats/class/thaumaturge/level-14/trespass-teleportation.json","Enemy teleport seam draws following source echo into matched trailing arrival rim. Pursuit teleport, allies optional."
"lUuEX5HVxylRvFAF","Trial by Skyfire","action","1","10","class","themed","elementAura","fire","1","0c367e39888ddcdf0fb63b5fb8983ed5599951c7e2d95029fe636475610b084a","packs/pf2e/feats/class/oracle/level-10/trial-by-skyfire.json","Overhead blazing bolts rain around source inside dangerous short nimbus. Includes caster; first damage at turn end."
"62glnJI2o0KnHULB","Triangle Shot","action","2","18","class","themed","ranged","weapon","1","3744ed46ca54dffa56b22c059127ffe7c6012962385f7a3224388094bdc4458f","packs/pf2e/feats/class/monk/level-18/triangle-shot.json","Three arrows fly simultaneously in triangular spacing and meet one foe. Three visible simultaneous projectiles, not generic hit."
"0HgfWQMIo2UEAlAm","Tributary Circulation","action","1","4","class","symbolic","guard","water","1","60f02abeac18d75bc15e335fe107f240cbe819e73f73325b787898e7356755a9","packs/pf2e/feats/class/monk/level-4/tributary-circulation.json","Refined breath circulates internal water currents into clear defensive ring. Self defense/recovery, no water bolt."
"uR62fVC9FyQAMCO1","Trick Magic Item","action","1","1","skill","symbolic","focus","arcane","1","a09ee84165becd670049e7e18da1adb3725a81dedb7b4430821f995e20525eaa","packs/pf2e/feats/skill/level-1/trick-magic-item.json","Magic item outline is examined through four-tradition unlocking glyph. Permission to later activate, no current spell."
"ySr510TkpUO3N6Ty","Trick Shot","action","2","10","class","themed","firearm","weapon","1","e216a38eca02c6e4c09e89636fd07fa9a3eeeafd5f629387f6e3fa09b23f7084","packs/pf2e/feats/class/gunslinger/level-10/trick-shot.json","Trick Shot: object aim; 1 visible contact (same-target); firearm-or-crossbow; object projectile; object-displace-or-explode."
"POrE3ZgBRdBL9MsW","Trickster's Ace","reaction","","18","class","symbolic","preparation","arcane","1","b0b4885c2e89e738cb2a03862c2ea9d14858c4618bd5c3b16b607642142a8579","packs/pf2e/feats/class/shared-class-feats/level-18/tricksters-ace.json","Pocket contingency sigil unfolds into self-target reserved spell focus. Use actual prepared contingency spell, no fabricated attack."
"A7uJCDT9odsuwlqW","Triggerbrand Blitz","action","3","14","class","themed","mixedStrike","weapon","1","b0062a457e841953c10b8710d49876f269f13eecd1b8defede626691e35defbf","packs/pf2e/feats/class/gunslinger/level-14/triggerbrand-blitz.json","Triggerbrand Blitz: combination dance; 3 visible contacts (different-targets); combination-melee-and-firearm; mixed three; movement-trail."
"SD3RlgQMVL6aWjtW","Triggerbrand Salvo","action","1","6","class","themed","mixedStrike","weapon","1","c242c3079f08468b621c488719e1ca7d0497f70468a71715686282824c191115","packs/pf2e/feats/class/gunslinger/level-6/triggerbrand-salvo.json","Triggerbrand Salvo: melee then trigger; 2 visible contacts (same-target); combination-melee-and-firearm; mixed pair; point-blank-shot."
"PRlN77xL6Bm2gUIp","Tripkee Glide","action","1","5","ancestry","symbolic","movement","wind","1","cf20a9d3685bc5db798212ec5d16c0fe04764c1d1b7f8b92a34c567136eec94c","packs/pf2e/feats/ancestry/tripkee/level-5/tripkee-glide.json","Webbed-feet glide echo descends slowly along shallow forward arc. No fast lunge/continuous lift."
"RHLfM9NlIlHTH85w","Triumphant Inspiration","free","","14","class","themed","performance","sonic","1","4f466da423b3c40724c30625c917de1e7f9ec4cf602768b193d8b132e9298f0b","packs/pf2e/feats/class/bard/level-14/triumphant-inspiration.json","Triumphant shout rises from critical-hit aftermath into chosen composition wave. No repeated critical Strike."
"kr537ZL3f8tCSgDK","True Gaze","action","1","17","ancestry","symbolic","perception","light","1","5e1fca6667c4a5a2c4dc524ca810ca7df8d70e363cbc3567db76cde958d1bbbd","packs/pf2e/feats/ancestry/goloma/level-17/true-gaze.json","Carefully focused eye glint pierces layered obfuscation rims. Truesight, no attack."
"Xk9inG3pln4UKbs3","True Hypercognition","action","1","14","class","symbolic","focus","mind","1","b9905a95079ec3e178559ade860ebebde9c238eafa770e6ed666ccaa8b71a8b5","packs/pf2e/feats/class/bard/level-14/true-hypercognition.json","Five knowledge glints open around broad cognitive wheel in clear stagger. Knowledge only, more open scholarly art than Reason Rapidly."
"wB1uoMoCcoqIwVZz","True Senses","action","2","17","ancestry","symbolic","perception","earth","1","cb1443e71d0d324fcb440a7686aec0f2a49f81c5b432f75c8a1135f0894afb6c","packs/pf2e/feats/ancestry/awakened-animal/level-17/true-senses.json","Sharp animal senses resolve layered illusion fragments through two precise scan fans. Nonmagical sense sharpening."
"mGzPR7M9H733j2wN","True Shapeshifter","action","2","20","class","themed","form","earth","1","d8d655ad36bc854e7033c96c38cd39eb779ef4447dea45bffb4af6699efbc147","packs/pf2e/feats/class/druid/level-20/true-shapeshifter.json","Nature-incarnate silhouette expands into huge kaiju outline through primal shell. Green man optional, no attack."
"7QNc7FnfT7GZa5w3","Tumbling Diversion","action","1","13","ancestry","themed","movement","shadow","1","ddee6c7fdae34c82fa65a5ea7ffbbc77d92433db70f9196a58abea16e95590f2","packs/pf2e/feats/ancestry/kobold/level-13/tumbling-diversion.json","Tumble echo passes foe then small decoy gesture glint distracts back. Success requirements, no guaranteed hiding."
"iSnstY2UywUdoBRZ","Tumbling Lumber","action","2","4","class","symbolic","lineCue","plant","1","b617c7add2f5417ebcc5ef69801086e801f36f5c7179fb8dc42f0cc7634707f5","packs/pf2e/feats/class/kineticist/level-4/tumbling-lumber.json","Multiple low rolling logs travel broad straight lane and stagger target contacts. 10-foot-wide line, no beam-stretched vines."
"Yazy4gex46FLwsph","Tumbling Opportunist","free","","10","class","themed","trip","weapon","1","b20be957211972653a1a39ec90dc274bd993cfcb54c7bc2444743c5f6ae777aa","packs/pf2e/feats/archetype/acrobat/level-10/tumbling-opportunist.json","Tumbling Opportunist: tumble aftermath; no Strike now; none; low sweep; ground."
"jfsmtOx4QgXB19BL","Tumbling Strike","action","1","8","class","signature","tumbleStrike","weapon","1","22b99f86382c875ad30315d85ef97fc25c57100a687113b8165f29f7873dda81","packs/pf2e/feats/archetype/acrobat/level-8/tumbling-strike.json","Angled dive echo circles past foe then one melee sweep contacts from opposite side. Check controls movement/Strike."
"jSZJWYHZU3hnGRcp","Tunnel Roll","action","2","5","ancestry","themed","movement","earth","1","e6ca70c62321135adb89f84763148b647990066f3c6d7ae0c8ae0d162f0526a8","packs/pf2e/feats/ancestry/surki/level-5/tunnel-roll.json","Compact tunnel-roll silhouette follows straight descending rock-lined trail. No first-turn obstacle damage."
"zxlbMEaXglMVsLpQ","Tunnel Wall","action","1","4","class","themed","guard","weapon","1","16dd522ab5611b33504eb5c9c47b4a387c72421efac01ce8752d406a701af2e2","packs/pf2e/feats/archetype/stalwart-defender/tunnel-wall.json","Shield rises into anchored tunnel-width blocking plane. Physical guard, no conjured wall."
"17jjQPpnBkHRkzPE","Turn Away Misfortune","reaction","","2","class","themed","fortune","earth","1","30533328f21c85fe7232679bf8be0783a2218155893d5bc73deb2457762fe14d","packs/pf2e/feats/class/thaumaturge/level-2/turn-away-misfortune.json","Salt-like superstition motes flick over shoulder and disperse dark fate strand. Negates misfortune, no damage."
"3aG0gkHulBIHqqGE","Turn Back the Clock","reaction","","4","class","symbolic","fortune","time","1","bf3e79b1e8826d9332665f4ce7d8aef150b46cdbcedaf7d95ac97e7e64ff8695","packs/pf2e/feats/archetype/chronoskimmer/turn-back-the-clock.json","Personal clock loop reverses one failed-check echo into renewed focus. Reroll, no actual movement."
"7jMAkP86uwnZCxYx","Turn the Wheel of Seasons","action","3","18","class","themed","groundCreation","plant","1","d81c34bc58293bb98022a1e16c588e02eb51c5d2348230172149739a99f18933","packs/pf2e/feats/class/kineticist/level-18/turn-the-wheel-of-seasons.json","Large remote seasonal field opens selected season rim; four distinct seasonal motifs reserved. Only starting season now, later seasons on later turns."
"bqBCatllklPceA34","Turn to Mist","action","1","10","class","symbolic","form","water","1","dacab460a3bd0fdc009661904a329d12a6ba486f04ae676468365f564e91f289","packs/pf2e/feats/archetype/vampire/turn-to-mist.json","Body dissolves gradually into soft vapor outline. No teleport or attack."
"0ptK0blZehF3ABha","Tut-Tut","free","","4","class","themed","display","mind","1","0832b85708feee2a0f0ea5fe5fe2aa7203a13a033fbcbbdee3f02998f6e1c081","packs/pf2e/feats/archetype/duelist/tut-tut.json","Tut-Tut: pulled blow; no Strike now; none; source display; fear, no-damage."
"9XALeVNcmlIxf3tJ","Twin Feint","action","2","1","class","signature","doubleStrike","weapon","1","582e9e5da30f0b9a6cb9f74acd18e94ab2dda8fe2bef710036f0c05f1952a8d5","packs/pf2e/feats/class/rogue/level-1/twin-feint.json","Twin Feint: distracting first; 2 visible contacts (same-target); two-melee; offset pair; second-off-guard."
"Y8LHfkzGyOhPlUou","Twin Parry","action","1","4","class","themed","guard","weapon","1","8c4a2dc0def17f3f1814c2c0e50e4609852ad2a519c717f77285defa59b14cd2","packs/pf2e/feats/class/shared-class-feats/level-4/twin-parry.json","Two opposing weapon edges cross into compact symmetric parry. No Strikes."
"GJIAecRq1bD2r8O0","Twin Riposte","reaction","","10","class","themed","strike","ward","1","30a884ec03a75e69d8235bcba5175ad92b30a9dcce1eb00fb0d152f96c39f5d1","packs/pf2e/feats/class/shared-class-feats/level-10/twin-riposte.json","Twin Riposte: twin parry; 1 visible contact (same-target); melee; counter thrust; disarm-option."
"aWk0JaqVaUf2Cz9a","Twin Shot Knockdown","action","2","10","class","themed","firearm","weapon","1","d16ac5e7f50c53e12cedf55f1fa16829074dbea0659d5284a164245ff18e6c21","packs/pf2e/feats/class/gunslinger/level-10/twin-shot-knockdown.json","Twin Shot Knockdown: anatomical dual aim; 2 visible contacts (same-target); two-firearms-or-crossbows; projectile pair; ground."
"Gw0wGXikhAhiGoud","Twin Takedown","action","1","1","class","signature","doubleStrike","weapon","1","edc6d6bab469f7e6c0af02fb7c9b26368563b010f2fd043d4ea7e72fdcef83df","packs/pf2e/feats/class/ranger/level-1/twin-takedown.json","Twin Takedown: prey focus; 2 visible contacts (same-target); two-melee; rapid staggered pair; prey-marker, compressed-combined-finish."
"85xm82Z005CUNBMB","Twin Weakness","action","2","10","class","themed","strike","weapon","1","3c5dce7057c22f457696c9e64a1d0536b45420bb8ba2e8cc1782eaa7b8c87589","packs/pf2e/feats/class/thaumaturge/level-10/twin-weakness.json","Twin Weakness: esoterica contact; 1 visible contact (same-target); melee-and-implement; single contact; implement-sear."
"xjLbabfyQzBNT4y1","Twinned Defense (Fighter)","action","1","16","class","themed","stance","weapon","1","05ed6966b33bba82919f8719a0c10466a0d36c77c901fc62d954c9ebf6637d24","packs/pf2e/feats/class/fighter/level-16/twinned-defense-fighter.json","Firm twin-weapon guard settles with broad squared crossed blade frame. Continuous Twin Parry stance; fighter firm symmetric art."
"kTRGAST9J9ZxJZ4A","Twinned Defense (Swashbuckler)","action","1","14","class","themed","stance","weapon","1","e02cbd6a89a43a78f01a44101b232ddb74a87f70e1d51ceb3a1233d54fddd79e","packs/pf2e/feats/class/swashbuckler/level-14/twinned-defense-swashbuckler.json","Light angled off-hand guard settles behind narrow sweeping blade frame. Same mechanics, swashbuckler oblique flowing art; no attack."
"uT4zSkhziUQOZOD6","Twirling Strike","action","2","8","class","themed","charge","weapon","1","96247f83cd12cabadc24dbf884c322b2913373b01c522197120ab222cf27ab40","packs/pf2e/feats/archetype/fan-dancer/twirling-strike.json","Twirling Strike: fan tumble; 1 visible contact (same-target); fan; crescent; off-guard."
"WGGLlrhV8cKFn1v0","Twirling Throw","action","1","4","class","themed","ranged","weapon","1","5e6cfd650cb4f640bcd66564aaed1a0875276d20fd4901fc3839e5882c5b0328","packs/pf2e/feats/class/swashbuckler/level-4/twirling-throw.json","Twirling Throw: spinning throw; 1 visible contact (same-target); thrown; arcing projectile; return-weapon."
"5Jc2ySGLVi053qpz","Twist the Knife","action","1","6","class","themed","elementTarget","blood","1","ab487769763815350e0707807e429ecca136e62ebebe8c794d45d64b79fcb856","packs/pf2e/feats/class/rogue/level-6/twist-the-knife.json","Existing stab wound twists open into restrained local bleed wisps. No new full Strike."
"VN6Cws7BBta81AQ9","Twisting Petal Stance","action","1","1","class","themed","stance","plant","1","f1f3c8e878545db6c72ea193fd8d30c8a59df34af4466d9672c48a6694862fda","packs/pf2e/feats/class/monk/level-1/twisting-petal-stance.json","Slow petal-like body turn draws twisting floral stance loop. No gale blossom Strike."
"SjwISllgvlKEcjSv","Two Truths","action","1","9","ancestry","symbolic","form","illusion","1","5c2e33fba7ad02e55bf5e216aa7177da1b10be4ed573c999dc3878ca5465693c","packs/pf2e/feats/ancestry/versatile-heritages/reflection/two-truths.json","Two reflected identity masks exchange inside quiet mental rim. Identity shift, no attack."
"5mx0lL5O0WCsGsNr","Two-Element Infusion","free","","6","class","themed","preparation","arcane","1","b0395cb8f584464337febeab5481c3f7ebe4ec5e347f358ba6a642e8a4ce5798","packs/pf2e/feats/class/kineticist/level-6/two-element-infusion.json","Two chosen elemental sparks merge into divided reserved blast focus. No Elemental Blast yet."
"1SvBUzVH5tp0lmn5","Two-Weapon Flurry","action","1","14","class","themed","doubleStrike","weapon","1","e47f75f11341876da1316f2d6f09ff06cd01eb740a33deb1bdf4abe51b68a790","packs/pf2e/feats/class/fighter/level-14/two-weapon-flurry.json","Two-Weapon Flurry: prior momentum; 2 visible contacts (same-target); two-melee; rapid pair; frenzy."
"VW0Tp5rJDRjaJuSn","Two-Weapon Fusillade","action","1","14","class","themed","mixedStrike","weapon","1","95338732a26889a520790885aa69ae7409cb20fd90a617324d2cd3c7039a3851","packs/pf2e/feats/class/gunslinger/level-14/two-weapon-fusillade.json","Two-Weapon Fusillade: furious barrage; 2 visible contacts (same-target); mixed-or-two-ranged; mixed pair; barrage."
"atyeSqWEXRxnrt7i","Unbalancing Appearance","action","1","6","class","themed","strike","weapon","1","462ab05698536153761015f70680e0e182f2756380599316f824ec70c95e2d20","packs/pf2e/feats/archetype/rose-warden/level-6/unbalancing-appearance.json","Unbalancing Appearance: shadow reveal; 1 visible contact (same-target); melee; single contact; clumsy."
"VXA50vhIRCBt4vvP","Unbalancing Finisher","action","1","2","class","themed","strike","weapon","1","4042df9ae083aea4560f63b9fed3a15a9af235c095a51bde39ef045b44870730","packs/pf2e/feats/class/swashbuckler/level-2/unbalancing-finisher.json","Unbalancing Finisher: flashy flourish; 1 visible contact (same-target); melee; single contact; off-guard."
"pmz1itHp13JtcrjW","Unbalancing Sweep","action","3","12","class","themed","shove","weapon","1","1420ae678df476304e7e185bbfb6d685d31b2d9eebcb09c141696014e453186f","packs/pf2e/feats/class/barbarian/level-12/unbalancing-sweep.json","Unbalancing Sweep: great sweep; no Strike now; none; wide sweep; three-shoves-or-trips."
"Bgnr0hw52Efr8Ew8","Unbelievable Interception","reaction","","8","class","themed","charge","weapon","1","270a0790aaff7bebee58297eccc912379b5bf1aa4499684eda2c328d2d0e867b","packs/pf2e/feats/mythic/unbelievable-interception.json","Unbelievable Interception: double intercept; 1 visible contact (same-target); melee; counter thrust; ally-guard."
"e9H7w0X6yFEhn3h4","Unbreakable Resolve","reaction","","13","ancestry","symbolic","fortune","spirit","1","129ede85030c9736d1f93e4ede7df3edcf76659fb2f812c589956d5ee9a31d13","packs/pf2e/feats/miscellaneous/reincarnated/unbreakable-resolve.json","Reincarnated memory crest restores firm mind ring after failed save. Reroll support."
"bNUNyR3FDkgEb0gJ","Unbreaking Castle","action","2","10","class","themed","guard","ward","1","e968385589646bc5ba3f642ff29e55f189618eb25fd3d6c8a719f27b35049651","packs/pf2e/feats/mythic/unbreaking-castle.json","Unbreaking Castle: shield or parry; no Strike now; none; ally barriers; future-counters."
"NxLgBXWeq4h4PDmQ","Uncanny Prediction","action","2","8","class","symbolic","command","mind","1","df9726d9802e8533212af07c5d1b832cff7cc881da9524feb4ddcaf8263fd6e8","packs/pf2e/feats/archetype/steel-falcon/level-8/uncanny-prediction.json","Spoken prediction points to target's anticipated path then locks attention briefly. Stun conditional, no attack."
"eoDDjIGAA67Z7rQt","Underhanded Assault","action","2","2","class","themed","charge","weapon","1","88cd6f0e6f2e0f98fc7e28f58108d5575ba49a2b3a06b1a3e190701fe9b1c9bc","packs/pf2e/feats/class/rogue/level-2/underhanded-assault.json","Underhanded Assault: ally distraction sneak; 1 visible contact (same-target); melee; narrow contact; shadow-afterimage."
"XXqVhmNeC7bRxQLI","Unerring Runic Attraction","action","1","14","class","themed","ranged","arcane","1","30a4ec64c75b9ebb65c889098b0dacd31219bcf4f714d59c75151fad6b18c9fd","packs/pf2e/feats/class/runesmith/level-14/unerring-runic-attraction.json","Unerring Runic Attraction: rune beacon; 1 visible contact (same-target); ranged; homing projectile; rune-brand."
"AgR1OPBHDvwV5wKD","Unexpected Shift","reaction","","1","ancestry","themed","guard","illusion","1","0e5d08b0832367419accd882371e30dbb158404b6c5377c8a813921d971b23e4","packs/pf2e/feats/ancestry/gnome/level-1/unexpected-shift.json","Threatened body echo flickers out through small reality seam then reappears. Readable finite flicker, no actual hiding or teleport."
"ZyQYP7i26DWhMNux","Unfazed Assessment","action","1","8","class","symbolic","perception","weapon","1","a34eb1f639b331d01f479f8bdb997c202c4c7fd34c1cd8faf53270057354258d","packs/pf2e/feats/archetype/zephyr-guard/unfazed-assessment.json","Opponent fighting-style arcs are read and answered by close defensive angles. No weapon Strike."
"zTzReEKvTwtRczlI","Unfetter Sight","action","1","14","class","themed","targetSupport","light","1","2ac194f3dbd3203ed94ff4bb7a6cae1079371bef17048d57d7b13bfa6f0deba9","packs/pf2e/feats/archetype/hellknight/level-14/unfetter-sight.json","Signifer mask eye glints fan into ally sight marks. Sight support, not stealth."
"wEd75qYscD6PsRnE","Unfettering Strike","action","1","6","class","themed","strike","weapon","1","519ebfc64c4cc8d2e193ed66de4e7a4a749bd9cfdaa3bf548e90a6d11b6ebdb0","packs/pf2e/feats/archetype/rose-warden/level-6/unfettering-strike.json","Unfettering Strike: free ally; 1 visible contact (same-target); melee; single contact; ally-bind-break."
"M2fjNnh8yRAnGFyH","Unified Stance","action","1","16","class","themed","stance","weapon","1","1944b29db3b14168cb70ede280bed7a509d02df18399367377dcc3e668e04ad2","packs/pf2e/feats/archetype/beast-lord/level-16/unified-stance.json","Source/companion stance rings synchronize with paired fighting-ready edges. No current companion Strike."
"yYLVGhedXD7lFQMn","United Assault","action","1","2","class","themed","strike","weapon","1","7fc7b372fdc39b7b27c41cb7b8d9e3ede9abf376e7d9a2ffbcf5da0f2465c69a","packs/pf2e/feats/class/shared-class-feats/level-2/united-assault.json","United Assault: ally barrage follow up; 1 visible contact (same-target); melee-or-ranged; single contact; teamwork-glint."
"AqVyKiIjISDBFRA0","Unkillable","reaction","","8","class","symbolic","resolve","void","1","8c3a6862502aa1bfd6262ec350676ac1f720bd34cb5f11359f7f57e1807cbe25","packs/pf2e/feats/archetype/zombie/unkillable.json","Damaged undead-like outline refuses collapse, steady inner ember persists. No healing promise, deterioration conditional."
"PycaQsgfgOQc86UX","Unleash the Blight","action","2","10","class","themed","elementAura","void","1","dd652102deed06e485c4f1f2bc7ce516ebcf52c83df4618514f892552b090618","packs/pf2e/feats/miscellaneous/deviant/unleash-the-blight.json","Rotting source shell releases wide outward blight haze with dark decay motes. Living creatures area; awakening extra effects optional."
"lQpY6E5Zvc1kRnyC","Unlimited Potential","action","1","20","class","themed","spellshape","mind","1","ebbf57aa5467b4e27d7580041e0dcdf276c187c9d1f7e0d60ee0b8255788ec5e","packs/pf2e/feats/class/psychic/level-20/unlimited-potential.json","Mind-limit ring opens around freely reserved fifth-rank spell spark. Future cast separate."
"JZurhROfi2JfmLfb","Unnerving Expansion","action","1","4","class","themed","dread","fear","1","8b0860bb97be7dc274c9b47bcfea3c0db136aff9519c30137ba64458a0380515","packs/pf2e/feats/archetype/curse-maelstrom/unnerving-expansion.json","Unnerving Expansion: curse expand; no Strike now; none; source halo; fear."
"V7bwuYADV8huWeF7","Unnerving Prowess","free","","6","class","themed","display","fear","1","b5e25cad170797e35ec045296e52242f5cd05be32b28b576530b122e67105513","packs/pf2e/feats/archetype/aldori-duelist/level-6/unnerving-prowess.json","Unnerving Prowess: blade flourish aftermath; no Strike now; none; source display; fear."
"eJmloGN2jfKYUNPw","Unnerving Terror","action","2","13","ancestry","themed","dread","sonic","1","abf7ec3a301a131b9260d00c8c49fc0daaa6579240f5fd47063ac6a899a2b9ee","packs/pf2e/feats/ancestry/yaoguai/level-13/unnerving-terror.json","Unnerving Terror: death chant; no Strike now; none; source wave; fear, off-guard."
"kUb7FtYlJPNy4tYv","Unrivaled Retort","reaction","","6","class","themed","ranged","weapon","1","00dbc7eeb593adec43ba8e8b75439e52f2fc26257b89fa6ee33ce5a7907cbd2a","packs/pf2e/feats/mythic/unrivaled-retort.json","Unrivaled Retort: area defiance reload; 1 visible contact (same-target); ranged; projectile; mythic-counter."
"39RJF47FLYr5gZ8p","Unseat","action","1","10","class","themed","strike","weapon","1","33071c05a6bd9e038303fe7d1e9cae448dfd692425a6f949c46e0f64fb8aba1b","packs/pf2e/feats/archetype/cavalier/level-10/unseat.json","Unseat: mounted joust; 1 visible contact (same-target); jousting; long thrust; dismount-feedback."
"RtT7r61Yytpe2RlF","Unsheathing the Sword-Light","action","2","10","class","symbolic","spellstrike","light","1","5c98216c30dc1658bb62cb648612de4c3d96a1927f8ca65373ad434619f0775e","packs/pf2e/feats/class/magus/level-10/unsheathing-the-sword-light.json","One sword Spellstrike lands; many light-sword copies fall around struck foe. Secondary target area excludes caster and struck foe."
"ePQXFTRQORKWP9KH","Unstable Gearshift","free","","6","class","themed","preparation","wind","1","171190db6b76047ac7b44451c5f1ecb694ea80a33c9133818450442af9afe1ff","packs/pf2e/feats/miscellaneous/deviant/unstable-gearshift.json","Body speed bands ratchet into higher gear without departure. Speed buff, not automatic sprint."
"5zeKULjKDkiIenhu","Unstable Redundancies","free","","14","class","themed","guard","metal","1","688e806a931f09258cf3a0be9bbe4db6c300fd529d70cfae1c4df550ef146ca2","packs/pf2e/feats/class/inventor/level-14/unstable-redundancies.json","Three mechanical redundancy bands engage sequentially around innovation focus. Unstable check success, no magic shield against attacks."
"1rbB6bYDqjR4gVTH","Unsteadying Strike","action","1","4","class","themed","strike","weapon","1","94583731c89f055432ef6263df4ed6962f04b39cfe2750e1a6e47198c3d9add3","packs/pf2e/feats/class/commander/level-4/unsteadying-strike.json","Unsteadying Strike: weakening contact; 1 visible contact (same-target); melee; single contact; maneuver-opening."
"tonJdHGheKZ16tMI","Unusual Composition","action","1","10","class","themed","spellshape","sonic","1","4c47a7e06f4e40f0d8e099ae5b71b3dbcbbd5b29ded72d3ee9675ad3123f094b","packs/pf2e/feats/class/bard/level-10/unusual-composition.json","Composition focus branches into eye/ear/tremor sensory spokes. Future composition separate."
"xYNMWGEmpbtrtWXQ","Unwind Death","action","3","16","class","symbolic","restoration","time","1","5d9e6bf3db9fdeb573d1c9e309928b6e3b53f705917fcad5593288856c707a44","packs/pf2e/feats/archetype/clockwork-reanimator/unwind-death.json","Clockwork death-time bands unwind backward toward returning heartbeat glint. Crafting success resurrection, no instantaneous promise."
"zZZmRwvtwQazhU0b","Upset Balance","reaction","","6","class","symbolic","bind","weapon","1","3465bfcb2ecba67ed992ce9c30bdfe260978f08b8ede3604240e32372efe237b","packs/pf2e/feats/archetype/stalwart-defender/upset-balance.json","Weighted armor/body lean redirects incoming momentum into off-balance target echo. No attack or guaranteed clumsy."
"TCLDccG80M5GeqGw","Urgent Upwelling","reaction","","6","class","symbolic","restoration","arcane","1","ea1e24c7f150c3a1a41d2250bd6fd2c09babe78e2dbf5833d15dbdc20fe02732","packs/pf2e/feats/archetype/wellspring-mage/urgent-upwelling.json","Defeat crack opens volatile wellspring energy with uncertain reserve spark. Flat-check surge outcome configurable, no predetermined attack."
"zV4vzcl7eoVewz5p","Ursine Avenger Form","action","1","2","class","themed","form","earth","1","9c5da944ce619ee55dfbcdd4c50912549ef06afaaf9053014d2674aadbb07012","packs/pf2e/feats/archetype/ursine-avenger-hood/ursine-avenger-form.json","Bear hood settles over head as fur and ursine hybrid outline grow. No jaws/claw Strike."
"c3c7pVXq0Ys5a6Mr","Usurp the Lunar Reins","action","3","18","class","themed","groundCreation","water","1","1cc7ad543111433293e88f464c5f6529e140fa099999d66976653d81559fc9f0","packs/pf2e/feats/class/kineticist/level-18/usurp-the-lunar-reins.json","Moon-tide glyph oversees large remote water field rising or calming in two ordered phases. No water damage; flood/control/modulate/slow chosen."
"UCen3Tq6BJlNI7rx","Uzunjati Recollection","action","1","10","skill","symbolic","focus","sonic","1","98e2e502cae34df576b71781e11637275855c855827eeba16e627760828d3339","packs/pf2e/feats/archetype/magaambyan-attendant/uzunjati-recollection.json","Forgotten lore glints weave into spontaneously spoken story ribbon. Recall plus storytelling, no attack."
"my4uFR8cnDC4mJE2","Uzunjati Storytelling","action","1","6","skill","themed","performance","sonic","1","5cefa23dbbec8b672638a19bcadfbf840f45443632165a697c53640f7ca72d6f","packs/pf2e/feats/archetype/magaambyan-attendant/uzunjati-storytelling.json","Quick scholarly tale opens measured narrative page/ripple flourish. Storytelling not Perform mechanically."
"2nSk6oOLBXCEbAhc","Vacate Vision","reaction","","6","class","symbolic","form","water","1","436cfd41aa75820605ceca13ea2fe79dcaab389963eac36a093ad8295d77ef54","packs/pf2e/feats/archetype/oozemorph/vacate-vision.json","Eye-height liquid glints drain into empty socket-like dark eye rim. No acid attack; blindness self effect."
"YhTYFymFFVceP7ti","Vampiric Spell","action","1","4","class","themed","spellshape","void","1","a6655a18254f1e589601276c271f68acb1f2e7eb5cc564a6707eef99d37f68fd","packs/pf2e/feats/class/necromancer/level-4/vampiric-spell.json","Reserved offensive spell focus gains inward vampiric life-thread coil. No drain/heal before cast."
"km8ZBNKIlvnJexgc","Vaulting Gallop","action","2","6","class","themed","movement","earth","1","055dd85692535971a4a0cb46aadf6990990843d88f71738d311da5b3384e7137","packs/pf2e/feats/archetype/cavalier/level-6/vaulting-gallop.json","Mount double-stride echo vaults one curved obstacle arc then settles. Mount origin, no trample attack."
"Qzc6Af0o0IjjtCer","Vengeance Strike","reaction","","6","class","themed","strike","weapon","1","1c13eafb588b08488a0ebd10ae46d6f734b491ab0f809f9c07193312fcb37852","packs/pf2e/feats/archetype/sister-of-the-golden-erinys/level-6/vengeance-strike.json","Vengeance Strike: damage counter; 1 visible contact (same-target); melee; counter thrust; off-guard."
"6m2oJVzwufgjJi9W","Vengeful Remnant","action","2","14","class","themed","guard","spirit","1","e332f7d6eaeb68f0210a4a092779e61f7b2635721dbd29220da120cdc31cb4ff","packs/pf2e/feats/archetype/splinter-of-finality/vengeful-remnant.json","Tatters of blade-claimed souls wrap close around source in protective layers. No Spectral Dagger attack."
"z8NUh2FayDa7Ctnp","Vengeful Spirit Deck","action","2","6","class","themed","elementBolt","arcane","1","f13d33ef13de997c5b231c179f24a216cc5969f992e9d2abb086b6b87177ae12","packs/pf2e/feats/archetype/harrower/vengeful-spirit-deck.json","Ghostly card draws from deck, visibly flies toward foe, lands omen-colored contact. Actual attack despite spellshape trait; no automatic future cards."
"0kkiE74cyHyxdPe6","Vengeful Strike","reaction","","14","class","themed","strike","weapon","1","28da21257cb38d6b26f31df5144e98e190773ad182386f2f796fa004b2438ed9","packs/pf2e/feats/class/barbarian/level-14/vengeful-strike.json","Vengeful Strike: invited counter; 1 visible contact (same-target); melee; counter thrust."
"KgyJw7fmcUWymYyb","Venipuncture","action","2","10","class","themed","elementAura","blood","1","9e2d53d7058a6bcff3257326dcbed649b27081b36d5142568c17f475a11aeec4","packs/pf2e/feats/archetype/sanguimancer/venipuncture.json","Blood needle shell forms then bursts outward as many thin piercing spokes. Emanation, not single target aura."
"aRqXpCBWic6a3DQH","Venom Purge","action","1","13","ancestry","symbolic","restoration","poison","1","effae04d6625c637cdc5fa09e54a6d2e1b3618021909a3922541b2e379d5bce3","packs/pf2e/feats/ancestry/vishkanya/level-13/venom-purge.json","Specialized inner venom glow burns out darker toxic wisps into clear rim. Counteract disease/poison, no external venom attack."
"qIppU9rZRmgEA5pX","Verbose Distraction","reaction","","6","class","symbolic","command","sonic","1","82cfe562f2e06cbaeb455c8cf6b1be0ee9ca39295409a978e3733bac96a7009f","packs/pf2e/feats/archetype/venture-gossip/verbose-distraction.json","Many short talk ripples overlap around attacker's focus then scatter aim. Defensive distraction, no damage."
"Lbpm0OrQb4u2LVtj","Verdant Presence","reaction","","20","class","symbolic","groundCreation","plant","1","60c6258d83aca72d4380930b0b4a57e822ff4c1cbe0a5530af8718dcb7d1cc2f","packs/pf2e/feats/class/druid/level-20/verdant-presence.json","Wide surfaces sprout tiny plants/fungi; optional larger tree focus rises. Terrain creation, no instant attacks."
"u2LGS5SNvnLiXpgx","Verduran Ambush","action","3","6","class","symbolic","preparation","shadow","1","5b5d506161e60254006bafec35230371aa31c16485ec0e8782cb19e62a550b30","packs/pf2e/feats/archetype/verduran-shadow/verduran-ambush.json","Hidden ambush silhouette crouches behind reserved reaction-ready edge. Ready only, Death from Above executes later."
"gcDnshdIZVfp9bbz","Vermillion Threads","reaction","","10","class","themed","groundCreation","blood","1","5ba420a4a4e52b0abbbd30e5e49c553a1d8e1c8d31794325bbc7fc6e3a016ee5","packs/pf2e/feats/class/magus/level-10/vermillion-threads.json","Four cardinal red threads build supportive web around source. Web setup, no automatic Fly or damaging crossing."
"JezNf3xbCi8h2qKe","Vessel's Form","action","2","16","class","themed","form","weapon","1","560397bcb0ed420421fd3cc0c715b344b9edd9c069073704aa678b6a26012c64","packs/pf2e/feats/archetype/living-vessel/vessels-form.json","Vessel's Form: entity merge; no Strike now; none; source scale; hybrid-form, temporary-hp."
"IsWrDVtDsWDKTPSi","Vexing Tempest","action","1","12","class","themed","spellshape","wind","1","2442334f6c0342c419db7458f282066072a64cfd8d8dc70feede36e15e29eb50","packs/pf2e/feats/archetype/familiar-sage/vexing-tempest.json","Familiar-side wind spiral primes as reserved disruptive gust rim. No current push/prone, future air spell separate."
"9CXQhg4YprPhqzoL","Vexing Tumble","action","1","6","class","themed","movement","wind","1","293d0e9ce0905134b43d31552891aa0ad90a7604f0ffe892556d96443694ed3a","packs/pf2e/feats/class/swashbuckler/level-6/vexing-tumble.json","Short evasive tumble echoes weave sequentially around foe reach edges. Check outcomes conditional, no Strike."
"CwGMDf0akn0VbNPb","Vicious Critique","free","","1","skill","symbolic","perception","weapon","1","7c659fee7b1a426628402051fd76a1de7e1f86ef96c24ed20ffd862b91c9cae7","packs/pf2e/feats/skill/level-1/vicious-critique.json","Merchant wares scan reveals tiny flaw glints then sharp social critique ripple. No damage, Coerce preparation."
"i3hALsjbjk9FdbGN","Vicious Evisceration","action","2","18","class","themed","strike","weapon","1","cf2f1ad57c924a69f87bdd8a7994277db1925d568d5fba18830891e52e02e83b","packs/pf2e/feats/class/barbarian/level-18/vicious-evisceration.json","Vicious Evisceration: maiming cut; 1 visible contact (same-target); melee; single contact; drain."
"2xk4jdwcCfmasYfT","Vicious Swing","action","2","1","class","signature","heavyStrike","weapon","1","beec870a98f9c71d1099fb94807befa64c90798a02fab2a15828d65bdaafe8fd","packs/pf2e/feats/class/fighter/level-1/vicious-swing.json","Vicious Swing: heavy windup; 1 visible contact (same-target); melee; wide cleave; source-unsteady."
"YeVDITJplindA27l","Victorious Vigor","reaction","","5","ancestry","symbolic","resolve","blood","1","9a590dae94109da404287bfd509599271ada166ad2a3e2b0c09562f2495c16e4","packs/pf2e/feats/ancestry/orc/level-5/victorious-vigor.json","Victory crest kindles renewed inner vigor after foe falls. No repeated finishing Strike."
"Jnhkl2BOhxxRCTpp","Vigil's Walls Rise Anew","action","2","10","class","themed","targetSupport","weapon","1","e59eef9b82437960e24b1aaca79ce2e8a581f7bdcf9aca852931431ffd3d3d3b","packs/pf2e/feats/archetype/knight-vigilant/vigils-walls-rise-anew.json","Drilled allies' shield outlines rise together in coordinated defensive wall rhythm. No magical attack or shield creation."
"4SKech3n0F38HrR5","Vigorous Anthem","action","1","14","class","themed","spellshape","sonic","1","89cd7644eb876e5bb1124d414708b79a443ce3116bc00dad7b9ddd58692a5d43","packs/pf2e/feats/class/bard/level-14/vigorous-anthem.json","Reserved Courageous Anthem motif gains warm vigor crest and ally-ready notes. Future composition separate."
"pDkIUYQh5GGW50r3","Vindictive Thoughts","reaction","","16","class","symbolic","elementTarget","mind","1","b833b9c838eabe288ced5954c357a52639233ac2856fe31ca4d1f7724b23f1fd","packs/pf2e/feats/archetype/avenging-runelord/level-16/vindictive-thoughts.json","Source's mythic save glint rebounds as vindictive mental pressure at caster. No damage if critical failure."
"fYD0SrZhMyJVQgvl","Vine Lash","action","1","2","class","symbolic","elementBolt","plant","1","a2ac2a90e2786788c64abc109847f2533884e1924e6be1ed76d266fce97fa77d","packs/pf2e/feats/miscellaneous/deviant/vine-lash.json","Single long arm-vine visibly lashes toward foe and lands whip-like cut. Base single-target; cone/grapple awakenings optional."
"N8mhYbr5xBI8jydb","Violent Unleash","action","1","4","class","themed","elementAura","force","1","f25e62cac66a47820029d20b6d29b4d9ac0a858a3432c8eb62a56c0c55ff422a","packs/pf2e/feats/class/psychic/level-4/violent-unleash.json","Unleashed mind pressure expands as wide violent force shockwave. Emanation, not one target impact."
"tkY5jXELipWjC8k2","Viper Strike","action","2","9","ancestry","themed","charge","weapon","1","e208c3aba854b1a1283388649bf2c7013c5fcf7d81290e4d3a7cfd09ac5bc3a2","packs/pf2e/feats/ancestry/vishkanya/level-9/viper-strike.json","Viper Strike: swift approach; 1 visible contact (same-target); melee; narrow thrust; afterimage."
"fns6SMiYrUeL6cnx","Virulent Strike","action","1","16","class","themed","strike","poison","1","8ca12ba684cd69c458037d51c55bc1ff0c6204f6b15a380cd9ae19af99936618","packs/pf2e/feats/archetype/apocalypse-rider/level-16/virulent-strike.json","One weapon Strike lands then stirs existing affliction haze inside target. Melee/ranged weapon context, affliction progression only on hit."
"XLIJXGJ1JdJJZQHG","Vision of Foresight","action","1","6","class","symbolic","fortune","time","1","661efbc1bad12cf3dafe2f72c193cd64eb855dde7cb854abc06cf555e9127277","packs/pf2e/feats/archetype/sleepwalker/vision-of-foresight.json","Daydream possibilities fan into reserved double-roll foresight spark. Future roll advantage, no current attack."
"icSHA9Bx0SfIuqRo","Vital Compound Invocation","action","1","6","class","symbolic","healing","vitality","1","810fa35c157821dc64c549d9a8c1630552dd095e75d7f10fa1838ea2c8f9b232","packs/pf2e/feats/class/runesmith/level-6/vital-compound-invocation.json","Two distinct divine/primal rune glints invoke and converge into ally recovery ring. Rune choices required, heal near both."
"Tj79ePSD212EZjRM","Vitality-Manipulating Stance","action","1","20","class","themed","stance","spirit","1","9444d39defb98d8f9ec7a155d93ecee32def7b84bee8a0ff5a8d36e64b7d7123","packs/pf2e/feats/class/monk/level-20/vitality-manipulating-stance.json","Pressure-point meridian lattice opens across poised qi stance silhouette. No vitality blast on stance entry."
"k2hxQ9SPOM7aFWQZ","Vivacious Afterimage","action","1","20","class","themed","movement","illusion","1","b064ffcb43d58aa9652e8e254c11a0ae549b4fed20abacc8c47d9b891a205303","packs/pf2e/feats/class/swashbuckler/level-20/vivacious-afterimage.json","Swift stride echo leaves one vivacious stationary copy forward or behind. No actual movement/copy creature creation."
"2MHzEh1KUQEbhjUf","Vivacious Bravado","action","1","8","class","symbolic","guard","sonic","1","7bc4e0893d9a0a391dc19004b630d72eeb6a8e3f558982eafada4e191373babc","packs/pf2e/feats/class/swashbuckler/level-8/vivacious-bravado.json","Panache flourish swells into proud self-resilience crest. Temporary HP, not healing."
"WQtt44keeBP8t25P","Voice Cold as Death","action","1","7","skill","themed","dread","sonic","1","dcf0045c5815717a9fd632eb9da9fa956a6bbe5257bad84747fc5c613d0dd2e6","packs/pf2e/feats/archetype/knight-reclaimant/voice-cold-as-death.json","Voice Cold as Death: icy threat; no Strike now; none; target wave; fear, conditional-stun."
"Uiabur0YPdwoZmVH","Void Siphon (Necromancer)","reaction","","4","class","themed","absorb","void","1","34c107bf978ac133da8469ab88e5a7cb972ea34c43a7a86c557b00ea58557810","packs/pf2e/feats/class/necromancer/level-4/void-siphon-necromancer.json","Void wisps fold into open body rim, ending in close dark endurance band. Living source, no outgoing void damage."
"7zFdE4RHd9QJTWig","Volcanic Escape","reaction","","6","class","themed","movement","fire","1","50137dda0b29639935d39b5dd356b1ee16bf2749c527605e5924a2c67ee16c4a","packs/pf2e/feats/class/kineticist/level-6/volcanic-escape.json","Lava bursts below source and attacker, then short leaping escape echo. Enemy damage plus cosmetic Leap, no source harm inferred."
"MFcsGkzPYaWxwW4d","Vomit Stomach","reaction","","5","ancestry","symbolic","restoration","poison","1","40fb70480f22beca860f69f85414910ab62d3bd7a249fcc9b6d743cb06cc4304","packs/pf2e/feats/ancestry/tripkee/level-5/vomit-stomach.json","Toxin-colored plume exits mouth-height rim then body cleanses inward. No projectile attack or gore necessity."
"KFM6XeDnQoYQsIM5","Vow of Mortal Defiance","action","1","1","class","themed","focus","spirit","1","50da801bf83c6cfb69bfc6114484699e98778afa2a3bb35ebf0c325ba261ad13","packs/pf2e/feats/class/exemplar/level-1/vow-of-mortal-defiance.json","Spoken defiance vow marks one sanctified foe with reserved oath glyph. Designation only, no immediate spirit damage."
"wp9Pnu2qe7GkZgHS","Wailing Dead","action","2","12","class","themed","dread","sonic","1","0cecd6245ce68854e84e6700a03812f5ea857331b6d94ea44e18c2346953edb8","packs/pf2e/feats/archetype/necrologist/level-12/wailing-dead.json","Wailing Dead: horde shriek; no Strike now; none; target burst; mental-contact, fear."
"J3Ewv9D0iAKusDNH","Wake and Tremble","free","","8","class","symbolic","groundCreation","earth","1","0fb26a451e310477b6c1461f3bcda5f32bebba73dde2d62f7557aac1940a3bc8","packs/pf2e/feats/archetype/world-rouser/level-8/wake-and-tremble.json","Waking-world convulsion shakes broad ground ring in one strong tremor. No damage, prone/sickened conditional."
"iAtdHXY6wqL7QRBb","Wake to Strife","action","2","8","class","themed","elementTarget","water","1","841abba889751c30c7990d59f4949d0d8167a33f9d80e0d839957d2078494304","packs/pf2e/feats/class/monk/level-8/wake-to-strife.json","Localized geyser erupts below prone/swimming foe into disorienting spray. No base direct damage; optional grapple after failure."
"TzBP8yiZQHNhei1V","Walk the Plank","action","2","8","class","themed","dread","fear","1","7e5faf5f54aa8df48d73b87bcea6013724bb4306aeb632351326ba4e2e827718","packs/pf2e/feats/archetype/pirate/level-8/walk-the-plank.json","Walk the Plank: path command; no Strike now; none; target wave; fear, movement-feedback."
"Dq1SZ5LfZ66XDMNc","Walk Through the Conflagration","action","2","14","class","symbolic","teleport","fire","1","964afe109f3d0f460d275445a9f61d57598141f9dfc85d16b731fdb75f72b597","packs/pf2e/feats/class/kineticist/level-14/walk-through-the-conflagration.json","Flame effigy remains as source folds through gate, local fire whorl at chosen departure/arrival. Teleport plus local fire; no actual relocation."
"7IsHNime3WneCan6","Wall Run","action","1","8","class","themed","movement","wind","1","a11b730485d923f3cffbac17bef541fadd86096688b3eb9fcdc5ebe7b3147a4d","packs/pf2e/feats/class/monk/level-8/wall-run.json","Level run echo turns upward along vertical wall-like plane then pauses. No free flight or attack."
"hOZP7qOMsNYOe90o","Wandering Thoughts","free","","16","class","themed","teleport","mind","1","bbfa3eb1a673ec1454b1b9f76e55fd85127ac097e2622b9d6a7055dcc411e8b7","packs/pf2e/feats/class/psychic/level-16/wandering-thoughts.json","Recent magic burst opens short folded-space seam and nearby arrival glint. Fifteen-foot teleport cue, no repeated cast."
"ht9ctVLibKCaFQdc","War Rider Stance","action","1","6","class","themed","stance","fire","1","4ba5133f80d400725d7f5bc210ec9a596278c444b0462085278e7aa19f723707","packs/pf2e/feats/archetype/drake-rider/war-rider-stance.json","Dragon companion's close breath aura builds around mounted rider focus. Companion origin, later starting-turn damage separate."
"Qjn9ErWY6wuIK9z6","Ward Casting","reaction","","10","class","themed","guard","arcane","1","15a9ba47d9cb7f32667b1bfdcce182bb0b59e27068f69c3058a47034e5a18a39","packs/pf2e/feats/archetype/spellmaster/ward-casting.json","Prepared casting mantle wraps reserved spell focus against disruption. Flat-check support, not physical shield."
"S8Hda5OtajS9gpqM","Ward Mind","reaction","","16","class","themed","guard","mind","1","c8113cfaeb5ae4ce06c06fcd124a230b2ff34323656bee69d1ed4ed70507bfc4","packs/pf2e/feats/archetype/scrollmaster/ward-mind.json","Knowledge glyphs close around source mind while one imposed mental band pauses. Suppression temporary, no counterattack."
"oHra9QanDFpAZ4hh","Warden's Boon","action","1","8","class","symbolic","targetSupport","weapon","1","d99274a482c2a67740d0be9282728ee1338c7af9863b895b7b166e6626e6477a","packs/pf2e/feats/class/ranger/level-8/wardens-boon.json","Prey vulnerability glint passes through pointing/calling ribbon to ally readiness mark. No automatic Hunt Prey attack."
"S1UHZy6SDNqI4tHh","Warden's Reload","free","","16","class","symbolic","preparation","weapon","1","7da5f5ec136a5c6c04f88cd7e11c06facf88efd6f44d4427bb5acdbd0f2e030d","packs/pf2e/feats/class/ranger/level-16/wardens-reload.json","Warden spell residue guides one weapon chamber into reload glint. No shot."
"XQEoKoFtq8n3wgA3","Warning Shot","action","1","2","class","themed","dread","fear","1","2f98ba5cae4bf2f0b9fee3f540e90b95c7637915e0c0f560747845eba0c55e86","packs/pf2e/feats/class/gunslinger/level-2/warning-shot.json","Warning Shot: gun into air; no Strike now; none; source muzzle wave; fear."
"80TAzC8XeFKRl7t5","Warp Likeness","action","1","5","ancestry","symbolic","form","illusion","1","1914fd219f9fd5b2b7dff2887fac15e1838c5f32947fdd642d5e8ef885ef3d51","packs/pf2e/feats/ancestry/versatile-heritages/reflection/warp-likeness.json","Last-struck foe silhouette briefly overlays source likeness through warped mirror bands. No repeated melee Strike."
"QRFer8JDgmhb2r7A","Warp Path","action","1","6","class","themed","strike","shadow","1","d923bf3ea473d1b35f43c14bb26fc19164b8fc4ee80921f61749a2d9a6e1f8ce","packs/pf2e/feats/archetype/veil-dancer/level-6/warp-path.json","Warp Path: veiled teleport; 1 visible contact (same-target); melee; single contact; arrival-shimmer."
"mUL0C7O4HSnPSXea","Warped Constriction","action","1","8","class","themed","bind","blood","1","9a39783f04aa6338db996608dc1e1c08ec63b886dffabff27b3acb52d0c9fd63","packs/pf2e/feats/archetype/living-vessel/warped-constriction.json","Alien tendrils unfurl close around held foe, dual crushing/mental accents follow. No source-target projectile."
"yaoekizcgPIlqVcC","Warped Reflection","action","1","1","ancestry","themed","form","mind","1","eb82feea0803a77afded3adadbb0a1f737089c43d6074b4058973fe337690917","packs/pf2e/feats/ancestry/versatile-heritages/reflection/warped-reflection.json","Warped Reflection: twisted mimic; no Strike now; none; source scale; target-fear."
"nU8W1QoA9hl3h6nR","Watch and Learn","reaction","","4","class","symbolic","focus","weapon","1","4462e5baadf3d3a716b3b9d49b7ebdc8ab9dfd2979db0c0f015ba35a034fb026","packs/pf2e/feats/archetype/pathfinder-agent/watch-and-learn.json","Successful ally motion outline is studied then folds into learned-skill trace. Learning only, no repeated skill action."
"9xcvJn3lWXwbkU52","Watch This!","reaction","","6","class","themed","command","weapon","1","78f705c7922b59be69516e4a3b7c85d7a229f075e35986adaaf47cb9a691cd8b","packs/pf2e/feats/archetype/shared-archetype-feats/level-6/watch-this.json","Watch This!: promise counter; no Strike now; none; source wave; future-strike."
"zZCyJhsaugHB6mZW","Watch Your Back","action","1","6","class","themed","taunt","mind","1","b879cc1f486645a92ed04703761c02235920fcdc4a389facdf2d2989e335a939","packs/pf2e/feats/class/rogue/level-6/watch-your-back.json","Watch Your Back: menace; no Strike now; none; target distraction; future-fear-vulnerability."
"9jc2G0Rc4hjcYakh","Watch Your Back (Golden Legionnaire)","action","1","14","class","symbolic","targetSupport","sonic","1","5361a4dd48076e9e9f9d0cdc476101edab4e4d69a31656fec937adc931d2962c","packs/pf2e/feats/archetype/golden-legionnaire/level-14/watch-your-back-golden-legionnaire.json","Clear warning wave opens rear-facing ally awareness arcs. Anti-flanking support, no attack."
"FAO6p3pFiFF0QwCc","Watcher on the Wall","action","2","8","class","symbolic","rune","light","1","0aabd62a19494928c5e97f707a763e17febfb0b7350b2ee4e524d4ba32db0c77","packs/pf2e/feats/archetype/seneschal/watcher-on-the-wall.json","Adjacent surface eye/ear symbol etches in place and holds watchful glow. Scrying symbol, no wall/creature creation."
"KKUDZUbX3nDdME4K","Watchful Gaze","action","1","1","ancestry","symbolic","perception","light","1","1921471dfcea1cade76132b22f928e4dbece2b09e44e8c9f49e87c3dbc8460b4","packs/pf2e/feats/ancestry/goloma/level-1/watchful-gaze.json","Many small eye glints scan outward in all directions around source. All-around awareness, no target attack."
"Q8fdMjZ2Wv3FawOI","Water Strider","action","2","9","ancestry","themed","movement","water","1","65219e4e8c05c3f26c419044f3b96bfad1d5e679d7bf98e8e1fdbda5f4da4a11","packs/pf2e/feats/ancestry/azarketi/level-9/water-strider.json","Walking echo touches sequential surface water rings with no deep splash. Liquid walking, no water bolt."
"yWt2Em1Cz7mgDS1R","Water to Water","action","1","13","ancestry","themed","teleport","water","1","7453d0e9cc696db189e3010471eaae5050ae621af24e767085095a31aaec568a","packs/pf2e/feats/ancestry/samsaran/level-13/water-to-water.json","Body collapses into quiet water fold then reconstitutes at small arrival ripple. Translocate, no sonic inspiration."
"6XL3usbKH9g5FaQo","Waterfowl Stance","action","1","2","class","themed","stance","water","1","4cc5cded90639584a0e23087426697b435a56d449b36b19536b16e8cc7d2cf31","packs/pf2e/feats/class/monk/level-2/waterfowl-stance.json","Fluid sword-ready stance draws rainfall arcs over shallow wave rim. No tumble/leap damage on entry."
"KGxGE0yv69ND2hct","Waters of Creation","action","2","10","class","themed","healing","water","1","619c626439714f52ad8d678c6d6df71d6780e244fdf798b22c58f9dc12f1c3f0","packs/pf2e/feats/class/oracle/level-10/waters-of-creation.json","Gentle clear ring ripples outward with warm vitality droplets. Area healing, no water damage."
"mXQG0WtHHGVyJfZf","Wave Dashes Rocks","action","1","10","class","themed","unarmed","water","1","9379b4b2191f3d47ff6c604bf1fd0371173d62d14efd1ec51dfd715295462c7c","packs/pf2e/feats/class/monk/level-10/wave-dashes-rocks.json","Wave Dashes Rocks: held wave; 1 visible contact (same-target); unarmed-or-monk; descending; ground, release-grip."
"fLlCodqKXyXbZR7C","Wave Spiral","action","2","12","class","themed","trip","water","1","d1de779274f66f002dcf97837e7bf2784b7dda03c95c91cbbc90cc9d9ee1d7ac","packs/pf2e/feats/class/monk/level-12/wave-spiral.json","Wave Spiral: water spin; no Strike now; none; source vortex; area-trip."
"AYVf9MU8oo1QWbGv","Wave the Flag","action","1","16","class","themed","targetSupport","mind","1","d59a10116f8e1f36e2f6d5c0c6835b6b597cf8b6468539add513bca388a3750f","packs/pf2e/feats/archetype/cavalier/level-16/wave-the-flag.json","Wave the Flag: banner wave; no Strike now; none; ally halos; fear-clear, mental-resave."
"7tyjUicN4vh5U1zU","We've Met Before","action","1","2","class","themed","focus","mind","1","589d0820cb7a0744b8e7d8891eaf5ceff165ee2b4bfc9b96ea7455bc6958c8e1","packs/pf2e/feats/mythic/weve-met-before.json","Mutual conversation clues resolve into creature-specific scholarly lore glyph. Knowledge grant, no inspiration buff attack."
"41zc9MdLoTy02kim","Weakening Assault","action","2","12","class","themed","doubleStrike","weapon","1","9f2fdf058807ebc2f957281d12fef04b6e127bce5d9fd7c6a6ea23992a75cea6","packs/pf2e/feats/class/guardian/level-12/weakening-assault.json","Weakening Assault: taunted barrage; 2 visible contacts (same-target); melee; opposing pair; enfeeble."
"Gvx8Mdg5mxUtTD5g","Weapon Infusion","free","","1","class","themed","preparation","weapon","1","90e039a4190911bc13068bb693951a5cec61e0c67c68d4bff50b4c2f80d13d8a","packs/pf2e/feats/class/kineticist/level-1/weapon-infusion.json","Elemental sparks shape into one reserved weapon outline. Infusion only, no Blast now."
"9aea3IysGvjKY5tT","Weaver's Web","action","1","4","class","symbolic","groundCreation","plant","1","7c4a34e05cba63a134c1c83dd20d900c29d4446398575372ad20a92692064702","packs/pf2e/feats/archetype/swarmkeeper/weavers-web.json","Swarm-ground surfaces acquire dense sticky web lattice at low height. Webs at turn end; no instant restraint."
"VXAIElMlMnVvz3x5","Webslinger","action","3","13","ancestry","symbolic","groundCreation","plant","1","43187be8d95964c87bc91a7dcce746aa392aba5d4aeade4ee1b2c521391eedb2","packs/pf2e/feats/ancestry/anadi/level-13/webslinger.json","Large silky web lattice stretches across selected ground area. Web spell, no projectile or forced restraint."
"iqAN2AqnQ6UqpQX6","Weft and Warp","action","3","16","class","themed","doubleStrike","weapon","1","8997db78161c719f50ea634b198117eaccda832b0c8d913be4fa376a6f075f90","packs/pf2e/feats/archetype/eternal-legend/weft-and-warp.json","Weft and Warp: dance swap; 2 visible contacts (same-target); melee; displaced pair; reposition-between, step-away."
"2j99hqUYPciC9bFQ","Weight of Stone","action","3","6","class","themed","groundCreation","earth","1","64a636f6865a3886a4798ec3ff13299ba2c370208b72a4878f7904d5c6f8e505","packs/pf2e/feats/class/kineticist/level-6/weight-of-stone.json","Weight of Stone: sky rocks; no Strike now; none; target cylinder; falling-rocks, downward-pressure."
"KU488rIt9bOdTNMA","Well of Potential","action","1","5","ancestry","symbolic","restoration","mind","1","661fb5b77ca9eb9f568a35a94f06c8975d82552b440206621fe5e91e96b81e7c","packs/pf2e/feats/ancestry/kashrishi/level-5/well-of-potential.json","Deep psychic well sends one rising focus bead into crown-height ring. Resource restoration only."
"OjUfwxMcM91CHLHP","Well-Armed","action","1","5","ancestry","symbolic","preparation","earth","1","6fa7081fbeb4056ab57475b89299dd5047eb47590a925c21baabd491642bdbb4","packs/pf2e/feats/ancestry/skeleton/level-5/well-armed.json","Detached arm outline extends held weapon reach through small joint glints. Preparation, no actual next Strike."
"TDaf3DbWymxPmHrO","What Could Have Been","free","","8","class","themed","spellshape","time","1","e373301d02bea74a73bb0a67f0495bc8d518ff29601b5ae2a433a0db9dee5494","packs/pf2e/feats/archetype/time-mage/what-could-have-been.json","Alternate-timeline self silhouette primes inside reserved summoning focus. Future summon separate."
"XlagOGG88w6D3G3Z","Wheeling Grab","action","1","6","class","themed","bind","weapon","1","8b1a040717c414881a77b8058c64f331faf9f4ed73f04b78fde9bb24e4b0acf7","packs/pf2e/feats/archetype/clawdancer/wheeling-grab.json","Claw cartwheel echo tumbles through foe then optional grasp closes from flank. Grapple only after successful passage."
"IaiEZaA8erufMUCr","Whirling Blade Stance","action","1","14","class","themed","stance","spirit","1","9d1bced300781e726f2e06208c230e896dab75ce46384f1606394904c8b0c606","packs/pf2e/feats/class/monk/level-14/whirling-blade-stance.json","Mindful qi ring links throwing hand with reserved whirling weapon orbit. No actual throws/target jumps on stance entry."
"iqUYhZNcixYw0xUW","Whirling Clobber","action","3","16","class","themed","whirlwindStrike","weapon","1","e87365e27471c29402a67a22b0fcfcd8bd34c6f633c28832ffeb823f60e9564b","packs/pf2e/feats/archetype/thlipit-contestant/whirling-clobber.json","Whirling Clobber: held body spin; one contact per selected target; held-body-lash; orbit; last-held-target, release-grip."
"EVgtfnOPDKpB0bAi","Whirling Grindstone","action","2","4","class","themed","groundCreation","earth","1","8ed8eb38fe0dbe925286f0cf0bf4db7bda20adb925bb67f23127de7d29afdf62","packs/pf2e/feats/class/kineticist/level-4/whirling-grindstone.json","Remote flint grindstone spins; adjacent foe receives slash and spark contact. Stone origin, no caster bolt; future roll/Sustain separate."
"EqNhUXGFjk99QzCg","Whirling in the Summer Storm","action","3","12","class","themed","shove","weapon","1","5baf0b99c4f4c0a63c363bb7d99b74d49d72176aa2cc3c609e932a512c5c5cb8","packs/pf2e/feats/class/monk/level-12/whirling-in-the-summer-storm.json","Whirling in the Summer Storm: hypnotic step spin; no Strike now; none; wide sweep; off-guard, three-pushes."
"dloGUhZYG1xUPVE4","Whirling Knockdown","action","2","14","class","themed","firearm","weapon","1","a32842ac865ff08ab394694857df793f78dee413c1e9f10c5b29bf31323caafc","packs/pf2e/feats/archetype/pistol-phenom/whirling-knockdown.json","Whirling Knockdown: gun and blade performance; 1 visible contact (same-target); firearm; projectile; low-trip-after."
"w0nSRBNwexM5Dh0D","Whirling Throw","action","1","6","class","themed","movement","weapon","1","4e1b70057c7f2d02e012c217db3aff6590e30d3c0647d9cfe7fdc1972c54cdaf","packs/pf2e/feats/class/monk/level-6/whirling-throw.json","Held foe echo swings outward in one throw arc ending with low landing accent. Athletics success required, no real token throw."
"0eOrhBrIPbRvPhNd","Whirlpool's Pull","action","1","8","class","symbolic","preparation","water","1","7e5080dd41911493ebad581064622bab8ab23cc81b0ab058f8f9b796659c4ea9","packs/pf2e/feats/class/magus/level-8/whirlpools-pull.json","Water tendril retrieves small improvised object then contracts into conflux focus. Selected one-action spell required, no arbitrary weapon attack."
"iHUuWrvkT2uR0PnK","Whirlwind Spell","action","3","20","class","symbolic","spellstrike","arcane","1","13bdb83c763c97b6b57bf921a3b3bdece5d882974d641a34f2997a8d896c6d79","packs/pf2e/feats/class/magus/level-20/whirlwind-spell.json","Whirling source weapon circle gives one melee contact per nearby foe with matching spell flares. Multi-target Spellstrike, not utility self cue."
"wZZyasfIqwiJBQAQ","Whirlwind Stance","action","1","10","class","themed","stance","weapon","1","94e88f7035220c46de15adbb00b73fa2971c074fd37e1a7db3c59061b9598b5c","packs/pf2e/feats/archetype/staff-acrobat/whirlwind-stance.json","Parrying staff rises into steady wide defensive circle. No whirlwind attack."
"AGydz5DKJ2KHSO4S","Whirlwind Strike","action","3","14","class","signature","whirlwindStrike","weapon","1","0a0c0363ba8a35d897d478ad01571847aec5f563e5e641da07b6766e12d13465","packs/pf2e/feats/class/shared-class-feats/level-14/whirlwind-strike.json","One broad circular weapon sweep gives sequential melee contacts around nearby foes. Within reach, no ranged fan."
"XenKYUBMWZQQ7niM","Whirlwind Toss","action","1","18","class","themed","movement","weapon","1","1d86571fbdd0bf2ef7841dab757bd56f58de9af5a6983353ea6e4a70fae8403c","packs/pf2e/feats/class/barbarian/level-18/whirlwind-toss.json","Whirl the held victim, Thrash, apply one collateral contact to each other selected adjacent foe, then illustrate the optional 10-foot toss of the held victim. Select the grabbed victim first. No other recipient is thrown; prone and actual movement remain manual."
"apKvJtD1Qpvt3O9f","Whisper on the Wind","action","1","1","class","themed","targetSupport","wind","1","46470361b5147c12024e30b4c07455a626567c62cf0e66dff3e6884e39c07566","packs/pf2e/feats/class/kineticist/level-1/whisper-on-the-wind.json","Soft whispered words drift as gentle far-carrying air ribbon. Message only, no wind projectile damage."
"EWMHFtF9pAsRsJwX","Whispers of Warning","reaction","","12","class","symbolic","fortune","spirit","1","f909a5688bf8d55eef03f58fd463d9901b621f6ea6b4c4bd5804dba8eb603cc2","packs/pf2e/feats/class/animist/level-12/whispers-of-warning.json","Protective apparition whispers point incoming lane and turn one attack-fate strand backward. Attacker misfortune, no new attack."
"55WR55op9BIdgF1B","Whispers of Weakness","action","1","1","class","symbolic","perception","spirit","1","872d8b995ec57e015629c08eb1a8e8a22d5545d9a2f40b1802e9cfc652eac087","packs/pf2e/feats/class/oracle/level-1/whispers-of-weakness.json","Whispered weakness clues illuminate foe's low-save and vulnerable-edge marks. Knowledge/next-roll boost, no attack."
"FoWO4RnHRwfEIC7Q","Widen Spell","action","1","1","class","themed","spellshape","arcane","1","060eb10fc1bb86c92a6519017e4588d576da537a18117296b9962dd0dae27b83","packs/pf2e/feats/class/shared-class-feats/level-1/widen-spell.json","Reserved area ring widens through deliberate outward radius bands. Future cast separate."
"fHux2F9oZGzOj3GL","Wild Dance","action","1","12","class","themed","movement","sonic","1","dcbc7629ac3a562fc0ce9327e8ce66569069f4803990382068329299dd45e8e5","packs/pf2e/feats/archetype/wylderheart/wild-dance.json","Graceful unpredictable dance echo weaves through short wide arc. No immediate Strike or guaranteed fascination."
"u5ykPSdzrTTOvQ34","Wild Stride","action","2","5","ancestry","themed","movement","wind","1","6413a5ad443296f31e9e11b65cb7f6e8b4e975a7b1d64f531723e8bae30b8ba2","packs/pf2e/feats/ancestry/awakened-animal/level-5/wild-stride.json","Two wild animal stride beats leave distinct fast-ready ground trails. No attack."
"wKx7BWdQu5sEjL9j","Wild Winds Gust","action","2","14","class","themed","lineCue","wind","1","b6011525646ac0978a1c7c5adfb3ed074d36d894e7ec8201a22c549547818ab7","packs/pf2e/feats/class/monk/level-14/wild-winds-gust.json","Wild Winds Gust: pressure gather; one contact per selected target; wind-unarmed; line or cone; wind-wave."
"F2i6B8adeIy4LYxk","Wiles on the Wind","action","2","12","class","themed","groundCreation","illusion","1","8885fa627653e60a8e266c5998784d3f575b531b7bc4601c4bc7978606f8ebd5","packs/pf2e/feats/class/kineticist/level-12/wiles-on-the-wind.json","Remote auditory focus opens drifting speech/music ribbons. Sound source within500feet, no ally inspiration damage."
"tP8pws78OOmobWjB","Willing Death","reaction","","1","ancestry","themed","targetSupport","spirit","1","d9030e095be9aa89fc8eeeb7ca3074aad7999a3f31526a5c49cf6de7e564727b","packs/pf2e/feats/ancestry/versatile-heritages/duskwalker/willing-death.json","Endangered ally harm thread bends into source's self-sacrifice rim. No actual HP transfer."
"TdA3oVj79KxOm2Kd","Wind-Tossed Spell","action","1","14","class","themed","spellshape","wind","1","c2727c3f9178b4987a60c7ffb8c58ca3fbe789a7246854d19f187e539d4c883e","packs/pf2e/feats/archetype/elementalist/wind-tossed-spell.json","Two source wind curls prepare the next spell. No attack, target impact or creature throw happens during this spellshape action."
"vXH0HWMHzevA1Wox","Winding Flow","action","1","10","class","themed","movement","water","1","af8946d8e66243f961eae7c4eb2ffcc7c724f1f235c43d36f9c47ae55e222757","packs/pf2e/feats/class/monk/level-10/winding-flow.json","Two flowing distinct Stand/Step/Stride echo beats wind gently around source. No duplicated same action; chosen pair."
"HXjDDIannDMNxMIz","Wing Bounce","action","2","4","class","themed","trip","weapon","1","971cd4fc4a6a245b8d302b24e6b13aaa1d01e6c13c7c218b0cfd3d6641865d44","packs/pf2e/feats/archetype/winged-warrior/wing-bounce.json","Wing Bounce: wing leap; no Strike now; none; descending; second-leap-option."
"tPi6FAnHYe6ijuyk","Wing Buffet","action","2","9","ancestry","themed","shove","weapon","1","fbc8c5a9f2064ae4fdeaab3a359926c6a4cb1b481b5a103c1ecac5507d4c5c68","packs/pf2e/feats/ancestry/versatile-heritages/dragonblood/wing-buffet.json","Wing Buffet: wing open; no Strike now; none; horizontal fan; two-targets."
"wvpDbFZZ9I8aAtmg","Wing Shove","action","1","8","class","themed","shove","weapon","1","3c6cd8b1298c8d4063bcf3a4b9232b253193201b2e1aee45131ca86c1cc25f2a","packs/pf2e/feats/archetype/winged-warrior/wing-shove.json","Wing Shove: wide wing; no Strike now; none; opposing pair; two-targets, off-guard."
"8znlUoKgr8mmLPe1","Wing Step","action","1","9","ancestry","themed","movement","wind","1","bbe32ddd266509e87e45358e88786ae7ebe7cf7013312cea09af5ea520bb6876","packs/pf2e/feats/ancestry/strix/level-9/wing-step.json","Sharp wing flap lightens feet, two small level Step echoes follow. Not Fly despite wings."
"kBnsLuh3eBLjwGpN","Winglet Flight","action","1","9","ancestry","themed","flight","earth","1","e5badb5278d4ec67b240d4fec1b0347dafd7b63196a8830a677212c92ca4d958","packs/pf2e/feats/ancestry/kobold/level-9/winglet-flight.json","Small winglets beat into short compact lift then soft landing rim. Single movement."
"FUOUyhHufNH4ri7H","Wings of Air","action","2","9","ancestry","themed","form","wind","1","989c891468c44229f6c0194bc491f8d410d60df8fd3a169264bafd1b4e5180ea","packs/pf2e/feats/ancestry/versatile-heritages/sylph/wings-of-air.json","Feathered/cloudy wings grow outward from back into slow lift-ready silhouette. Flight granted, no immediate Fly action."
"JDESC0i487ydw2iC","Wings of Bone and Sinew","action","1","8","class","themed","form","earth","1","26f05e9013503530e8853fa3c8cde9bae5c81fd05e8c598656024c735b60481e","packs/pf2e/feats/class/necromancer/level-8/wings-of-bone-and-sinew.json","Thrall bone fragments fuse into thin membraned wings behind source. Creation only, no flight path or attack."
"xn6EaAbQlAB5ZGe6","Winter Sleet","action","1","4","class","symbolic","stance","cold","1","f9eb9bd3f5802670e210c02340aa44ea4fc12770caa08261a01050552e26b088","packs/pf2e/feats/class/kineticist/level-4/winter-sleet.json","Swirling sleet spreads slippery ice ground sheen inside kinetic rim. No instant damaging cold blast or forced fall."
"YM4ReMXafoqCEpaR","Winter's Clutch","action","2","1","class","themed","groundCreation","cold","1","95d0d7a650c0a4bcb4b97c02c18d8ea93248fea48d768a3e95e662218836ce72","packs/pf2e/feats/class/kineticist/level-1/winters-clutch.json","Remote chilling flakes fall into broad snowdrift with local cold contacts. Burst and terrain, no caster ice missile."
"GnTh2t4MvjifRxBd","Wisteria-and-Peony Reunion","free","","6","class","symbolic","healing","plant","1","8fd1172bc39aac2561f95dbae6e02d5739f69668610d9b31a45f7fe91588f3d0","packs/pf2e/feats/archetype/cultivator/wisteria-and-peony-reunion.json","Qi-root ring sends returning floral petals into warm self recovery bloom. Self healing after focus spell, no repeated cast."
"S3CAJt6D7r1KcRv8","Witchwood Seed","action","2","12","class","themed","elementTarget","plant","1","2031f69b5cccaf249cbdf70345f301afce1754f9420a308bc2b42af101e97e2f","packs/pf2e/feats/class/kineticist/level-12/witchwood-seed.json","Close touch implants small malignant seed then tight root-like body bands. Touch effect, plant/fungus/wood immune."
"hmpkzEQV6kTFxPan","Wither Away","action","2","16","class","themed","elementTarget","void","1","4976f2a93879fb922122aa33ded3c9e0cc33d18085ebbeaff1b3337e724720f5","packs/pf2e/feats/archetype/apocalypse-rider/level-16/wither-away.json","Accelerated age rings pass over chosen body part and wither its outline. Body-part selection and save effects conditional."
"hUVedLw6mkY4e24v","Withstand the Storm","reaction","","5","ancestry","themed","guard","plant","1","40a0b1fcb1cd233309947a0db499b0f986e47daff21c78e7c38ec2c84da7047f","packs/pf2e/feats/ancestry/yaksha/level-5/withstand-the-storm.json","Bark texture and glazed-clay sheen close over skin at impact edge. Resistance, no attacking storm."
"uJpghjJtNbqKUxRd","Wolf Drag","action","2","6","class","themed","unarmed","weapon","1","1d29b95a85374689fc21254fbd6d55e11099296cb6dc45942145aace3b19e307","packs/pf2e/feats/class/monk/level-6/wolf-drag.json","Wolf Drag: ripping jaws; 1 visible contact (same-target); wolf-jaw; bite; ground."
"AN9jY1JVcU20Qdw6","Wolf Stance","action","1","1","class","themed","stance","earth","1","75205815ab8c723fb21399d5004554ea2c34ad428a3606573c1635f2c7db4000","packs/pf2e/feats/class/monk/level-1/wolf-stance.json","Low wolf-ready settle frames fang-like hands and stalking shoulder arcs. No jaw Strike."
"qW0E05GudC6bRA2Q","Wood Ward","reaction","","17","ancestry","themed","guard","plant","1","97f9a14ea5dc88ec52c595e42f8b0496e80ed1cbe6198891ec6a8510e90f9022","packs/pf2e/feats/ancestry/versatile-heritages/ardande/wood-ward.json","Vines/root lattice rises at attacker-facing space edge into natural cover. No projectile/actual wall; ward destruction conditional."
"zwxRIi0qqmyWlaTd","Wooden Palisade","action","3","6","class","themed","groundCreation","plant","1","694fe278fc976acc348c6a13e34bf68b26c29ec1a4788ad25a68349302ebb82e","packs/pf2e/feats/class/kineticist/level-6/wooden-palisade.json","Carved wooden planks rise into straight tall palisade with optional ledge lines. No caster wood bolt."
"iFalS8jTlNgp3hP5","Words, Fly Free","action","1","6","class","themed","rune","arcane","1","462a70f62c9665fd81864c9ba842d6c181d5927a4dbee94666db68c4952ad602","packs/pf2e/feats/class/runesmith/level-6/words-fly-free.json","Tattoo rune flows down hand, sweeps through short crescent cone, returns faded. Rune tracing cone, no source flight or damage."
"kQfqJLpKOPORq7I6","Work Yourself Up","action","2","8","class","symbolic","resolve","mind","1","6036b9e6a47aa2daa1d1a601f6165113dd8db95b979ea52128b595a4f040fe94","packs/pf2e/feats/archetype/cathartic-mage/work-yourself-up.json","Raw emotional crest rises into brief catharsis fervor then settles. Chosen emotion activation, no generic attack."
"9oQRX6ss2pSqMZBr","World-Breaking Footfall","action","2","14","class","themed","elementAura","earth","1","2076818f783e1bd6978320efc4f7ee3d66daf995aacfc02237185f56139ce46d","packs/pf2e/feats/class/monk/level-14/world-breaking-footfall.json","Ground slam and roar release earth shards through wide fractured ground ring. Ground damage/terrain, no flight."
"xqjPVZezw1a73JAO","Worldsphere Gravity","action","1","20","class","themed","spellshape","time","1","260cb500290d088ee4514e31073babca94515075bd99bdbf4e1ab7a39d1f4cc8","packs/pf2e/feats/class/wizard/level-20/worldsphere-gravity.json","Minor planar gravity/time glyph primes inside reserved area focus. Future spell creates morass/haste area."
"jynhIXH1zEavQA7v","Worm Form","action","2","14","class","themed","form","earth","1","f0d05a0d4faf7e97473ae1614a8c1a6a4a85a200326974d4c4eb9657b730258f","packs/pf2e/feats/archetype/worm-caller/worm-form.json","Huge worm-body silhouette grows through segmented primal coils. Purple/hybrid form, no jaws/stinger attack on entry."
"mctOx1S4JnqXkjAc","Worm's Feast","action","2","6","class","themed","elementTarget","earth","1","3a1fe69247ec29fa567d9b1fe902b5a036d8da805ed37fc7cb5b8284bf4a4afc","packs/pf2e/feats/archetype/worm-caller/worms-feast.json","Small cave-worm brood writhes around foe's body edge with piercing nips. Target-local flesh attack, no generic arcane impact."
"biU2NqWkO91o4FMg","Wounded Party","reaction","","6","class","symbolic","resolve","blood","1","87cdefdd6dc43bdae2255aa5224650e38c5990cb612d1ec537894d94d191f78f","packs/pf2e/feats/archetype/ulfen-guard/wounded-party.json","Ally-harm alert kindles protective fury and broad rage crest. No immediate Strike."
"CLKlavik0540j5bl","Wounded Rage","reaction","","4","class","symbolic","resolve","blood","1","c291a3f60c93e934b2ab95b5086d76ff4bafbea2cd14bb0d524ad95815798e07","packs/pf2e/feats/class/barbarian/level-4/wounded-rage.json","Pain roar drives inward crimson flare then steady raging rim. Rage entry, no outgoing attack."
"VPnkSL25EfrEpPSX","Wrapped In Smoke","action","1","4","class","themed","concealment","fire","1","e18cab9094ee051174a70449d35cd6f01159e01ee476b1a2dc1ad4803dda64e4","packs/pf2e/feats/archetype/munitions-master/wrapped-in-smoke.json","Innovation powder puff rises into close smoky haze around machine focus. Innovation origin, no damaging explosion."
"DxAt8Ol7UKDx4Acn","Wrath Against the Divine","action","2","16","class","themed","heavyStrike","weapon","1","0d64de58f816be7f0738e3bbc5c9b0f0027e34c6fbf559f7fe5749444f6372d8","packs/pf2e/feats/archetype/pure-legion-enforcer/level-16/wrath-against-the-divine.json","Wrath Against the Divine: mortality recital; 1 visible contact (same-target); melee-or-ranged; single contact; divine-spell-break."
"csjkzb5dsyZPeOtY","Wrath of the First Ghoul","action","2","20","class","themed","strike","mind","1","ff9d73ef542d4a38279db28da56351ab89e3819d3fa2eaa07a52b2d839fdfaf1","packs/pf2e/feats/archetype/ghoul/wrath-of-the-first-ghoul.json","Wrath of the First Ghoul: maggot surge; 1 visible contact (same-target); melee; single contact; psychic-horror."
"AYHhuLIDtIEewfRf","Wrath of the Hold","action","2","8","class","symbolic","elementCone","spirit","1","4124e9000093a53f8b6ebe238ddab9fb0f22e83a730cf6aa6542f8c786dc4571","packs/pf2e/feats/archetype/tattooed-historian/wrath-of-the-hold.json","Tattoo horde silhouettes peel from skin into ghostly assailant cone. Spirit cone, not weapon strikes."
"ykqZmY0CsaV1kyt4","Wrathful Presence","action","2","12","class","themed","inspiration","void","1","d25d444e950fd965066fd446f9319200b98b1691a97df87b8279aaa2513cc30b","packs/pf2e/feats/archetype/sister-of-the-golden-erinys/level-12/wrathful-presence.json","Wrathful Presence: erinyes wrath; no Strike now; none; source halo; ally-damage-boost, fear-lock."
"ABobcAdaA8p1nHRV","Writhing Runelord Weapon","action","2","14","class","themed","doubleStrike","weapon","1","843573d4712f49f5064f1ccfcfab347aea69563be573ef1a942fb80ca6e45ead","packs/pf2e/feats/archetype/avenging-runelord/level-14/writhing-runelord-weapon.json","Writhing Runelord Weapon: supernatural extend; 2 visible contacts (same-target); spear-or-polearm; long pair; off-guard."
"aJBnBvbwqxQRhNZF","Wukong Extension","action","1","2","class","themed","strike","weapon","1","9d2f0573514abcc223c695bc5decc317eda40d3dd8fdeb9c06fdba111cab5589","packs/pf2e/feats/class/inventor/level-2/wukong-extension.json","Wukong Extension: gear extend; 1 visible contact (same-target); weapon-innovation; long thrust; extended-weapon."
"Tlo7Ln13l5wvgVtZ","Xidao Sea Mine Drop","action","2","6","class","themed","craft","shadow","1","ab21b908ca59d108af13bccfc4bf3b3a9aa6945c3db013571a47110a50e28e8a","packs/pf2e/feats/class/inventor/level-6/xidao-sea-mine-drop.json","Xidao Sea Mine Drop: mine deploy; no Strike now; none; target marker; future-underwater-explosion."
"7iB1yacjF9fG6Rvn","Yamaraj's Grandeur","action","2","17","ancestry","symbolic","elementCone","cold","1","4a98bd51fc21ab55970fa59966f1d3817ccc0737346da71d550560417855d6a5","packs/pf2e/feats/ancestry/versatile-heritages/duskwalker/yamarajs-grandeur.json","Icy exhale carries ravenous insect flecks through dense slashing cone. Slashing insect damage despite cold art."
"4znZkQYxrSg7RMxb","You Can't Hide From Us","action","1","14","class","themed","strike","weapon","1","9ce7e6e7842de6b4e895c72b2215d8a354a2ae83e3a1c370a597fe3a0be91657","packs/pf2e/feats/mythic/you-cant-hide-from-us.json","You Can't Hide From Us: companion follow up; 1 visible contact (same-target); melee-or-ranged; single contact; reveal-marker."
"2q8vzxnlYYWcUGJd","You Can't Keep Us Down","action","3","14","class","symbolic","healing","sonic","1","49f14158419f398f319e14ba0d819607f765af2f2f3f6c14037f816b4f4365b1","packs/pf2e/feats/mythic/you-cant-keep-us-down.json","Unbreakable hope wave reaches fallen allies, warm recovery crests rise in stagger. Heals qualifying fallen allies, Stand optional."
"zBS1qFyIpFuCGhWW","You Failed to Account For... This!","reaction","","16","class","themed","guard","metal","1","a2f0c8bc7d3f943b8f5a1ed672107b45d2842b7433228083fa06d8bb96173fa9","packs/pf2e/feats/class/inventor/level-16/you-failed-to-account-for-this.json","Improvised invention outline snaps into threatened lane with clever gear glints. Defense device chosen, no lightning attack from example."
"DG3cRm3LrTEeBDMu","You Seem Somewhat Familiar","reaction","","9","ancestry","symbolic","focus","time","1","d526720fac91a9e206ff7fdc91f4d8a6ea1913bae265cdfea2b05183b5800f41","packs/pf2e/feats/miscellaneous/reincarnated/you-seem-somewhat-familiar.json","Past-life foe memory echo resolves into familiar-target insight mark. Next-roll bonus only."
"13bMIkqXpKt9pxAm","You're an Embarrassment!","reaction","","4","class","symbolic","fortune","sonic","1","703f42fb5062018f45b82afd72ff8e663c7abdeedb4d260092c63bbd67169ff5","packs/pf2e/feats/archetype/celebrity/youre-an-embarrassment.json","Loud condemnation wave prompts ally's renewed mental-save ring. No damage; reroll support."
"gjec0ts3wkFbjvHN","You're Next","reaction","","1","class","themed","dread","mind","1","241666a520eea09fcb3280f80397ebc926dcef7dfba2f50e28d453b9a284aeb6","packs/pf2e/feats/class/shared-class-feats/level-1/youre-next.json","You're Next: victory promise; no Strike now; none; target mark; fear."
"eaw645inkbHNylgC","Zealous Inevitability","action","1","6","class","themed","strike","spirit","1","6055c5d581f7f83953ae80189ac3941cd82967854e48e43f589604ad2125b137","packs/pf2e/feats/archetype/avenger/level-6/zealous-inevitability.json","Zealous Inevitability: sacred zeal; 1 visible contact (same-target); favored-weapon; single contact; doom."
"WRiJn6eLO76Gnuc3","Zealous Rush","reaction","","8","class","themed","movement","spirit","1","f2c54ae8e587527e4cb78a974c287c27d1ec1391719bc2df3e06b477a9037ad0","packs/pf2e/feats/class/cleric/level-8/zealous-rush.json","Self-blessing glow carries short zealous grounded rush echo. No repeated divine spell."
"5uhKRkYDzLP7v3XY","Zombie Horde","action","3","20","class","symbolic","whirlwindStrike","void","1","b384cb1c955b328c8d0fadad098a84d138e43e3beb964972c04fb498d489815b","packs/pf2e/feats/archetype/clockwork-reanimator/zombie-horde.json","Clockwork corpse companion splits into many tiny swarm echoes, hits nearby foes, recombines. Companion origin, no token creation/destruction."
"bVPsAMxvUsSPHC1D","Zoophonic Composition","free","","4","class","symbolic","command","sonic","1","dab341a9c885ad44ab15f2671723233d31f90964b61b82297b6af1704f71248a","packs/pf2e/feats/class/bard/level-4/zoophonic-composition.json","Composition notes weave animal-message ribbon into summon-support circle. Sustain summon or Command, no direct animal attack."
